name,datetime,tempmax,tempmin,temp,feelslikemax,feelslikemin,feelslike,dew,humidity,precip,precipprob,precipcover,preciptype,snow,snowdepth,windgust,windspeed,winddir,sealevelpressure,cloudcover,visibility,solarradiation,solarenergy,uvindex,severerisk,sunrise,sunset,moonphase,conditions,description,icon,stations
london,2022-08-05,23.3,14.8,19.1,23.3,14.8,19.1,5.3,41.3,0,0,0,,0,0,40.7,18.7,337.2,1021.9,31.9,21.6,170.4,14.6,9,,2022-08-05T05:30:09,2022-08-05T20:41:56,0.25,Partially cloudy,Partly cloudy throughout the day.,partly-cloudy-day,"03680099999,D5621,03781099999,03672099999,03772099999,03770099999"
london,2022-08-06,24.8,12.5,19,24.8,12.5,19,5.6,44.1,0,0,0,,0,0,26.3,11.3,356.8,1028.1,0,19.7,184.8,15.9,8,,2022-08-06T05:31:41,2022-08-06T20:40:10,0.3,Clear,Clear conditions throughout the day.,clear-day,"03680099999,D5621,03660099999,03781099999,03672099999,F6665,03772099999,03770099999"
london,2022-08-07,27.1,12.6,20.7,26.6,12.6,20.6,8.1,47.4,0,0,0,,0,0,25.6,12.4,341.5,1025.8,0.2,21.2,154.5,13.2,8,,2022-08-07T05:33:14,2022-08-07T20:38:23,0.34,Clear,Clear conditions throughout the day.,clear-day,"03680099999,D5621,03781099999,03672099999,03772099999,03770099999"
london,2022-08-08,28.1,17,22.2,27.6,17,22.1,11.6,52.4,0,0,0,,0,0,27.7,18.7,68.3,1026.3,3.6,20.8,152.1,13,7,,2022-08-08T05:34:47,2022-08-08T20:36:34,0.37,Clear,Clear conditions throughout the day.,clear-day,"03680099999,D5621,03781099999,03672099999,03772099999,03770099999"
london,2022-08-09,28.1,16.6,21.7,27.4,16.6,21.6,13.1,61.3,0,0,0,,0,0,33.1,18.3,76.5,1028.4,5.4,17.3,151,12.9,8,,2022-08-09T05:36:21,2022-08-09T20:34:43,0.41,Clear,Clear conditions throughout the day.,clear-day,"03680099999,D5621,03660099999,03781099999,03672099999,03772099999,03770099999"
london,2022-08-10,29.6,16.6,22.8,29.3,16.6,22.6,13.4,58.5,0,0,0,,0,0,34.9,21.6,81.7,1025.6,4.6,14.3,160.3,13.9,8,,2022-08-10T05:37:55,2022-08-10T20:32:52,0.44,Clear,Clear conditions throughout the day.,clear-day,"EGWU,EGLL,03768399999,03781099999,03672099999,03768099999,03658099999,03772099999,03680099999,D5621,03761099999,EGLC,03770099999"
london,2022-08-11,32.6,16.6,24.6,31.4,16.6,24.1,12.5,51.3,0,0,0,,0,0,33.8,18.9,77.9,1021.5,2.4,16.5,145.3,12.4,7,,2022-08-11T05:39:29,2022-08-11T20:30:58,0.48,Clear,Clear conditions throughout the day.,clear-day,"03769099999,03680099999,D5621,03781099999,03672099999,03772099999,03770099999"
london,2022-08-12,32.8,18.8,25.6,31.1,18.8,25.1,11.7,45,0,0,0,,0,0,36.7,19.4,76.3,1018.1,0,18.6,153,13,8,,2022-08-12T05:41:03,2022-08-12T20:29:04,0.5,Clear,Clear conditions throughout the day.,clear-day,"03680099999,D5621,03781099999,03672099999,03772099999,03770099999"
london,2022-08-13,34,19.6,26,32.3,19.6,25.5,11.9,45.3,0,0,0,,0,0,31.7,16.1,93.4,1013.9,0,14.5,147.5,12.7,8,,2022-08-13T05:42:38,2022-08-13T20:27:08,0.55,Clear,Clear conditions throughout the day.,clear-day,"03680099999,D5621,03660099999,03781099999,03672099999,03684099999,F6665,03772099999,03770099999"
london,2022-08-14,33,19.3,26,31,19.3,25.4,11.2,43.1,0,0,0,,0,0,32.8,15,98.6,1006.9,4.1,17.9,162.3,13.9,7,,2022-08-14T05:44:12,2022-08-14T20:25:11,0.58,Clear,Clear conditions throughout the day.,clear-day,"03769099999,03680099999,D5621,03781099999,03672099999,03772099999,03770099999"
london,2022-08-15,29.1,19.1,23.7,28.3,19.1,23.6,12.5,51,0.397,100,4.17,rain,0,0,36.7,19,246.4,1002.9,28.3,18.6,141.6,12.2,7,,2022-08-15T05:45:47,2022-08-15T20:23:12,0.61,"Rain, Partially cloudy",Partly cloudy throughout the day with late afternoon rain.,rain,"03769099999,03680099999,D5621,03781099999,03672099999,F6665,F4685,03772099999,03770099999"
london,2022-08-16,22.1,18.1,20.2,22.1,18.1,20.2,16,76.9,3.41,100,12.5,rain,0,0,24.1,13.6,192.3,1007.2,59.8,13.9,68.8,6,3,,2022-08-16T05:47:22,2022-08-16T20:21:13,0.64,"Rain, Partially cloudy",Partly cloudy throughout the day with rain.,rain,"03769099999,03680099999,D5621,03660099999,03781099999,03672099999,03772099999,03770099999"
london,2022-08-17,25.3,17.8,19.6,25.3,17.8,19.6,16.7,84.5,23.936,100,20.83,rain,0,0,27,18.4,28.8,1011.5,67.1,8.2,80.5,6.9,5,,2022-08-17T05:48:58,2022-08-17T20:19:12,0.68,"Rain, Partially cloudy",Partly cloudy throughout the day with rain.,rain,"03769099999,03680099999,D5621,03781099999,03672099999,D4121,F4685,03772099999,03770099999"
london,2022-08-18,26.5,18.1,21.6,26.5,18.1,21.6,15.6,70.5,0,0,0,,0,0,31.7,19.9,241.9,1013.9,68.3,14.9,96.7,8.3,7,,2022-08-18T05:50:33,2022-08-18T20:17:10,0.71,Partially cloudy,Partly cloudy throughout the day.,partly-cloudy-day,"03680099999,D5621,03781099999,03672099999,F4685,03772099999,03770099999"
london,2022-08-19,24.8,18.1,21.1,24.8,18.1,21.1,12.7,62,0.002,100,4.17,rain,0,0,35.3,22.7,268.9,1014.3,55.9,17.3,107.2,9.1,6,,2022-08-19T05:52:08,2022-08-19T20:15:07,0.75,"Rain, Partially cloudy",Partly cloudy throughout the day with morning rain.,rain,"03769099999,03680099999,D5621,03781099999,03672099999,03772099999,03770099999"
london,2022-08-20,24.8,13.8,19.1,24.8,13.8,19.1,11.4,62.6,0,0,0,,0,0,38.9,24,235.2,1017.1,25.4,20.2,133.9,11.6,10,,2022-08-20T05:53:44,2022-08-20T20:13:04,0.77,Partially cloudy,Partly cloudy throughout the day.,partly-cloudy-day,"03769099999,03680099999,D5621,03781099999,03672099999,03772099999,03770099999"
london,2022-08-21,24.3,15,19.2,24.3,15,19.2,12,65.4,0,0,0,,0,0,25.9,15.4,225,1015.7,32.6,16.6,101.3,8.6,5,,2022-08-21T05:55:19,2022-08-21T20:10:59,0.81,Partially cloudy,Partly cloudy throughout the day.,partly-cloudy-day,"03680099999,D5621,03781099999,03672099999,03772099999,03770099999"
london,2022-08-22,22.5,14.1,18.8,22.5,14.1,18.8,13.6,72.3,0,0,0,,0,0,25.9,16.4,197.6,1013.8,56.1,17.7,110.9,9.7,5,,2022-08-22T05:56:55,2022-08-22T20:08:53,0.84,Partially cloudy,Partly cloudy throughout the day.,partly-cloudy-day,"03680099999,D5621,03781099999,03672099999,03772099999,03770099999"
london,2022-08-23,25.5,18.1,21.3,25.5,18.1,21.3,17.5,79.8,0.416,100,20.83,rain,0,0,31.7,20.4,211.1,1013.8,85.4,15.3,104.9,9.1,4,,2022-08-23T05:58:31,2022-08-23T20:06:46,0.87,"Rain, Partially cloudy",Partly cloudy throughout the day with rain.,rain,"03769099999,03680099999,D5621,03781099999,03672099999,03772099999,03770099999"
london,2022-08-24,28.8,20.1,23.4,28.9,20.1,23.5,16.5,67,0,0,0,,0,0,27.7,19.2,209.5,1016,60.5,19.1,103.6,9.1,8,,2022-08-24T06:00:06,2022-08-24T20:04:39,0.91,Partially cloudy,Partly cloudy throughout the day.,partly-cloudy-day,"03769099999,03680099999,D5621,03781099999,03672099999,03772099999,03770099999"
london,2022-08-25,22.8,16.8,19.5,22.8,16.8,19.5,16.8,84.4,41.577,100,45.83,rain,0,0,25.9,18.1,337.4,1017.2,74.9,14.6,53.3,4.5,2,,2022-08-25T06:01:42,2022-08-25T20:02:30,0.94,"Rain, Partially cloudy",Partly cloudy throughout the day with a chance of rain throughout the day.,rain,"03769099999,03680099999,D5621,03660099999,03781099999,03672099999,03684099999,03768099999,03772099999,03770099999"
london,2022-08-26,24.8,13.3,19.1,24.8,13.3,19.1,11.8,66.2,0.398,100,8.33,rain,0,0,14.8,8.7,289.3,1019.1,38.7,14.9,135.3,11.7,7,,2022-08-26T06:03:18,2022-08-26T20:00:21,0.97,"Rain, Partially cloudy",Partly cloudy throughout the day with early morning rain.,rain,"03769099999,03680099999,D5621,03660099999,03781099999,03672099999,F4685,03772099999,03770099999"
london,2022-08-27,24.6,15.3,19.7,24.6,15.3,19.7,12.6,65.6,0,0,0,,0,0,21.2,15,72.9,1018.8,26.6,20.6,104.3,9.1,6,,2022-08-27T06:04:53,2022-08-27T19:58:11,0,Partially cloudy,Partly cloudy throughout the day.,partly-cloudy-day,"03680099999,D5621,03660099999,03781099999,03672099999,F6665,03772099999,03770099999"
london,2022-08-28,24,15,19.3,24,15,19.3,12.2,65.2,0,0,0,,0,0,31.7,19,75.9,1021.6,23,19.2,172.1,14.8,7,,2022-08-28T06:06:29,2022-08-28T19:56:01,0.04,Partially cloudy,Partly cloudy throughout the day.,partly-cloudy-day,"03769099999,03680099999,D5621,03781099999,03672099999,F6665,D4121,03772099999,03770099999"
london,2022-08-29,21.1,16.1,18.7,21.1,16.1,18.7,11.5,63.9,0,0,0,,0,0,29.5,18.9,57.7,1022.8,66,20.8,88.7,7.8,4,,2022-08-29T06:08:05,2022-08-29T19:53:49,0.08,Partially cloudy,Partly cloudy throughout the day.,partly-cloudy-day,"03680099999,D5621,03660099999,03781099999,03672099999,F6665,AR120,03772099999,03770099999"
london,2022-08-30,23.8,14.8,19,23.8,14.8,19,12,64.9,0,0,0,,0,0,31.7,20.1,41,1022.9,50.4,20.7,86.5,7.7,5,,2022-08-30T06:09:40,2022-08-30T19:51:37,0.11,Partially cloudy,Partly cloudy throughout the day.,partly-cloudy-day,"03769099999,03680099999,D5621,03768399999,03660099999,03781099999,03672099999,EGLC,03772099999,03770099999"
london,2022-08-31,23.1,14.8,19,23.1,14.8,19,11.2,62,0,0,0,,0,0,42.5,24,55.2,1023.4,33,20.8,75.6,6.5,4,,2022-08-31T06:11:16,2022-08-31T19:49:25,0.15,Partially cloudy,Partly cloudy throughout the day.,partly-cloudy-day,"03769099999,03680099999,D5621,03781099999,03672099999,03772099999,03770099999"
london,2022-09-01,23.1,14.8,19.4,23.1,14.8,19.4,12.6,65.8,0.008,100,8.33,rain,0,0,37.1,20.5,60.2,1019.3,55.9,17.2,86.4,7.3,4,,2022-09-01T06:12:51,2022-09-01T19:47:12,0.18,"Rain, Partially cloudy",Partly cloudy throughout the day with late afternoon rain.,rain,"03769099999,03680099999,D5621,03660099999,03781099999,03672099999,F6665,AR120,03772099999,03770099999"
london,2022-09-02,25,16.5,20,25,16.5,20,15,74.5,2.812,100,20.83,rain,0,0,16.6,11.3,65.8,1012.7,62.3,13.8,83.7,7.3,3,,2022-09-02T06:14:27,2022-09-02T19:44:58,0.22,"Rain, Partially cloudy",Partly cloudy throughout the day with early morning rain.,rain,"03680099999,D5621,03781099999,03672099999,F6665,03772099999,03770099999"
london,2022-09-03,24.1,15.8,19.7,24.1,15.8,19.7,14.3,71.6,0.018,100,8.33,rain,0,0,29.5,19.8,197.1,1009.2,49,14.3,122.5,10.7,5,,2022-09-03T06:16:03,2022-09-03T19:42:44,0.25,"Rain, Partially cloudy",Partly cloudy throughout the day with rain.,rain,"03680099999,D5621,03781099999,03672099999,F6665,03772099999,03770099999"
london,2022-09-04,24.1,17,20.1,24.1,17,20.1,14.1,69.5,0,0,0,,0,0,27.7,19.4,160.7,1014.2,53.3,16.1,90.1,7.7,4,,2022-09-04T06:17:38,2022-09-04T19:40:29,0.29,Partially cloudy,Partly cloudy throughout the day.,partly-cloudy-day,"03680099999,D5621,03781099999,03672099999,F6665,03772099999,03770099999"
london,2022-09-05,22.8,16.1,20,22.8,16.1,20,15.5,76.1,1.404,100,12.5,rain,0,0,31.7,21.8,155.3,1015.1,47.6,18.7,65.8,5.7,3,,2022-09-05T06:19:14,2022-09-05T19:38:14,0.32,"Rain, Partially cloudy",Partly cloudy throughout the day with rain clearing later.,rain,"03680099999,D5621,03781099999,03672099999,F6665,03772099999,03770099999"
london,2022-09-06,22.6,16,18.6,22.6,16,18.6,15.4,82.2,8.855,100,33.33,rain,0,0,46.4,22.3,185.7,1011.6,62.1,13.5,109.4,9.3,5,,2022-09-06T06:20:49,2022-09-06T19:35:58,0.36,"Rain, Partially cloudy",Partly cloudy throughout the day with rain.,rain,"03769099999,03680099999,D5621,03781099999,03672099999,F6665,03772099999,03770099999"
london,2022-09-07,21.1,15.3,18,21.1,15.3,18,14.5,80.5,10.356,100,45.83,rain,0,0,42.5,21.8,183.5,1008.4,56.5,14.1,108.5,9.2,4,,2022-09-07T06:22:25,2022-09-07T19:33:42,0.39,"Rain, Partially cloudy",Partly cloudy throughout the day with a chance of rain throughout the day.,rain,"03680099999,D5621,03781099999,03672099999,F6665,03772099999,03770099999"
london,2022-09-08,19.1,14.1,16,19.1,14.1,16,14.3,89.7,5.448,100,62.5,rain,0,0,37.1,20.5,182.1,1004.2,72.2,14.2,68.5,5.9,3,,2022-09-08T06:24:00,2022-09-08T19:31:25,0.43,"Rain, Partially cloudy",Partly cloudy throughout the day with a chance of rain throughout the day.,rain,"03680099999,D5621,03781099999,03672099999,F6665,03772099999,03770099999"
london,2022-09-09,20.1,14.8,16.6,20.1,14.8,16.6,14.2,86.5,3.223,100,54.17,rain,0,0,31.7,21.8,277.1,1005.6,80.2,14.5,103.1,9,4,,2022-09-09T06:25:36,2022-09-09T19:29:09,0.47,"Rain, Partially cloudy",Partly cloudy throughout the day with a chance of rain throughout the day.,rain,"03680099999,D5621,03781099999,03672099999,F6665,03772099999,03770099999"
london,2022-09-10,20.8,13.5,16.9,20.8,13.5,16.9,13.7,82.1,0.199,100,4.17,rain,0,0,20.5,11.9,305.4,1014.9,50.2,13.8,66.5,5.8,3,,2022-09-10T06:27:11,2022-09-10T19:26:52,0.5,"Rain, Partially cloudy",Partly cloudy throughout the day with afternoon rain.,rain,"03680099999,D5621,03781099999,03672099999,F6665,03772099999,03770099999"
london,2022-09-11,23.1,14.3,18.2,23.1,14.3,18.2,14.2,79,0,0,0,,0,0,24.1,17.8,182.4,1017.9,40.8,13.5,124.5,10.7,5,,2022-09-11T06:28:47,2022-09-11T19:24:34,0.53,Partially cloudy,Partly cloudy throughout the day.,partly-cloudy-day,"03680099999,D5621,03781099999,03672099999,F6665,03772099999,03770099999"
london,2022-09-12,26.6,15.6,20.5,26.6,15.6,20.5,14.7,71.1,0,0,0,,0,0,27.7,15.2,185.5,1011.9,53,17.4,117.6,10.1,5,,2022-09-12T06:30:22,2022-09-12T19:22:17,0.57,Partially cloudy,Clearing in the afternoon.,partly-cloudy-day,"03769099999,03680099999,D5621,03781099999,03672099999,F6665,03772099999,03770099999"
london,2022-09-13,20,16,18.1,20,16,18.1,14.6,80.5,4.401,100,45.83,rain,0,0,22.3,15,45,1010.5,73.2,13.7,52.6,4.5,2,,2022-09-13T06:31:58,2022-09-13T19:19:59,0.6,"Rain, Partially cloudy",Partly cloudy throughout the day with rain.,rain,"03680099999,D5621,03781099999,03672099999,F6665,03772099999,03770099999"
london,2022-09-14,21.6,14.6,17.5,21.6,14.6,17.5,13,76.6,0.797,100,12.5,rain,0,0,27.7,13.9,8.5,1007.4,55,14.3,116.2,10,5,,2022-09-14T06:33:34,2022-09-14T19:17:41,0.63,"Rain, Partially cloudy",Partly cloudy throughout the day with early morning rain.,rain,"03680099999,D5621,03660099999,03781099999,03672099999,F6665,03768099999,EGLC,03772099999,03770099999"
london,2022-09-15,19.8,13.6,16,19.8,13.6,16,9.6,66.8,0,0,0,,0,0,22.3,15.6,318.7,1012.3,79.6,17.1,57.7,4.9,2,,2022-09-15T06:35:09,2022-09-15T19:15:23,0.66,Partially cloudy,Partly cloudy throughout the day.,partly-cloudy-day,"03680099999,D5621,03781099999,03672099999,03772099999,03770099999"
london,2022-09-16,17.8,11.6,14.1,17.8,11.6,14.1,5.1,56.2,0,0,0,,0,0,42.5,21.3,340.7,1017.7,39.1,21.3,85.6,7.4,6,,2022-09-16T06:36:45,2022-09-16T19:13:04,0.69,Partially cloudy,Partly cloudy throughout the day.,partly-cloudy-day,"03680099999,D5621,03781099999,03672099999,03772099999,03770099999"
london,2022-09-17,17.8,7.6,12.9,17.8,5.8,12.4,3,52.7,0,0,0,,0,0,33.5,20.6,318.4,1022.2,4,21.5,99.8,8.7,6,,2022-09-17T06:38:21,2022-09-17T19:10:46,0.75,Clear,Clear conditions throughout the day.,clear-day,"03769099999,03680099999,D5621,03660099999,03781099999,03672099999,03768099999,03772099999,03770099999"
london,2022-09-18,17.8,9.3,14,17.8,7.2,13.8,6.7,62.4,0,0,0,,0,0,35.3,20.3,304.8,1021.2,59.2,21.6,100.6,8.6,5,,2022-09-18T06:39:57,2022-09-18T19:08:27,0.76,Partially cloudy,Partly cloudy throughout the day.,partly-cloudy-day,"03769099999,03680099999,D5621,03781099999,03672099999,F6665,03772099999,03770099999"
london,2022-09-19,18.1,12.6,14.8,18.1,12.6,14.8,7.9,63.5,0,0,0,,0,0,18.4,9.4,318.1,1024.3,72.5,20.9,81.3,7,3,,2022-09-19T06:41:33,2022-09-19T19:06:09,0.79,Partially cloudy,Partly cloudy throughout the day.,partly-cloudy-day,"03680099999,D5621,03781099999,03672099999,F6665,03772099999,03770099999"
london,2022-09-20,19.5,9.6,15.3,19.5,9.6,15.3,8.5,65.6,0,0,0,,0,0,18.4,10.6,336.1,1025.9,43.8,16.6,78.4,6.8,3,,2022-09-20T06:43:09,2022-09-20T19:03:50,0.82,Partially cloudy,Partly cloudy throughout the day.,partly-cloudy-day,"03680099999,D5621,03781099999,03672099999,03772099999,03770099999"
london,2022-09-21,20.3,14.1,16.6,20.3,14.1,16.6,10,66.7,0,0,0,,0,0,14.8,12.5,155,1025.6,58.4,21.1,48.1,4,2,,2022-09-21T06:44:45,2022-09-21T19:01:32,0.86,Partially cloudy,Partly cloudy throughout the day.,partly-cloudy-day,"03769099999,03680099999,D5621,03768399999,03660099999,03781099999,03672099999,03768099999,F6665,EGLC,03772099999,03770099999"
london,2022-09-22,19.8,11,15.9,19.8,11,15.9,10.8,73.2,0,0,0,,0,0,31.7,17.8,198.8,1020.1,36.6,18.9,77.4,6.8,4,,2022-09-22T06:46:22,2022-09-22T18:59:13,0.89,Partially cloudy,Partly cloudy throughout the day.,partly-cloudy-day,"03680099999,D5621,03781099999,03672099999,03772099999,03770099999"
london,2022-09-23,19.1,14.8,16.2,19.1,14.8,16.2,12.4,78.6,0.808,100,25,rain,0,0,20.5,13.4,351.1,1015,76.5,14,51.1,4.4,2,,2022-09-23T06:47:58,2022-09-23T18:56:55,0.92,"Rain, Partially cloudy",Partly cloudy throughout the day with a chance of rain throughout the day.,rain,"03680099999,D5621,03781099999,03672099999,F6665,03772099999,03770099999"
london,2022-09-24,19,11,14.4,19,11,14.4,8.9,70.9,0,0,0,,0,0,35.3,18.6,8.9,1016.6,39.5,17.8,71.3,6,5,,2022-09-24T06:49:35,2022-09-24T18:54:37,0.95,Partially cloudy,Partly cloudy throughout the day.,partly-cloudy-day,"03769099999,03680099999,D5621,03781099999,03672099999,03772099999,03770099999"
london,2022-09-25,16.6,9.8,13.2,16.6,8.7,13.1,6.2,64.7,0,0,0,,0,0,30.2,16.3,320.8,1018.2,34.8,19.5,97.4,8.5,6,,2022-09-25T06:51:12,2022-09-25T18:52:18,0,Partially cloudy,Becoming cloudy in the afternoon.,partly-cloudy-day,"03769099999,03680099999,D5621,03660099999,03781099999,03672099999,03772099999,03770099999"
london,2022-09-26,15.3,11.1,12.9,15.3,11.1,12.9,8,72.9,2.004,100,33.33,rain,0,0,34.4,24.3,287.5,1003.3,78.2,18.8,59.6,5.1,4,,2022-09-26T06:52:49,2022-09-26T18:50:00,0.02,"Rain, Partially cloudy",Partly cloudy throughout the day with a chance of rain throughout the day.,rain,"03769099999,03680099999,D5621,03781099999,03672099999,03772099999,03770099999"
london,2022-09-27,14.8,9.1,11.1,14.8,6.8,10.7,7.1,76.6,1.597,100,16.67,rain,0,0,34.8,21.5,285.6,1001.5,64.5,19.8,59.3,5.1,3,,2022-09-27T06:54:26,2022-09-27T18:47:42,0.06,"Rain, Partially cloudy",Partly cloudy throughout the day with rain.,rain,"03769099999,03680099999,D5621,03781099999,03672099999,03772099999,03770099999"
london,2022-09-28,14.5,6.1,10,14.5,4.7,9.3,6,77.6,0,0,0,,0,0,35.3,16.6,297.3,1000.1,26.8,19.9,67,5.8,5,,2022-09-28T06:56:03,2022-09-28T18:45:25,0.09,Partially cloudy,Partly cloudy throughout the day.,partly-cloudy-day,"03769099999,03680099999,D5621,03768399999,03660099999,03781099999,03672099999,03768099999,F6665,EGLC,03772099999,03770099999"
london,2022-09-29,16,5.8,10.7,16,5.8,10.7,6.1,74.6,0,0,0,,0,0,16.6,10,340.1,1003.6,39.4,21.7,72.5,6.5,5,,2022-09-29T06:57:41,2022-09-29T18:43:07,0.13,Partially cloudy,Partly cloudy throughout the day.,partly-cloudy-day,"03769099999,03680099999,D5621,03781099999,03672099999,AR120,03772099999,03770099999"
london,2022-09-30,17,8.1,12.2,17,7.5,12,9.7,85.1,9.007,100,29.17,rain,0,0,49.6,29.1,217.5,1005.7,72.4,12.9,53.5,4.7,3,,2022-09-30T06:59:18,2022-09-30T18:40:50,0.16,"Rain, Partially cloudy",Partly cloudy throughout the day with rain.,rain,"03769099999,03680099999,D5621,03781099999,03672099999,03772099999,03770099999"
london,2022-10-01,19.1,12,15.6,19.1,12,15.6,11.1,76.3,0.199,100,8.33,rain,0,0,35.3,26.4,254.7,1006.7,51.4,16.4,86.8,7.6,5,,2022-10-01T07:00:56,2022-10-01T18:38:34,0.2,"Rain, Partially cloudy",Becoming cloudy in the afternoon with morning rain.,rain,"03769099999,03680099999,D5621,03781099999,03672099999,F6665,03772099999,03770099999"
london,2022-10-02,18.6,11.8,15,18.6,11.8,15,9.6,71.8,0.013,100,29.17,rain,0,0,22.3,15.4,288.9,1020.1,53.8,16.5,50.2,4.3,3,,2022-10-02T07:02:35,2022-10-02T18:36:17,0.23,"Rain, Partially cloudy",Partly cloudy throughout the day with rain clearing later.,rain,"03769099999,03680099999,D5621,03781099999,03672099999,03772099999,03770099999"
london,2022-10-03,18.3,8,13,18.3,8,13,9.1,78.8,0,0,0,,0,0,22.7,15.2,180.4,1025.5,43.5,17,61.7,5.4,3,,2022-10-03T07:04:13,2022-10-03T18:34:01,0.25,Partially cloudy,Partly cloudy throughout the day.,partly-cloudy-day,"03769099999,03680099999,D5621,03660099999,03781099999,03672099999,AR120,03772099999,03770099999"
london,2022-10-04,18,14.1,16.2,18,14.1,16.2,12.8,80.2,0,0,0,,0,0,34.8,21.3,212,1017,93.7,17.6,44,3.8,2,,2022-10-04T07:05:52,2022-10-04T18:31:45,0.31,Overcast,Cloudy skies throughout the day.,cloudy,"03769099999,03680099999,D5621,03781099999,03672099999,AR120,03772099999,03770099999"
london,2022-10-05,18.8,12,16.3,18.8,12,16.3,11.7,74.1,1.003,100,16.67,rain,0,0,58.5,34.6,227,1012.3,77.3,19.7,38.3,3.1,2,,2022-10-05T07:07:31,2022-10-05T18:29:30,0.34,"Rain, Partially cloudy",Partly cloudy throughout the day with rain.,rain,"03769099999,03680099999,D5621,03781099999,03672099999,03772099999,03770099999"
london,2022-10-06,18.1,8.8,13.3,18.1,7.7,13,8.4,73,0,0,0,,0,0,33,24.7,228.3,1026.9,15.9,15.6,66.8,5.9,5,,2022-10-06T07:09:10,2022-10-06T18:27:15,0.38,Clear,Clear conditions throughout the day.,clear-day,"03769099999,03680099999,D5621,03660099999,03781099999,03672099999,03768099999,03772099999,03770099999"
london,2022-10-07,19.3,12.1,14.8,19.3,12.1,14.8,11.1,79.7,2.793,100,16.67,rain,0,0,43.2,29,230.1,1019.8,50.2,15.9,54.5,4.8,3,,2022-10-07T07:10:49,2022-10-07T18:25:01,0.41,"Rain, Partially cloudy",Partly cloudy throughout the day with late afternoon rain.,rain,"03769099999,03680099999,D5621,03781099999,03672099999,F6665,03772099999,03770099999"
london,2022-10-08,16.8,7.8,11.6,16.8,6.7,11.2,7.5,78.4,0.199,100,8.33,rain,0,0,22.7,15.1,266.6,1022.7,7.5,17.5,62.5,5.5,5,,2022-10-08T07:12:29,2022-10-08T18:22:47,0.45,Rain,Clear conditions throughout the day with morning rain.,rain,"03769099999,03680099999,D5621,03781099999,03672099999,03772099999,03770099999"
london,2022-10-09,18.6,6.8,11.9,18.6,6.1,11.8,6.8,74,0,0,0,,0,0,30.7,19.3,169.2,1017.9,14.8,21,67.8,5.9,5,,2022-10-09T07:14:09,2022-10-09T18:20:34,0.5,Clear,Clear conditions throughout the day.,clear-day,"03769099999,03680099999,D5621,03781099999,03672099999,03772099999,03770099999"
london,2022-10-10,16.6,10.6,12.8,16.6,10.6,12.8,7.3,71.2,7.373,100,20.83,rain,0,0,33,18.7,340.8,1017.5,47.5,18.7,46.3,3.9,4,,2022-10-10T07:15:50,2022-10-10T18:18:22,0.52,"Rain, Partially cloudy",Clearing in the afternoon with rain in the morning and afternoon.,rain,"03769099999,03680099999,D5621,03781099999,03672099999,F6665,03772099999,03770099999"
london,2022-10-11,16.5,5.5,10.2,16.5,5.5,10.2,5.5,75.5,0,0,0,,0,0,8.9,6.9,264.4,1026.6,10.1,16,65.2,5.6,5,,2022-10-11T07:17:30,2022-10-11T18:16:10,0.55,Clear,Clear conditions throughout the day.,clear-day,"03769099999,03680099999,D5621,03781099999,03672099999,03772099999,03770099999"
london,2022-10-12,16.6,6.1,12,16.6,6.1,12,8.5,80.2,0,0,0,,0,0,28.5,17.2,215.2,1020.9,71.4,18.3,58.6,5.1,4,,2022-10-12T07:19:11,2022-10-12T18:13:59,0.58,Partially cloudy,Partly cloudy throughout the day.,partly-cloudy-day,"03769099999,03680099999,D5621,03781099999,03672099999,03772099999,03770099999"
london,2022-10-13,17.5,11.7,14.1,17.5,11.7,14.1,11.9,87.6,5.398,100,29.17,rain,0,0,18.7,10.5,280,1015.6,66.6,13.7,38.6,3.2,2,,2022-10-13T07:20:52,2022-10-13T18:11:48,0.62,"Rain, Partially cloudy",Partly cloudy throughout the day with rain clearing later.,rain,"03769099999,EGWU,03680099999,EGLL,D5621,03781099999,03672099999,EGLC,03772099999,03770099999"
london,2022-10-14,16.3,10.6,13.1,16.3,10.6,13.1,11.3,89.1,0.199,100,8.33,rain,0,0,20.9,15.4,229.3,1010.1,72.5,14.8,36,3,1,,2022-10-14T07:22:34,2022-10-14T18:09:38,0.65,"Rain, Partially cloudy",Partly cloudy throughout the day with rain.,rain,"EGWU,03769099999,EGLL,03680099999,D5621,03781099999,03672099999,EGLC,03658099999,03772099999,03770099999"
london,2022-10-15,16.6,9.3,12.8,16.6,8.6,12.7,9.6,82.2,0.396,100,8.33,rain,0,0,44.2,28.5,221.6,1003.8,47.7,12.9,53.9,4.8,4,,2022-10-15T07:24:16,2022-10-15T18:07:29,0.68,"Rain, Partially cloudy",Partly cloudy throughout the day with rain.,rain,"03769099999,03680099999,D5621,03781099999,03672099999,03772099999,03770099999"
london,2022-10-16,17.1,11,14.1,17.1,11,14.1,9.8,76,0.22,100,16.67,rain,0,0,44.3,20,191.5,1009.6,41.8,14.3,55,4.7,3,,2022-10-16T07:25:58,2022-10-16T18:05:21,0.71,"Rain, Partially cloudy",Partly cloudy throughout the day with rain.,rain,"03769099999,EGWU,03680099999,EGLL,D5621,03781099999,03672099999,EGLC,03772099999,03770099999"
london,2022-10-17,19.3,12.1,16.3,19.3,12.1,16.3,12.3,78.5,3.602,100,20.83,rain,0,0,40,21.5,221,1016.6,58.4,13.4,41.3,3.6,2,,2022-10-17T07:27:41,2022-10-17T18:03:14,0.75,"Rain, Partially cloudy",Partly cloudy throughout the day with morning rain.,rain,"EGWU,03769099999,EGLL,03680099999,D5621,03781099999,03672099999,EGLC,03772099999,03770099999"
london,2022-10-18,18.1,8.1,12.6,18.1,8.1,12.6,9,80.4,0,0,0,,0,0,21.9,13.2,84.4,1027,22.3,14.9,53.8,4.5,4,,2022-10-18T07:29:23,2022-10-18T18:01:07,0.78,Partially cloudy,Partly cloudy throughout the day.,partly-cloudy-day,"EGWU,03769099999,EGLL,03680099999,D5621,03781099999,03672099999,EGLC,03772099999,03770099999"
london,2022-10-19,16.6,12.8,14.5,16.6,12.8,14.5,11.3,81,0,0,0,,0,0,34.4,26.4,88.6,1019.6,35.3,14.6,44.8,3.9,3,,2022-10-19T07:31:07,2022-10-19T17:59:02,0.81,Partially cloudy,Partly cloudy throughout the day.,partly-cloudy-day,"03769099999,03680099999,D5621,03781099999,03672099999,03772099999,03770099999"
london,2022-10-20,17.3,10.9,15,17.3,10.9,15,13.4,90,6.012,100,33.33,rain,0,0,31.2,14.3,164.4,1006.9,73.2,11.2,24.5,2,1,,2022-10-20T07:32:50,2022-10-20T17:56:57,0.84,"Rain, Partially cloudy",Partly cloudy throughout the day with rain.,rain,"03769099999,EGWU,03680099999,EGLL,D5621,03781099999,03672099999,EGLC,03772099999,03770099999"
london,2022-10-21,18.8,10.3,15.1,18.8,10.3,15.1,12.7,86.4,1.422,100,29.17,rain,0,0,57.6,25.2,178.4,1001.7,86.3,10.1,46.2,3.9,3,,2022-10-21T07:34:34,2022-10-21T17:54:54,0.87,"Rain, Partially cloudy",Partly cloudy throughout the day with rain.,rain,"EGWU,03769099999,EGLL,03680099999,D5621,03672099999,03781099999,03684099999,EGLC,03772099999,03770099999"
london,2022-10-22,18.6,12.8,15.3,18.6,12.8,15.3,12.6,84.4,5.177,100,12.5,rain,0,0,41.6,19.8,205.1,1008.4,59,13.8,48.3,4.1,3,,2022-10-22T07:36:18,2022-10-22T17:52:52,0.9,"Rain, Partially cloudy",Becoming cloudy in the afternoon with early morning rain.,rain,"03769099999,03680099999,D5621,03781099999,03672099999,03772099999,03770099999"
london,2022-10-23,18.8,13,15.4,18.8,13,15.4,13.7,90.2,21.621,100,50,rain,0,0,30.7,21.3,137.9,1001.4,77.1,16,21.6,1.7,1,,2022-10-23T07:38:02,2022-10-23T17:50:50,0.94,"Rain, Partially cloudy",Partly cloudy throughout the day with rain.,rain,"03769099999,03680099999,D5621,03781099999,03672099999,03772099999,03770099999"
london,2022-10-24,18.3,12.6,14.6,18.3,12.6,14.6,11.6,82.8,5.007,100,33.33,rain,0,0,57.6,31.2,227.1,1002,67.8,16.9,50.1,4.4,4,,2022-10-24T07:39:47,2022-10-24T17:48:50,0.97,"Rain, Partially cloudy",Partly cloudy throughout the day with rain.,rain,"03769099999,03680099999,D5621,03768399999,03781099999,03672099999,03768099999,EGLC,03772099999,03770099999"
london,2022-10-25,17.5,12,14.3,17.5,12,14.3,11.7,84.6,0.403,100,29.17,rain,0,0,26.8,15.3,185.3,1010.9,49.4,15.5,37.9,3.3,2,,2022-10-25T07:41:31,2022-10-25T17:46:51,0,"Rain, Partially cloudy",Partly cloudy throughout the day with a chance of rain throughout the day.,rain,"03769099999,03680099999,D5621,03781099999,03672099999,03684099999,03772099999,03770099999"
london,2022-10-26,19.6,14.3,16.8,19.6,14.3,16.8,12.6,77.1,0.014,100,8.33,rain,0,0,55.3,33.2,203.6,1010.6,60.1,14.4,35.8,3.1,2,,2022-10-26T07:43:16,2022-10-26T17:44:53,0.04,"Rain, Partially cloudy",Partly cloudy throughout the day with afternoon rain.,rain,"03769099999,03680099999,D5621,03781099999,03672099999,03772099999,03770099999"
london,2022-10-27,20.6,13.8,16.9,20.6,13.8,16.9,14.3,85.3,0.201,100,8.33,rain,0,0,37.6,20.6,172,1014.1,43.8,16.4,37.1,3.1,3,,2022-10-27T07:45:02,2022-10-27T17:42:57,0.07,"Rain, Partially cloudy",Partly cloudy throughout the day with morning rain.,rain,"03769099999,03680099999,D5621,03781099999,03672099999,03772099999,03770099999"
london,2022-10-28,19,12.8,16.3,19,12.8,16.3,12.7,79.8,0.001,100,4.17,rain,0,0,36.2,24.2,212,1014.8,36.8,14.2,39.3,3.4,2,,2022-10-28T07:46:47,2022-10-28T17:41:02,0.11,"Rain, Partially cloudy",Partly cloudy throughout the day with morning rain.,rain,"03769099999,03680099999,D5621,03781099999,03672099999,03684099999,03772099999,03770099999"
london,2022-10-29,22.6,12.3,16.6,22.6,12.3,16.6,13.8,83.8,1.996,100,20.83,rain,0,0,27.5,16.1,157.9,1013.9,44.7,13.7,39.5,3.4,2,,2022-10-29T07:48:33,2022-10-29T17:39:08,0.14,"Rain, Partially cloudy",Partly cloudy throughout the day with rain clearing later.,rain,"03769099999,03680099999,D5621,03781099999,03672099999,03684099999,03772099999,03770099999"
london,2022-10-30,16.6,12.8,14.9,16.6,12.8,14.9,12.5,86.1,2.607,100,37.5,rain,0,0,42.4,24,193.8,1014.6,63,14,20,1.7,1,,2022-10-30T06:50:18,2022-10-30T16:37:16,0.18,"Rain, Partially cloudy",Partly cloudy throughout the day with rain.,rain,"03769099999,03680099999,D5621,03781099999,03672099999,03684099999,03772099999,03770099999"
london,2022-10-31,17.1,12.1,14.6,17.1,12.1,14.6,12.2,86.4,2.213,100,33.33,rain,0,0,46.8,25.4,148.2,1010.4,60.7,13.5,42.8,3.6,3,,2022-10-31T06:52:04,2022-10-31T16:35:25,0.22,"Rain, Partially cloudy",Partly cloudy throughout the day with rain.,rain,"03769099999,03680099999,D5621,03781099999,03672099999,D4121,03772099999,03770099999"
london,2022-11-01,16.1,9.8,12.9,16.1,7.6,12.8,9.5,79.9,3.648,100,58.33,rain,0,0,67.9,43.3,221.3,1005.8,70.8,13.2,30.3,2.7,2,,2022-11-01T06:53:50,2022-11-01T16:33:36,0.25,"Rain, Partially cloudy",Partly cloudy throughout the day with a chance of rain throughout the day.,rain,"03769099999,03680099999,D5621,03781099999,03672099999,03772099999,03770099999"
london,2022-11-02,15.3,9,12.4,15.3,7.2,11.9,8.5,77.5,5.371,100,25,rain,0,0,54.9,32.6,214.2,1012.6,57.7,15,44.7,3.9,2,,2022-11-02T06:55:36,2022-11-02T16:31:48,0.29,"Rain, Partially cloudy",Partly cloudy throughout the day with rain.,rain,"03769099999,03680099999,D5621,03781099999,03672099999,03772099999,03770099999"
london,2022-11-03,13.1,8.1,10.8,13.1,7,10.5,9.5,92,17.715,100,70.83,rain,0,0,39.4,16.5,228.4,1000.7,67.8,14.7,16.2,1.5,1,,2022-11-03T06:57:23,2022-11-03T16:30:02,0.32,"Rain, Partially cloudy",Partly cloudy throughout the day with a chance of rain throughout the day.,rain,"03769099999,03680099999,D5621,03781099999,03672099999,03684099999,D4121,03772099999,03770099999"
london,2022-11-04,12.8,6.5,9.5,12.8,5.4,8.4,6.2,81.1,1.026,100,29.17,rain,0,0,25.9,18.4,322.7,1010.3,40,15.3,44.9,3.7,3,,2022-11-04T06:59:09,2022-11-04T16:28:17,0.36,"Rain, Partially cloudy",Partly cloudy throughout the day with rain clearing later.,rain,"03769099999,03680099999,D5621,03781099999,03672099999,AR120,03772099999,03770099999"
london,2022-11-05,14,6,10.5,14,4.9,9.9,9,90.7,2.208,100,54.17,rain,0,0,41,23.1,206.5,1013.3,89.1,12.7,18.8,1.8,1,,2022-11-05T07:00:55,2022-11-05T16:26:34,0.39,"Rain, Partially cloudy",Partly cloudy throughout the day with rain.,rain,"03769099999,03680099999,D5621,03781099999,03672099999,D4121,03772099999,03770099999"
london,2022-11-06,14.3,10.8,12.7,14.3,10.8,12.7,11.3,90.9,23.157,100,62.5,rain,0,0,41.5,22.6,211,1003.2,71,11.1,14.4,1,1,,2022-11-06T07:02:41,2022-11-06T16:24:53,0.43,"Rain, Partially cloudy",Partly cloudy throughout the day with a chance of rain throughout the day.,rain,"03769099999,03680099999,D5621,03781099999,03672099999,D4121,03772099999,03770099999"
london,2022-11-07,15.3,11,13.5,15.3,11,13.5,11,85.1,2.595,100,29.17,rain,0,0,55,32.5,206,1003.2,78.9,11.3,19.6,1.6,1,,2022-11-07T07:04:27,2022-11-07T16:23:14,0.47,"Rain, Partially cloudy",Partly cloudy throughout the day with rain.,rain,"03769099999,03680099999,D5621,03781099999,03672099999,D4121,03772099999,03770099999"
london,2022-11-08,15.3,11.6,13.2,15.3,11.6,13.2,9.9,81,7.019,100,54.17,rain,0,0,59.4,31.7,205.6,997.5,67,13.9,26.5,2.2,1,,2022-11-08T07:06:13,2022-11-08T16:21:37,0.5,"Rain, Partially cloudy",Partly cloudy throughout the day with a chance of rain throughout the day.,rain,"03769099999,03680099999,D5621,03781099999,03672099999,03684099999,03768099999,EGLC,03772099999,03770099999"
london,2022-11-09,14,10.5,11.8,14,10.5,11.8,8.6,80.7,1.412,100,25,rain,0,0,38.9,25.5,231.2,1006.6,43,18.6,35.3,3.1,2,,2022-11-09T07:07:58,2022-11-09T16:20:02,0.53,"Rain, Partially cloudy",Partly cloudy throughout the day with rain clearing later.,rain,"03769099999,03680099999,D5621,03781099999,03672099999,D4121,03772099999,03770099999"
london,2022-11-10,15.1,10.3,13.2,15.1,10.3,13.2,9.8,79.8,0,0,0,,0,0,44.2,25.9,218.6,1019.9,74.4,15.6,21.7,1.9,1,,2022-11-10T07:09:44,2022-11-10T16:18:28,0.57,Partially cloudy,Partly cloudy throughout the day.,partly-cloudy-day,"03769099999,03680099999,D5621,03781099999,03672099999,AR120,03772099999,03770099999"
london,2022-11-11,16.1,10.8,14.6,16.1,10.8,14.6,10.8,78.1,0,0,0,,0,0,38.9,22,203.2,1025.6,91.8,18.7,33,3,2,,2022-11-11T07:11:29,2022-11-11T16:16:57,0.6,Overcast,Cloudy skies throughout the day.,cloudy,"03769099999,03680099999,D5621,03781099999,03672099999,03772099999,03770099999"
london,2022-11-12,15.7,10.6,12.8,15.7,10.6,12.8,11,88.9,0,0,0,,0,0,27.6,15.6,126.5,1026.4,56.1,10,20.3,1.7,1,,2022-11-12T07:13:13,2022-11-12T16:15:27,0.63,Partially cloudy,Partly cloudy throughout the day.,partly-cloudy-day,"03769099999,03680099999,D5621,03781099999,03672099999,03684099999,F4685,03772099999,03770099999"
london,2022-11-13,13.2,10.3,11.9,13.2,10.3,11.9,11,93.9,0,0,0,,0,0,23.2,11.3,107.2,1019.1,71.6,8.4,19.6,1.7,1,,2022-11-13T07:14:58,2022-11-13T16:14:00,0.66,Partially cloudy,Partly cloudy throughout the day.,partly-cloudy-day,"03769099999,03680099999,D5621,03781099999,03672099999,03772099999,03770099999"
london,2022-11-14,13.2,8.9,11.2,13.2,8.1,11,10.4,95.2,0.204,100,16.67,rain,0,0,21.9,13.6,165,1008.3,83,6.9,15.1,1.4,1,,2022-11-14T07:16:41,2022-11-14T16:12:35,0.69,"Rain, Partially cloudy",Partly cloudy throughout the day with rain.,rain,"03769099999,03680099999,D5621,03781099999,03672099999,03772099999,03770099999"
london,2022-11-15,13.8,8.8,11.4,13.8,6.8,11.2,9.1,85.5,6.646,100,41.67,rain,0,0,49.6,26.1,180.4,995.9,67.9,15.2,10.5,0.9,1,,2022-11-15T07:18:25,2022-11-15T16:11:12,0.73,"Rain, Partially cloudy",Partly cloudy throughout the day with rain.,rain,"03769099999,03680099999,D5621,03781099999,03672099999,03772099999,03770099999"
london,2022-11-16,12.8,8.6,10.2,12.8,6.6,9.4,8.2,87.7,12.214,100,50,rain,0,0,40.3,23.2,147,988.5,69.1,12.9,24.9,2,2,,2022-11-16T07:20:08,2022-11-16T16:09:52,0.75,"Rain, Partially cloudy",Partly cloudy throughout the day with rain.,rain,"03769099999,03680099999,D5621,03768399999,03768099999,03672099999,03781099999,EGLC,03772099999,03770099999"
london,2022-11-17,12,8.8,10.2,12,5.1,8.6,7.4,83.5,6.208,100,37.5,rain,0,0,50.1,31.7,262.8,983.5,73.9,18.7,22.3,2,2,,2022-11-17T07:21:50,2022-11-17T16:08:34,0.79,"Rain, Partially cloudy",Partly cloudy throughout the day with a chance of rain throughout the day.,rain,"03769099999,03680099999,D5621,03781099999,03672099999,03772099999,03770099999"
london,2022-11-18,12.1,7.6,10,12.1,4.8,8.5,5.8,75.3,0.397,100,8.33,rain,0,0,32.6,23.1,264.3,1000.8,66,23.4,34.1,2.9,3,,2022-11-18T07:23:31,2022-11-18T16:07:18,0.82,"Rain, Partially cloudy",Partly cloudy throughout the day with rain clearing later.,rain,"03769099999,03680099999,D5621,03781099999,03672099999,03772099999,03770099999"
london,2022-11-19,10.6,4.1,9,10.6,4.1,8.1,5.3,77.9,0,0,0,,0,0,20.5,13.6,293.1,1012.1,79.4,19.4,20.3,1.7,1,,2022-11-19T07:25:11,2022-11-19T16:06:05,0.86,Partially cloudy,Partly cloudy throughout the day.,partly-cloudy-day,"03769099999,03680099999,D5621,03781099999,03672099999,03684099999,03768099999,03772099999,03770099999"
london,2022-11-20,11.1,5.6,8.2,11.1,3.6,6.8,5.7,84.7,8.58,100,41.67,rain,0,0,36.6,25.2,259.3,1008.2,55.4,16.7,26.1,2.3,2,,2022-11-20T07:26:51,2022-11-20T16:04:54,0.89,"Rain, Partially cloudy",Partly cloudy throughout the day with a chance of rain throughout the day.,rain,"03769099999,03680099999,D5621,03781099999,03672099999,03684099999,03772099999,03770099999"
london,2022-11-21,9.6,4.3,6.9,6.6,2,4.3,5,87.3,1.834,100,37.5,rain,0,0,49.6,36.3,188.4,993.8,63.7,14.8,7.7,0.6,0,,2022-11-21T07:28:30,2022-11-21T16:03:46,0.92,"Rain, Partially cloudy",Partly cloudy throughout the day with rain.,rain,"03769099999,03680099999,D5621,03781099999,03672099999,F6665,03772099999,03770099999"
london,2022-11-22,10.3,4.6,7,10.3,1.5,4.6,4.1,82.2,0,0,0,,0,0,24.6,20.6,247.1,988.7,43.4,21.6,26.1,2.2,3,,2022-11-22T07:30:08,2022-11-22T16:02:41,0.95,Partially cloudy,Partly cloudy throughout the day.,partly-cloudy-day,"03769099999,03680099999,D5621,03781099999,03672099999,03772099999,03770099999"
london,2022-11-23,12.1,4.6,8.9,12.1,3.1,7.9,5.9,82.1,1.816,100,25,rain,0,0,49.2,29.3,215.5,991.9,49.5,13.1,18.8,1.6,1,,2022-11-23T07:31:44,2022-11-23T16:01:38,0,"Rain, Partially cloudy",Partly cloudy throughout the day with rain.,rain,"03769099999,03680099999,D5621,03781099999,03672099999,F6665,03768099999,EGLC,03772099999,03770099999"
london,2022-11-24,13.3,6.8,9.8,13.3,4.7,8.5,6.6,80.9,1.228,100,25,rain,0,0,50.1,29.8,201.9,1002.4,52.3,13.3,24.4,2,1,,2022-11-24T07:33:20,2022-11-24T16:00:38,0.02,"Rain, Partially cloudy",Partly cloudy throughout the day with rain.,rain,"03769099999,03680099999,D5621,03768399999,03781099999,03672099999,03768099999,03761099999,EGLC,03772099999,03770099999"
london,2022-11-25,12.1,7.3,9.3,12.1,5.2,7.8,5.9,79.8,0,0,0,,0,0,27.8,19.1,234.6,1015,7.2,13.5,26.8,2.3,2,,2022-11-25T07:34:54,2022-11-25T15:59:41,0.05,Clear,Clear conditions throughout the day.,clear-day,"03769099999,03680099999,D5621,03781099999,03672099999,03684099999,03772099999,03770099999"
london,2022-11-26,12.6,7.1,10.3,12.6,5.4,9.8,8.1,86.3,0.001,100,4.17,rain,0,0,55.8,28.8,192.8,1022.4,74.9,12.1,23.4,1.9,1,,2022-11-26T07:36:27,2022-11-26T15:58:46,0.09,"Rain, Partially cloudy",Partly cloudy throughout the day with late afternoon rain.,rain,"03769099999,03680099999,D5621,03781099999,03672099999,03768099999,03761099999,EGLC,03658099999,03772099999,03770099999"
london,2022-11-27,13.1,10.6,11.7,13.1,10.6,11.7,10.6,93.3,5.215,100,75,rain,0,0,46.5,27.2,201.4,1012.1,86.4,9.9,12,0.9,1,,2022-11-27T07:37:58,2022-11-27T15:57:55,0.12,"Rain, Partially cloudy",Partly cloudy throughout the day with a chance of rain throughout the day.,rain,"03769099999,03680099999,D5621,03768399999,03781099999,03672099999,03768099999,F6665,03761099999,EGLC,03772099999,03770099999"
london,2022-11-28,12.1,6,8.4,12.1,5,8,7,91.5,0.2,100,12.5,rain,0,0,19.1,11.6,202.2,1009.3,48.4,9.9,24.2,2.1,2,,2022-11-28T07:39:28,2022-11-28T15:57:06,0.16,"Rain, Partially cloudy",Partly cloudy throughout the day with rain.,rain,"03769099999,03680099999,D5621,03768399999,03781099999,03672099999,03684099999,03768099999,03761099999,EGLC,03772099999,03770099999"
london,2022-11-29,8.1,6.6,7.1,7.6,4.7,6.4,5.9,91.8,0,0,0,,0,0,16.1,9.9,22.6,1019.8,99.2,5.1,7.5,0.5,0,,2022-11-29T07:40:57,2022-11-29T15:56:21,0.19,Overcast,Cloudy skies throughout the day.,cloudy,"03769099999,03680099999,D5621,03768399999,03781099999,03672099999,03768099999,03761099999,AR120,EGLC,03772099999,03770099999"
london,2022-11-30,9.6,7,8.1,9.1,5.6,7.7,6.1,87.5,0,0,0,,0,0,10.7,8.1,63.4,1025.2,78.8,5.6,18,1.7,1,,2022-11-30T07:42:23,2022-11-30T15:55:38,0.25,Partially cloudy,Partly cloudy throughout the day.,partly-cloudy-day,"03769099999,EGWU,03680099999,EGLL,D5621,03781099999,03672099999,EGLC,03772099999,03770099999"
london,2022-12-01,9.8,5.6,7.2,9.2,4.1,6.5,5,85.9,0,0,0,,0,0,15.1,9.6,352.5,1028.8,86.2,3.5,26.2,2.2,1,,2022-12-01T07:43:48,2022-12-01T15:54:59,0.27,Partially cloudy,Partly cloudy throughout the day.,partly-cloudy-day,"03769099999,EGWU,EGLL,03768399999,03672099999,03768099999,03781099999,03684099999,03772099999,03680099999,D5621,03761099999,EGLC,03770099999"
london,2022-12-02,7.6,4.6,6.2,5.3,2.6,3.9,4.1,86.7,0.198,100,4.17,rain,0,0,38.9,19,25.9,1025.4,87.6,7.8,18.6,1.6,1,,2022-12-02T07:45:11,2022-12-02T15:54:22,0.3,"Rain, Partially cloudy",Partly cloudy throughout the day with late afternoon rain.,rain,"03769099999,EGWU,03680099999,EGLL,D5621,03781099999,03672099999,EGLC,03772099999,03770099999"
london,2022-12-03,8,5.7,6.6,5.2,2.5,3.6,2.4,74.5,0.001,100,4.17,rain,0,0,33.5,20.5,46.3,1020.2,95.9,12.3,13.8,1.2,1,,2022-12-03T07:46:32,2022-12-03T15:53:49,0.34,"Rain, Overcast",Cloudy skies throughout the day with early morning rain.,rain,"03769099999,EGWU,03680099999,EGLL,D5621,03768399999,03781099999,03672099999,EGLC,03772099999,03770099999"
london,2022-12-04,6.1,4.6,5.5,3.7,1.5,2.7,2,78,0.001,100,4.17,rain,0,0,33,20.2,51.6,1016.8,98.5,10.3,4.4,0.4,0,,2022-12-04T07:47:51,2022-12-04T15:53:19,0.37,"Rain, Overcast",Cloudy skies throughout the day with morning rain.,rain,"03769099999,03680099999,D5621,03781099999,03672099999,03684099999,03772099999,03770099999"
london,2022-12-05,8.6,4.5,6.8,6.4,2,4.5,4,82.5,0.001,100,4.17,rain,0,0,24.6,14.5,28.3,1021.7,90.7,13.6,16,1.2,1,,2022-12-05T07:49:08,2022-12-05T15:52:53,0.41,"Rain, Overcast",Cloudy skies throughout the day with early morning rain.,rain,"03769099999,EGWU,03680099999,EGLL,D5621,03781099999,03672099999,03761099999,EGLC,03772099999,03770099999"
london,2022-12-06,7.3,4,5.5,5.2,1.9,3.5,2.5,81.2,0,0,0,,0,0,21.9,11.8,6,1023.6,57.7,18.5,23.9,2,2,,2022-12-06T07:50:23,2022-12-06T15:52:29,0.44,Partially cloudy,Partly cloudy throughout the day.,partly-cloudy-day,"03769099999,EGWU,EGLL,03768399999,03781099999,03672099999,03684099999,03772099999,03680099999,D5621,03761099999,EGLC,03770099999"
london,2022-12-07,5.6,0.1,3.5,3.1,-1.9,1.3,0.9,83.4,0,0,0,,0,0,17.5,11.8,321.1,1020.8,49.1,12.5,19,1.6,1,,2022-12-07T07:51:36,2022-12-07T15:52:09,0.48,Partially cloudy,Partly cloudy throughout the day.,partly-cloudy-day,"03769099999,EGWU,03680099999,EGLL,D5621,03768399999,03781099999,03672099999,03684099999,EGLC,03772099999,03770099999"
london,2022-12-08,4.1,-2.2,0.7,2.2,-4,-0.4,-2.1,82,0.001,100,4.17,rain,0,0,13.5,8.1,305.4,1011.5,3.9,11.4,21.6,1.9,2,,2022-12-08T07:52:46,2022-12-08T15:51:52,0.5,Rain,Clear conditions throughout the day with afternoon rain.,rain,"03769099999,EGWU,03680099999,EGLL,D5621,03781099999,03672099999,03684099999,EGLC,03772099999,03770099999"
london,2022-12-09,3.8,-1.5,1,2,-3.6,-0.7,-1.2,85.7,0,0,0,,0,0,15.6,8.5,308.9,1008.5,46.1,8.2,22.2,1.9,2,,2022-12-09T07:53:54,2022-12-09T15:51:39,0.54,Partially cloudy,Partly cloudy throughout the day.,partly-cloudy-day,"03769099999,EGWU,03680099999,EGLL,D5621,03768399999,03781099999,03672099999,EGLC,03772099999,03770099999"
london,2022-12-10,3.4,-2.7,-0.4,2,-4.3,-1.3,-1.5,92.1,0.199,100,4.17,rain,0,0.8,14.8,9.1,231.1,1009.7,5.4,12.9,21.2,1.9,2,,2022-12-10T07:54:59,2022-12-10T15:51:29,0.58,Rain,Clear conditions throughout the day with afternoon rain.,rain,"03769099999,EGWU,03680099999,EGLL,D5621,03768399999,03781099999,03672099999,EGLC,03772099999,03770099999"
london,2022-12-11,1.1,-2.5,-0.7,0.5,-3.6,-1.6,-1.2,96,0,0,0,,0,2.3,16.2,11.3,8.2,1007.6,77,3.6,9,0.7,1,,2022-12-11T07:56:02,2022-12-11T15:51:22,0.61,Partially cloudy,Partly cloudy throughout the day.,partly-cloudy-day,"03769099999,03680099999,D5621,03781099999,03672099999,03772099999,03770099999"
london,2022-12-12,1.1,-0.2,0.4,0.8,-3,-1.6,-0.7,92.8,1.391,100,20.83,"rain,snow",0,2.8,18.7,11.1,70.8,1008.5,90.4,7,2.6,0,0,,2022-12-12T07:57:02,2022-12-12T15:51:19,0.64,"Snow, Rain, Overcast",Cloudy skies throughout the day with rain or snow.,rain,"03769099999,EGWU,EGLL,03768399999,03781099999,03672099999,03772099999,03680099999,D5621,D4121,F6665,EGLC,03770099999"
london,2022-12-13,2.1,-1.2,0.5,1,-4.2,-2,-2.4,81.2,0.595,100,4.17,rain,0,1.6,18.4,10.6,70.6,1007.1,32.9,13.5,12,1.1,1,,2022-12-13T07:57:59,2022-12-13T15:51:19,0.67,"Rain, Partially cloudy",Partly cloudy throughout the day with afternoon rain.,rain,"03769099999,EGWU,EGLL,03768399999,03781099999,03672099999,03684099999,03772099999,03680099999,D5621,03761099999,EGLC,03770099999"
london,2022-12-14,1.5,-1.2,0,-1.4,-5,-3.2,-2.7,82.4,0,0,0,,0,1.2,23.7,13.9,13.3,1005.8,43.1,9.3,20,1.8,1,,2022-12-14T07:58:53,2022-12-14T15:51:22,0.71,Partially cloudy,Becoming cloudy in the afternoon.,partly-cloudy-day,"03769099999,EGWU,EGLL,03768399999,03781099999,03672099999,03684099999,03772099999,03680099999,D5621,D4121,EGLC,03770099999"
london,2022-12-15,2.6,-4.2,-0.6,1,-5.4,-2.1,-4.1,77.8,0,0,0,,0,0.7,23,8.5,336.1,1011.3,5.7,13.1,27.5,2.3,2,,2022-12-15T07:59:45,2022-12-15T15:51:29,0.74,Clear,Clear conditions throughout the day.,clear-day,"03769099999,EGWU,03680099999,EGLL,D5621,03781099999,03672099999,EGLC,03772099999,03770099999"
london,2022-12-16,2.6,-2.9,-0.9,2.6,-4.6,-1.3,-2.4,89.3,0,0,0,,0,1.7,22.3,6.9,285,1018.2,19.4,7.8,21.3,1.9,2,,2022-12-16T08:00:34,2022-12-16T15:51:40,0.75,Clear,Clear conditions throughout the day.,clear-day,"EGWU,03769099999,EGLL,03680099999,D5621,03781099999,03672099999,F6665,EGLC,03772099999,03770099999"
london,2022-12-17,5.6,-3.4,0.4,4,-5.4,-1.2,-1.5,87.1,0.198,100,4.17,rain,0,1.9,20.1,13.6,169.9,1022.1,26.6,17.1,21.1,1.9,2,,2022-12-17T08:01:19,2022-12-17T15:51:53,0.81,"Rain, Partially cloudy",Partly cloudy throughout the day with afternoon rain.,rain,"03769099999,03680099999,D5621,03781099999,03672099999,F6665,03772099999,03770099999"
london,2022-12-18,9.4,-0.9,3,6.5,-4.2,-0.4,1.9,92.6,5.419,100,50,rain,0,0.6,40.7,20.9,141.7,1015.9,73.2,6.9,6.2,0.5,0,,2022-12-18T08:02:02,2022-12-18T15:52:11,0.84,"Rain, Partially cloudy",Partly cloudy throughout the day with rain.,rain,"03769099999,03680099999,D5621,03781099999,03672099999,03772099999,03770099999"
london,2022-12-19,13.3,10.1,12.5,13.3,10.1,12.5,10.9,89.6,3.629,100,87.5,rain,0,0.2,56.2,31.9,204.4,1006.6,99.6,9.1,5.8,0.5,0,,2022-12-19T08:02:41,2022-12-19T15:52:31,0.87,"Rain, Overcast",Cloudy skies throughout the day with a chance of rain throughout the day.,rain,"03769099999,03680099999,D5621,03781099999,03672099999,03772099999,03770099999"
london,2022-12-20,13.3,5.6,10,13.3,3.7,9.4,7.7,85.6,0.811,100,37.5,rain,0,0,59.4,29.5,219.4,1007,47.7,13.6,18,1.6,1,,2022-12-20T08:03:18,2022-12-20T15:52:55,0.9,"Rain, Partially cloudy",Clearing in the afternoon with rain clearing later.,rain,"03769099999,03680099999,D5621,03781099999,03672099999,03772099999,03770099999"
london,2022-12-21,11.3,5.6,8.5,11.3,4,7.2,6.8,88.8,0.204,100,20.83,rain,0,0,30.3,16.1,212.7,1006,73.9,11.2,16.8,1.4,1,,2022-12-21T08:03:51,2022-12-21T15:53:22,0.94,"Rain, Partially cloudy",Partly cloudy throughout the day with a chance of rain throughout the day.,rain,"03769099999,03680099999,D5621,03781099999,03672099999,03772099999,03770099999"
london,2022-12-22,11.8,6.1,9.4,11.8,4.1,8.7,8.2,91.8,0.203,100,20.83,rain,0,0,28,17.3,234,1003.1,97,8.2,8.6,0.7,0,,2022-12-22T08:04:21,2022-12-22T15:53:53,0.97,"Rain, Overcast",Cloudy skies throughout the day with rain in the morning and afternoon.,rain,"03769099999,03680099999,D5621,03781099999,03672099999,F6665,03772099999,03770099999"
london,2022-12-23,13.3,8.6,10.1,13.3,6.3,9.2,8.2,88,15.991,100,37.5,rain,0,0,45.6,28,231.7,1002.4,77.2,14.6,11.1,1,1,,2022-12-23T08:04:48,2022-12-23T15:54:27,0,"Rain, Partially cloudy",Partly cloudy throughout the day with a chance of rain throughout the day.,rain,"03769099999,03680099999,D5621,03781099999,03672099999,F6665,03772099999,03770099999"
london,2022-12-24,11,6.6,9.2,11,4.7,8,7.6,89.2,0.204,100,12.5,rain,0,0,34.4,18.8,209,1009.4,52,11,17.5,1.5,1,,2022-12-24T08:05:11,2022-12-24T15:55:04,0.04,"Rain, Partially cloudy",Becoming cloudy in the afternoon with rain.,rain,"03769099999,03680099999,D5621,03781099999,03672099999,03772099999,03770099999"
london,2022-12-25,11.6,9.1,10.5,11.6,7,10.1,8.4,86.8,0.804,100,16.67,rain,0,0,33.9,18.3,199.7,1007.6,85.9,19.2,12.3,1,1,,2022-12-25T08:05:31,2022-12-25T15:55:44,0.07,"Rain, Partially cloudy",Partly cloudy throughout the day with late afternoon rain.,rain,"03769099999,03680099999,D5621,03781099999,03672099999,03772099999,03770099999"
london,2022-12-26,10.8,4.6,7.1,10.8,1.3,4.5,3.3,77,0.996,100,16.67,rain,0,0,37.1,27.5,248.6,1015.4,34.6,21.3,20.8,1.8,2,,2022-12-26T08:05:48,2022-12-26T15:56:28,0.11,"Rain, Partially cloudy",Clearing in the afternoon with rain clearing later.,rain,"03769099999,03680099999,D5621,03781099999,03672099999,03772099999,03770099999"
london,2022-12-27,10.6,2.8,7.1,10.6,0.6,5,5,86.1,2.802,100,33.33,rain,0,0,50.1,28.4,213,1019.1,60.3,16.3,20.7,1.7,1,,2022-12-27T08:06:01,2022-12-27T15:57:15,0.14,"Rain, Partially cloudy",Partly cloudy throughout the day with rain.,rain,"03769099999,03680099999,D5621,03781099999,03672099999,03772099999,03770099999"
london,2022-12-28,12,10,10.9,12,10,10.9,9.1,89,5.211,100,75,rain,0,0,59.4,35.2,216.7,1001.7,97.3,7.9,7.4,0.6,0,,2022-12-28T08:06:11,2022-12-28T15:58:04,0.17,"Rain, Overcast",Cloudy skies throughout the day with a chance of rain throughout the day.,rain,"03769099999,03680099999,D5621,03781099999,03672099999,03772099999,03770099999"
london,2022-12-29,10.3,6.1,8.8,10.3,3.5,6.3,4.5,74.2,0.004,100,12.5,rain,0,0,55.5,33.6,235.8,1000.7,52.6,17.6,17.5,1.7,1,,2022-12-29T08:06:18,2022-12-29T15:58:57,0.21,"Rain, Partially cloudy",Partly cloudy throughout the day with early morning rain.,rain,"03769099999,03680099999,D5621,03781099999,03672099999,03684099999,03772099999,03770099999"
london,2022-12-30,13.6,6,10.3,13.6,3.8,8.8,7.8,84.5,2.417,100,37.5,rain,0,0,57.6,32.5,206,996.9,78.7,14,10.3,0.7,1,,2022-12-30T08:06:21,2022-12-30T15:59:52,0.25,"Rain, Partially cloudy",Partly cloudy throughout the day with rain.,rain,"03769099999,03680099999,D5621,03781099999,03672099999,F6665,03772099999,03770099999"
london,2022-12-31,14.3,10.8,12.8,14.3,10.8,12.8,10.4,85.1,3.24,100,70.83,rain,0,0,65.8,34.6,218.3,999.3,95.5,11.1,5.8,0.3,0,,2022-12-31T08:06:21,2022-12-31T16:00:51,0.28,"Rain, Overcast",Cloudy skies throughout the day with a chance of rain throughout the day.,rain,"03769099999,03680099999,D5621,03781099999,03672099999,03772099999,03770099999"
london,2023-01-01,12.3,7.6,10.8,12.3,6.4,10.6,7.3,78.7,1.445,100,50,rain,0,0,43.5,28.9,224.3,1008,81,14.9,17.9,1.5,1,,2023-01-01T08:06:18,2023-01-01T16:01:52,0.31,"Rain, Partially cloudy",Partly cloudy throughout the day with a chance of rain throughout the day.,rain,"03769099999,03680099999,D5621,03672099999,03781099999,AR120,03772099999,03770099999"
london,2023-01-02,9.1,2.8,6.4,6.9,1.3,4.8,4.3,86.5,0.597,100,8.33,rain,0,0,21.5,15.4,247.6,1016.8,40.4,25.1,24.3,2,2,,2023-01-02T08:06:11,2023-01-02T16:02:56,0.35,"Rain, Partially cloudy",Partly cloudy throughout the day with rain clearing later.,rain,"D5621,03672099999,03781099999,03772099999,03770099999"
london,2023-01-03,12.8,4.1,9,12.8,3.2,8.3,7.5,90.3,2.002,100,33.33,rain,0,0,50.5,32,201.2,1018.7,90.4,11.5,8.1,0.6,0,,2023-01-03T08:06:01,2023-01-03T16:04:03,0.38,"Rain, Overcast",Cloudy skies throughout the day with a chance of rain throughout the day.,rain,"D5621,03672099999,03781099999,F6665,03772099999,03770099999"
london,2023-01-04,14,10.8,12.7,14,10.8,12.7,9.3,80.1,0.4,100,8.33,rain,0,0,54.4,38.4,245.3,1014.6,78.8,17.5,14.7,1.4,1,,2023-01-04T08:05:48,2023-01-04T16:05:12,0.42,"Rain, Partially cloudy",Partly cloudy throughout the day with morning rain.,rain,"D5621,03672099999,03781099999,03772099999,03770099999"
london,2023-01-05,13.6,9.8,11.7,13.6,7.7,11.5,8.5,80.5,0,0,0,,0,0,45.3,27,230.1,1018.6,92,19.3,17.3,1.5,1,,2023-01-05T08:05:31,2023-01-05T16:06:24,0.45,Overcast,Cloudy skies throughout the day.,cloudy,"D5621,03672099999,03781099999,03772099999,03770099999"
london,2023-01-06,12.6,6.6,10.2,12.6,3.6,9.4,7.8,84.4,3.197,100,25,rain,0,0,45.7,31.5,216.3,1013.8,59.9,26.8,28.5,2.4,2,,2023-01-06T08:05:11,2023-01-06T16:07:38,0.5,"Rain, Partially cloudy",Becoming cloudy in the afternoon with rain.,rain,"D5621,03672099999,03781099999,03772099999,03770099999"
london,2023-01-07,12.8,7.6,10.7,12.8,4.4,9.9,7.6,80.8,3.204,100,41.67,rain,0,0,57.6,37,199.9,1000.7,80.6,20.5,5.4,0.6,0,,2023-01-07T08:04:47,2023-01-07T16:08:55,0.52,"Rain, Partially cloudy",Partly cloudy throughout the day with rain.,rain,"D5621,03672099999,03781099999,03772099999,03770099999"
london,2023-01-08,10.1,5.6,7.6,10.1,2.6,4.5,5.3,85.6,7.822,100,62.5,rain,0,0,45.6,26.5,207.9,992.9,77,18.2,18.8,1.5,1,,2023-01-08T08:04:21,2023-01-08T16:10:14,0.55,"Rain, Partially cloudy",Partly cloudy throughout the day with a chance of rain throughout the day.,rain,"D5621,03672099999,03781099999,03772099999,03770099999"
london,2023-01-09,9.3,5.1,6.9,6.3,1.7,3.6,3.3,78.9,0.001,100,4.17,rain,0,0,40.9,29.1,263.8,1001.2,46.2,26.4,26.8,2.3,2,,2023-01-09T08:03:51,2023-01-09T16:11:35,0.59,"Rain, Partially cloudy",Partly cloudy throughout the day with early morning rain.,rain,"D5621,03672099999,03781099999,03772099999,03770099999"
london,2023-01-10,13.1,4.8,9.3,13.1,1.6,7.7,7.2,87,7.198,100,50,rain,0,0,53.4,32.1,213.2,1008.3,81.6,12.1,8.3,0.8,1,,2023-01-10T08:03:18,2023-01-10T16:12:58,0.62,"Rain, Partially cloudy",Partly cloudy throughout the day with rain.,rain,"D5621,03672099999,03781099999,03772099999,03770099999"
london,2023-01-11,10.6,7.6,9.2,10.6,4.2,7,5.7,78.6,1.417,100,29.17,rain,0,0,48.6,31.5,244.2,1008.5,48.9,22,25.9,2.4,2,,2023-01-11T08:02:42,2023-01-11T16:14:23,0.65,"Rain, Partially cloudy",Becoming cloudy in the afternoon with a chance of rain throughout the day.,rain,"D5621,03672099999,03781099999,F6665,03772099999,03770099999"
london,2023-01-12,12.8,8.6,11.2,12.8,4.6,10.4,8,81.3,6.601,100,58.33,rain,0,0,58.6,39.4,240.7,1003.2,87.1,16.5,10.3,0.8,1,,2023-01-12T08:02:02,2023-01-12T16:15:50,0.69,"Rain, Partially cloudy",Partly cloudy throughout the day with a chance of rain throughout the day.,rain,"D5621,03672099999,03781099999,03772099999,03770099999"
london,2023-01-13,10.6,7,8.6,10.6,3.3,5.7,3.3,69.5,0,0,0,,0,0,58.6,42.9,255.4,1008.7,36.6,22.8,28.8,2.6,2,,2023-01-13T08:01:20,2023-01-13T16:17:19,0.72,Partially cloudy,Partly cloudy throughout the day.,partly-cloudy-day,"D5621,03672099999,03781099999,F6665,03772099999,03770099999"
london,2023-01-14,12.8,6.6,9.4,12.8,2.8,7.1,6.3,81.4,9.612,100,54.17,rain,0,0,57.8,36.4,232.5,1000.6,80.1,20,11,0.9,1,,2023-01-14T08:00:35,2023-01-14T16:18:50,0.75,"Rain, Partially cloudy",Partly cloudy throughout the day with a chance of rain throughout the day.,rain,"D5621,03672099999,03781099999,03772099999,03770099999"
london,2023-01-15,8.1,4,5.7,4.4,-0.3,1.9,1.5,74.5,0.199,100,4.17,rain,0,0,48,29.9,240.5,998.3,35.9,31.2,26.4,2.3,2,,2023-01-15T07:59:47,2023-01-15T16:20:22,0.75,"Rain, Partially cloudy",Partly cloudy throughout the day with afternoon rain.,rain,"D5621,03672099999,03781099999,D4121,03772099999,03770099999"
london,2023-01-16,5.5,-1.5,3.6,2.4,-3.6,0.3,0.7,81.7,11.193,100,41.67,rain,0.5,0.4,41.7,24.5,335.9,986.1,71.7,22.4,15.1,1.3,1,,2023-01-16T07:58:55,2023-01-16T16:21:56,0.82,"Rain, Partially cloudy",Partly cloudy throughout the day with a chance of rain or snow throughout the day.,snow,"D5621,03672099999,03781099999,03772099999,03770099999"
london,2023-01-17,2.1,-3.2,-0.9,2.1,-4.8,-1.9,-2.8,86.9,0,0,0,,0,0.8,11.8,10.6,294.6,989.8,18.3,23,22.2,1.9,2,,2023-01-17T07:58:01,2023-01-17T16:23:31,0.85,Clear,Clear conditions throughout the day.,clear-day,"D5621,03672099999,03781099999,03772099999,03770099999"
london,2023-01-18,5.1,-1.5,1.2,1.9,-4.7,-2.1,-1.4,83.2,0,0,0,,0,0.8,28.7,18.4,270.8,998.2,16.8,29.5,30.7,2.5,2,,2023-01-18T07:57:04,2023-01-18T16:25:08,0.89,Clear,Clear conditions throughout the day.,clear-day,"D5621,03672099999,03781099999,F6665,D4121,03772099999,03770099999"
london,2023-01-19,5.3,-1.7,1.3,2.7,-4.1,-1,-1.2,84,0,0,0,,0,0.7,19.3,12.7,279.9,1008.1,19.8,26.7,26.6,2.1,2,,2023-01-19T07:56:05,2023-01-19T16:26:46,0.92,Clear,Clear conditions throughout the day.,clear-day,"D5621,03672099999,03781099999,03772099999,03770099999"
london,2023-01-20,6.5,-0.8,3.2,3.7,-5,0.1,-0.3,78.2,0,0,0,,0,0.2,27.7,17.8,301.9,1019,37.3,30,29.9,2.6,2,,2023-01-20T07:55:02,2023-01-20T16:28:26,0.95,Partially cloudy,Becoming cloudy in the afternoon.,partly-cloudy-day,"03680099999,D5621,03672099999,03781099999,F4685,03772099999,03770099999"
london,2023-01-21,6.1,-0.9,2.8,4.6,-0.9,1.8,-0.3,80.3,0,0,0,,0,0.6,16.6,10.1,42.3,1032.3,15.7,13.3,29.9,2.7,2,,2023-01-21T07:53:57,2023-01-21T16:30:06,0,Clear,Clear conditions throughout the day.,clear-day,"EGWU,EGLL,D5621,03672099999,03781099999,EGLC,03772099999,03770099999"
london,2023-01-22,5.1,-2.9,0.2,5,-3.7,0,-1.5,89.2,0,0,0,,0,0.9,9.2,7.4,340.8,1035.7,21.2,6,31.8,2.6,2,,2023-01-22T07:52:50,2023-01-22T16:31:48,0.02,Partially cloudy,Partly cloudy throughout the day.,partly-cloudy-day,"D5621,03672099999,03781099999,03772099999,03770099999"
london,2023-01-23,4.6,-3.9,0.9,4.6,-4.8,0.2,-1.5,84.9,0.001,100,4.17,rain,0,0.7,11.2,8.3,32.9,1037.8,50.2,13.1,29.2,2.5,2,,2023-01-23T07:51:39,2023-01-23T16:33:31,0.05,"Rain, Partially cloudy",Becoming cloudy in the afternoon with afternoon rain.,rain,"D5621,03672099999,03781099999,D4121,03772099999,03770099999"
london,2023-01-24,5,-1.4,3.9,4.6,-1.4,2.4,0.4,78.3,0,0,0,,0,0.1,21.5,12.8,40,1038.9,72.7,16.6,22.1,1.9,1,,2023-01-24T07:50:27,2023-01-24T16:35:14,0.09,Partially cloudy,Partly cloudy throughout the day.,partly-cloudy-day,"D5621,03672099999,03781099999,F6665,03768099999,03684099999,03772099999,03770099999"
london,2023-01-25,6.6,-1.2,2,3.7,-2.7,0.3,1.3,95,2.003,100,25,rain,0,0.1,23.1,15.5,277,1033.1,92.7,4.5,16,1.3,1,,2023-01-25T07:49:11,2023-01-25T16:36:59,0.12,"Rain, Overcast",Cloudy skies throughout the day with rain.,rain,"D5621,03672099999,03781099999,03772099999,03770099999"
london,2023-01-26,7.8,3.8,5.8,5.1,0.2,2.6,3.3,84,1.199,100,20.83,rain,0,0,32.7,18.8,10.7,1030.2,80.1,21.1,24.5,2.2,1,,2023-01-26T07:47:54,2023-01-26T16:38:44,0.16,"Rain, Partially cloudy",Partly cloudy throughout the day with rain.,rain,"03680099999,D5621,03672099999,03781099999,03772099999,03770099999"
london,2023-01-27,7.5,3.8,5.6,5.1,1.5,3.2,1.9,77.2,0,0,0,,0,0,27.5,16.2,20.8,1030.6,79.8,24.4,26.8,2.4,1,,2023-01-27T07:46:34,2023-01-27T16:40:30,0.19,Partially cloudy,Partly cloudy throughout the day.,partly-cloudy-day,"D5621,03672099999,03781099999,F6665,03772099999,03770099999"
london,2023-01-28,6.6,4.3,5.4,5.8,2.6,4.3,0,67.9,0,0,0,,0,0,15.3,9.9,309.5,1031.9,99.8,23.9,25.5,2.2,1,,2023-01-28T07:45:12,2023-01-28T16:42:17,0.25,Overcast,Cloudy skies throughout the day.,cloudy,"D5621,03672099999,03781099999,03768099999,EGLC,03772099999,03770099999"
london,2023-01-29,8.6,4.8,6.4,6,2.5,3.9,4.2,85.5,0,0,0,,0,0,37.4,22.5,242.4,1026.6,82.7,19.1,20.5,1.7,1,,2023-01-29T07:43:47,2023-01-29T16:44:04,0.26,Partially cloudy,Partly cloudy throughout the day.,partly-cloudy-day,"D5621,03672099999,03781099999,03768099999,EGLC,03772099999,03770099999"
london,2023-01-30,9.6,3.3,7,7.4,1,4.4,2.8,76,0,0,0,,0,0,30.9,20.1,283.1,1025,37.5,25.5,38.2,3.4,3,,2023-01-30T07:42:21,2023-01-30T16:45:52,0.29,Partially cloudy,Partly cloudy throughout the day.,partly-cloudy-day,"D5621,03672099999,03781099999,03768099999,EGLC,03772099999,03770099999"
london,2023-01-31,11.8,3.7,7.8,11.8,0.9,5.4,3.3,73.7,0,0,0,,0,0,39.7,24.3,262.7,1025,78.8,23.2,30,2.5,2,,2023-01-31T07:40:52,2023-01-31T16:47:40,0.32,Partially cloudy,Partly cloudy throughout the day.,partly-cloudy-day,"EGWU,EGLL,D5621,03672099999,03781099999,03761099999,EGLC,03658099999,03772099999,03770099999"
london,2023-02-01,10.6,4.9,7.6,10.6,1.2,4.8,3.1,73.4,0,0,0,,0,0,45.4,30.8,258.9,1024.9,57.4,18.6,48,4.1,3,,2023-02-01T07:39:21,2023-02-01T16:49:29,0.36,Partially cloudy,Partly cloudy throughout the day.,partly-cloudy-day,"EGWU,03680099999,EGLL,D5621,03672099999,03781099999,03761099999,EGLC,03658099999,03772099999,03770099999"
london,2023-02-02,10.7,6.3,8.8,10.7,3.1,6.7,5.5,80,0,0,0,,0,0,43.9,27.4,256,1027.1,83.8,29,37,3.2,3,,2023-02-02T07:37:48,2023-02-02T16:51:18,0.39,Partially cloudy,Partly cloudy throughout the day.,partly-cloudy-day,"EGWU,03680099999,EGLL,D5621,03672099999,03781099999,03761099999,EGLC,03658099999,03772099999"
london,2023-02-03,12.2,6.8,9.8,12.2,5.5,8.2,6.8,81.7,0,0,0,,0,0,34.3,23.3,268,1031.3,68.6,31.1,39.6,3.5,2,,2023-02-03T07:36:14,2023-02-03T16:53:07,0.42,Partially cloudy,Partly cloudy throughout the day.,partly-cloudy-day,"EGWU,03769099999,03680099999,EGLL,D5621,03672099999,03781099999,EGLC,03772099999"
london,2023-02-04,8.9,6.5,8.1,7,5.3,6.2,5.5,83.8,0,0,0,,0,0,20.5,15.2,266.5,1038,99.2,23.6,15.8,1.5,1,,2023-02-04T07:34:37,2023-02-04T16:54:57,0.46,Overcast,Cloudy skies throughout the day.,cloudy,"03769099999,EGWU,03680099999,EGLL,D5621,03672099999,03781099999,EGLC,03772099999"
london,2023-02-05,8,0.3,5,5.8,-0.8,3,1.3,77.5,0,0,0,,0,0,32.5,16.7,0.9,1044.5,21.7,22.7,51,4.5,3,,2023-02-05T07:32:58,2023-02-05T16:56:46,0.5,Partially cloudy,Partly cloudy throughout the day.,partly-cloudy-day,"EGWU,03680099999,EGLL,D5621,03672099999,03781099999,EGLC,03772099999"
london,2023-02-06,10.2,0.3,4.1,10.2,0.1,3.7,-0.3,76,0,0,0,,0,0,14,9.4,248.7,1042,24.7,17.9,52.1,4.3,3,,2023-02-06T07:31:18,2023-02-06T16:58:36,0.53,Partially cloudy,Partly cloudy throughout the day.,partly-cloudy-day,"EGWU,03769099999,03680099999,EGLL,D5621,03672099999,03781099999,EGLC,03772099999"
london,2023-02-07,7.8,-2.1,1.9,7.8,-3.8,1.8,-0.3,85.9,0.077,100,8.33,"rain,snow",0,0,11.2,5.4,86.6,1038.9,19.2,9.6,34.5,3,3,,2023-02-07T07:29:36,2023-02-07T17:00:26,0.56,"Snow, Rain",Clear conditions throughout the day with morning rain or snow.,rain,"03680099999,D5621,03672099999,03781099999,03772099999"
london,2023-02-08,7.5,-3.9,1.3,4.9,-3.9,0.1,-1.9,81.1,0.022,100,4.17,rain,0,0.4,22.9,14.6,202.4,1034.6,7.6,11.2,43.1,3.7,4,,2023-02-08T07:27:52,2023-02-08T17:02:16,0.59,Rain,Clear conditions throughout the day with morning rain.,rain,"03769099999,03680099999,D5621,03672099999,03781099999,03768099999,EGLC,03772099999"
london,2023-02-09,8.9,-0.2,3.6,7.4,-2.6,2.6,0.8,83,0.11,100,8.33,"rain,snow",0,0,16,10.2,275.7,1032.8,51.9,13.4,41.9,3.6,3,,2023-02-09T07:26:07,2023-02-09T17:04:07,0.63,"Snow, Rain, Partially cloudy",Partly cloudy throughout the day with morning rain or snow.,rain,"03680099999,D5621,03672099999,03781099999,03772099999"
london,2023-02-10,8.3,-1.8,3.9,5.6,-3.3,2.1,1,82.1,0.022,100,4.17,rain,0,0,30.7,21.6,248.8,1036.5,35.4,20.3,57.5,4.9,3,,2023-02-10T07:24:20,2023-02-10T17:05:57,0.66,"Rain, Partially cloudy",Becoming cloudy in the afternoon with morning rain.,rain,"03680099999,D5621,03672099999,03781099999,03772099999"
london,2023-02-11,9.6,7.4,8.3,9,5.5,7,5.3,81.8,0,0,0,,0,0,21.3,12.8,270.5,1036.6,99.8,24.4,18.8,1.5,1,,2023-02-11T07:22:31,2023-02-11T17:07:47,0.7,Overcast,Cloudy skies throughout the day.,cloudy,"03680099999,D5621,03672099999,03781099999,03772099999"
london,2023-02-12,7.9,6.8,7.5,7.7,4.8,6.4,4.5,81.6,0.055,100,4.17,rain,0,0,17.9,10.6,144.8,1037.3,100,17.2,18.9,1.5,1,,2023-02-12T07:20:41,2023-02-12T17:09:37,0.73,"Rain, Overcast",Cloudy skies throughout the day with morning rain.,rain,"03680099999,D5621,03672099999,03781099999,03772099999"
london,2023-02-13,12,3.2,7.1,12,2,5.7,3.6,78.9,0,0,0,,0,0,19.6,11.3,141.5,1034,27.4,10.7,57.6,5,3,,2023-02-13T07:18:49,2023-02-13T17:11:27,0.75,Partially cloudy,Partly cloudy throughout the day.,partly-cloudy-day,"03680099999,D5621,03768399999,03672099999,03781099999,03768099999,EGLC,03772099999"
london,2023-02-14,11.7,0.5,4.7,11.7,-0.5,4.4,2.8,88.2,0.2,100,12.5,"rain,snow",0,0,11.6,6.6,179.1,1030.6,21.6,6.4,54.7,4.7,3,,2023-02-14T07:16:56,2023-02-14T17:13:17,0.8,"Snow, Rain, Partially cloudy",Partly cloudy throughout the day with a chance of rain or snow throughout the day.,rain,"03680099999,D5621,03672099999,03781099999,03772099999"
london,2023-02-15,14.5,1.4,7.4,14.5,-0.1,6.2,3.9,80.1,0.022,100,4.17,rain,0,0,32.1,21.6,215.2,1023.4,41,12.3,51.1,4.5,3,,2023-02-15T07:15:02,2023-02-15T17:15:07,0.83,"Rain, Partially cloudy",Partly cloudy throughout the day with morning rain.,rain,"03680099999,D5621,03672099999,03781099999,03772099999"
london,2023-02-16,12.3,7.5,9.6,12.3,4.9,8.4,8,90,0.474,100,16.67,rain,0,0,35.3,22.2,227.3,1020.1,87.6,19.8,21.4,2,1,,2023-02-16T07:13:06,2023-02-16T17:16:56,0.87,"Rain, Partially cloudy",Partly cloudy throughout the day with a chance of rain throughout the day.,rain,"03680099999,D5621,03672099999,03781099999,03772099999"
london,2023-02-17,14.6,10.4,12.3,14.6,10.4,12.3,9.6,83.7,0,0,0,,0,0,51.5,33.5,248.4,1021.5,98.4,32.4,33.1,3.1,1,,2023-02-17T07:11:10,2023-02-17T17:18:45,0.9,Overcast,Cloudy skies throughout the day.,cloudy,"03680099999,D5621,03672099999,03781099999,03772099999,03770099999"
london,2023-02-18,13.3,10.3,11.9,13.3,10.3,11.9,8.4,79,0.002,100,8.33,rain,0,0,46.2,31.3,255.9,1021.4,94.2,31.8,21.3,2,1,,2023-02-18T07:09:12,2023-02-18T17:20:35,0.94,"Rain, Overcast",Cloudy skies throughout the day with rain.,rain,"D5621,03672099999,03781099999,03772099999,03770099999"
london,2023-02-19,13.5,7.5,10,13.5,4.3,8.6,5,71.6,0,0,0,,0,0,30.1,20.4,266.4,1026.3,27.3,29.2,57.7,5,3,,2023-02-19T07:07:12,2023-02-19T17:22:24,0.97,Partially cloudy,Partly cloudy throughout the day.,partly-cloudy-day,"D5621,03672099999,03781099999,D4121,03772099999,03770099999"
london,2023-02-20,12.8,6.8,9.4,12.8,3.8,7.6,6.6,83,0,0,0,,0,0,37.7,25.9,245.4,1024.1,90.9,28.6,38.9,3.4,2,,2023-02-20T07:05:12,2023-02-20T17:24:12,0,Overcast,Cloudy skies throughout the day.,cloudy,"03680099999,D5621,03672099999,03781099999,03772099999,03770099999"
london,2023-02-21,10,6.7,8.6,10,4.9,7.2,6.3,85.6,0,0,0,,0,0,22.9,15.6,232.6,1017.8,89.3,15.4,32.4,2.8,1,,2023-02-21T07:03:10,2023-02-21T17:26:01,0.04,Partially cloudy,Partly cloudy throughout the day.,partly-cloudy-day,"03680099999,D5621,03768399999,03672099999,03781099999,03684099999,03768099999,EGLC,03772099999,03770099999"
london,2023-02-22,9.6,6.5,7.8,9.3,4.9,6.5,5.3,84.8,3.792,100,41.67,rain,0,0,18.4,13.1,272.5,1011.8,89.7,10.9,21.8,1.8,1,,2023-02-22T07:01:08,2023-02-22T17:27:49,0.07,"Rain, Partially cloudy",Partly cloudy throughout the day with a chance of rain throughout the day.,rain,"03769099999,03680099999,D5621,03781099999,03672099999,EGLC,03772099999,03770099999"
london,2023-02-23,8.6,3.8,6.9,6,3.3,4.3,3.3,77.7,0.001,100,4.17,rain,0,0,41.7,23.1,27.2,1018.1,84.2,21.2,27.4,2.5,1,,2023-02-23T06:59:04,2023-02-23T17:29:37,0.11,"Rain, Partially cloudy",Partly cloudy throughout the day with morning rain.,rain,"03680099999,D5621,03672099999,03781099999,03772099999,03770099999"
london,2023-02-24,11.1,1.6,5.4,11.1,-0.9,3.5,1.5,76.4,0,0,0,,0,0,36.1,20.7,354.9,1014,65.4,20.3,42.8,3.5,2,,2023-02-24T06:57:00,2023-02-24T17:31:25,0.14,Partially cloudy,Partly cloudy throughout the day.,partly-cloudy-day,"03680099999,D5621,03672099999,03781099999,D4121,03772099999,03770099999"
london,2023-02-25,8.1,4.1,5.6,5.3,0.7,2.4,0.4,70,0,0,0,,0,0,38.5,24.9,22.2,1017.4,62.8,24.3,59.5,5.1,4,,2023-02-25T06:54:54,2023-02-25T17:33:12,0.17,Partially cloudy,Partly cloudy throughout the day.,partly-cloudy-day,"03680099999,D5621,03672099999,03781099999,03772099999,03770099999"
london,2023-02-26,7.3,2.6,4.8,4.3,-0.7,1.9,-1.8,63.7,0,0,0,,0,0,37.3,20.9,40.7,1027,32,29.8,62.2,5.3,4,,2023-02-26T06:52:48,2023-02-26T17:34:59,0.2,Partially cloudy,Partly cloudy throughout the day.,partly-cloudy-day,"03680099999,D5621,03672099999,03781099999,03772099999,03770099999"
london,2023-02-27,8.3,1.6,4.9,5.6,-1.2,2.2,-0.6,68.2,0,0,0,,0,0,33.3,19.3,43.1,1031.6,53.4,33,59,5.1,3,,2023-02-27T06:50:41,2023-02-27T17:36:46,0.25,Partially cloudy,Partly cloudy throughout the day.,partly-cloudy-day,"03680099999,D5621,03672099999,03781099999,03772099999,03770099999"
london,2023-02-28,7.6,2.8,5.4,4.5,-0.3,2.5,2,79,0,0,0,,0,0,36.7,21.4,34.3,1032.5,73.3,26.4,24.3,2.1,1,,2023-02-28T06:48:33,2023-02-28T17:38:33,0.27,Partially cloudy,Partly cloudy throughout the day.,partly-cloudy-day,"03680099999,D5621,03672099999,03781099999,03772099999,03770099999"
london,2023-03-01,8.1,4.6,6.2,5.8,2.3,3.8,2.2,75.3,0,0,0,,0,0,27.7,16.7,42.3,1029,96.5,31.4,36.7,3.2,2,,2023-03-01T06:46:24,2023-03-01T17:40:19,0.3,Overcast,Cloudy skies throughout the day.,cloudy,"03680099999,D5621,03672099999,03781099999,F6665,03772099999,03770099999"
london,2023-03-02,9.3,2.6,5.5,6.7,0,2.8,0.1,69.1,0,0,0,,0,0,33.3,20,39.6,1025.9,47,19.6,68.8,5.8,4,,2023-03-02T06:44:14,2023-03-02T17:42:05,0.33,Partially cloudy,Partly cloudy throughout the day.,partly-cloudy-day,"EGWU,03680099999,EGLL,D5621,03672099999,03781099999,EGLC,03772099999,03770099999"
london,2023-03-03,7,4,5.8,5.3,2.4,3.7,0.2,67.7,0,0,0,,0,0,28.4,16.7,32.6,1028.9,99.9,26.3,32.8,2.9,1,,2023-03-03T06:42:04,2023-03-03T17:43:51,0.37,Overcast,Cloudy skies throughout the day.,cloudy,"EGWU,03769099999,EGLL,03680099999,D5621,03768399999,03672099999,03781099999,03684099999,EGLC,03772099999,03770099999"
london,2023-03-04,7.1,5.1,6.2,5.6,2.5,4,0.6,67.7,0,0,0,,0,0,24.1,15,14.9,1029.3,100,26.2,36.5,3.2,2,,2023-03-04T06:39:53,2023-03-04T17:45:36,0.4,Overcast,Cloudy skies throughout the day.,cloudy,"03680099999,D5621,03672099999,03781099999,03772099999,03770099999"
london,2023-03-05,5.3,3.6,4.5,4.1,0.2,2.2,-1.5,64.8,0,0,0,,0,0,23.3,14.5,292.9,1019.1,97.3,21.4,34.8,3,1,,2023-03-05T06:37:42,2023-03-05T17:47:22,0.43,Overcast,Cloudy skies throughout the day.,cloudy,"03680099999,D5621,03672099999,03781099999,03772099999,03770099999"
london,2023-03-06,9.6,1.1,5.4,7.1,-0.9,2.9,2.6,82.5,2,100,37.5,rain,0,0,31.7,23.4,257.3,1005.9,85.2,19.6,39.6,3.4,2,,2023-03-06T06:35:30,2023-03-06T17:49:06,0.47,"Rain, Partially cloudy",Partly cloudy throughout the day with rain.,rain,"03680099999,D5621,03672099999,03781099999,03772099999,03770099999"
london,2023-03-07,5.8,1.1,3.5,4,0.2,1.9,1,83.7,4.008,100,41.67,"rain,snow",0,0,27.3,17.6,289.9,1000.2,78.7,17.9,36.8,3.2,2,,2023-03-07T06:33:17,2023-03-07T17:50:51,0.5,"Snow, Rain, Partially cloudy",Partly cloudy throughout the day with a chance of rain or snow throughout the day.,rain,"03769099999,03680099999,D5621,03672099999,03781099999,03772099999,03770099999"
london,2023-03-08,3.3,0.8,2.4,0.4,-2.8,-1.2,1.2,92.2,12.384,100,83.33,"rain,snow",1.7,1.6,33.7,20,79,991.6,95.2,6.4,21.5,1.7,1,,2023-03-08T06:31:04,2023-03-08T17:52:35,0.53,"Snow, Rain, Overcast",Cloudy skies throughout the day with a chance of rain or snow throughout the day.,snow,"03769099999,03680099999,D5621,03672099999,03781099999,03684099999,03768099999,F6665,EGLC,03772099999,03770099999"
london,2023-03-09,10.8,2.6,6.4,10.8,-0.1,4.4,5.6,94.5,4.421,100,66.67,rain,0,0,26.5,17,139.5,990.9,99.6,8.2,22.8,1.9,1,,2023-03-09T06:28:50,2023-03-09T17:54:19,0.57,"Rain, Overcast",Cloudy skies throughout the day with a chance of rain throughout the day.,rain,"03680099999,D5621,03672099999,03781099999,03772099999,03770099999"
london,2023-03-10,9.5,3,5.6,9.1,-2.7,3,1.8,77.5,2.604,100,37.5,rain,0,0,55.4,31.9,343,996.9,81.1,23.3,45,3.9,2,,2023-03-10T06:26:36,2023-03-10T17:56:03,0.6,"Rain, Partially cloudy",Partly cloudy throughout the day with rain clearing later.,rain,"03680099999,D5621,03672099999,03781099999,03772099999,03770099999"
london,2023-03-11,8.6,-0.4,4.2,6.2,-1.3,2.4,-0.7,72.4,1.597,100,20.83,rain,0,0,28.5,17.1,146,1009.4,67.8,23,90.5,7.9,4,,2023-03-11T06:24:22,2023-03-11T17:57:47,0.64,"Rain, Partially cloudy",Partly cloudy throughout the day with late afternoon rain.,rain,"03769099999,03680099999,D5621,03672099999,03781099999,03772099999,03770099999"
london,2023-03-12,13.3,6,10.1,13.3,3.9,9,7.7,85.7,1,100,25,rain,0,0,44.1,29.4,226.8,1005.6,86.4,13.1,73.3,6.5,3,,2023-03-12T06:22:07,2023-03-12T17:59:30,0.68,"Rain, Partially cloudy",Partly cloudy throughout the day with rain.,rain,"03680099999,D5621,03672099999,03781099999,03772099999,03770099999"
london,2023-03-13,13.8,10.1,12.5,13.8,10.1,12.5,8.3,76.1,0.602,100,25,rain,0,0,69.8,45.6,227.3,990.5,98.4,13.6,57,4.9,3,,2023-03-13T06:19:52,2023-03-13T18:01:13,0.71,"Rain, Overcast",Cloudy skies throughout the day with rain.,rain,"03680099999,D5621,03672099999,03781099999,03772099999,03770099999"
london,2023-03-14,10.8,4.1,7.1,10.8,0.3,4.1,1.2,67.9,2.014,100,41.67,rain,0,0,45.3,29.5,291.6,1003,70,28.6,71.2,6.2,4,,2023-03-14T06:17:36,2023-03-14T18:02:56,0.75,"Rain, Partially cloudy",Partly cloudy throughout the day with rain.,rain,"03680099999,D5621,03672099999,03781099999,03772099999,03770099999"
london,2023-03-15,8.6,1,5.5,5.8,0.1,3.5,2.3,80.6,2.204,100,33.33,rain,0,0,33.3,20.8,193.5,1015.6,45.7,20.8,81,7,4,,2023-03-15T06:15:20,2023-03-15T18:04:39,0.75,"Rain, Partially cloudy",Becoming cloudy in the afternoon with rain.,rain,"03680099999,D5621,03672099999,03781099999,F6665,03772099999,03770099999"
london,2023-03-16,13.6,7.6,11.3,13.6,4.7,10.4,7.6,78.7,1.002,100,16.67,rain,0,0,40.7,27.7,194.6,1006.2,85.5,22.6,66.2,5.6,4,,2023-03-16T06:13:04,2023-03-16T18:06:22,0.82,"Rain, Partially cloudy",Partly cloudy throughout the day with rain clearing later.,rain,"03680099999,D5621,03672099999,03781099999,03772099999,03770099999"
london,2023-03-17,15,10.6,12.1,15,10.6,12.1,9.6,84.8,4.98,100,33.33,rain,0,0,29.3,19.6,191.8,1003.8,87.5,17.8,34.1,3,2,,2023-03-17T06:10:48,2023-03-17T18:08:04,0.85,"Rain, Partially cloudy",Partly cloudy throughout the day with rain.,rain,"03680099999,D5621,03672099999,03781099999,03772099999,03770099999"
london,2023-03-18,13.8,9.3,11,13.8,7.5,10.9,8.6,85.1,4.192,100,41.67,rain,0,0,24.9,16.1,203.3,1006.1,73.5,21.6,51.4,4.4,3,,2023-03-18T06:08:31,2023-03-18T18:09:46,0.89,"Rain, Partially cloudy",Partly cloudy throughout the day with a chance of rain throughout the day.,rain,"03680099999,D5621,03672099999,03781099999,03772099999,03770099999"
london,2023-03-19,11.1,6.6,9,11.1,4.3,7.4,4.3,73.1,1.391,100,8.33,rain,0,0,25.9,18.4,281.4,1015.7,83.6,26.1,63.7,5.4,2,,2023-03-19T06:06:15,2023-03-19T18:11:28,0.92,"Rain, Partially cloudy",Partly cloudy throughout the day with early morning rain.,rain,"03680099999,D5621,03672099999,03781099999,03772099999,03770099999"
london,2023-03-20,12.6,8.6,10.4,12.6,6.5,9.6,8,84.6,0.806,100,29.17,rain,0,0,33.7,22.5,220.8,1016.5,99,15,37,3.1,2,,2023-03-20T06:03:58,2023-03-20T18:13:10,0.96,"Rain, Overcast",Cloudy skies throughout the day with rain.,rain,"03680099999,D5621,03672099999,03781099999,03772099999,03770099999"
london,2023-03-21,14.1,9.1,11.4,14.1,6.7,11,8,79.8,0.404,100,16.67,rain,0,0,46.4,28.1,214.9,1008.9,91.7,18,62,5.6,3,,2023-03-21T06:01:41,2023-03-21T18:14:51,0,"Rain, Overcast",Cloudy skies throughout the day with rain clearing later.,rain,"EGWU,03680099999,EGLL,D5621,03768399999,03672099999,03781099999,03768099999,EGLC,03772099999,03770099999"
london,2023-03-22,15.6,10.5,12.2,15.6,10.5,12.2,8.5,78.8,1.204,100,33.33,rain,0,0,57.2,35.1,216.3,999.9,93.4,17.1,68.5,5.9,5,,2023-03-22T05:59:24,2023-03-22T18:16:33,0.03,"Rain, Overcast",Cloudy skies throughout the day with a chance of rain throughout the day.,rain,"03680099999,D5621,03672099999,03781099999,03772099999,03770099999"
london,2023-03-23,15.3,9.6,11.7,15.3,7.1,11.5,7.5,75.5,2.423,100,50,rain,0,0,58.6,38.2,220.9,997,88.2,14.3,82.3,7.1,4,,2023-03-23T05:57:07,2023-03-23T18:18:14,0.06,"Rain, Partially cloudy",Partly cloudy throughout the day with a chance of rain throughout the day.,rain,"03680099999,D5621,03672099999,03781099999,03772099999,03770099999"
london,2023-03-24,14.1,8.5,10.5,14.1,5.3,9,6.5,77.4,4.805,100,37.5,rain,0,0,50.5,32.7,230,997.9,66.3,15.6,105.7,9.3,5,,2023-03-24T05:54:50,2023-03-24T18:19:56,0.09,"Rain, Partially cloudy",Partly cloudy throughout the day with rain.,rain,"03769099999,03680099999,D5621,03672099999,03781099999,D4121,F4685,03772099999,03770099999"
london,2023-03-25,14.6,8.3,11,14.6,4.4,9.6,5.2,68.6,0.598,100,12.5,rain,0,0,55.2,39.1,250.1,1003.5,74.5,17.8,82.5,6.9,3,,2023-03-25T05:52:33,2023-03-25T18:21:37,0.12,"Rain, Partially cloudy",Partly cloudy throughout the day with early morning rain.,rain,"03769099999,03680099999,D5621,03672099999,03781099999,F6665,03772099999,03770099999"
london,2023-03-26,9.6,6.8,8.2,8.7,4.4,6.3,4.7,79.1,6.212,100,41.67,rain,0,0,30.5,19.5,21.4,1007.1,89,14.8,42.9,3.5,2,,2023-03-26T06:50:16,2023-03-26T19:23:18,0.15,"Rain, Partially cloudy",Partly cloudy throughout the day with a chance of rain throughout the day.,rain,"03680099999,D5621,03672099999,03781099999,03772099999,03770099999"
london,2023-03-27,10.8,4.4,7.3,10.8,2.3,6.3,-1.3,55.7,0,0,0,,0,0,21.3,10.5,11.6,1024.8,50.9,32.6,123.7,10.7,5,,2023-03-27T06:47:59,2023-03-27T19:24:59,0.19,Partially cloudy,Partly cloudy throughout the day.,partly-cloudy-day,"03680099999,D5621,03672099999,03781099999,03684099999,03772099999,03770099999"
london,2023-03-28,9.1,5.6,7.5,6.7,3.1,4.8,3.4,75.5,2.206,100,41.67,rain,0,0,41.5,26.5,184,1019.3,85.2,20.6,39,3.5,1,,2023-03-28T06:45:42,2023-03-28T19:26:40,0.22,"Rain, Partially cloudy",Partly cloudy throughout the day with rain.,rain,"03680099999,D5621,03672099999,03781099999,03772099999,03770099999"
london,2023-03-29,14.3,8.8,11.5,14.3,6.8,11,9.6,88.1,7,100,25,rain,0,0,40.9,25.2,204,1009.1,99,10,36.8,3.1,1,,2023-03-29T06:43:26,2023-03-29T19:28:20,0.25,"Rain, Overcast",Cloudy skies throughout the day with rain.,rain,"03680099999,D5621,03672099999,03781099999,03772099999,03770099999"
london,2023-03-30,15.6,10.8,13,15.6,10.8,13,9,76.8,0.801,100,16.67,rain,0,0,51,32.2,226.3,1003.2,93.8,15.4,88,7.6,5,,2023-03-30T06:41:09,2023-03-30T19:30:01,0.28,"Rain, Overcast",Cloudy skies throughout the day with rain.,rain,"03680099999,D5621,03672099999,03781099999,03772099999,03770099999"
london,2023-03-31,13.6,10.3,11.2,13.6,10.3,11.2,9.5,89.6,18.237,100,95.83,rain,0,0,46.2,31.9,233.3,989.1,97.1,10.4,48.3,4.2,2,,2023-03-31T06:38:53,2023-03-31T19:31:42,0.31,"Rain, Overcast",Cloudy skies throughout the day with a chance of rain throughout the day.,rain,"03680099999,D5621,03672099999,03781099999,03772099999,03770099999"
london,2023-04-01,11.3,8.6,9.9,11.3,6.1,9,6.7,80.4,0.206,100,16.67,rain,0,0,31.7,18.8,341.9,1005.8,99.5,28.1,45.5,3.8,2,,2023-04-01T06:36:37,2023-04-01T19:33:22,0.35,"Rain, Overcast",Cloudy skies throughout the day with rain clearing later.,rain,"03680099999,D5621,03672099999,03781099999,03772099999,03770099999"
london,2023-04-02,12,6.1,8.5,12,3.8,6.4,2.7,68.1,0,0,0,,0,0,36.3,18.4,26.5,1025.1,70.7,30.9,87.5,7.6,4,,2023-04-02T06:34:21,2023-04-02T19:35:03,0.38,Partially cloudy,Partly cloudy throughout the day.,partly-cloudy-day,"03680099999,D5621,03672099999,03781099999,03772099999,03770099999"
london,2023-04-03,12.1,3.3,7.4,12.1,1.8,6.2,1,65.3,0,0,0,,0,0,27.9,18.2,76.4,1030.1,30.2,29.8,141.8,12.3,7,,2023-04-03T06:32:05,2023-04-03T19:36:44,0.41,Partially cloudy,Partly cloudy throughout the day.,partly-cloudy-day,"03769099999,03680099999,D5621,03672099999,03781099999,03684099999,03768099999,03772099999,03770099999"
london,2023-04-04,14.1,2.6,8,14.1,2.6,7.4,0.5,61,0,0,0,,0,0,19.6,11.8,115.3,1027.4,0,29.5,159.2,13.7,7,,2023-04-04T06:29:50,2023-04-04T19:38:24,0.44,Clear,Clear conditions throughout the day.,clear-day,"03769099999,03680099999,D5621,03672099999,03781099999,03684099999,03772099999,03770099999"
london,2023-04-05,13.3,4.3,8.8,13.3,3.4,7.9,2.9,67.3,0.796,100,16.67,rain,0,0,25.3,19.4,216.1,1021.1,67.5,20,117.8,10.2,5,,2023-04-05T06:27:35,2023-04-05T19:40:05,0.48,"Rain, Partially cloudy",Partly cloudy throughout the day with late afternoon rain.,rain,"03680099999,D5621,03672099999,03781099999,F6665,03772099999,03770099999"
london,2023-04-06,14.6,8.5,10.7,14.6,6.6,9.8,7.4,81.5,4.789,100,54.17,rain,0,0,32.7,20.4,268.8,1014.2,79.4,26.6,64.3,5.5,3,,2023-04-06T06:25:21,2023-04-06T19:41:45,0.5,"Rain, Partially cloudy",Partly cloudy throughout the day with a chance of rain throughout the day.,rain,"03680099999,D5621,03672099999,03781099999,03772099999,03770099999"
london,2023-04-07,14.8,6.6,10.4,14.8,4.8,9.9,2.3,59.4,0,0,0,,0,0,19.7,10.8,345.5,1020.6,23.2,38.5,163.4,14,8,,2023-04-07T06:23:07,2023-04-07T19:43:26,0.55,Partially cloudy,Partly cloudy throughout the day.,partly-cloudy-day,"03769099999,03680099999,D5621,03672099999,03781099999,03772099999,03770099999"
london,2023-04-08,14.8,4.5,9.7,14.8,4.5,9.4,4.7,73.6,0,0,0,,0,0,18.4,12.4,87.8,1025.4,20.5,25.9,122.5,10.5,6,,2023-04-08T06:20:53,2023-04-08T19:45:06,0.58,Partially cloudy,Becoming cloudy in the afternoon.,partly-cloudy-day,"03680099999,D5621,03672099999,03781099999,03772099999,03770099999"
london,2023-04-09,16.8,6.5,11.3,16.8,4.4,10.8,5,67.9,0,0,0,,0,0,24.5,17.2,155.7,1021.7,49.3,16.5,175.5,15.1,7,,2023-04-09T06:18:40,2023-04-09T19:46:47,0.62,Partially cloudy,Clearing in the afternoon.,partly-cloudy-day,"03680099999,D5621,03672099999,03781099999,F6665,03772099999,03770099999"
london,2023-04-10,16.1,8.1,12,16.1,4.7,11.7,7,73.2,13.772,100,62.5,rain,0,0,56.4,36.7,231.7,1010.3,78.1,20.6,57.3,4.9,2,,2023-04-10T06:16:28,2023-04-10T19:48:27,0.65,"Rain, Partially cloudy",Partly cloudy throughout the day with a chance of rain throughout the day.,rain,"03769099999,03680099999,D5621,03672099999,03781099999,03772099999,03770099999"
london,2023-04-11,13.1,6.3,9.4,13.1,3.9,7.2,5.2,76,5.234,100,37.5,rain,0,0,46.7,29.5,224.2,1009.1,53.6,21.4,106.9,9.2,7,,2023-04-11T06:14:16,2023-04-11T19:50:07,0.69,"Rain, Partially cloudy",Partly cloudy throughout the day with rain.,rain,"03769099999,EGWU,03680099999,EGLL,D5621,03672099999,03781099999,03684099999,EGLC,03772099999,03770099999"
london,2023-04-12,11.1,5.8,8.4,11.1,3.1,5.7,4,74.9,1.822,100,54.17,rain,0,0,73,43.1,229.4,993.6,71,25.2,136.9,11.9,7,,2023-04-12T06:12:04,2023-04-12T19:51:48,0.72,"Rain, Partially cloudy",Partly cloudy throughout the day with a chance of rain throughout the day.,rain,"03680099999,D5621,03672099999,03781099999,F6665,03772099999,03770099999"
london,2023-04-13,13.1,6.6,9.5,13.1,2.9,7.4,2.1,61.8,0.003,100,8.33,rain,0,0,43.4,29.3,260.6,1001.2,47.6,37.6,153,13.3,7,,2023-04-13T06:09:53,2023-04-13T19:53:28,0.75,"Rain, Partially cloudy",Becoming cloudy in the afternoon with rain.,rain,"03680099999,D5621,03672099999,03781099999,F6665,03772099999,03770099999"
london,2023-04-14,10.5,5.6,8.3,10.5,4.1,7,4.9,79.1,12.339,100,29.17,rain,0,0,35.7,24.3,144.8,1004.5,83.4,24.6,64.5,5.5,2,,2023-04-14T06:07:43,2023-04-14T19:55:09,0.8,"Rain, Partially cloudy",Partly cloudy throughout the day with rain.,rain,"03769099999,03680099999,D5621,03672099999,03781099999,03772099999,03770099999"
london,2023-04-15,15.6,7.3,10.3,15.6,4.8,9.2,6.2,77.3,0.808,100,12.5,rain,0,0,25.3,15.5,352.1,1017.4,86.6,26.1,98.7,8.5,5,,2023-04-15T06:05:34,2023-04-15T19:56:49,0.83,"Rain, Partially cloudy",Partly cloudy throughout the day with rain.,rain,"03680099999,D5621,03672099999,03781099999,03772099999,03770099999"
london,2023-04-16,16.1,7.6,12.1,16.1,6.8,12,6,67.9,0,0,0,,0,0,18.8,13.6,272.7,1026,64.4,31.3,110.1,9.6,4,,2023-04-16T06:03:25,2023-04-16T19:58:29,0.87,Partially cloudy,Partly cloudy throughout the day.,partly-cloudy-day,"03680099999,D5621,03672099999,03781099999,F6665,03772099999,03770099999"
london,2023-04-17,17,9.1,12.8,17,7.6,12.7,7.4,70.8,0.598,100,12.5,rain,0,0,28.5,18.2,72,1027.5,54.4,23.9,160.3,13.7,7,,2023-04-17T06:01:17,2023-04-17T20:00:10,0.9,"Rain, Partially cloudy",Partly cloudy throughout the day with morning rain.,rain,"03769099999,03680099999,D5621,03672099999,03781099999,03772099999,03770099999"
london,2023-04-18,11.8,7.6,9.8,11.8,4.7,8.7,4.9,72,0,0,0,,0,0,43.3,26.5,57.2,1027.7,89.3,16.4,64.1,5.4,4,,2023-04-18T05:59:09,2023-04-18T20:01:50,0.94,Partially cloudy,Partly cloudy throughout the day.,partly-cloudy-day,"03769099999,03680099999,D5621,03672099999,03781099999,D4121,03772099999,03770099999"
london,2023-04-19,15.6,8.3,11.2,15.6,5.8,10.3,5.2,68,0,0,0,,0,0,44.2,29.4,69.2,1025,43.3,18.7,115.8,9.7,6,,2023-04-19T05:57:03,2023-04-19T20:03:30,0.97,Partially cloudy,Partly cloudy throughout the day.,partly-cloudy-day,"03769099999,03680099999,D5621,03672099999,03781099999,03684099999,03772099999,03770099999"
london,2023-04-20,15.8,6.6,9.9,15.8,4.6,8.5,2.6,64,1.599,100,16.67,rain,0,0,49,28.3,44.5,1021.2,29.5,27.2,154,13.4,8,,2023-04-20T05:54:57,2023-04-20T20:05:10,0,"Rain, Partially cloudy",Partly cloudy throughout the day with late afternoon rain.,rain,"03680099999,D5621,03672099999,03781099999,F6665,03684099999,03768099999,03772099999,03770099999"
london,2023-04-21,12.3,7.1,8.9,12.3,4.9,7.7,5.2,78.2,1.208,100,20.83,rain,0,0,29.1,16.4,54.8,1012.5,76.9,12.1,59.7,5.2,3,,2023-04-21T05:52:53,2023-04-21T20:06:50,0.04,"Rain, Partially cloudy",Partly cloudy throughout the day with a chance of rain throughout the day.,rain,"03680099999,D5621,03672099999,03781099999,F6665,03772099999,03770099999"
london,2023-04-22,14.6,4.8,9.9,14.6,4.8,9.8,4.5,71.7,0,0,0,,0,0,29.9,19.3,198.7,1005.7,67.4,14,114.3,9.9,6,,2023-04-22T05:50:49,2023-04-22T20:08:30,0.07,Partially cloudy,Partly cloudy throughout the day.,partly-cloudy-day,"03769099999,03680099999,D5621,03672099999,03781099999,03684099999,03768099999,03772099999,03770099999"
london,2023-04-23,15.1,8.6,11.2,15.1,6,10.8,7.6,79.6,3.629,100,54.17,rain,0,0,32.3,19.9,233.9,1001.1,89.3,23.4,60,5.1,2,,2023-04-23T05:48:46,2023-04-23T20:10:10,0.11,"Rain, Partially cloudy",Partly cloudy throughout the day with a chance of rain throughout the day.,rain,"03680099999,D5621,03672099999,03781099999,03772099999,03770099999"
london,2023-04-24,12.3,6.6,8.9,12.3,3.9,7.4,5.3,79,7.813,100,29.17,rain,0,0,27.5,16.6,341.6,1009.6,83,16.9,97,8.5,4,,2023-04-24T05:46:44,2023-04-24T20:11:50,0.14,"Rain, Partially cloudy",Partly cloudy throughout the day with rain.,rain,"03680099999,D5621,03672099999,03781099999,F6665,03772099999,03770099999"
london,2023-04-25,11.3,3.6,7.6,11.3,1.2,6.1,-0.2,59.5,0.002,100,4.17,rain,0,0,24.9,14.9,27.4,1018,35.5,33.1,149.3,13,8,,2023-04-25T05:44:43,2023-04-25T20:13:30,0.17,"Rain, Partially cloudy",Becoming cloudy in the afternoon with early morning rain.,rain,"03680099999,D5621,03672099999,03781099999,03772099999,03770099999"
london,2023-04-26,11.6,6.1,8.7,11.6,4.2,7.6,1.6,61.9,0,0,0,,0,0,30.3,17.3,117.3,1018.5,77.5,31.1,74.3,6.4,4,,2023-04-26T05:42:44,2023-04-26T20:15:09,0.2,Partially cloudy,Partly cloudy throughout the day.,partly-cloudy-day,"03680099999,D5621,03672099999,03781099999,03772099999,03770099999"
london,2023-04-27,14.3,6.6,10.1,14.3,5,9.4,5.2,73,6.212,100,33.33,rain,0,0,37.1,23.6,120.8,1015.1,71.7,13.9,87.5,7.6,4,,2023-04-27T05:40:45,2023-04-27T20:16:48,0.25,"Rain, Partially cloudy",Partly cloudy throughout the day with rain.,rain,"03680099999,D5621,03672099999,03781099999,03772099999,03770099999"
london,2023-04-28,18,10.8,13.9,18,10.8,13.9,10.4,80.9,0.803,100,16.67,rain,0,0,31.9,23.6,273.1,1011.2,84.9,28.1,65.8,5.8,2,,2023-04-28T05:38:48,2023-04-28T20:18:28,0.27,"Rain, Partially cloudy",Partly cloudy throughout the day with rain clearing later.,rain,"03769099999,03680099999,D5621,03672099999,03781099999,F6665,03772099999,03770099999"
london,2023-04-29,18.8,7.6,13.1,18.8,7.6,13.1,6.9,67.6,0,0,0,,0,0,17.9,13.6,97.9,1020.3,22.5,18.6,170.2,14.8,8,,2023-04-29T05:36:52,2023-04-29T20:20:07,0.3,Partially cloudy,Becoming cloudy in the afternoon.,partly-cloudy-day,"03680099999,D5621,03672099999,03781099999,F6665,03772099999,03770099999"
london,2023-04-30,18.5,7.8,13.4,18.5,7.8,13.3,6.6,65.5,0,0,0,,0,0,24.8,16.8,195.1,1021,37.7,15.4,164.9,14.3,7,,2023-04-30T05:34:57,2023-04-30T20:21:45,0.33,Partially cloudy,Partly cloudy throughout the day.,partly-cloudy-day,"03769099999,03680099999,D5621,03672099999,03781099999,D4121,03772099999,03770099999"
london,2023-05-01,17.6,11.3,14.3,17.6,11.3,14.3,7.8,65.7,0.006,100,4.17,rain,0,0,26.1,18.8,296,1018,75.9,31.9,95.9,8.3,5,,2023-05-01T05:33:03,2023-05-01T20:23:24,0.36,"Rain, Partially cloudy",Partly cloudy throughout the day with late afternoon rain.,rain,"03680099999,D5621,03672099999,03781099999,03772099999,03770099999"
london,2023-05-02,14.8,9.3,12.1,14.8,7.1,12,6.8,70.5,0,0,0,,0,0,23.5,20.9,79.3,1026.1,59.4,25.1,103,8.9,6,,2023-05-02T05:31:11,2023-05-02T20:25:02,0.39,Partially cloudy,Partly cloudy throughout the day.,partly-cloudy-day,"03768399999,03672099999,03781099999,03768099999,03684099999,03658099999,03772099999,03680099999,D5621,03761099999,F4685,EGLC,03770099999"
london,2023-05-03,14.8,7.1,10.7,14.8,5.8,10.1,4.5,66.7,0,0,0,,0,0,34.5,21.9,88.5,1025.9,7.3,23.6,154,13.3,8,,2023-05-03T05:29:20,2023-05-03T20:26:40,0.43,Clear,Clear conditions throughout the day.,clear-day,"03680099999,D5621,03672099999,03781099999,03772099999,03770099999"
london,2023-05-04,18.8,8.6,13.7,18.8,6.7,13.2,8.1,70.1,0,0,0,,0,0,35.1,25.2,107.5,1015.4,48.7,19.8,153.4,13.2,8,,2023-05-04T05:27:31,2023-05-04T20:28:17,0.46,Partially cloudy,Partly cloudy throughout the day.,partly-cloudy-day,"03769099999,03680099999,D5621,03672099999,03781099999,F6665,03772099999,03770099999"
london,2023-05-05,19.3,12,15.4,19.3,12,15.4,10.5,73.4,3.187,100,33.33,rain,0,0,35.3,22.7,212.1,1013.9,71.4,26,96.3,8.4,5,,2023-05-05T05:25:43,2023-05-05T20:29:54,0.5,"Rain, Partially cloudy",Partly cloudy throughout the day with rain.,rain,"03769099999,03680099999,D5621,03672099999,03781099999,F6665,03772099999,03770099999"
london,2023-05-06,14.8,10.8,13.5,14.8,10.8,13.5,11.6,88.5,4.818,100,50,rain,0,0,25.9,16.7,174.8,1013.7,87.1,12.5,65.3,5.7,2,,2023-05-06T05:23:56,2023-05-06T20:31:30,0.53,"Rain, Partially cloudy",Partly cloudy throughout the day with rain.,rain,"03680099999,D5621,03672099999,03781099999,03772099999,03770099999"
london,2023-05-07,20.6,12.5,15.8,20.6,12.5,15.8,11.1,75,0,0,0,,0,0,18.8,13.2,266.5,1016.9,74,24.7,94.1,8.1,5,,2023-05-07T05:22:12,2023-05-07T20:33:07,0.56,Partially cloudy,Partly cloudy throughout the day.,partly-cloudy-day,"03769099999,03680099999,D5621,03672099999,03781099999,03772099999,03770099999"
london,2023-05-08,15.6,11.1,13.6,15.6,11.1,13.6,10.8,82.9,0.413,100,16.67,rain,0,0,34.1,22.2,201.5,1019,71.4,19.4,83.4,7.2,3,,2023-05-08T05:20:28,2023-05-08T20:34:42,0.6,"Rain, Partially cloudy",Partly cloudy throughout the day with rain.,rain,"03680099999,D5621,03672099999,03781099999,03772099999,03770099999"
london,2023-05-09,19.1,12,15,19.1,12,15,11.7,82.3,10.247,100,45.83,rain,0,0,23.5,16.6,258.6,1010.9,90.2,22,102.5,9,5,,2023-05-09T05:18:47,2023-05-09T20:36:17,0.63,"Rain, Overcast",Cloudy skies throughout the day with rain.,rain,"03680099999,D5621,03672099999,03781099999,D4121,03772099999,03770099999"
london,2023-05-10,18.1,10.6,14,18.1,10.6,14,9.9,77.7,0.426,100,16.67,rain,0,0,26.3,17.5,275.2,1012.5,65.2,24.7,136.2,11.7,6,,2023-05-10T05:17:07,2023-05-10T20:37:51,0.67,"Rain, Partially cloudy",Partly cloudy throughout the day with rain.,rain,"03680099999,D5621,03672099999,03781099999,F6665,03772099999,03770099999"
london,2023-05-11,16.6,10,13.5,16.6,10,13.5,8.5,73.2,0.997,100,20.83,rain,0,0,18.9,13.8,263.4,1015.8,66.6,33.2,134.5,11.4,8,,2023-05-11T05:15:29,2023-05-11T20:39:25,0.71,"Rain, Partially cloudy",Partly cloudy throughout the day with rain.,rain,"03769099999,03680099999,D5621,03672099999,03781099999,03772099999,03770099999"
london,2023-05-12,15,10.6,11.8,15,10.6,11.8,9,82.6,0.402,100,8.33,rain,0,0,46.1,27.1,21.3,1022.3,83.7,17.1,65.4,5.7,4,,2023-05-12T05:13:53,2023-05-12T20:40:58,0.75,"Rain, Partially cloudy",Partly cloudy throughout the day with afternoon rain.,rain,"03769099999,03680099999,D5621,03672099999,03781099999,03772099999,03770099999"
london,2023-05-13,13.5,10,11.3,13.5,10,11.3,8.5,82.7,0,0,0,,0,0,34.3,18.5,23.8,1026.1,97.9,14.5,71.1,5.9,3,,2023-05-13T05:12:18,2023-05-13T20:42:30,0.78,Overcast,Cloudy skies throughout the day.,cloudy,"03680099999,D5621,03672099999,03781099999,F6665,03772099999,03770099999"
london,2023-05-14,20.6,8.8,14.1,20.6,8.1,14,8.1,69.3,0,0,0,,0,0,21.5,16,307.8,1020.7,65.4,18.3,152.2,13.2,8,,2023-05-14T05:10:46,2023-05-14T20:44:02,0.81,Partially cloudy,Clearing in the afternoon.,partly-cloudy-day,"03680099999,D5621,03672099999,03781099999,03684099999,03772099999,03770099999"
london,2023-05-15,15.6,11.1,13.6,15.6,11.1,13.6,5.8,60.6,2.989,100,20.83,rain,0,0,41.3,22.9,353.1,1019.9,57.3,38.2,134.6,11.6,5,,2023-05-15T05:09:15,2023-05-15T20:45:32,0.85,"Rain, Partially cloudy",Partly cloudy throughout the day with rain clearing later.,rain,"03769099999,03680099999,D5621,03768399999,03672099999,03781099999,03684099999,03768099999,EGLC,03772099999,03770099999"
london,2023-05-16,17.6,8.3,13,17.6,7.5,12.9,5,59.5,0,0,0,,0,0,34.9,18.1,329.1,1024.9,25.6,27.6,203.5,17.7,9,,2023-05-16T05:07:47,2023-05-16T20:47:02,0.88,Partially cloudy,Becoming cloudy in the afternoon.,partly-cloudy-day,"EGWU,EGLL,03768399999,03672099999,03781099999,03768099999,03658099999,03772099999,03680099999,D5621,03761099999,EGLC,03770099999"
london,2023-05-17,17.5,8.8,13.7,17.5,8,13.6,7.4,66.7,0,0,0,,0,0,20.5,17.7,16.7,1028.2,38.6,23.2,147.1,12.7,7,,2023-05-17T05:06:20,2023-05-17T20:48:31,0.92,Partially cloudy,Partly cloudy throughout the day.,partly-cloudy-day,"03769099999,03680099999,D5621,03768399999,03672099999,03781099999,03768099999,03684099999,EGLC,03772099999,03770099999"
london,2023-05-18,19,9.5,14.6,19,9.5,14.6,7,61.4,0,0,0,,0,0,21.6,14.5,91.8,1028,47.1,26.6,161.6,13.9,7,,2023-05-18T05:04:56,2023-05-18T20:49:58,0.96,Partially cloudy,Becoming cloudy in the afternoon.,partly-cloudy-day,"EGWU,03769099999,03680099999,EGLL,D5621,03672099999,03781099999,EGLC,03772099999,03770099999"
london,2023-05-19,17.3,10.1,13.7,17.3,10.1,13.7,6.9,64.3,0,0,0,,0,0,26.1,17.5,61.3,1027.2,55.6,27.2,98.7,8.7,4,,2023-05-19T05:03:34,2023-05-19T20:51:25,0,Partially cloudy,Partly cloudy throughout the day.,partly-cloudy-day,"03769099999,03680099999,D5621,03672099999,03781099999,03772099999,03770099999"
london,2023-05-20,20,8.6,14.3,20,6.7,14,6.1,60.6,0,0,0,,0,0,36.4,21.3,40.6,1025.3,40,27.5,191.6,16.2,9,,2023-05-20T05:02:14,2023-05-20T20:52:50,0.03,Partially cloudy,Partly cloudy throughout the day.,partly-cloudy-day,"03769099999,03680099999,D5621,03672099999,03781099999,03772099999,03770099999"
london,2023-05-21,18.1,9.3,14.4,18.1,7.5,14.2,6.7,61.2,0,0,0,,0,0,34.7,20,30.7,1021.7,43.9,35,156.1,13.6,7,,2023-05-21T05:00:56,2023-05-21T20:54:14,0.06,Partially cloudy,Partly cloudy throughout the day.,partly-cloudy-day,"03680099999,D5621,03672099999,03781099999,03772099999,03770099999"
london,2023-05-22,19.6,12.3,15.1,19.6,12.3,15.1,6.7,57.9,0,0,0,,0,0,41.5,23.9,12.1,1021.2,62.5,37.2,79.5,7,3,,2023-05-22T04:59:40,2023-05-22T20:55:37,0.09,Partially cloudy,Partly cloudy throughout the day.,partly-cloudy-day,"03769099999,03680099999,D5621,03672099999,03781099999,03772099999,03770099999"
london,2023-05-23,17.8,10.3,14,17.8,10.3,14,6.9,63.5,0,0,0,,0,0,26.1,17.3,36,1026.5,27,29.2,147.2,12.5,7,,2023-05-23T04:58:27,2023-05-23T20:56:58,0.12,Partially cloudy,Becoming cloudy in the afternoon.,partly-cloudy-day,"03680099999,D5621,03672099999,03781099999,F6665,03772099999,03770099999"
london,2023-05-24,21.1,9.5,15.8,21.1,8.6,15.7,7.8,60.7,0,0,0,,0,0,25.1,14.3,10.1,1025.7,14.2,24.1,201.8,17.4,8,,2023-05-24T04:57:17,2023-05-24T20:58:19,0.15,Clear,Clear conditions throughout the day.,clear-day,"03680099999,D5621,03672099999,03781099999,D4121,03684099999,03772099999,03770099999"
london,2023-05-25,17.6,11.8,15,17.6,11.8,15,7.9,63,0,0,0,,0,0,33.5,17.4,58.2,1029.2,56.7,22,131.4,11.2,6,,2023-05-25T04:56:08,2023-05-25T20:59:37,0.19,Partially cloudy,Partly cloudy throughout the day.,partly-cloudy-day,"03680099999,D5621,03768399999,03672099999,03781099999,03761099999,EGLC,03658099999,03772099999,03770099999"
london,2023-05-26,19.5,10.1,14.2,19.5,10.1,14.2,6.3,60.5,0,0,0,,0,0,34.9,21.4,67.5,1031.2,26.1,20.2,215.7,18.6,9,,2023-05-26T04:55:03,2023-05-26T21:00:54,0.22,Partially cloudy,Clearing in the afternoon.,partly-cloudy-day,"03769099999,03680099999,D5621,03672099999,03781099999,F6665,03772099999,03770099999"
london,2023-05-27,21.1,9.5,14.6,21.1,8.2,14.4,7.7,65.3,0,0,0,,0,0,25.1,14.9,65.6,1026.6,16.6,20.3,209.6,18.2,9,,2023-05-27T04:54:00,2023-05-27T21:02:09,0.25,Clear,Clear conditions throughout the day.,clear-day,"03680099999,D5621,03672099999,03781099999,03772099999,03770099999"
london,2023-05-28,22.1,10.3,16.1,22.1,10.3,16.1,6.2,55.6,0,0,0,,0,0,38.5,24.1,59.4,1023.3,7.9,27.2,212.9,18.4,8,,2023-05-28T04:52:59,2023-05-28T21:03:23,0.28,Clear,Clear conditions throughout the day.,clear-day,"03769099999,03680099999,D5621,03672099999,03781099999,03772099999,03770099999"
london,2023-05-29,17.6,9.1,13.5,17.6,7,13.2,5.2,58.5,0,0,0,,0,0,41,26.8,56.5,1027.5,22,28,182.3,15.8,8,,2023-05-29T04:52:01,2023-05-29T21:04:35,0.32,Partially cloudy,Partly cloudy throughout the day.,partly-cloudy-day,"03769099999,03680099999,D5621,03672099999,03781099999,03772099999,03770099999"
london,2023-05-30,16.6,10.1,13.2,16.6,10.1,13.2,7,66.3,0,0,0,,0,0,38.7,24.4,49.8,1029.2,74.3,29.1,143.5,12.4,8,,2023-05-30T04:51:06,2023-05-30T21:05:45,0.35,Partially cloudy,Partly cloudy throughout the day.,partly-cloudy-day,"03680099999,D5621,03672099999,03781099999,03772099999,03770099999"
london,2023-05-31,18.5,10.6,13.9,18.5,10.6,13.9,8.9,72.8,0.001,100,4.17,rain,0,0,35.3,22.5,52.4,1026.9,88.1,32.6,107.3,9.3,6,,2023-05-31T04:50:13,2023-05-31T21:06:53,0.38,"Rain, Partially cloudy",Partly cloudy throughout the day with morning rain.,rain,"03769099999,03680099999,D5621,03672099999,03781099999,03772099999,03770099999"
london,2023-06-01,19.6,10.3,13.7,19.6,10.3,13.7,7.9,68.9,0,0,0,,0,0,40.7,21.6,48.4,1025.5,74.3,27.3,102.5,8.8,6,,2023-06-01T04:49:23,2023-06-01T21:07:59,0.41,Partially cloudy,Partly cloudy throughout the day.,partly-cloudy-day,"03769099999,03680099999,D5621,03672099999,03781099999,03684099999,03768099999,EGLC,03772099999,03770099999"
london,2023-06-02,19.1,11,13.9,19.1,11,13.9,5.8,58.7,0,0,0,,0,0,35.7,21.4,50.7,1024.5,62.2,30.8,179.5,15.6,9,,2023-06-02T04:48:36,2023-06-02T21:09:03,0.45,Partially cloudy,Partly cloudy throughout the day.,partly-cloudy-day,"03680099999,D5621,03672099999,03781099999,03772099999,03770099999"
london,2023-06-03,21.6,9,15,21.6,7.4,14.6,8.1,65.6,0,0,0,,0,0,35.1,21.2,54.9,1023.4,37.9,26.3,114.3,9.8,6,,2023-06-03T04:47:52,2023-06-03T21:10:05,0.48,Partially cloudy,Partly cloudy throughout the day.,partly-cloudy-day,"03680099999,D5621,03672099999,03781099999,03772099999,03770099999"
london,2023-06-04,22,10.1,16,22,10.1,16,7.8,60.4,0,0,0,,0,0,30.3,18.3,55.8,1023.8,0,37.7,217.5,18.7,9,,2023-06-04T04:47:11,2023-06-04T21:11:05,0.5,Clear,Clear conditions throughout the day.,clear-day,"03680099999,D5621,03672099999,03781099999,03684099999,03772099999,03770099999"
london,2023-06-05,17.8,10.6,13.7,17.8,10.6,13.7,7.4,66,0,0,0,,0,0,30.7,19.3,51.4,1024.4,72.4,35.7,99.7,8.5,5,,2023-06-05T04:46:33,2023-06-05T21:12:03,0.55,Partially cloudy,Partly cloudy throughout the day.,partly-cloudy-day,"03680099999,D5621,03672099999,03781099999,03772099999,03770099999"
london,2023-06-06,16.5,11.8,13.7,16.5,11.8,13.7,7.3,65.4,0.002,100,4.17,rain,0,0,33.7,21.2,53.5,1023.5,94.4,35.4,94.4,8.4,3,,2023-06-06T04:45:57,2023-06-06T21:12:58,0.58,"Rain, Overcast",Cloudy skies throughout the day with late afternoon rain.,rain,"03769099999,03680099999,D5621,03672099999,03781099999,F6665,03772099999,03770099999"
london,2023-06-07,21.5,11,14.8,21.5,11,14.8,8.8,67.8,0,0,0,,0,0,30.3,19.3,65.3,1021.8,53.4,25,145.6,12.4,9,,2023-06-07T04:45:25,2023-06-07T21:13:51,0.62,Partially cloudy,Partly cloudy throughout the day.,partly-cloudy-day,"03680099999,D5621,03672099999,03781099999,F6665,03772099999,03770099999"
london,2023-06-08,22.1,11,15.7,22.1,11,15.7,8.5,63.6,0,0,0,,0,0,40,20.3,65.3,1018.6,36.3,27.8,216.5,18.8,9,,2023-06-08T04:44:55,2023-06-08T21:14:41,0.65,Partially cloudy,Clearing in the afternoon.,partly-cloudy-day,"EGWU,03769099999,EGLL,03768399999,03672099999,03781099999,03768099999,03772099999,03680099999,D5621,F6665,EGLC,03770099999"
london,2023-06-09,25.6,12,18.4,25.6,12,18.4,11.5,65.8,0,0,0,,0,0,37.1,23,66.2,1014.1,31.5,19.4,212.7,18.3,8,,2023-06-09T04:44:28,2023-06-09T21:15:29,0.69,Partially cloudy,Clearing in the afternoon.,partly-cloudy-day,"03680099999,D5621,03672099999,03781099999,03772099999,03770099999"
london,2023-06-10,29.8,14,22.2,28.7,14,22,12.5,57.4,0,0,0,,0,0,33.1,22.6,79.7,1013.1,5.3,20.4,213.9,18.5,8,,2023-06-10T04:44:05,2023-06-10T21:16:14,0.75,Clear,Clear conditions throughout the day.,clear-day,"03680099999,D5621,03672099999,03781099999,03684099999,03772099999,03770099999"
london,2023-06-11,30.6,16.6,22.9,29.7,16.6,22.8,13.1,55.8,0.027,100,8.33,rain,0,0,32.5,22.6,42,1013.8,21.9,20.8,204.2,17.7,8,,2023-06-11T04:43:44,2023-06-11T21:16:57,0.76,"Rain, Partially cloudy",Partly cloudy throughout the day with rain.,rain,"03769099999,03680099999,D5621,03672099999,03781099999,03772099999,03770099999"
london,2023-06-12,28.1,17.6,22.7,28.9,17.6,22.8,15.5,65.3,0.084,100,12.5,rain,0,0,26.1,21.1,72.6,1014.3,36.7,17.1,152.8,13.2,6,,2023-06-12T04:43:27,2023-06-12T21:17:37,0.8,"Rain, Partially cloudy",Partly cloudy throughout the day with rain.,rain,"03680099999,D5621,03672099999,03781099999,03772099999,03770099999"
london,2023-06-13,28.3,15.8,22.1,27.3,15.8,21.9,9.1,46.2,0,0,0,,0,0,42.7,26,66,1014.2,2.4,25.9,217.8,18.9,8,,2023-06-13T04:43:13,2023-06-13T21:18:14,0.83,Clear,Clear conditions throughout the day.,clear-day,"03680099999,D5621,03672099999,03781099999,03684099999,03772099999,03770099999"
london,2023-06-14,28.6,12.5,20.8,27.7,12.5,20.6,8.5,48.2,0,0,0,,0,0,25.9,15.6,61.7,1017.2,3.7,30.5,218.3,18.9,9,,2023-06-14T04:43:01,2023-06-14T21:18:49,0.87,Clear,Clear conditions throughout the day.,clear-day,"03680099999,D5621,03672099999,03781099999,03684099999,D4121,03772099999,03770099999"
london,2023-06-15,27.8,15.1,21.2,27,15.1,21.1,10.3,52.4,0,0,0,,0,0,25.9,17.2,70.4,1020,4.3,27.9,201.9,17.5,8,,2023-06-15T04:42:53,2023-06-15T21:19:20,0.9,Clear,Clear conditions throughout the day.,clear-day,"03769099999,EGWU,EGLL,03768399999,03672099999,03781099999,03684099999,03768099999,03772099999,03680099999,D5621,03761099999,EGLC,03770099999"
london,2023-06-16,28.1,15.3,21.4,27,15.3,21.3,8.6,46.4,0,0,0,,0,0,25.1,16.2,71.3,1019.2,6.3,28.2,223.8,19.1,9,,2023-06-16T04:42:48,2023-06-16T21:19:49,0.94,Clear,Clear conditions throughout the day.,clear-day,"03680099999,D5621,03672099999,03781099999,03684099999,03772099999,03770099999"
london,2023-06-17,25.5,14.6,20.4,25.5,14.6,20.4,10.6,53.9,0.001,100,4.17,rain,0,0,19.7,13.9,80.3,1014.3,25.3,23.3,168.6,14.5,7,,2023-06-17T04:42:46,2023-06-17T21:20:15,0.97,"Rain, Partially cloudy",Partly cloudy throughout the day with afternoon rain.,rain,"03769099999,03680099999,D5621,03672099999,03781099999,03768099999,EGLC,03772099999,03770099999"
london,2023-06-18,27.3,16.8,20.4,27.8,16.8,20.4,15.5,75.1,1.225,100,29.17,rain,0,0,33.5,20.2,165.7,1009,62.4,11.2,154,13.3,7,,2023-06-18T04:42:47,2023-06-18T21:20:38,0,"Rain, Partially cloudy",Partly cloudy throughout the day with a chance of rain throughout the day.,rain,"03769099999,03680099999,D5621,03768399999,03781099999,03672099999,03761099999,03684099999,EGLC,03658099999,03772099999,03770099999"
london,2023-06-19,25,15.3,20.1,25,15.3,20.1,13.4,67.8,0.001,100,4.17,rain,0,0,32.1,21.3,206.3,1010.3,51.8,15.6,182.7,15.9,9,,2023-06-19T04:42:51,2023-06-19T21:20:58,0.04,"Rain, Partially cloudy",Partly cloudy throughout the day with morning rain.,rain,"03769099999,03680099999,D5621,03781099999,03672099999,03772099999,03770099999"
london,2023-06-20,22.6,17.6,20.2,22.6,17.6,20.2,14.9,72,0.049,100,12.5,rain,0,0,39.9,23.9,194,1008,72.9,19,116.2,10.2,5,,2023-06-20T04:42:58,2023-06-20T21:21:15,0.07,"Rain, Partially cloudy",Partly cloudy throughout the day with morning rain.,rain,"03769099999,03680099999,D5621,03781099999,03672099999,03768099999,EGLC,03772099999,03770099999"
london,2023-06-21,25.6,15.6,20.8,25.6,15.6,20.8,13.6,65.4,10.919,100,4.17,rain,0,0,32.5,18.1,231.8,1015.4,29.2,19.3,185.8,16,8,,2023-06-21T04:43:08,2023-06-21T21:21:29,0.11,"Rain, Partially cloudy",Partly cloudy throughout the day with morning rain.,rain,"03769099999,03680099999,D5621,03781099999,03672099999,03772099999,03770099999"
london,2023-06-22,27.5,15.6,21.5,27,15.6,21.5,13,61.3,0,0,0,,0,0,22.8,15.7,353.3,1018.4,29.2,18.8,189,16.4,8,,2023-06-22T04:43:21,2023-06-22T21:21:40,0.14,Partially cloudy,Partly cloudy throughout the day.,partly-cloudy-day,"03769099999,03680099999,D5621,03768399999,03781099999,03672099999,03684099999,03768099999,03761099999,EGLC,03772099999,03770099999"
london,2023-06-23,27.1,16.8,22,26.7,16.8,22,12.5,56.4,0,0,0,,0,0,28.2,20.4,248.8,1023,15.9,22.4,153,12.9,6,,2023-06-23T04:43:38,2023-06-23T21:21:47,0.17,Clear,Clear conditions throughout the day.,clear-day,"EGWU,03769099999,03768399999,03672099999,03684099999,03768099999,03781099999,03658099999,03772099999,03680099999,D5621,03761099999,EGLC,03770099999"
london,2023-06-24,27.8,16.6,22.2,27.7,16.6,22.2,14.9,65.3,0,0,0,,0,0,20,14.4,220.5,1022.7,42,20,149.6,13.1,8,,2023-06-24T04:43:57,2023-06-24T21:21:52,0.2,Partially cloudy,Partly cloudy throughout the day.,partly-cloudy-day,"03769099999,03680099999,D5621,03781099999,03672099999,03684099999,03772099999,03770099999"
london,2023-06-25,30.8,17.6,23.9,30.2,17.6,23.8,13.4,53.7,0,0,0,,0,0,42.4,28,207.9,1014.6,6.1,24.3,209.8,18.1,9,,2023-06-25T04:44:19,2023-06-25T21:21:54,0.24,Clear,Clear conditions throughout the day.,clear-day,"03769099999,03680099999,D5621,03781099999,03672099999,03684099999,D4121,03772099999,03770099999"
london,2023-06-26,22.1,15.1,19.1,22.1,15.1,19.1,9.1,54.6,0,0,0,,0,0,38.2,27,275.8,1019.2,20.1,23.2,159.4,13.8,6,,2023-06-26T04:44:43,2023-06-26T21:21:52,0.25,Partially cloudy,Partly cloudy throughout the day.,partly-cloudy-day,"03769099999,03680099999,D5621,03768399999,03672099999,03768099999,03781099999,EGLC,03772099999,03770099999"
london,2023-06-27,22.6,15.1,19.1,22.6,15.1,19.1,11.1,60.3,0,0,0,,0,0,27.8,19.4,252.3,1020.9,72,20.5,130.4,11.2,4,,2023-06-27T04:45:11,2023-06-27T21:21:47,0.3,Partially cloudy,Partly cloudy throughout the day.,partly-cloudy-day,"03769099999,03680099999,D5621,03781099999,03672099999,03772099999,03770099999"
london,2023-06-28,24.6,18.6,20.8,24.6,18.6,20.8,15.7,73.1,0.001,100,4.17,rain,0,0,25.9,16.9,239.4,1016.9,86.9,14.2,95.4,8.2,3,,2023-06-28T04:45:42,2023-06-28T21:21:40,0.34,"Rain, Partially cloudy",Partly cloudy throughout the day with afternoon rain.,rain,"03769099999,03680099999,D5621,03781099999,03672099999,F6665,03772099999,03770099999"
london,2023-06-29,22.6,15.8,19.2,22.6,15.8,19.2,12.8,69.5,0.444,100,25,rain,0,0,23.2,14.4,323.3,1015.7,69.9,16.9,120.3,10.4,6,,2023-06-29T04:46:15,2023-06-29T21:21:29,0.37,"Rain, Partially cloudy",Partly cloudy throughout the day with a chance of rain throughout the day.,rain,"03769099999,03680099999,D5621,03768399999,03781099999,03672099999,D4121,03684099999,03768099999,EGLC,03772099999,03770099999"
london,2023-06-30,19.1,13.6,17.1,19.1,13.6,17.1,11.4,69.5,0,0,0,,0,0,38.5,24.9,231.9,1012.1,66.2,19,101.3,8.8,6,,2023-06-30T04:46:51,2023-06-30T21:21:15,0.4,Partially cloudy,Partly cloudy throughout the day.,partly-cloudy-day,"03769099999,03680099999,D5621,03781099999,03672099999,03772099999,03770099999"
london,2023-07-01,22.1,17.6,19.4,22.1,17.6,19.4,12.4,65.7,0.002,100,8.33,rain,0,0,40.6,27,271.5,1006,84,17.8,111,9.6,5,,2023-07-01T04:47:29,2023-07-01T21:20:58,0.43,"Rain, Partially cloudy",Partly cloudy throughout the day with rain clearing later.,rain,"03769099999,03680099999,D5621,03781099999,03672099999,D4121,03772099999,03770099999"
london,2023-07-02,20.1,13.6,17.2,20.1,13.6,17.2,8,55.9,0,0,0,,0,0,43.2,29.2,264.6,1011.3,36.6,15.9,140.8,12.3,6,,2023-07-02T04:48:11,2023-07-02T21:20:37,0.47,Partially cloudy,Partly cloudy throughout the day.,partly-cloudy-day,"03769099999,03680099999,D5621,03781099999,03672099999,03684099999,F6665,03772099999,03770099999"
london,2023-07-03,21.1,12.5,16.5,21.1,12.5,16.5,8.5,60.1,0.002,100,4.17,rain,0,0,45,34.2,255.7,1010.8,49.8,18.6,135.8,11.8,7,,2023-07-03T04:48:55,2023-07-03T21:20:14,0.5,"Rain, Partially cloudy",Partly cloudy throughout the day with afternoon rain.,rain,"03769099999,03680099999,D5621,03781099999,03672099999,03772099999,03770099999"
london,2023-07-04,18.8,13.1,15.4,18.8,13.1,15.4,10.9,75.5,0.111,100,33.33,rain,0,0,30,17.7,247.3,1010,80.9,15.9,66.1,5.8,3,,2023-07-04T04:49:41,2023-07-04T21:19:48,0.53,"Rain, Partially cloudy",Partly cloudy throughout the day with rain.,rain,"03769099999,03680099999,D5621,03781099999,03672099999,03684099999,03768099999,03772099999,03770099999"
london,2023-07-05,20.5,10.6,15.8,20.5,10.6,15.8,9.8,70.7,0.024,100,29.17,rain,0,0,37.1,25.5,268.4,1010.7,66.4,21.9,119.4,10.4,7,,2023-07-05T04:50:30,2023-07-05T21:19:18,0.57,"Rain, Partially cloudy",Partly cloudy throughout the day with a chance of rain throughout the day.,rain,"03769099999,03680099999,D5621,03781099999,03672099999,03684099999,03772099999,03770099999"
london,2023-07-06,21.6,11.6,17.2,21.6,11.6,17.2,8.8,59.8,0.198,100,4.17,rain,0,0,41.4,20.2,224.7,1015.8,44,22.3,174.4,15,10,,2023-07-06T04:51:21,2023-07-06T21:18:46,0.6,"Rain, Partially cloudy",Partly cloudy throughout the day with morning rain.,rain,"03769099999,EGWU,EGLL,03768399999,03781099999,03672099999,03684099999,03768099999,03772099999,03680099999,D5621,EGLC,03770099999"
london,2023-07-07,29.6,12.1,21.5,28.8,12.1,21.2,10.5,52.7,0,0,0,,0,0,33.5,18.7,138.4,1015.2,35.2,22.5,240.3,20.5,9,,2023-07-07T04:52:14,2023-07-07T21:18:10,0.64,Partially cloudy,Partly cloudy throughout the day.,partly-cloudy-day,"03769099999,03680099999,D5621,03781099999,03672099999,03684099999,03772099999,03770099999"
london,2023-07-08,25.1,19.1,21.7,25.1,19.1,21.7,16,70.8,0.012,100,25,rain,0,0,25.3,14.2,157.2,1014.7,57.7,19.3,87.2,7.5,3,,2023-07-08T04:53:10,2023-07-08T21:17:32,0.67,"Rain, Partially cloudy",Partly cloudy throughout the day with rain.,rain,"03769099999,03680099999,D5621,03781099999,03672099999,03684099999,03772099999,03770099999"
london,2023-07-09,23.1,17.1,19.7,23.1,17.1,19.7,13.6,69.4,0,0,0,,0,0,32.6,21.6,219.5,1018.8,46.8,18.8,114,10,5,,2023-07-09T04:54:08,2023-07-09T21:16:51,0.71,Partially cloudy,Partly cloudy throughout the day.,partly-cloudy-day,"03769099999,03680099999,D5621,03781099999,03672099999,03772099999,03770099999"
london,2023-07-10,23.8,15,19.5,23.8,15,19.5,12.7,66.2,0,0,0,,0,0,41.9,25.9,207.8,1019,48.8,17.6,238.2,20.5,10,,2023-07-10T04:55:08,2023-07-10T21:16:07,0.75,Partially cloudy,Partly cloudy throughout the day.,partly-cloudy-day,"03769099999,03680099999,D5621,03781099999,03672099999,03684099999,03768099999,03772099999,03770099999"
london,2023-07-11,22.8,17.6,19.8,22.8,17.6,19.8,13.4,67.3,0.203,100,4.17,rain,0,0,43.7,28.6,220,1010.1,84,19.3,141,12.1,9,,2023-07-11T04:56:10,2023-07-11T21:15:19,0.78,"Rain, Partially cloudy",Partly cloudy throughout the day with morning rain.,rain,"03769099999,03680099999,D5621,03781099999,03672099999,03772099999,03770099999"
london,2023-07-12,21.6,14.8,18.2,21.6,14.8,18.2,12.3,69.3,0.003,100,8.33,rain,0,0,35.2,24.8,249.3,1011.3,56.5,18.6,216.7,18.8,9,,2023-07-12T04:57:14,2023-07-12T21:14:30,0.81,"Rain, Partially cloudy",Partly cloudy throughout the day with afternoon rain.,rain,"03769099999,03680099999,D5621,03781099999,03672099999,F6665,03684099999,03772099999,03770099999"
london,2023-07-13,22,14,17.7,22,14,17.7,12.3,71.2,0.22,100,20.83,rain,0,0,31.7,20.6,238,1015.8,49.8,20.1,136.3,11.8,5,,2023-07-13T04:58:19,2023-07-13T21:13:37,0.85,"Rain, Partially cloudy",Partly cloudy throughout the day with rain.,rain,"03769099999,03680099999,03768399999,F6665,03768099999,03781099999,03672099999,03684099999,EGLC,03772099999,03770099999"
london,2023-07-14,18.6,15.1,16.9,18.6,15.1,16.9,14.3,84.2,0.077,100,41.67,rain,0,0,46.5,21.7,170.5,1008.6,75.7,13.4,39.7,3.4,1,,2023-07-14T04:59:27,2023-07-14T21:12:41,0.88,"Rain, Partially cloudy",Partly cloudy throughout the day with rain.,rain,"03769099999,03680099999,D5621,03781099999,03684099999,03672099999,03772099999,03770099999"
london,2023-07-15,21.1,16.1,18.2,21.1,16.1,18.2,12.4,70,7.148,100,16.67,rain,0,0,61.7,40.6,216.3,1000.8,87.1,14.3,201.8,17.3,10,,2023-07-15T05:00:37,2023-07-15T21:11:43,0.92,"Rain, Partially cloudy",Partly cloudy throughout the day with a chance of rain throughout the day.,rain,"03769099999,03680099999,D5621,03781099999,03672099999,03684099999,03772099999,03770099999"
london,2023-07-16,21.1,14.6,17.7,21.1,14.6,17.7,10.5,63.9,0.005,100,12.5,rain,0,0,48.7,32.7,235.1,1009.1,70,17.1,178,15.2,8,,2023-07-16T05:01:48,2023-07-16T21:10:43,0.95,"Rain, Partially cloudy",Partly cloudy throughout the day with rain.,rain,"03769099999,03680099999,D5621,03781099999,03672099999,03772099999,03770099999"
london,2023-07-17,22.6,13,17.5,22.6,13,17.5,11.5,70.4,2.587,100,20.83,rain,0,0,35.3,25.4,246.2,1017.3,30.9,19.3,216.7,18.8,9,,2023-07-17T05:03:01,2023-07-17T21:09:39,0,"Rain, Partially cloudy",Partly cloudy throughout the day with rain.,rain,"03769099999,03680099999,D5621,03781099999,03672099999,03684099999,03772099999,03770099999"
london,2023-07-18,23.1,12.3,18.2,23.1,12.3,18.2,10.8,63.8,0,0,0,,0,0,25.5,18.3,228.1,1018,49.2,22,141,12.2,8,,2023-07-18T05:04:15,2023-07-18T21:08:33,0.02,Partially cloudy,Partly cloudy throughout the day.,partly-cloudy-day,"03769099999,03680099999,D5621,03781099999,03672099999,03684099999,03772099999,03770099999"
london,2023-07-19,23.1,15.6,19,23.1,15.6,19,12,65.6,0.794,100,4.17,rain,0,0,26,20.9,279.2,1014.9,74.8,21.5,135.2,11.7,5,,2023-07-19T05:05:31,2023-07-19T21:07:25,0.06,"Rain, Partially cloudy",Partly cloudy throughout the day with morning rain.,rain,"03769099999,03680099999,D5621,03781099999,03672099999,03684099999,03768099999,F6665,03772099999,03770099999"
london,2023-07-20,22,14.6,18.6,22,14.6,18.6,9.2,55.9,0.198,100,4.17,rain,0,0,20.3,13.2,317,1015.2,47.8,26.9,108.2,9.4,5,,2023-07-20T05:06:48,2023-07-20T21:06:14,0.09,"Rain, Partially cloudy",Partly cloudy throughout the day with morning rain.,rain,"03769099999,03680099999,D5621,03781099999,03672099999,03768099999,03761099999,03684099999,EGLC,03658099999,03772099999,03770099999"
london,2023-07-21,19.6,11.3,15.9,19.6,11.3,15.9,8.8,63.5,0,0,0,,0,0,26.2,19,285.5,1013.9,48.4,24.2,133.3,11.5,8,,2023-07-21T05:08:07,2023-07-21T21:05:00,0.12,Partially cloudy,Partly cloudy throughout the day.,partly-cloudy-day,"03769099999,03680099999,D5621,03781099999,03672099999,03684099999,03768099999,03772099999"
london,2023-07-22,17.9,12.4,14.8,17.9,12.4,14.8,12.2,84.6,6.055,100,45.83,rain,0,0,46,26.5,219.4,1010.6,85.4,17.6,70.5,6,3,,2023-07-22T05:09:27,2023-07-22T21:03:44,0.16,"Rain, Partially cloudy",Partly cloudy throughout the day with rain.,rain,"03769099999,03680099999,D5621,03781099999,03672099999,03684099999,03772099999"
london,2023-07-23,22.1,15.5,18.5,22.1,15.5,18.5,14.6,79.3,4.281,100,50,rain,0,0,43.8,27.2,227.2,1003,70.8,22.4,155.7,13.5,8,,2023-07-23T05:10:48,2023-07-23T21:02:26,0.19,"Rain, Partially cloudy",Partly cloudy throughout the day with a chance of rain throughout the day.,rain,"03769099999,03680099999,D5621,03781099999,03672099999,03684099999,03772099999"
london,2023-07-24,16.2,13.9,15.2,16.2,13.9,15.2,12.7,85.1,1.178,100,45.83,rain,0,0,23.7,18.3,341.8,1005.3,84.5,18,47.8,3.9,1,,2023-07-24T05:12:10,2023-07-24T21:01:06,0.22,"Rain, Partially cloudy",Partly cloudy throughout the day with rain.,rain,"03769099999,03680099999,D5621,03768399999,03781099999,03672099999,03684099999,03761099999,EGLC,03658099999,03772099999"
london,2023-07-25,19.6,11.8,15.8,19.6,11.8,15.8,9.1,67.3,0.059,100,4.17,rain,0,0,26.8,18.6,304.6,1010.3,54.2,24.7,129,11.2,9,,2023-07-25T05:13:34,2023-07-25T20:59:43,0.25,"Rain, Partially cloudy",Partly cloudy throughout the day with early morning rain.,rain,"03769099999,03680099999,D5621,03781099999,03672099999,03684099999,03772099999,03770099999"
london,2023-07-26,22.3,10.6,16.2,22.3,10.6,16.2,10,69.9,7.005,100,20.83,rain,0,0,33.9,23.3,223,1011.9,42.3,22.8,174.4,15.1,9,,2023-07-26T05:14:58,2023-07-26T20:58:19,0.29,"Rain, Partially cloudy",Partly cloudy throughout the day with late afternoon rain.,rain,"03769099999,03680099999,D5621,03781099999,03672099999,03772099999,03770099999"
london,2023-07-27,22.1,16.1,19.3,22.1,16.1,19.3,16.6,85,2.417,100,29.17,rain,0,0,48.3,22.5,230.6,1003.5,94.4,12.4,77.5,6.7,3,,2023-07-27T05:16:24,2023-07-27T20:56:52,0.32,"Rain, Overcast",Cloudy skies throughout the day with rain clearing later.,rain,"03769099999,EGWU,03781099999,03672099999,03684099999,03768099999,03658099999,03772099999,03680099999,D5621,F6665,03761099999,EGLC,03770099999"
london,2023-07-28,22.6,17.3,19.4,22.6,17.3,19.4,14.8,75,0,0,0,,0,0,37.1,22.5,242.2,1005.8,89.7,25,86.5,7.7,3,,2023-07-28T05:17:50,2023-07-28T20:55:23,0.36,Partially cloudy,Partly cloudy throughout the day.,partly-cloudy-day,"03769099999,03680099999,D5621,03781099999,03672099999,03772099999,03770099999"
london,2023-07-29,22.8,16.3,19.1,22.8,16.3,19.1,12.7,67.9,0.201,100,8.33,rain,0,0,37.6,26.3,245.2,1006.2,68.1,21.7,116.8,10.3,9,,2023-07-29T05:19:17,2023-07-29T20:53:52,0.39,"Rain, Partially cloudy",Partly cloudy throughout the day with morning rain.,rain,"03769099999,03680099999,D5621,03781099999,03672099999,03684099999,F6665,03772099999,03770099999"
london,2023-07-30,20.3,14.8,17.4,20.3,14.8,17.4,13.1,76.4,0.227,100,20.83,rain,0,0,38.9,28.6,240.7,1010.5,77.5,16.7,131.8,11.5,7,,2023-07-30T05:20:45,2023-07-30T20:52:19,0.42,"Rain, Partially cloudy",Partly cloudy throughout the day with rain.,rain,"03769099999,03680099999,D5621,03781099999,03672099999,03772099999,03770099999"
london,2023-07-31,20.5,16.1,18.1,20.5,16.1,18.1,14.7,81.1,11.741,100,29.17,rain,0,0,38.9,27.7,241.7,1004.7,78.9,17.6,57.4,5,2,,2023-07-31T05:22:14,2023-07-31T20:50:44,0.46,"Rain, Partially cloudy",Partly cloudy throughout the day with a chance of rain throughout the day.,rain,"03769099999,03680099999,D5621,03781099999,03672099999,03772099999,03770099999"
london,2023-08-01,23,14.3,17.9,23,14.3,17.9,12.3,71.7,0.993,100,4.17,rain,0,0,38.4,23.4,253.4,1001.3,67.7,20.3,116.5,10,6,,2023-08-01T05:23:43,2023-08-01T20:49:07,0.5,"Rain, Partially cloudy",Partly cloudy throughout the day with morning rain.,rain,"03769099999,03680099999,D5621,03781099999,03672099999,03772099999,03770099999"
london,2023-08-02,18.8,15.6,17.1,18.8,15.6,17.1,14.9,86.9,7.306,100,75,rain,0,0,46.2,29.7,229.8,988.7,86.6,14.5,98,8.4,5,,2023-08-02T05:25:14,2023-08-02T20:47:28,0.52,"Rain, Partially cloudy",Partly cloudy throughout the day with a chance of rain throughout the day.,rain,"03769099999,03680099999,D5621,03781099999,03672099999,03684099999,03772099999,03770099999"
london,2023-08-03,20.5,15.3,18,20.5,15.3,18,12,69.1,5.766,100,16.67,rain,0,0,29.4,17.6,319.1,1004,74.5,22.6,122.6,10.6,8,,2023-08-03T05:26:44,2023-08-03T20:45:48,0.56,"Rain, Partially cloudy",Partly cloudy throughout the day with rain clearing later.,rain,"03769099999,03680099999,D5621,03781099999,03672099999,03772099999,03770099999"
london,2023-08-04,19.5,15.1,17.1,19.5,15.1,17.1,12,72.1,0,0,0,,0,0,24.1,17.5,301.9,1016.6,77.8,22.3,97,8.3,9,,2023-08-04T05:28:16,2023-08-04T20:44:06,0.59,Partially cloudy,Partly cloudy throughout the day.,partly-cloudy-day,"03769099999,03680099999,D5621,03781099999,03672099999,03684099999,03772099999,03770099999"
london,2023-08-05,18.5,13.1,15.2,18.5,13.1,15.2,12.3,83,0.079,100,54.17,rain,0,0,43,25.7,238,1008.1,88.7,15.3,56.9,4.8,2,,2023-08-05T05:29:47,2023-08-05T20:42:22,0.63,"Rain, Partially cloudy",Partly cloudy throughout the day with rain.,rain,"03769099999,03680099999,D5621,03781099999,03672099999,F6665,03772099999,03770099999"
london,2023-08-06,20.3,11,15.8,20.3,11,15.8,9.7,68.1,6.162,100,12.5,rain,0,0,36.6,20.7,306.9,1016.1,50.5,24.3,137.2,12,9,,2023-08-06T05:31:20,2023-08-06T20:40:37,0.66,"Rain, Partially cloudy",Partly cloudy throughout the day with a chance of rain throughout the day.,rain,"03769099999,03680099999,D5621,03781099999,03672099999,03684099999,03772099999,03770099999"
london,2023-08-07,21.7,11.1,16.5,21.7,11.1,16.5,9.6,66.1,0,0,0,,0,0,36,22.8,272.9,1019.3,23.7,24.5,130.8,11.3,8,,2023-08-07T05:32:52,2023-08-07T20:38:50,0.69,Partially cloudy,Partly cloudy throughout the day.,partly-cloudy-day,"03769099999,EGWU,EGLL,03768399999,03781099999,03672099999,03684099999,03768099999,03772099999,03680099999,D5621,EGLC,03770099999"
london,2023-08-08,17.5,12.5,15.2,17.5,12.5,15.2,12.8,85.4,0.018,100,29.17,rain,0,0,33.5,19.7,244,1015.2,79.4,14.5,59.2,4.9,2,,2023-08-08T05:34:25,2023-08-08T20:37:01,0.75,"Rain, Partially cloudy",Partly cloudy throughout the day with rain.,rain,"03769099999,03680099999,D5621,03781099999,03672099999,03684099999,03772099999,03770099999"
london,2023-08-09,24,12.6,18.1,24,12.6,18.1,12.4,72.1,2.983,100,12.5,rain,0,0,21.9,13.8,259.9,1017.5,35.9,19.4,151.5,13,8,,2023-08-09T05:35:59,2023-08-09T20:35:11,0.76,"Rain, Partially cloudy",Partly cloudy throughout the day with a chance of rain throughout the day.,rain,"03769099999,03680099999,D5621,03781099999,03672099999,03684099999,03772099999,03770099999"
london,2023-08-10,26.6,14.5,20.7,26.6,14.5,20.7,14.3,68.4,0,0,0,,0,0,29.9,17.2,188.7,1019,23.1,23,134,11.6,7,,2023-08-10T05:37:33,2023-08-10T20:33:19,0.8,Partially cloudy,Becoming cloudy in the afternoon.,partly-cloudy-day,"03769099999,EGWU,EGLL,03768399999,03781099999,03672099999,03684099999,03658099999,03772099999,03680099999,D5621,03761099999,EGLC,03770099999"
london,2023-08-11,24.6,18.6,21.1,24.6,18.6,21.1,15.6,71.1,0,0,0,,0,0,34.9,20.3,220.4,1017.3,70.7,18.6,127.3,11.1,9,,2023-08-11T05:39:07,2023-08-11T20:31:27,0.83,Partially cloudy,Partly cloudy throughout the day.,partly-cloudy-day,"03769099999,03680099999,D5621,03781099999,03672099999,03684099999,03772099999,03770099999"
london,2023-08-12,21.1,15.1,18.6,21.1,15.1,18.6,13.4,72.1,0,0,0,,0,0,44.6,27.6,221.6,1014.4,75.7,14.8,112.3,9.6,7,,2023-08-12T05:40:41,2023-08-12T20:29:32,0.87,Partially cloudy,Partly cloudy throughout the day.,partly-cloudy-day,"03769099999,03680099999,D5621,03781099999,03672099999,03772099999,03770099999"
london,2023-08-13,22.6,16.3,18.7,22.6,16.3,18.7,12.6,68.6,0.003,100,12.5,rain,0,0,39.3,26.9,224.1,1013.7,73,19.6,92.8,7.9,4,,2023-08-13T05:42:15,2023-08-13T20:27:37,0.9,"Rain, Partially cloudy",Partly cloudy throughout the day with morning rain.,rain,"03769099999,03680099999,D5621,03781099999,03672099999,03684099999,03772099999,03770099999"
london,2023-08-14,21.6,15.6,18.5,21.6,15.6,18.5,14.7,78.7,0.027,100,16.67,rain,0,0,37.5,24.3,195.7,1010.9,82.8,15.6,90.6,7.7,6,,2023-08-14T05:43:50,2023-08-14T20:25:40,0.93,"Rain, Partially cloudy",Partly cloudy throughout the day with rain.,rain,"03769099999,03680099999,D5621,03781099999,03672099999,03772099999,03770099999"
london,2023-08-15,24.6,13,18.6,24.6,13,18.6,13.1,71.9,0,0,0,,0,0,26.8,16,250.6,1015.5,35.3,22.5,161.3,13.7,8,,2023-08-15T05:45:25,2023-08-15T20:23:42,0.97,Partially cloudy,Partly cloudy throughout the day.,partly-cloudy-day,"03769099999,03680099999,D5621,03781099999,03672099999,03684099999,03772099999,03770099999"
london,2023-08-16,26.3,14.6,20,26.3,14.6,20,12.4,64.8,0.198,100,4.17,rain,0,0,23.2,14,69.1,1020,10.9,18.8,139.8,11.9,8,,2023-08-16T05:47:00,2023-08-16T20:21:42,0,Rain,Clear conditions throughout the day with afternoon rain.,rain,"03769099999,03680099999,D5621,03781099999,03672099999,03684099999,03772099999,03770099999"
london,2023-08-17,23.5,16.8,19.7,23.5,16.8,19.7,14.3,72.3,0,0,0,,0,0,43.6,24.5,85.5,1019.5,49.8,13.7,79.3,7,7,,2023-08-17T05:48:35,2023-08-17T20:19:42,0.04,Partially cloudy,Partly cloudy throughout the day.,partly-cloudy-day,"03769099999,EGWU,EGLL,03768399999,03781099999,03672099999,03684099999,03768099999,03772099999,03680099999,D5621,03761099999,EGLC,03770099999"
london,2023-08-18,22.8,18.1,20.2,22.8,18.1,20.2,16.6,79.8,0.026,100,16.67,rain,0,0,29.5,22.3,98.9,1013.4,88.5,10.1,81.9,7.1,6,,2023-08-18T05:50:11,2023-08-18T20:17:40,0.07,"Rain, Partially cloudy",Partly cloudy throughout the day with rain.,rain,"03769099999,03680099999,D5621,03781099999,03672099999,03684099999,03768099999,03772099999,03770099999"
london,2023-08-19,23.5,17.6,20.4,23.5,17.6,20.4,15.3,73.6,0.011,100,8.33,rain,0,0,38,26.9,216.4,1013.3,62.7,15.4,142.7,12.2,8,,2023-08-19T05:51:46,2023-08-19T20:15:38,0.1,"Rain, Partially cloudy",Partly cloudy throughout the day with rain clearing later.,rain,"03769099999,03680099999,D5621,03781099999,03672099999,03684099999,03772099999,03770099999"
london,2023-08-20,24.8,15.3,19.8,24.8,15.3,19.8,13.7,69.7,0,0,0,,0,0,31.2,19.6,227,1021.4,42.6,19.4,109,9.4,8,,2023-08-20T05:53:22,2023-08-20T20:13:34,0.14,Partially cloudy,Partly cloudy throughout the day.,partly-cloudy-day,"03769099999,03680099999,D5621,03781099999,03672099999,03772099999,03770099999"
london,2023-08-21,24.1,15.3,19.3,24.1,15.3,19.3,13.9,72.7,0,0,0,,0,0,26.8,16.6,229.8,1023.1,56.1,17.2,103.4,8.9,8,,2023-08-21T05:54:57,2023-08-21T20:11:30,0.17,Partially cloudy,Partly cloudy throughout the day.,partly-cloudy-day,"03769099999,03680099999,D5621,03781099999,03672099999,03684099999,03772099999,03770099999"
london,2023-08-22,26,15.6,20,26,15.6,20,13.6,68.6,0,0,0,,0,0,27.8,20.5,251.5,1020.4,38.6,19.2,128.3,11,8,,2023-08-22T05:56:33,2023-08-22T20:09:24,0.21,Partially cloudy,Partly cloudy throughout the day.,partly-cloudy-day,"03769099999,03680099999,D5621,03781099999,03672099999,03684099999,03772099999,03770099999"
london,2023-08-23,27.6,15.3,21.1,27.4,15.3,21.1,13,62.5,0,0,0,,0,0,17.5,10.9,251.3,1019.4,30.3,22.4,132.3,11.6,7,,2023-08-23T05:58:08,2023-08-23T20:07:18,0.24,Partially cloudy,Partly cloudy throughout the day.,partly-cloudy-day,"03769099999,03680099999,D5621,03781099999,03672099999,03684099999,03768099999,03772099999,03770099999"
london,2023-08-24,24.5,17.6,20.3,24.5,17.6,20.3,15.5,74.9,0.005,100,16.67,rain,0,0,26.6,13.5,251.7,1012.1,49.8,16.9,94,8.1,7,,2023-08-24T05:59:44,2023-08-24T20:05:10,0.25,"Rain, Partially cloudy",Partly cloudy throughout the day with rain.,rain,"03769099999,EGWU,EGLL,03768399999,03781099999,03672099999,03684099999,03768099999,03772099999,03680099999,D5621,03761099999,EGLC,03770099999"
london,2023-08-25,21.1,14.8,17.7,21.1,14.8,17.7,9.5,60.2,2.982,100,4.17,rain,0,0,31.3,21.3,274.1,1009.6,62.3,19.5,234.3,20.2,9,,2023-08-25T06:01:20,2023-08-25T20:03:02,0.31,"Rain, Partially cloudy",Partly cloudy throughout the day with late afternoon rain.,rain,"03769099999,03768399999,03781099999,03672099999,03684099999,03768099999,03658099999,03772099999,03680099999,D5621,F6665,EGLC,03770099999"
london,2023-08-26,19.3,12.5,15,19.3,12.5,15,11.9,82.8,10.543,100,16.67,rain,0,0,29.2,19.3,242.8,1008.3,55.8,15.5,202.7,17.5,9,,2023-08-26T06:02:55,2023-08-26T20:00:53,0.34,"Rain, Partially cloudy",Partly cloudy throughout the day with rain.,rain,"03769099999,03680099999,D5621,F6665,03672099999,03684099999,03772099999,03770099999"
london,2023-08-27,19.8,11.6,15.7,19.8,11.6,15.7,10.7,74.3,0,0,0,,0,0,29.1,24.2,283.3,1010.4,46.1,15.8,106.3,9.3,9,,2023-08-27T06:04:31,2023-08-27T19:58:43,0.38,Partially cloudy,Partly cloudy throughout the day.,partly-cloudy-day,"03769099999,EGWU,03680099999,EGLL,D5621,03672099999,03684099999,03768099999,EGLC,03772099999,03770099999"
london,2023-08-28,20.5,11.3,15.9,20.5,11.3,15.9,10.2,70.8,0,0,0,,0,0,21.6,17.4,313.8,1014.2,45.6,19.1,80.8,7,5,,2023-08-28T06:06:07,2023-08-28T19:56:33,0.41,Partially cloudy,Partly cloudy throughout the day.,partly-cloudy-day,"03769099999,03680099999,D5621,03672099999,03684099999,03772099999,03770099999"
london,2023-08-29,20.3,14.6,16.9,20.3,14.6,16.9,10.7,68.4,0.201,100,12.5,rain,0,0,24.1,20.6,242.4,1012,73.1,16.8,92,7.9,6,,2023-08-29T06:07:42,2023-08-29T19:54:22,0.45,"Rain, Partially cloudy",Partly cloudy throughout the day with late afternoon rain.,rain,"03769099999,03680099999,D5621,03672099999,03684099999,03772099999,03770099999"
london,2023-08-30,20.6,11.5,15.8,20.6,11.5,15.8,9.6,68.3,0.002,100,8.33,rain,0,0,25.9,20.7,291.1,1008.3,38.4,15.3,92,8,4,,2023-08-30T06:09:18,2023-08-30T19:52:10,0.48,"Rain, Partially cloudy",Partly cloudy throughout the day with rain.,rain,"03769099999,03680099999,D5621,03672099999,03684099999,03772099999,03770099999"
london,2023-08-31,17.4,11.8,14.6,17.4,11.8,14.6,11.2,80.7,0.4,100,16.67,rain,0,0,22.3,14.1,180.3,1009.6,68.8,13.6,79.8,6.9,3,,2023-08-31T06:10:54,2023-08-31T19:49:57,0.5,"Rain, Partially cloudy",Partly cloudy throughout the day with rain.,rain,"03769099999,EGWU,03680099999,D5621,03672099999,03684099999,03768099999,03761099999,EGLC,03658099999,03772099999,03770099999"
london,2023-09-01,22.3,14.6,18.4,22.3,14.6,18.4,15.4,83,0.232,100,33.33,rain,0,0,16.6,10.2,21.8,1010.3,83.8,14.3,57.8,5.3,2,,2023-09-01T06:12:29,2023-09-01T19:47:44,0.55,"Rain, Partially cloudy",Partly cloudy throughout the day with a chance of rain throughout the day.,rain,"03769099999,03680099999,D5621,03672099999,03684099999,03768099999,03781099999,03772099999,03770099999"
london,2023-09-02,23.5,17.3,19.7,23.5,17.3,19.7,15.4,76.8,0,0,0,,0,0,23.7,16,66.3,1020,63.5,17.6,68.5,5.9,3,,2023-09-02T06:14:05,2023-09-02T19:45:31,0.58,Partially cloudy,Partly cloudy throughout the day.,partly-cloudy-day,"03769099999,03680099999,D5621,03781099999,03672099999,03772099999,03770099999"
london,2023-09-03,26.6,14.1,19.8,26.6,14.1,19.8,14.7,74.5,0,0,0,,0,0,15.2,11.8,67.6,1026.5,24.2,11.2,131.7,11.4,7,,2023-09-03T06:15:40,2023-09-03T19:43:17,0.61,Partially cloudy,Partly cloudy throughout the day.,partly-cloudy-day,"03769099999,03680099999,D5621,03781099999,03672099999,03684099999,03772099999,03770099999"
london,2023-09-04,29,16.6,21.6,28.5,16.6,21.5,14.2,67.2,0,0,0,,0,0,25.5,18.3,81.5,1022.7,9.5,17,123.9,10.6,7,,2023-09-04T06:17:16,2023-09-04T19:41:02,0.65,Clear,Clear conditions throughout the day.,clear-day,"03769099999,03680099999,D5621,03781099999,03672099999,03772099999,03770099999"
london,2023-09-05,29.2,16.1,21.9,28.8,16.1,21.9,14.5,65.7,0,0,0,,0,0,30.6,20.8,78.9,1017.2,8.4,15.8,108.5,9.4,7,,2023-09-05T06:18:51,2023-09-05T19:38:47,0.68,Clear,Clear conditions throughout the day.,clear-day,"03769099999,EGWU,03680099999,EGLL,D5621,03781099999,03672099999,03684099999,EGLC,03772099999,03770099999"
london,2023-09-06,30.8,16.6,23.1,31,16.6,23.2,16.1,67,0,0,0,,0,0,14.8,8.4,56.6,1018.4,0.1,11.9,161.3,14,6,,2023-09-06T06:20:27,2023-09-06T19:36:31,0.75,Clear,Clear conditions throughout the day.,clear-day,"03769099999,03680099999,D5621,03781099999,03672099999,03684099999,F6665,03768099999,EGLC,03772099999,03770099999"
london,2023-09-07,31.1,18.3,24.1,30.5,18.3,24,16.6,66.7,0,0,0,,0,0,22,14.8,64.3,1016.9,2.1,11.1,112.9,9.9,6,,2023-09-07T06:22:02,2023-09-07T19:34:15,0.75,Clear,Clear conditions throughout the day.,clear-day,"03769099999,EGWU,03768399999,03672099999,03684099999,03768099999,03781099999,03658099999,03772099999,03680099999,D5621,03761099999,EGLC,03770099999"
london,2023-09-08,30.1,18.3,23.7,30.7,18.3,23.8,17.1,69,0,0,0,,0,0,13,10.1,246.8,1016.2,28,18.3,91.3,8,4,,2023-09-08T06:23:38,2023-09-08T19:31:59,0.78,Partially cloudy,Partly cloudy throughout the day.,partly-cloudy-day,"03769099999,03680099999,D5621,03672099999,03684099999,03781099999,03768099999,EGLC,03772099999,03770099999"
london,2023-09-09,32.6,18.1,25.2,32.5,18.1,25.1,16.2,61,0,0,0,,0,0,14.8,8.3,305.1,1015.6,7.8,17.8,104.5,9,6,,2023-09-09T06:25:13,2023-09-09T19:29:42,0.81,Clear,Clear conditions throughout the day.,clear-day,"03769099999,03680099999,D5621,03781099999,03672099999,03684099999,03768099999,03772099999,03770099999"
london,2023-09-10,30.6,19.8,23.9,32.1,19.8,24.1,17.5,69,0,0,0,,0,0,25.9,19.8,219.2,1014.8,8.5,16.2,110.8,9.6,6,,2023-09-10T06:26:49,2023-09-10T19:27:25,0.85,Clear,Clear conditions throughout the day.,clear-day,"03769099999,03680099999,D5621,03781099999,03672099999,03684099999,03772099999,03770099999"
london,2023-09-11,25.6,19.1,21.6,25.6,19.1,21.6,15.9,71.5,0,0,0,,0,0,23.2,18.4,242.8,1013.2,72.9,17.8,100.3,8.6,6,,2023-09-11T06:28:25,2023-09-11T19:25:08,0.88,Partially cloudy,Partly cloudy throughout the day.,partly-cloudy-day,"03769099999,03680099999,D5621,03781099999,03672099999,03772099999,03770099999"
london,2023-09-12,23.1,16.5,19.8,23.1,16.5,19.8,15.6,77.2,0.019,100,8.33,rain,0,0,23.2,15.4,273.2,1013.6,81.9,18.8,56.3,4.7,3,,2023-09-12T06:30:00,2023-09-12T19:22:50,0.91,"Rain, Partially cloudy",Partly cloudy throughout the day with late afternoon rain.,rain,"03769099999,03680099999,D5621,03781099999,03672099999,03684099999,03772099999,03770099999"
london,2023-09-13,20.6,14.3,17,20.6,14.3,17,11.5,70.9,0.206,100,8.33,rain,0,0,30.3,18.8,19.3,1020.7,84.4,20.6,70.5,6.2,4,,2023-09-13T06:31:36,2023-09-13T19:20:33,0.95,"Rain, Partially cloudy",Partly cloudy throughout the day with rain clearing later.,rain,"03769099999,03680099999,D5621,03781099999,03672099999,03684099999,03772099999,03770099999"
london,2023-09-14,24.1,13.6,18,24.1,13.6,18,11.4,68.3,0,0,0,,0,0,31.7,12.7,215.9,1020.6,26,18.7,124.3,11,7,,2023-09-14T06:33:11,2023-09-14T19:18:15,0.98,Partially cloudy,Partly cloudy throughout the day.,partly-cloudy-day,"03769099999,EGWU,EGLL,03768399999,03781099999,03672099999,03768099999,03684099999,03772099999,03680099999,D5621,03761099999,EGLC,03770099999"
london,2023-09-15,26.6,12.6,18.7,26.6,12.6,18.7,12.9,72.3,0,0,0,,0,0,25,10.9,141.5,1014.8,12.7,19.7,115.1,10.2,6,,2023-09-15T06:34:47,2023-09-15T19:15:57,0,Clear,Clear conditions throughout the day.,clear-day,"03769099999,03680099999,D5621,03781099999,03672099999,03684099999,03772099999,03770099999"
london,2023-09-16,27.1,14.6,20.2,27.1,14.6,20.2,13.6,69.5,0,0,0,,0,0,24.6,15.9,63.8,1012.8,25.1,18.8,111.8,9.7,6,,2023-09-16T06:36:23,2023-09-16T19:13:38,0.05,Partially cloudy,Partly cloudy throughout the day.,partly-cloudy-day,"03769099999,03680099999,D5621,03781099999,03672099999,03684099999,03772099999,03770099999"
london,2023-09-17,20.8,17,18.7,20.8,17,18.7,15.7,83.2,0.033,100,16.67,rain,0,0,30.9,23.1,81.3,1010.5,81.4,10.1,45,4.1,2,,2023-09-17T06:37:59,2023-09-17T19:11:20,0.08,"Rain, Partially cloudy",Partly cloudy throughout the day with rain.,rain,"03769099999,03680099999,D5621,03781099999,03672099999,03772099999,03770099999"
london,2023-09-18,20.1,14.5,17.4,20.1,14.5,17.4,13.5,79,14.16,100,37.5,rain,0,0,49.6,38.2,232.4,1002.1,69.5,17.3,63.2,5.4,3,,2023-09-18T06:39:35,2023-09-18T19:09:01,0.12,"Rain, Partially cloudy",Partly cloudy throughout the day with a chance of rain throughout the day.,rain,"03769099999,03680099999,D5621,03781099999,03672099999,03772099999,03770099999"
london,2023-09-19,19,13.3,16.6,19,13.3,16.6,12.8,78.1,0.4,100,4.17,rain,0,0,57.6,34.9,226.7,1005.9,78.9,13.5,49.3,4.2,2,,2023-09-19T06:41:11,2023-09-19T19:06:43,0.15,"Rain, Partially cloudy",Partly cloudy throughout the day with morning rain.,rain,"03769099999,EGWU,03680099999,EGLL,D5621,03781099999,03672099999,EGLC,03772099999,03770099999"
london,2023-09-20,20.6,14.5,17.9,20.6,14.5,17.9,14.5,81,0.152,100,33.33,rain,0,0,66.5,38.7,212.3,998.8,97.3,13.2,42.8,3.8,4,,2023-09-20T06:42:47,2023-09-20T19:04:24,0.19,"Rain, Overcast",Cloudy skies throughout the day with rain.,rain,"EGWU,03769099999,EGLL,03680099999,D5621,03781099999,03684099999,03672099999,F6665,EGLC,03772099999,03770099999"
london,2023-09-21,18.6,11.5,14.1,18.6,11.5,14.1,11.4,85,25.267,100,25,rain,0,0,19.6,14.6,215,995.6,59.5,19.1,72.5,6.2,4,,2023-09-21T06:44:23,2023-09-21T19:02:06,0.22,"Rain, Partially cloudy",Partly cloudy throughout the day with rain.,rain,"03769099999,03680099999,D5621,F6665,03781099999,03672099999,03772099999,03770099999"
london,2023-09-22,18.1,10.6,13.5,18.1,10.6,13.5,9.7,79.8,7.942,100,8.33,rain,0,0,26.4,20.3,270.9,1000.9,46.9,20.1,79.1,6.8,6,,2023-09-22T06:45:59,2023-09-22T18:59:47,0.25,"Rain, Partially cloudy",Partly cloudy throughout the day with rain clearing later.,rain,"03769099999,03680099999,D5621,03781099999,03672099999,03684099999,03768099999,03772099999,03770099999"
london,2023-09-23,17.8,9,13.3,17.8,7.1,13,7.6,70.6,0.399,100,4.17,rain,0,0,25.5,18.5,254.3,1015.1,26.1,24.2,100.8,8.5,7,,2023-09-23T06:47:36,2023-09-23T18:57:29,0.29,"Rain, Partially cloudy",Becoming cloudy in the afternoon with morning rain.,rain,"03769099999,03680099999,D5621,03781099999,03672099999,03684099999,03772099999,03770099999"
london,2023-09-24,20.1,12.3,16.6,20.1,12.3,16.6,11.8,73.1,0,0,0,,0,0,45.5,27.1,183.8,1017.8,60.2,19.2,49.6,4.3,2,,2023-09-24T06:49:12,2023-09-24T18:55:11,0.33,Partially cloudy,Partly cloudy throughout the day.,partly-cloudy-day,"03769099999,03680099999,D5621,03781099999,03672099999,03772099999,03770099999"
london,2023-09-25,22.6,15.6,18.5,22.6,15.6,18.5,12.7,70.5,0,0,0,,0,0,39.3,23.2,217.4,1018.3,53.4,15.2,88.5,7.5,5,,2023-09-25T06:50:49,2023-09-25T18:52:52,0.36,Partially cloudy,Partly cloudy throughout the day.,partly-cloudy-day,"03769099999,03680099999,D5621,03781099999,03672099999,03684099999,03772099999,03770099999"
london,2023-09-26,23.5,13.8,18.3,23.5,13.8,18.3,13.5,76,0,0,0,,0,0,41.2,25,204.3,1017,57.8,15.4,77,6.6,5,,2023-09-26T06:52:26,2023-09-26T18:50:34,0.4,Partially cloudy,Partly cloudy throughout the day.,partly-cloudy-day,"03769099999,03680099999,D5621,03781099999,03672099999,03684099999,03772099999,03770099999"
london,2023-09-27,21.3,14.3,18,21.3,14.3,18,14.1,79,0,0,0,,0,0,44.7,32.2,182.3,1013.7,72.2,14.4,62.6,5.3,4,,2023-09-27T06:54:03,2023-09-27T18:48:16,0.43,Partially cloudy,Partly cloudy throughout the day.,partly-cloudy-day,"03769099999,03680099999,D5621,03781099999,03672099999,03772099999,03770099999"
london,2023-09-28,19.1,15.6,17.2,19.1,15.6,17.2,11.7,70.3,0.001,100,4.17,rain,0,0,47.5,25.2,214.8,1012.9,84.5,13.7,56.4,4.9,2,,2023-09-28T06:55:40,2023-09-28T18:45:59,0.47,"Rain, Partially cloudy",Partly cloudy throughout the day with late afternoon rain.,rain,"03769099999,EGWU,EGLL,03768399999,03781099999,03672099999,03684099999,03768099999,03658099999,03772099999,03693099999,03680099999,D5621,03761099999,EGLC,03770099999"
london,2023-09-29,20,14.1,17.5,20,14.1,17.5,12.2,72.9,1.221,100,29.17,rain,0,0,40.7,22.4,270.2,1017.3,51.1,18.6,80,6.7,6,,2023-09-29T06:57:18,2023-09-29T18:43:41,0.5,"Rain, Partially cloudy",Clearing in the afternoon with rain clearing later.,rain,"03769099999,03680099999,D5621,03781099999,03672099999,03768099999,EGLC,03772099999,03770099999,03693099999"
london,2023-09-30,20.1,11.6,15.5,20.1,11.6,15.5,10.7,74,0,0,0,,0,0,28.7,20.4,200.9,1024.4,62.2,17.3,66.2,5.8,3,,2023-09-30T06:58:56,2023-09-30T18:41:24,0.53,Partially cloudy,Partly cloudy throughout the day.,partly-cloudy-day,"03769099999,03680099999,D5621,03781099999,03672099999,03772099999,03770099999"
london,2023-10-01,22.1,15.6,18.6,22.1,15.6,18.6,15.3,80.9,0,0,0,,0,0,26.4,17.3,212.3,1020.1,74.2,14.3,56.5,4.9,3,,2023-10-01T07:00:33,2023-10-01T18:39:07,0.57,Partially cloudy,Partly cloudy throughout the day.,partly-cloudy-day,"03769099999,03680099999,D5621,03781099999,03672099999,03772099999,03770099999"
london,2023-10-02,20.1,16.1,17.7,20.1,16.1,17.7,15.7,88.3,0.01,100,4.17,rain,0,0,26.7,16.8,168.9,1016,92.4,9.7,41.5,3.6,2,,2023-10-02T07:02:12,2023-10-02T18:36:51,0.6,"Rain, Overcast",Cloudy skies throughout the day with late afternoon rain.,rain,"03769099999,03680099999,D5621,03781099999,03672099999,03772099999,03770099999"
london,2023-10-03,18.3,12.6,15.5,18.3,12.6,15.5,10.7,74,0.604,100,8.33,rain,0,0,42.1,26,269.1,1018.1,54.9,20.7,62.1,5.3,5,,2023-10-03T07:03:50,2023-10-03T18:34:34,0.63,"Rain, Partially cloudy",Partly cloudy throughout the day with rain.,rain,"03769099999,03680099999,D5621,03768399999,03781099999,03672099999,03761099999,EGLC,03658099999,03772099999,03770099999"
london,2023-10-04,18,11.1,14.3,18,11.1,14.3,9.7,75.3,0.198,100,4.17,rain,0,0,47.9,24.4,246.5,1025.8,47.6,19.2,65.5,5.6,4,,2023-10-04T07:05:29,2023-10-04T18:32:19,0.66,"Rain, Partially cloudy",Partly cloudy throughout the day with morning rain.,rain,"03769099999,EGWU,03680099999,EGLL,D5621,03781099999,03672099999,03768099999,EGLC,03772099999,03770099999"
london,2023-10-05,18.5,13.3,15.3,18.5,13.3,15.3,10.3,72.1,0,0,0,,0,0,33.8,19.3,233.9,1024.2,62.7,19.6,51.7,4.4,3,,2023-10-05T07:07:07,2023-10-05T18:30:03,0.7,Partially cloudy,Partly cloudy throughout the day.,partly-cloudy-day,"03769099999,EGWU,03680099999,EGLL,D5621,03781099999,03672099999,03768099999,03684099999,EGLC,03772099999,03770099999"
london,2023-10-06,21,14.1,16.7,21,14.1,16.7,12.3,76,0,0,0,,0,0,29.1,23.3,235.5,1023,38.6,17.9,53.6,4.6,3,,2023-10-06T07:08:47,2023-10-06T18:27:48,0.75,Partially cloudy,Partly cloudy throughout the day.,partly-cloudy-day,"03769099999,03680099999,D5621,03781099999,03672099999,03772099999,03770099999"
london,2023-10-07,24.1,15,18.5,24.1,15,18.5,13.4,73,0,0,0,,0,0,30.7,22.3,233.1,1022.8,24.7,17.6,65.1,5.7,4,,2023-10-07T07:10:26,2023-10-07T18:25:34,0.76,Partially cloudy,Partly cloudy throughout the day.,partly-cloudy-day,"03769099999,03680099999,D5621,03781099999,03672099999,03772099999,03770099999"
london,2023-10-08,25.1,13.1,18.1,25.1,13.1,18.1,12.8,73.3,0,0,0,,0,0,19.2,14.1,239.5,1023.9,18.7,20.9,55.5,4.7,3,,2023-10-08T07:12:06,2023-10-08T18:23:20,0.79,Clear,Clear conditions throughout the day.,clear-day,"03769099999,03680099999,D5621,03781099999,03672099999,03772099999,03770099999"
london,2023-10-09,24.8,13.6,17.7,24.8,13.6,17.7,13.3,77,0,0,0,,0,0,15.3,9.6,249.7,1021.4,11.5,18.6,57.3,4.9,3,,2023-10-09T07:13:46,2023-10-09T18:21:07,0.83,Clear,Clear conditions throughout the day.,clear-day,"03769099999,03680099999,D5621,03781099999,03672099999,03772099999,03770099999"
london,2023-10-10,23.8,12.6,17.4,23.8,12.6,17.4,13.6,79.7,0,0,0,,0,0,33.4,21.8,228.2,1017.2,16.4,14,62.2,5.4,4,,2023-10-10T07:15:26,2023-10-10T18:18:54,0.86,Clear,Clear conditions throughout the day.,clear-day,"03769099999,03680099999,D5621,03781099999,03672099999,03772099999,03770099999"
london,2023-10-11,20.3,15.1,17.4,20.3,15.1,17.4,14.3,82.6,0.009,100,8.33,rain,0,0,34.4,21.2,220.6,1012.8,87.5,10.4,35.7,3.1,2,,2023-10-11T07:17:07,2023-10-11T18:16:42,0.89,"Rain, Partially cloudy",Partly cloudy throughout the day with late afternoon rain.,rain,"03769099999,03680099999,D5621,03781099999,03672099999,03772099999,03770099999"
london,2023-10-12,16.1,13.2,14.9,16.1,13.2,14.9,14.1,94.4,0.057,100,33.33,rain,0,0,26.4,13.5,260.5,1011.6,97.9,8.3,22.7,1.9,1,,2023-10-12T07:18:48,2023-10-12T18:14:31,0.93,"Rain, Overcast",Cloudy skies throughout the day with rain.,rain,"03769099999,EGWU,EGLL,03768399999,03781099999,03672099999,03684099999,03768099999,03772099999,03680099999,D5621,EGLC,03770099999"
london,2023-10-13,20.6,10.5,17.1,20.6,10.5,17.1,14.4,84.4,0.104,100,50,rain,0,0,55.8,34.3,229.8,1002,84.4,12,31.7,2.7,2,,2023-10-13T07:20:29,2023-10-13T18:12:20,0.96,"Rain, Partially cloudy",Partly cloudy throughout the day with a chance of rain throughout the day.,rain,"03769099999,03680099999,D5621,03781099999,03672099999,03772099999,03770099999"
london,2023-10-14,14.5,7.6,10.2,14.5,5.4,9.1,5.8,75.1,3.189,100,12.5,rain,0,0.1,26.8,17.6,287.9,1016.3,17.3,22.2,54.3,4.8,4,,2023-10-14T07:22:10,2023-10-14T18:10:10,0,Rain,Clear conditions throughout the day with rain.,rain,"03769099999,03680099999,D5621,03781099999,03672099999,03772099999,03770099999"
london,2023-10-15,11.1,4.5,7.5,11.1,3,6.6,1.8,69.4,0,0,0,,0,0,21.9,14.6,333.9,1025.3,4,24.6,57.1,5,4,,2023-10-15T07:23:52,2023-10-15T18:08:01,0.03,Clear,Clear conditions throughout the day.,clear-day,"03769099999,03680099999,D5621,03781099999,03672099999,03772099999,03770099999"
london,2023-10-16,12.6,3.3,8.5,12.6,3.3,8.4,3.8,73.5,0,0,0,,0,0,25,15,68.5,1021.8,48.9,24.4,47.3,4.1,2,,2023-10-16T07:25:34,2023-10-16T18:05:52,0.06,Partially cloudy,Partly cloudy throughout the day.,partly-cloudy-day,"03769099999,03680099999,D5621,03781099999,03672099999,03772099999,03770099999"
london,2023-10-17,15.1,10.8,12.6,15.1,10.8,12.6,6.3,65.6,0,0,0,,0,0,41.1,31.4,90.9,1014.2,51.5,22.6,51,4.5,4,,2023-10-17T07:27:17,2023-10-17T18:03:45,0.1,Partially cloudy,Partly cloudy throughout the day.,partly-cloudy-day,"03769099999,EGWU,03680099999,D5621,03882099999,03768399999,03781099999,03672099999,03684099999,EGLC,03772099999,03770099999"
london,2023-10-18,16.6,12.1,13.4,16.6,12.1,13.4,10.3,81.7,0.089,100,37.5,rain,0,0,49.6,31.2,105.5,995.5,74.5,13.2,29.3,2.5,2,,2023-10-18T07:28:59,2023-10-18T18:01:38,0.13,"Rain, Partially cloudy",Partly cloudy throughout the day with rain.,rain,"03769099999,03680099999,D5621,03781099999,03672099999,F6665,03772099999,03770099999"
london,2023-10-19,18.6,14.8,16.4,18.6,14.8,16.4,14.2,86.8,11.155,100,45.83,rain,0,0,59,26.3,180.1,983.7,91.6,12.5,46.5,4,3,,2023-10-19T07:30:42,2023-10-19T17:59:33,0.17,"Rain, Overcast",Cloudy skies throughout the day with a chance of rain throughout the day.,rain,"03769099999,03680099999,D5621,03781099999,03672099999,03772099999,03770099999"
london,2023-10-20,18,13.1,14.9,18,13.1,14.9,13.2,89.9,23.405,100,29.17,rain,0,0,25,16.1,223.3,976.6,78.7,17,23.1,2.1,2,,2023-10-20T07:32:26,2023-10-20T17:57:28,0.2,"Rain, Partially cloudy",Partly cloudy throughout the day with rain clearing later.,rain,"03769099999,03680099999,D5621,03781099999,03672099999,03772099999,03770099999"
london,2023-10-21,16.5,10.6,13.4,16.5,10.6,13.4,11.9,90.6,0.047,100,50,rain,0,0,32.1,16.4,231.8,984,86.5,13.4,39,3.3,2,,2023-10-21T07:34:09,2023-10-21T17:55:24,0.24,"Rain, Partially cloudy",Partly cloudy throughout the day with a chance of rain throughout the day.,rain,"03769099999,03680099999,D5621,03781099999,03672099999,03772099999,03770099999"
london,2023-10-22,16.1,7.1,10.9,16.1,6,10.4,7.4,80.7,11.711,100,4.17,rain,0,0,23.2,15.8,225.2,1004.4,18.7,23.7,61,5.3,4,,2023-10-22T07:35:53,2023-10-22T17:53:22,0.25,Rain,Clear conditions throughout the day with morning rain.,rain,"03769099999,03680099999,D5621,03781099999,03672099999,03772099999,03770099999"
london,2023-10-23,15,8.5,11.7,15,8.2,11.5,9.7,88.3,0,0,0,,0,0,29.2,17.5,98,1007.5,34.2,15.6,41.8,3.7,2,,2023-10-23T07:37:38,2023-10-23T17:51:20,0.31,Partially cloudy,Partly cloudy throughout the day.,partly-cloudy-day,"03769099999,03680099999,D5621,03781099999,03672099999,03768099999,EGLC,03772099999,03770099999"
london,2023-10-24,15.1,8.5,11.1,15.1,7.6,11,8.8,86.6,0.035,100,20.83,rain,0,0,24.6,14.9,244.2,1001,58.5,16.9,39.9,3.4,4,,2023-10-24T07:39:22,2023-10-24T17:49:20,0.34,"Rain, Partially cloudy",Partly cloudy throughout the day with rain clearing later.,rain,"03769099999,03680099999,D5621,03781099999,03672099999,03772099999,03770099999"
london,2023-10-25,14.6,8.8,11.1,14.6,8.1,11.1,8.7,85.8,2.789,100,29.17,rain,0,0,21.4,14.1,49.9,995.9,64.1,11.7,35,3,2,,2023-10-25T07:41:07,2023-10-25T17:47:20,0.38,"Rain, Partially cloudy",Partly cloudy throughout the day with rain clearing later.,rain,"03769099999,03680099999,D5621,03781099999,03672099999,03772099999,03770099999"
london,2023-10-26,16,10,12.2,16,10,12.2,10,86.9,2.808,100,25,rain,0,0,22.7,15.6,183.7,991.3,64.8,12.6,45,3.8,3,,2023-10-26T07:42:52,2023-10-26T17:45:22,0.42,"Rain, Partially cloudy",Partly cloudy throughout the day with a chance of rain throughout the day.,rain,"03769099999,03680099999,D5621,03781099999,03672099999,03772099999,03770099999"
london,2023-10-27,15.1,8.1,10.6,15.1,8.1,10.6,8.8,89.2,1.398,100,25,rain,0,0,30.4,15.9,197.2,990.1,51.1,15.3,36.9,3.1,4,,2023-10-27T07:44:37,2023-10-27T17:43:26,0.45,"Rain, Partially cloudy",Partly cloudy throughout the day with rain.,rain,"03769099999,03680099999,D5621,03781099999,03672099999,F6665,03772099999,03770099999"
london,2023-10-28,15.1,9.6,12.1,15.1,8.5,12,10.1,87.9,2.26,100,50,rain,0,0,37.1,18.4,166.3,987.7,69.5,14.5,41.3,3.4,3,,2023-10-28T07:46:22,2023-10-28T17:41:30,0.5,"Rain, Partially cloudy",Partly cloudy throughout the day with rain.,rain,"03769099999,03680099999,D5621,03781099999,03672099999,03772099999,03770099999"
london,2023-10-29,12.3,9.5,10.7,12.3,7.5,10.5,9,89.2,7.058,100,54.17,rain,0,0,41.5,20.7,211.3,987.9,57.8,16.2,26.4,2.3,2,,2023-10-29T06:48:08,2023-10-29T16:39:36,0.52,"Rain, Partially cloudy",Partly cloudy throughout the day with a chance of rain throughout the day.,rain,"03769099999,03680099999,D5621,03781099999,03672099999,03772099999,03770099999"
london,2023-10-30,15,8.1,11.1,15,7.2,11.1,9.2,88.4,4.048,100,50,rain,0,0,27.7,13,198.5,995.1,47.8,13.8,20.8,1.8,1,,2023-10-30T06:49:54,2023-10-30T16:37:43,0.55,"Rain, Partially cloudy",Partly cloudy throughout the day with a chance of rain throughout the day.,rain,"03769099999,03680099999,D5621,03781099999,03672099999,03684099999,03772099999,03770099999"
london,2023-10-31,14.6,6.6,10.7,14.6,6.6,10.7,9.1,90.5,0.013,100,20.83,rain,0,0,30.8,17.6,219.5,1000.1,63.5,16.3,31.5,2.6,2,,2023-10-31T06:51:39,2023-10-31T16:35:52,0.59,"Rain, Partially cloudy",Partly cloudy throughout the day with rain.,rain,"03769099999,03680099999,D5621,03781099999,03672099999,03772099999,03770099999"
london,2023-11-01,14.1,9.8,12.4,14.1,6.8,12.3,9.8,84.5,7.432,100,66.67,rain,0,0,48.3,26.9,195.3,990.8,74,12.7,21.9,1.8,2,,2023-11-01T06:53:25,2023-11-01T16:34:02,0.62,"Rain, Partially cloudy",Partly cloudy throughout the day with a chance of rain throughout the day.,rain,"03769099999,03680099999,D5621,03781099999,03672099999,03772099999,03770099999"
london,2023-11-02,11.6,9.1,10.4,11.6,5.6,9.3,8.6,88.9,14.06,100,79.17,rain,0,0,60.4,35.7,249.7,966.7,92.7,11.1,16.7,1.2,1,,2023-11-02T06:55:12,2023-11-02T16:32:14,0.65,"Rain, Overcast",Cloudy skies throughout the day with a chance of rain throughout the day.,rain,"03769099999,03680099999,D5621,03781099999,03672099999,03772099999,03770099999"
london,2023-11-03,14.1,7.3,9.9,14.1,4.9,8.2,7,82.2,0.03,100,20.83,rain,0,0,34.8,24.2,243,981.7,49.2,18.5,24.5,2.2,1,,2023-11-03T06:56:58,2023-11-03T16:30:28,0.68,"Rain, Partially cloudy",Partly cloudy throughout the day with a chance of rain throughout the day.,rain,"03769099999,03680099999,D5621,03781099999,03672099999,03772099999,03770099999"
london,2023-11-04,13.5,5.6,9.1,13.5,3.6,7.9,7.7,90.7,1.839,100,50,rain,0,0,37.2,22.9,172.3,970.3,65.4,11.5,19.2,1.6,1,,2023-11-04T06:58:44,2023-11-04T16:28:43,0.71,"Rain, Partially cloudy",Partly cloudy throughout the day with rain.,rain,"03769099999,03680099999,D5621,03781099999,03672099999,03772099999,03770099999"
london,2023-11-05,13.6,8.6,10.2,13.6,5.9,8.9,7.1,82.3,0.011,100,12.5,rain,0,0,41.1,27.5,266.1,980.5,62.6,17.5,43.1,3.8,3,,2023-11-05T07:00:30,2023-11-05T16:27:00,0.75,"Rain, Partially cloudy",Partly cloudy throughout the day with rain.,rain,"03769099999,03680099999,D5621,03781099999,03672099999,03772099999,03770099999"
london,2023-11-06,13.3,7.6,10,13.3,5.2,8.8,6.4,79.1,0.993,100,4.17,rain,0,0,33.9,24.2,238.3,998.4,30,17.1,43.7,3.7,3,,2023-11-06T07:02:16,2023-11-06T16:25:18,0.78,"Rain, Partially cloudy",Partly cloudy throughout the day with morning rain.,rain,"03769099999,EGWU,03680099999,EGLL,D5621,03781099999,03672099999,EGLC,03772099999,03770099999"
london,2023-11-07,12.5,6,8.6,12.5,3.7,7.1,6.1,84.5,0,0,0,,0,0,33,22.3,244,1008.2,20.6,20,46.5,4,3,,2023-11-07T07:04:02,2023-11-07T16:23:38,0.81,Partially cloudy,Becoming cloudy in the afternoon.,partly-cloudy-day,"03769099999,03680099999,D5621,03781099999,03672099999,03772099999,03770099999"
london,2023-11-08,13.1,6.6,9.5,13.1,4.4,8.7,8.1,90.8,0.04,100,50,rain,0,0,56.2,28.4,218.6,1004.6,70.5,11.9,14.5,1.1,1,,2023-11-08T07:05:48,2023-11-08T16:22:01,0.84,"Rain, Partially cloudy",Partly cloudy throughout the day with rain.,rain,"03769099999,03680099999,D5621,03781099999,03672099999,F6665,03772099999,03770099999"
london,2023-11-09,11.1,5.8,8.2,11.1,3.4,6.5,5.6,83.9,4.973,100,25,rain,0,0,29.4,23.6,221.9,996.9,57.9,17.4,34.4,3,3,,2023-11-09T07:07:33,2023-11-09T16:20:25,0.87,"Rain, Partially cloudy",Partly cloudy throughout the day with a chance of rain throughout the day.,rain,"03769099999,03680099999,D5621,03781099999,03672099999,03772099999,03770099999"
london,2023-11-10,9.5,4.6,7.5,8.6,1.5,5.4,4.9,83.6,0.013,100,20.83,rain,0,0,33,17.9,271.6,996.3,57.6,18.4,21.8,2,1,,2023-11-10T07:09:19,2023-11-10T16:18:51,0.91,"Rain, Partially cloudy",Partly cloudy throughout the day with a chance of rain throughout the day.,rain,"03769099999,EGWU,03680099999,EGLL,D5621,03768399999,03781099999,03672099999,03768099999,EGLC,03772099999,03770099999"
london,2023-11-11,11.1,3.1,5.8,11.1,0.7,4.6,3.8,87.9,0.596,100,4.17,rain,0,0,20.9,14.1,281.1,1006.7,14.2,18.6,41,3.6,3,,2023-11-11T07:11:04,2023-11-11T16:17:19,0.94,Rain,Clear conditions throughout the day with morning rain.,rain,"03769099999,03680099999,D5621,03781099999,03672099999,03772099999,03770099999"
london,2023-11-12,10.1,5.1,8,10.1,3.3,6.9,6.5,90.2,0.203,100,20.83,rain,0,0,22.7,13.3,125.8,1003.5,82.4,14.3,19.2,1.7,1,,2023-11-12T07:12:49,2023-11-12T16:15:49,0.97,"Rain, Partially cloudy",Partly cloudy throughout the day with a chance of rain throughout the day.,rain,"03769099999,03680099999,D5621,03781099999,03672099999,03772099999,03770099999"
london,2023-11-13,15.5,9.7,12.5,15.5,7.9,12.3,9,80.3,16.975,100,45.83,rain,0,0,62.1,38.6,236.1,998.6,80.4,11,23,1.9,1,,2023-11-13T07:14:33,2023-11-13T16:14:21,0,"Rain, Partially cloudy",Partly cloudy throughout the day with a chance of rain throughout the day.,rain,"03769099999,03680099999,D5621,03781099999,03672099999,03684099999,03772099999,03770099999"
london,2023-11-14,12.6,9.3,10.8,12.6,6.8,10.1,8.7,86.7,10.21,100,29.17,rain,0,0,42,27.9,244.9,1004.4,49.4,12.4,10,0.9,0,,2023-11-14T07:16:17,2023-11-14T16:12:56,0.04,"Rain, Partially cloudy",Partly cloudy throughout the day with a chance of rain throughout the day.,rain,"03769099999,EGWU,03680099999,EGLL,D5621,03781099999,03672099999,EGLC,03772099999,03770099999"
london,2023-11-15,12,5.5,9,12,4.1,7.2,6,82.5,0.198,100,4.17,rain,0,0,46.8,28.7,257.1,1016,23.6,17.5,35.3,3.2,2,,2023-11-15T07:18:01,2023-11-15T16:11:33,0.08,"Rain, Partially cloudy",Partly cloudy throughout the day with morning rain.,rain,"03769099999,03680099999,D5621,03768399999,03781099999,03672099999,F6665,03768099999,EGLC,03772099999,03770099999"
london,2023-11-16,8.6,5.5,7.2,7.2,4.3,5.9,5.4,88.6,0.01,100,25,rain,0,0,18.7,11,338.9,1013.9,76.3,11.2,11.2,0.9,1,,2023-11-16T07:19:43,2023-11-16T16:10:12,0.11,"Rain, Partially cloudy",Partly cloudy throughout the day with rain.,rain,"03769099999,03680099999,D5621,03781099999,03672099999,03772099999,03770099999"
london,2023-11-17,11,3.6,7.1,11,1.3,5.7,5.2,88.5,0.597,100,8.33,rain,0,0,18.7,15.5,233.2,1019.6,39,15.8,26.4,2.3,2,,2023-11-17T07:21:26,2023-11-17T16:08:53,0.15,"Rain, Partially cloudy",Partly cloudy throughout the day with rain clearing later.,rain,"03769099999,03680099999,D5621,03781099999,03672099999,03772099999,03770099999"
london,2023-11-18,14.8,8.6,12.4,14.8,6.1,12,11,90.8,3.221,100,58.33,rain,0,0,43.2,24.1,209.6,1011.1,93.6,10,9.4,0.8,1,,2023-11-18T07:23:07,2023-11-18T16:07:37,0.18,"Rain, Overcast",Cloudy skies throughout the day with a chance of rain throughout the day.,rain,"03769099999,03680099999,D5621,03781099999,03672099999,03772099999,03770099999"
london,2023-11-19,14.1,11.1,12.4,14.1,11.1,12.4,8.7,78.2,1.392,100,4.17,rain,0,0,52.3,31.2,239.5,1007.6,77.6,13.9,23.7,2,3,,2023-11-19T07:24:48,2023-11-19T16:06:23,0.22,"Rain, Partially cloudy",Partly cloudy throughout the day with morning rain.,rain,"03769099999,03680099999,D5621,03781099999,03672099999,03772099999,03770099999"
london,2023-11-20,12.1,8.3,10.4,12.1,6,9.8,7.6,82.7,0.206,100,16.67,rain,0,0,31.2,20.4,272.2,1009.4,75,15.3,22.5,1.9,1,,2023-11-20T07:26:28,2023-11-20T16:05:12,0.25,"Rain, Partially cloudy",Partly cloudy throughout the day with morning rain.,rain,"03769099999,03680099999,D5621,03781099999,03672099999,03772099999,03770099999"
london,2023-11-21,11.1,8.6,10.2,11.1,7.1,9.4,7.6,84.1,0.4,100,16.67,rain,0,0,36.7,19.8,355.5,1022.5,95.8,16.3,8.6,0.7,0,,2023-11-21T07:28:07,2023-11-21T16:04:03,0.29,"Rain, Overcast",Cloudy skies throughout the day with rain.,rain,"03769099999,03680099999,D5621,03781099999,03672099999,03772099999,03770099999"
london,2023-11-22,10.6,5.3,8.3,10.6,4.1,7.4,6.2,86.5,0,0,0,,0,0,24.1,15.8,255,1029.6,52.7,15.8,18,1.6,1,,2023-11-22T07:29:45,2023-11-22T16:02:57,0.33,Partially cloudy,Partly cloudy throughout the day.,partly-cloudy-day,"03769099999,03680099999,D5621,03781099999,03672099999,03772099999,03770099999"
london,2023-11-23,13.5,7.1,10.6,13.5,4.2,9.8,8.4,86.3,0,0,0,,0,0,36.7,25.7,268.5,1024.7,49.4,19.8,20.6,1.9,2,,2023-11-23T07:31:22,2023-11-23T16:01:53,0.36,Partially cloudy,Clearing in the afternoon.,partly-cloudy-day,"03769099999,03680099999,D5621,03781099999,03672099999,03772099999,03770099999"
london,2023-11-24,11.6,4,8.1,11.6,1.4,6.2,0.8,60.3,0,0,0,,0,0,45.6,24.7,329.2,1021.3,61.7,21.8,15.3,1.4,1,,2023-11-24T07:32:57,2023-11-24T16:00:53,0.4,Partially cloudy,Partly cloudy throughout the day.,partly-cloudy-day,"03769099999,03680099999,D5621,03781099999,03672099999,03772099999,03770099999"
london,2023-11-25,6.3,0.1,3.2,3.7,-2.2,1,-1.2,73.4,0,0,0,,0,0,24.1,17,304.1,1021.3,5.9,19.1,23.2,2.1,3,,2023-11-25T07:34:32,2023-11-25T15:59:55,0.43,Clear,Clear conditions throughout the day.,clear-day,"03769099999,03680099999,D5621,03781099999,03672099999,03772099999,03770099999"
london,2023-11-26,8.4,0.6,4.1,7.3,0.6,3.3,2.7,90.7,0.028,100,25,rain,0,0,29,14.8,189.3,1015,80.9,9.5,14.3,1.3,1,,2023-11-26T07:36:05,2023-11-26T15:59:00,0.47,"Rain, Partially cloudy",Partly cloudy throughout the day with late afternoon rain.,rain,"03769099999,03680099999,D5621,03781099999,03672099999,03772099999,03770099999"
london,2023-11-27,10.1,5.6,8.1,10.1,2.5,5.6,6.7,90.8,7.381,100,45.83,rain,0,0,34.4,19.3,293.2,1000.3,95.5,13.9,8.8,0.7,0,,2023-11-27T07:37:37,2023-11-27T15:58:07,0.5,"Rain, Overcast",Cloudy skies throughout the day with a chance of rain throughout the day.,rain,"03769099999,03680099999,D5621,03781099999,03684099999,03672099999,03772099999,03770099999"
london,2023-11-28,7.1,2.6,5.2,5.2,-0.7,2.9,2.5,82.7,2.384,100,4.17,rain,0,0,26.4,15,311.9,1008.9,48.8,17.5,21.5,1.8,3,,2023-11-28T07:39:07,2023-11-28T15:57:18,0.54,"Rain, Partially cloudy",Partly cloudy throughout the day with morning rain.,rain,"03769099999,03680099999,D5621,03781099999,03672099999,03772099999,03770099999"
london,2023-11-29,6.1,1.8,3.8,5.2,-0.3,2.9,0.2,78.1,0,0,0,,0,0,17.1,10.1,356.6,1004.7,54,14.2,27.4,2.5,2,,2023-11-29T07:40:36,2023-11-29T15:56:32,0.57,Partially cloudy,Partly cloudy throughout the day.,partly-cloudy-day,"03769099999,03680099999,D5621,03781099999,03672099999,03772099999,03770099999"
london,2023-11-30,4.8,-0.9,1.9,2.1,-4.2,-0.6,-0.8,82.4,0,0,0,,0,0,23.2,13.8,39.1,1002.9,32.3,12.4,17.9,1.7,2,,2023-11-30T07:42:03,2023-11-30T15:55:49,0.6,Partially cloudy,Partly cloudy throughout the day.,partly-cloudy-day,"03769099999,03680099999,D5621,03781099999,03672099999,03772099999,03770099999"
london,2023-12-01,4.1,0,1.5,1.7,-3.4,-1,-0.6,86.3,0.001,100,4.17,rain,0,0,20.5,11.3,12.6,1008.1,50.1,9,15.3,1.3,1,,2023-12-01T07:43:28,2023-12-01T15:55:08,0.63,"Rain, Partially cloudy",Partly cloudy throughout the day with afternoon rain.,rain,"03769099999,03680099999,D5621,03781099999,03672099999,03772099999,03770099999"
london,2023-12-02,0.6,-2.3,-0.5,-0.9,-5,-2.8,-1.5,92.7,0,0,0,,0,0,20.1,9,296.5,1015.6,91.9,5.1,15.7,1.3,1,,2023-12-02T07:44:52,2023-12-02T15:54:31,0.66,Overcast,Cloudy skies throughout the day.,cloudy,"03769099999,03680099999,D5621,03781099999,03672099999,03772099999,03770099999"
london,2023-12-03,8.1,-0.9,5.4,5.8,-3.4,3,4.3,92,0.422,100,45.83,rain,0,0,30,17.8,167.9,1010.3,85.4,11.4,11.8,1,1,,2023-12-03T07:46:14,2023-12-03T15:53:57,0.7,"Rain, Partially cloudy",Partly cloudy throughout the day with rain.,rain,"03769099999,03680099999,D5621,03781099999,03672099999,03772099999,03770099999"
london,2023-12-04,7.8,6.1,6.8,5.6,2.4,4,5.6,92,5.425,100,66.67,rain,0,0,37.5,21,113.9,997.2,98.8,7.3,4.5,0.5,0,,2023-12-04T07:47:33,2023-12-04T15:53:27,0.73,"Rain, Overcast",Cloudy skies throughout the day with a chance of rain throughout the day.,rain,"03769099999,03680099999,D5621,03781099999,03672099999,03772099999,03770099999"
london,2023-12-05,7.5,5.6,6.3,5.3,3.3,4.1,4.6,88.5,2.4,100,41.67,rain,0,0,23.7,12.6,343.6,1008,95.5,9.2,13,1.2,1,,2023-12-05T07:48:51,2023-12-05T15:52:59,0.75,"Rain, Overcast",Cloudy skies throughout the day with a chance of rain throughout the day.,rain,"03769099999,03680099999,D5621,03781099999,03672099999,03772099999,03770099999"
london,2023-12-06,6.8,0.4,3.8,6.1,0.4,2.6,2,88.1,0,0,0,,0,0,21.9,11.1,87.6,1017.1,52.8,12.8,18.7,1.5,2,,2023-12-06T07:50:06,2023-12-06T15:52:35,0.79,Partially cloudy,Partly cloudy throughout the day.,partly-cloudy-day,"03769099999,03680099999,D5621,03781099999,03672099999,03772099999,03770099999"
london,2023-12-07,8.6,5.1,7.2,7,2.2,4.2,4.8,84.5,1.611,100,37.5,rain,0,0,44.6,23.4,153.1,1007.1,85.1,13.3,9.8,0.9,1,,2023-12-07T07:51:19,2023-12-07T15:52:14,0.82,"Rain, Partially cloudy",Partly cloudy throughout the day with a chance of rain throughout the day.,rain,"03769099999,03680099999,D5621,03781099999,03672099999,03772099999,03770099999"
london,2023-12-08,11.6,6,8.8,11.6,4.1,7.3,6.8,87.9,0.01,100,8.33,rain,0,0,29.4,18.5,219.7,1004.3,35.5,10.1,20,1.7,2,,2023-12-08T07:52:30,2023-12-08T15:51:56,0.86,"Rain, Partially cloudy",Partly cloudy throughout the day with rain clearing later.,rain,"03769099999,03680099999,D5621,03781099999,03672099999,03772099999,03770099999"
london,2023-12-09,13.6,8.1,10.3,13.6,5.8,9,6.9,80.1,1.659,100,37.5,rain,0,0,67,42.5,239.4,996.7,66.7,12.9,10.9,1,1,,2023-12-09T07:53:38,2023-12-09T15:51:42,0.89,"Rain, Partially cloudy",Partly cloudy throughout the day with a chance of rain throughout the day.,rain,"03769099999,03680099999,D5621,03781099999,03672099999,03772099999,03770099999"
london,2023-12-10,11.8,7.7,9.8,11.8,4.5,8.3,6.6,80.7,7.757,100,16.67,rain,0,0,52.7,34.3,237.3,1001.5,45.3,13,7.7,0.7,0,,2023-12-10T07:54:44,2023-12-10T15:51:31,0.92,"Rain, Partially cloudy",Partly cloudy throughout the day with rain in the morning and afternoon.,rain,"03769099999,03680099999,D5621,03781099999,03672099999,03772099999,03770099999"
london,2023-12-11,11.1,6.3,9.6,11.1,5,8.9,6,78.3,1.987,100,4.17,rain,0,0,56.7,36.7,255.6,1003.3,74.3,15.8,21.2,1.9,2,,2023-12-11T07:55:47,2023-12-11T15:51:23,0.95,"Rain, Partially cloudy",Partly cloudy throughout the day with morning rain.,rain,"03769099999,03680099999,D5621,03781099999,03672099999,03684099999,03772099999,03770099999"
london,2023-12-12,11.6,7.8,9.4,11.6,5.8,8.1,8.4,93.9,5.645,100,41.67,rain,0,0,29.2,16.4,198.6,997.8,83.9,12.1,13.7,1.1,1,,2023-12-12T07:56:48,2023-12-12T15:51:19,0,"Rain, Partially cloudy",Partly cloudy throughout the day with a chance of rain throughout the day.,rain,"03769099999,03680099999,D5621,03781099999,03672099999,03684099999,03768099999,EGLC,03772099999,03770099999"
london,2023-12-13,8.6,6.5,7.8,6.9,3.4,5.1,5.8,87.6,6.165,100,25,rain,0,0,55.4,24.6,332.2,1002.7,97.6,13.3,8.5,0.7,1,,2023-12-13T07:57:46,2023-12-13T15:51:19,0.02,"Rain, Overcast",Cloudy skies throughout the day with a chance of rain throughout the day.,rain,"03769099999,03680099999,D5621,03781099999,03672099999,03684099999,03772099999,03770099999"
london,2023-12-14,8.1,4,6,7.1,1.6,4.5,4.5,89.9,0.598,100,12.5,rain,0,0,22.3,13.1,264.9,1021.5,77.9,12.5,12.5,1.1,1,,2023-12-14T07:58:41,2023-12-14T15:51:21,0.05,"Rain, Partially cloudy",Partly cloudy throughout the day with rain.,rain,"03769099999,03680099999,D5621,03781099999,03684099999,03672099999,03772099999,03770099999"
london,2023-12-15,9.1,5.1,7.5,7.8,3.9,6.2,4.8,83.5,0,0,0,,0,0,20.1,13.2,243.8,1035.5,75.2,14.6,12.9,0.9,1,,2023-12-15T07:59:33,2023-12-15T15:51:28,0.09,Partially cloudy,Partly cloudy throughout the day.,partly-cloudy-day,"03769099999,03680099999,D5621,03781099999,03672099999,03772099999,03770099999"
london,2023-12-16,11.1,6.6,10,11.1,4,9.2,8.3,88.6,0,0,0,,0,0,36.6,22.3,239.1,1038.5,94.1,13.1,9.3,0.8,1,,2023-12-16T08:00:23,2023-12-16T15:51:37,0.13,Overcast,Cloudy skies throughout the day.,cloudy,"03769099999,03680099999,D5621,03781099999,03684099999,03672099999,03761099999,EGLC,03658099999,03772099999,03770099999"
london,2023-12-17,11.1,9.5,10.3,11.1,6.6,9.7,6.8,79.2,0,0,0,,0,0,44.7,25.8,230.4,1034,95.8,16.1,19.9,1.7,2,,2023-12-17T08:01:09,2023-12-17T15:51:50,0.16,Overcast,Cloudy skies throughout the day.,cloudy,"03769099999,03680099999,D5621,03781099999,03672099999,03772099999,03770099999"
london,2023-12-18,12.6,10,11.2,12.6,10,11.2,7.9,80,0,0,0,,0,0,37.6,24.3,228.6,1028.2,97.4,15.7,13.6,1.3,1,,2023-12-18T08:01:52,2023-12-18T15:52:06,0.2,Overcast,Cloudy skies throughout the day.,cloudy,"03769099999,03680099999,D5621,03781099999,03672099999,03772099999,03770099999"
london,2023-12-19,12.8,5.8,10.3,12.8,2.5,9.4,8.5,88.8,15.572,100,41.67,rain,0,0,39.8,21.6,260.2,1020.2,76.1,11.6,5,0.4,0,,2023-12-19T08:02:33,2023-12-19T15:52:26,0.25,"Rain, Partially cloudy",Partly cloudy throughout the day with a chance of rain throughout the day.,rain,"03769099999,03680099999,D5621,03768399999,03781099999,03672099999,03684099999,EGLC,03772099999,03770099999"
london,2023-12-20,11,4.7,8.2,11,1.3,6.4,5.6,83.3,0,0,0,,0,0,38.9,28.8,262.3,1018.1,46.4,18.5,15.4,1.3,1,,2023-12-20T08:03:10,2023-12-20T15:52:49,0.27,Partially cloudy,Becoming cloudy in the afternoon.,partly-cloudy-day,"03769099999,03680099999,D5621,03781099999,03672099999,03772099999,03770099999"
london,2023-12-21,14.3,10.5,12.1,14.3,10.5,12.1,7,71.6,0.001,100,4.17,rain,0,0,62.6,35.1,277.5,1008,78.9,21.5,14.4,1.3,1,,2023-12-21T08:03:44,2023-12-21T15:53:16,0.3,"Rain, Partially cloudy",Partly cloudy throughout the day with afternoon rain.,rain,"03769099999,03680099999,D5621,03781099999,03672099999,03772099999,03770099999"
london,2023-12-22,12.5,9.1,11,12.5,6.6,10.7,6.5,73.7,0.2,100,8.33,rain,0,0,47,34.7,276.6,1012.7,82.6,21.4,15.4,1.4,1,,2023-12-22T08:04:15,2023-12-22T15:53:46,0.34,"Rain, Partially cloudy",Partly cloudy throughout the day with morning rain.,rain,"03769099999,03680099999,D5621,03781099999,03672099999,03772099999,03770099999"
london,2023-12-23,12.1,9.3,10.8,12.1,6.3,10,6.6,75.2,0,0,0,,0,0,45.6,30.4,260.5,1013.1,79.3,25.6,22.9,1.9,2,,2023-12-23T08:04:42,2023-12-23T15:54:19,0.37,Partially cloudy,Partly cloudy throughout the day.,partly-cloudy-day,"03769099999,03680099999,D5621,03781099999,03672099999,03772099999,03770099999"
london,2023-12-24,15.1,11.5,13.4,15.1,11.5,13.4,10.5,82.3,0.602,100,16.67,rain,0,0,54.9,37,247.8,1006.2,99.2,21.9,9.8,0.8,1,,2023-12-24T08:05:06,2023-12-24T15:54:55,0.41,"Rain, Overcast",Cloudy skies throughout the day with a chance of rain throughout the day.,rain,"03769099999,03680099999,D5621,03781099999,03672099999,03772099999,03770099999"
london,2023-12-25,14,11.1,12.5,14,11.1,12.5,10.6,88.5,6.967,100,50,rain,0,0,50.1,26.8,244.7,1007.1,97.6,15.9,6.6,0.5,0,,2023-12-25T08:05:27,2023-12-25T15:55:35,0.45,"Rain, Overcast",Cloudy skies throughout the day with a chance of rain throughout the day.,rain,"03769099999,03680099999,D5621,03781099999,03672099999,03772099999,03770099999"
london,2023-12-26,10.6,5.6,8,10.6,4.2,6.4,4.7,80.3,0.005,100,4.17,rain,0,0,39.4,20.8,251.8,1015.1,43,16,18.4,1.5,1,,2023-12-26T08:05:45,2023-12-26T15:56:17,0.48,"Rain, Partially cloudy",Partly cloudy throughout the day with early morning rain.,rain,"03769099999,03680099999,D5621,03781099999,03672099999,03772099999,03770099999"
london,2023-12-27,12.3,7.3,10.5,12.3,5.2,10,8.2,85.8,4,100,50,rain,0,0,70.1,36.2,199.2,1006.6,91.8,11.5,3.5,0.2,0,,2023-12-27T08:05:59,2023-12-27T15:57:03,0.5,"Rain, Overcast",Cloudy skies throughout the day with a chance of rain throughout the day.,rain,"03769099999,03680099999,D5621,03781099999,03672099999,03772099999,03770099999"
london,2023-12-28,12.6,10.6,11.7,12.6,10.6,11.7,7.4,75.1,0.231,100,33.33,rain,0,0,60.8,36.6,231.3,1004.9,83.7,11.1,21.3,1.8,1,,2023-12-28T08:06:10,2023-12-28T15:57:52,0.55,"Rain, Partially cloudy",Partly cloudy throughout the day with a chance of rain throughout the day.,rain,"03769099999,03680099999,D5621,03781099999,03672099999,03772099999,03770099999"
london,2023-12-29,11.6,7,9.8,11.6,4,8.8,5.5,74.9,3.177,100,8.33,rain,0,0,49.2,32.2,244.8,1006.8,61.1,20,13.4,1.2,1,,2023-12-29T08:06:17,2023-12-29T15:58:44,0.58,"Rain, Partially cloudy",Partly cloudy throughout the day with rain in the morning and afternoon.,rain,"03769099999,03680099999,D5621,03781099999,03672099999,03772099999,03770099999"
london,2023-12-30,12.1,6.1,9.8,12.1,3.3,8.9,7.2,83.7,0.206,100,29.17,rain,0,0,62.5,35.4,195.7,1004.5,81.3,14.6,10,0.9,1,,2023-12-30T08:06:22,2023-12-30T15:59:39,0.61,"Rain, Partially cloudy",Partly cloudy throughout the day with rain.,rain,"03769099999,03680099999,D5621,03781099999,03672099999,F6665,03772099999,03770099999"
london,2023-12-31,12.1,6.5,8.5,12.1,3.5,5.6,5.5,81.8,7.999,100,41.67,rain,0,0,67,40.1,221.2,988.9,83.7,15.9,15.5,1.4,2,,2023-12-31T08:06:22,2023-12-31T16:00:37,0.64,"Rain, Partially cloudy",Partly cloudy throughout the day with a chance of rain throughout the day.,rain,"03769099999,03680099999,D5621,F6665,03781099999,03672099999,03772099999,03770099999"
london,2024-01-01,11.1,7,8.6,11.1,3.7,5.9,5.4,80.3,1.636,100,33.33,rain,0,0,53.6,30.2,225.3,999.3,64.2,13.3,20,1.9,2,,2024-01-01T08:06:20,2024-01-01T16:01:38,0.68,"Rain, Partially cloudy",Partly cloudy throughout the day with rain.,rain,"D5621,03672099999,03781099999,F6665,03772099999,03770099999"
london,2024-01-02,13.6,10.6,11.7,13.6,10.6,11.7,9,83.9,8.01,100,33.33,rain,0,0,90.7,58.7,235.4,985.7,91.9,13.6,7.2,0.7,0,,2024-01-02T08:06:14,2024-01-02T16:02:41,0.71,"Rain, Overcast",Cloudy skies throughout the day with a chance of rain throughout the day.,rain,"D5621,03781099999,03672099999,F6665,03772099999,03770099999"
london,2024-01-03,11.8,8.8,10,11.8,5.8,8.5,6.8,80.7,1.799,100,16.67,rain,0,0,48.2,26.5,249.6,990.7,75.9,14.3,19.8,1.7,2,,2024-01-03T08:06:04,2024-01-03T16:03:47,0.74,"Rain, Partially cloudy",Partly cloudy throughout the day with rain.,rain,"03680099999,D5621,03781099999,03672099999,03772099999,03770099999"
london,2024-01-04,9,6.1,8,7.7,3.4,5.6,5.8,86.3,21.797,100,41.67,rain,0,0,38.9,22.2,235.1,998.9,55.9,12.6,18.6,1.6,1,,2024-01-04T08:05:52,2024-01-04T16:04:56,0.75,"Rain, Partially cloudy",Becoming cloudy in the afternoon with rain.,rain,"03680099999,D5621,03781099999,03672099999,03772099999,03770099999"
london,2024-01-05,7.8,5.5,6.6,6.1,1.4,3.9,4.2,84.8,1.41,100,37.5,rain,0,0,46.4,27.6,308.3,1001.4,96.3,12.5,16,1.5,1,,2024-01-05T08:05:36,2024-01-05T16:06:07,0.81,"Rain, Overcast",Cloudy skies throughout the day with rain.,rain,"D5621,03781099999,03672099999,03772099999,03770099999"
london,2024-01-06,6.8,5.1,6.1,6.3,2.6,4.2,2.9,79.4,0.205,100,20.83,rain,0,0,25.9,14.2,353.7,1016,96.3,16.7,14.4,1.4,1,,2024-01-06T08:05:16,2024-01-06T16:07:21,0.84,"Rain, Overcast",Cloudy skies throughout the day with rain.,rain,"D5621,03781099999,03672099999,03772099999,03770099999"
london,2024-01-07,5.1,3,4,1.5,-0.7,0.6,-1.1,69.6,0,0,0,,0,0,33.5,22,23.9,1026.8,70,19,25,2.3,2,,2024-01-07T08:04:54,2024-01-07T16:08:37,0.87,Partially cloudy,Partly cloudy throughout the day.,partly-cloudy-day,"D5621,03781099999,03672099999,03772099999,03770099999"
london,2024-01-08,3.8,2,3.1,0.7,-2.8,-0.9,-2.8,65.6,0.001,100,4.17,rain,0.2,0,46.4,24.8,49.7,1031.5,92.3,17.6,11.5,0.9,1,,2024-01-08T08:04:28,2024-01-08T16:09:55,0.9,"Rain, Overcast",Cloudy skies throughout the day with late afternoon rain or snow.,snow,"03680099999,D5621,03781099999,03672099999,03772099999,03770099999"
london,2024-01-09,4.1,2.1,2.9,-0.5,-2.6,-1.7,-2.8,66.5,0,0,0,,0,0,48.2,27.6,65.4,1030.3,53.8,15.6,22.5,2,2,,2024-01-09T08:03:59,2024-01-09T16:11:15,0.94,Partially cloudy,Clearing in the afternoon.,partly-cloudy-day,"D5621,03781099999,03672099999,03772099999,03770099999"
london,2024-01-10,5.6,1.3,3.1,1.8,-2.6,-0.5,-3.2,63.7,0,0,0,,0,0,44.6,21.7,45.8,1029,17.7,16.4,24.6,2.1,2,,2024-01-10T08:03:27,2024-01-10T16:12:38,0.97,Clear,Clear conditions throughout the day.,clear-day,"D5621,03781099999,03672099999,03772099999,03770099999"
london,2024-01-11,5.6,0.6,3.2,2.7,-2.5,0.3,0.4,82,0,0,0,,0,0,33.5,18.1,30.4,1036.2,60.9,11.6,15.5,1.3,1,,2024-01-11T08:02:51,2024-01-11T16:14:03,0,Partially cloudy,Becoming cloudy in the afternoon.,partly-cloudy-day,"D5621,03781099999,03672099999,F6665,03772099999,03770099999"
london,2024-01-12,6.1,4.5,5.5,4.8,2.1,3,2.2,79.5,0,0,0,,0,0,35.3,18.6,40.2,1035.6,98.9,15,8.7,0.8,1,,2024-01-12T08:02:13,2024-01-12T16:15:29,0.04,Overcast,Cloudy skies throughout the day.,cloudy,"D5621,03781099999,03672099999,03772099999,03770099999"
london,2024-01-13,4.5,1.1,3.3,4.1,-1.5,1.1,0.6,82.6,0,0,0,,0,0,22.3,13.8,272.6,1025.4,99.4,8.4,13.8,1.2,1,,2024-01-13T08:01:31,2024-01-13T16:16:58,0.07,Overcast,Cloudy skies throughout the day.,cloudy,"03680099999,D5621,03781099999,03672099999,03772099999,03770099999"
london,2024-01-14,6.3,3.1,4.4,4,0.3,1.6,1.3,80.4,0.002,100,8.33,rain,0,0,27.7,17.5,283.2,1013.3,86.9,12.5,21.3,1.8,1,,2024-01-14T08:00:47,2024-01-14T16:18:28,0.11,"Rain, Partially cloudy",Partly cloudy throughout the day with late afternoon rain.,rain,"D5621,03781099999,03672099999,F6665,03772099999,03770099999"
london,2024-01-15,3.3,-1.7,1,0.5,-4.4,-2.1,-4.6,67.1,0,0,0,,0,0,29.5,18.9,306.2,1011.1,3.7,20,34.7,2.9,2,,2024-01-15T07:59:59,2024-01-15T16:20:00,0.14,Clear,Clear conditions throughout the day.,clear-day,"03680099999,F6665,03781099999,03672099999,03772099999,03770099999"
london,2024-01-16,4.2,-2.9,0.1,1.1,-5,-1.9,-4.7,71,0,0,0,,0,0,22.3,14.3,221.2,1007.9,11.1,18.6,35.8,3.1,2,,2024-01-16T07:59:09,2024-01-16T16:21:34,0.18,Clear,Clear conditions throughout the day.,clear-day,"03680099999,F6665,03781099999,03672099999,03772099999,03770099999"
london,2024-01-17,3,-0.4,1.3,2,-4.3,-0.8,-2.4,76.5,0,0,0,,0,0,25.9,15.6,28.9,993.2,78.6,16.5,18.8,1.6,1,,2024-01-17T07:58:15,2024-01-17T16:23:09,0.21,Partially cloudy,Partly cloudy throughout the day.,partly-cloudy-day,"F6665,03781099999,03672099999,03772099999,03770099999"
london,2024-01-18,3.3,-3.5,-0.4,0,-6.6,-3.7,-5.7,68,0,0,0,,0,0,30.2,14.5,311,1006.8,1.9,17,35.3,2.9,2,,2024-01-18T07:57:19,2024-01-18T16:24:45,0.25,Clear,Clear conditions throughout the day.,clear-day,"03680099999,F6665,03781099999,03672099999,03772099999,03770099999"
london,2024-01-19,5.6,-3.4,0.4,2.4,-6.1,-2.5,-3.1,78.3,0,0,0,,0,0,24.1,16,241.9,1021.8,5,22.2,37.1,3.1,2,,2024-01-19T07:56:20,2024-01-19T16:26:23,0.28,Clear,Clear conditions throughout the day.,clear-day,"F6665,03781099999,03672099999,03772099999,03770099999"
london,2024-01-20,6.1,0.1,4,2.3,-2.8,0.2,-1,70.3,0,0,0,,0,0,48.2,25.2,202.4,1022.9,42.3,19.4,31,2.7,2,,2024-01-20T07:55:18,2024-01-20T16:28:02,0.32,Partially cloudy,Partly cloudy throughout the day.,partly-cloudy-day,"F6665,03781099999,03672099999,03772099999,03770099999"
london,2024-01-21,12.6,4.5,9.5,12.6,0,7.7,6,78.9,0.612,100,25,rain,0,0,83.5,46,210,1009.9,92,10.5,26.3,2.2,2,,2024-01-21T07:54:14,2024-01-21T16:29:42,0.35,"Rain, Overcast",Cloudy skies throughout the day with a chance of rain throughout the day.,rain,"F6665,03781099999,03672099999,03772099999,03770099999"
london,2024-01-22,13.1,7.3,10.1,13.1,3.4,8.3,5.5,73.5,6.816,100,16.67,rain,0,0,74.2,44.2,247.9,1007.8,57.6,12.9,41.8,3.6,4,,2024-01-22T07:53:07,2024-01-22T16:31:24,0.39,"Rain, Partially cloudy",Partly cloudy throughout the day with rain clearing later.,rain,"F6665,03781099999,03672099999,03772099999,03770099999"
london,2024-01-23,13.5,5.1,9.5,13.5,2.3,7.9,7.2,85.2,0.012,100,16.67,rain,0,0,72.4,43,223.1,1018.5,70.1,9.4,11.3,1,1,,2024-01-23T07:51:57,2024-01-23T16:33:06,0.42,"Rain, Partially cloudy",Partly cloudy throughout the day with rain.,rain,"03769099999,03680099999,F6665,03781099999,03672099999,03772099999,03770099999"
london,2024-01-24,13.5,7.5,11,13.5,6,10.6,5.2,68,2.788,100,8.33,rain,0,0,74.2,49.5,262.3,1023.2,70.4,12.6,48.4,4.1,3,,2024-01-24T07:50:45,2024-01-24T16:34:50,0.46,"Rain, Partially cloudy",Partly cloudy throughout the day with morning rain.,rain,"F6665,03781099999,03672099999,03772099999,03770099999"
london,2024-01-25,13,5.1,10,13,4.4,9.5,8.1,88,0,0,0,,0,0,44.6,24.1,206,1024.9,87.1,10.2,29.5,2.4,1,,2024-01-25T07:49:30,2024-01-25T16:36:34,0.5,Partially cloudy,Partly cloudy throughout the day.,partly-cloudy-day,"03680099999,F6665,03781099999,03672099999,03772099999,03770099999"
london,2024-01-26,12.6,3.6,9.1,12.6,1.4,7.4,3.3,68.3,2.002,100,12.5,rain,0,0,53.6,36,261,1027,32.9,17.5,64.5,5.7,3,,2024-01-26T07:48:13,2024-01-26T16:38:19,0.52,"Rain, Partially cloudy",Partly cloudy throughout the day with rain clearing later.,rain,"F6665,03781099999,03672099999,03772099999,03770099999"
london,2024-01-27,8.6,1.1,5,6.5,-0.7,3.1,2.1,81.8,0,0,0,,0,0,33.5,18.5,179.4,1032.7,28.6,15.3,46,4,3,,2024-01-27T07:46:54,2024-01-27T16:40:05,0.56,Partially cloudy,Partly cloudy throughout the day.,partly-cloudy-day,"F6665,03781099999,03672099999,D4121,03772099999,03770099999"
london,2024-01-28,11.5,3.1,7,11.5,0.3,5.3,4.1,82.4,0,0,0,,0,0,31.7,14.5,169.7,1022.7,29.1,14.8,51.8,4.6,3,,2024-01-28T07:45:32,2024-01-28T16:41:51,0.59,Partially cloudy,Partly cloudy throughout the day.,partly-cloudy-day,"D4121,03781099999,03672099999,03772099999,03770099999"
london,2024-01-29,12.1,8.6,10.8,12.1,7.1,10.5,8.8,87.3,0,0,0,,0,0,35.3,21.4,182.3,1021.9,95.5,8.4,35.6,3.1,2,,2024-01-29T07:44:08,2024-01-29T16:43:39,0.62,Overcast,Cloudy skies throughout the day.,cloudy,"D4121,03781099999,03672099999,03772099999,03770099999"
london,2024-01-30,12.5,7.6,9.1,12.5,4.9,7.5,5.4,77.5,0,0,0,,0,0,61.2,29.5,258.8,1027.3,95.8,21.8,15.6,1.4,1,,2024-01-30T07:42:42,2024-01-30T16:45:26,0.66,Overcast,Cloudy skies throughout the day.,cloudy,"D4121,03781099999,03672099999,03772099999,03770099999"
london,2024-01-31,12.1,6.8,8.8,12.1,4.2,7.5,4.1,72.5,0.199,100,4.17,rain,0,0,42.5,26.5,231.9,1029.7,98.1,19.4,26.4,2.3,1,,2024-01-31T07:41:14,2024-01-31T16:47:14,0.69,"Rain, Overcast",Cloudy skies throughout the day with morning rain.,rain,"D4121,03781099999,03672099999,03772099999,03770099999"
london,2024-02-01,11,4.5,7.7,11,2.4,6.2,2.4,69.9,0.001,100,4.17,rain,0,0,31.7,17.5,281,1032.4,24.9,14.7,66.3,5.8,3,,2024-02-01T07:39:44,2024-02-01T16:49:03,0.72,"Rain, Partially cloudy",Partly cloudy throughout the day with early morning rain.,rain,"D4121,03781099999,03672099999,03772099999,03770099999"
london,2024-02-02,13.6,5.1,9.8,13.6,1.9,8.5,7.1,82.9,0,0,0,,0,0,42.5,29.1,253.3,1029.8,77,20.6,56.6,5,5,,2024-02-02T07:38:11,2024-02-02T16:50:52,0.75,Partially cloudy,Partly cloudy throughout the day.,partly-cloudy-day,"D4121,03781099999,03672099999,03772099999,03770099999"
london,2024-02-03,13.1,10.7,12.1,13.1,10.7,12.1,9.4,83.6,0.002,100,4.17,rain,0,0,42.5,26.1,257.9,1027.3,95.1,24.3,20.4,1.8,1,,2024-02-03T07:36:37,2024-02-03T16:52:41,0.79,"Rain, Overcast",Cloudy skies throughout the day with late afternoon rain.,rain,"D4121,03781099999,03672099999,03772099999,03770099999"
london,2024-02-04,13.6,11.1,11.9,13.6,11.1,11.9,9.4,85.1,0.202,100,8.33,rain,0,0,50,31.3,254.1,1024.8,87.4,22.7,28.9,2.6,3,,2024-02-04T07:35:01,2024-02-04T16:54:31,0.82,"Rain, Partially cloudy",Partly cloudy throughout the day with morning rain.,rain,"D4121,03781099999,03672099999,03772099999,03770099999"
london,2024-02-05,11.6,9.1,10.6,11.6,6,9.8,6.3,74.9,0,0,0,,0,0,50,34.4,246.1,1020.1,97.6,17.2,27.8,2.5,2,,2024-02-05T07:33:23,2024-02-05T16:56:20,0.85,Overcast,Cloudy skies throughout the day.,cloudy,"D4121,03781099999,03672099999,03772099999,03770099999"
london,2024-02-06,14,11.3,12.6,14,11.3,12.6,8.5,76.2,0.009,100,16.67,rain,0,0,59.4,35.3,240.2,1009.2,97.3,12,42,3.6,3,,2024-02-06T07:31:43,2024-02-06T16:58:10,0.89,"Rain, Overcast",Cloudy skies throughout the day with late afternoon rain.,rain,"D4121,03781099999,03672099999,03772099999,03770099999"
london,2024-02-07,7,4.6,5.9,7,2,4.2,3.9,87,13.382,100,29.17,rain,0,0,48.2,23.3,62.6,1005.1,96.8,9.8,20.6,1.7,1,,2024-02-07T07:30:01,2024-02-07T17:00:00,0.92,"Rain, Overcast",Cloudy skies throughout the day with rain clearing later.,rain,"D4121,03781099999,03672099999,03772099999,03770099999"
london,2024-02-08,11.7,5.1,7.9,11.7,1.8,6.3,6.7,92,1.692,100,62.5,rain,0,0,50,24.7,149.1,991.1,97.1,7.3,15.1,1.3,1,,2024-02-08T07:28:18,2024-02-08T17:01:50,0.95,"Rain, Overcast",Cloudy skies throughout the day with rain.,rain,"D4121,03781099999,03672099999,03772099999,03770099999"
london,2024-02-09,12.5,10.3,11.1,12.5,10.3,11.1,9.5,89.8,18.543,100,66.67,rain,0,0,57.6,28.3,200.6,977.6,94.9,10.8,34.1,3,2,,2024-02-09T07:26:33,2024-02-09T17:03:40,0,"Rain, Overcast",Cloudy skies throughout the day with a chance of rain throughout the day.,rain,"D4121,03781099999,03672099999,03772099999,03770099999"
london,2024-02-10,12,8.1,9.9,12,6.6,9.3,7.8,87.2,0.002,100,8.33,rain,0,0,22.3,11.8,181.1,982.8,81.2,12.5,33.6,3,2,,2024-02-10T07:24:46,2024-02-10T17:05:31,0.02,"Rain, Partially cloudy",Partly cloudy throughout the day with rain.,rain,"D4121,03781099999,03672099999,03772099999,03770099999"
london,2024-02-11,12.1,6,8.9,12.1,3.3,7.8,6,82.4,0.61,100,16.67,rain,0,0,31.7,21.1,285.8,990.5,76,12.6,40.4,3.5,2,,2024-02-11T07:22:58,2024-02-11T17:07:21,0.05,"Rain, Partially cloudy",Partly cloudy throughout the day with rain.,rain,"D4121,03781099999,03672099999,03772099999,03770099999"
london,2024-02-12,10.6,4.1,6.7,10.6,2.1,4.4,2.2,75,0.597,100,8.33,rain,0,0,25.9,19.3,254.2,1005.3,18.9,21.7,100.7,8.7,4,,2024-02-12T07:21:08,2024-02-12T17:09:11,0.09,Rain,Clear conditions throughout the day with morning rain.,rain,"D4121,03781099999,03672099999,03772099999,03770099999"
london,2024-02-13,12.3,5,8.5,12.3,2.3,6.4,6.3,85.9,0.806,100,33.33,rain,0,0,44.6,24,205,1011.5,75,12.2,22.9,2.1,1,,2024-02-13T07:19:17,2024-02-13T17:11:01,0.12,"Rain, Partially cloudy",Partly cloudy throughout the day with rain.,rain,"D4121,03781099999,03672099999,03772099999,03770099999"
london,2024-02-14,13.8,11.8,12.6,13.8,11.8,12.6,10.8,88.3,0.998,100,25,rain,0,0,37.1,22.9,219.1,1012.3,98.1,9.3,15.5,1.5,1,,2024-02-14T07:17:24,2024-02-14T17:12:51,0.16,"Rain, Overcast",Cloudy skies throughout the day with rain in the morning and afternoon.,rain,"D4121,03781099999,03672099999,03772099999,03770099999"
london,2024-02-15,17.5,12.5,13.9,17.5,12.5,13.9,10.5,80.7,0.601,100,12.5,rain,0,0,35.3,19,192.5,1008.5,62.3,15.7,71.9,6.1,4,,2024-02-15T07:15:30,2024-02-15T17:14:41,0.19,"Rain, Partially cloudy",Partly cloudy throughout the day with early morning rain.,rain,"03680099999,D4121,03781099999,03672099999,03768099999,03761099999,EGLC,03772099999,03770099999"
london,2024-02-16,14.1,10.3,11.8,14.1,10.3,11.8,8.2,79.2,1.792,100,12.5,rain,0,0,38.9,25.9,264.9,1014.9,83.9,17.5,69.2,6,4,,2024-02-16T07:13:35,2024-02-16T17:16:30,0.25,"Rain, Partially cloudy",Partly cloudy throughout the day with rain clearing later.,rain,"D4121,03781099999,03672099999,03772099999,03770099999"
london,2024-02-17,13.3,9.6,11.3,13.3,8.2,11.3,8.8,84.6,3.586,100,20.83,rain,0,0,50,26.2,209.6,1028.3,99.2,11.6,28.3,2.6,2,,2024-02-17T07:11:38,2024-02-17T17:18:20,0.26,"Rain, Overcast",Cloudy skies throughout the day with rain.,rain,"D4121,03781099999,03672099999,03772099999,03770099999"
london,2024-02-18,16.3,10.3,12.4,16.3,10.3,12.4,9.7,84.7,14.817,100,45.83,rain,0,0,42.5,24.9,257.7,1025.2,79.1,15.4,58,5.1,4,,2024-02-18T07:09:41,2024-02-18T17:20:09,0.29,"Rain, Partially cloudy",Partly cloudy throughout the day with rain clearing later.,rain,"D4121,03781099999,03672099999,03772099999,03770099999"
london,2024-02-19,14.3,7.8,10.2,14.3,5.1,9.2,6.6,79.1,0.597,100,4.17,rain,0,0,37.1,22,269.3,1029.6,57.1,14.4,40.9,3.4,2,,2024-02-19T07:07:42,2024-02-19T17:21:58,0.33,"Rain, Partially cloudy",Partly cloudy throughout the day with afternoon rain.,rain,"D4121,03781099999,03672099999,03772099999,03770099999"
london,2024-02-20,12.3,6.6,9.2,12.3,3.8,8.2,6.5,83.4,0,0,0,,0,0,48.2,29.3,226.5,1026.1,61,12.9,49.7,4.4,3,,2024-02-20T07:05:42,2024-02-20T17:23:47,0.36,Partially cloudy,Partly cloudy throughout the day.,partly-cloudy-day,"D4121,03781099999,03672099999,03772099999,03770099999"
london,2024-02-21,12.1,9.1,10.5,12.1,6,9.6,8.4,86.7,6.985,100,41.67,rain,0,0,55.4,30.4,215.9,1007,96,11.4,15.8,1.3,1,,2024-02-21T07:03:40,2024-02-21T17:25:35,0.4,"Rain, Overcast",Cloudy skies throughout the day with rain.,rain,"D4121,03781099999,03672099999,03772099999,03770099999"
london,2024-02-22,11.8,4.1,8.2,11.8,-0.3,6.1,6.3,88.1,12.207,100,50,rain,0,0,53.6,30.1,233.5,985.5,74.7,12.5,14.4,1.2,1,,2024-02-22T07:01:38,2024-02-22T17:27:24,0.43,"Rain, Partially cloudy",Partly cloudy throughout the day with rain.,rain,"D4121,03781099999,03672099999,03772099999,03770099999"
london,2024-02-23,9.6,3.6,5.8,6.9,0.9,3,2.7,81.4,2.196,100,25,rain,0,0,42.5,21.2,231.9,986.7,50.1,19.8,75.5,6.5,5,,2024-02-23T06:59:35,2024-02-23T17:29:12,0.46,"Rain, Partially cloudy",Becoming cloudy in the afternoon with a chance of rain throughout the day.,rain,"03680099999,D4121,03781099999,03672099999,03772099999,03770099999"
london,2024-02-24,10.1,1.1,5,10.1,-0.9,4.1,2.3,83.6,0.199,100,4.17,rain,0,0,20.5,10,211.7,994.6,30.6,17.6,67.5,5.8,3,,2024-02-24T06:57:30,2024-02-24T17:30:59,0.5,"Rain, Partially cloudy",Becoming cloudy in the afternoon with morning rain.,rain,"D4121,03781099999,03672099999,03772099999,03770099999"
london,2024-02-25,9.6,1.6,5.2,6.6,0.6,2.9,3.4,88.7,3.808,100,33.33,rain,0,0,44.6,27.2,83.9,995.4,73.2,9.5,54.3,4.7,4,,2024-02-25T06:55:25,2024-02-25T17:32:47,0.53,"Rain, Partially cloudy",Partly cloudy throughout the day with rain.,rain,"D4121,03781099999,03672099999,03772099999,03770099999"
london,2024-02-26,9.3,5.3,7.1,5.5,1.7,3.1,2,70.8,0.418,100,8.33,rain,0,0,64.8,34.9,31.2,1008.6,77.1,20.2,69.9,6.1,3,,2024-02-26T06:53:19,2024-02-26T17:34:34,0.57,"Rain, Partially cloudy",Partly cloudy throughout the day with early morning rain.,rain,"D4121,03781099999,03672099999,03772099999,03770099999"
london,2024-02-27,9,3.8,6.6,6.7,1.5,4.6,2.2,74.4,0,0,0,,0,0,27.7,15.3,266.9,1020.5,65.5,17.8,78.4,6.9,3,,2024-02-27T06:51:12,2024-02-27T17:36:21,0.6,Partially cloudy,Partly cloudy throughout the day.,partly-cloudy-day,"D4121,03781099999,03672099999,03772099999,03770099999"
london,2024-02-28,11.8,6.8,9.5,11.8,6.2,9,7.3,86,0.002,100,4.17,rain,0,0,40.7,22.7,211.2,1016.9,92.5,11.6,46.5,4,3,,2024-02-28T06:49:04,2024-02-28T17:38:08,0.63,"Rain, Overcast",Cloudy skies throughout the day with late afternoon rain.,rain,"EGWU,EGLL,D4121,03781099999,03672099999,EGLC,03772099999,03770099999"
london,2024-02-29,11.6,5.8,9.4,11.6,3.5,8.7,7.3,86.6,5.418,100,50,rain,0,0,44.6,27,232.4,1004.1,91.4,11.9,24.3,2.2,1,,2024-02-29T06:46:56,2024-02-29T17:39:54,0.67,"Rain, Overcast",Cloudy skies throughout the day with rain.,rain,"D4121,03781099999,03672099999,03772099999,03770099999"
london,2024-03-01,9.3,3.6,5.8,5.9,0.1,2.6,2.7,81.5,7.406,100,37.5,rain,0,0,50,28.3,189.2,993.1,63.1,15.8,65.8,5.6,4,,2024-03-01T06:44:46,2024-03-01T17:41:40,0.7,"Rain, Partially cloudy",Partly cloudy throughout the day with rain.,rain,"EGWU,EGLL,D4121,03781099999,03672099999,EGLC,03772099999,03770099999"
london,2024-03-02,8.8,3.6,5.9,6,0.9,3.1,3.1,82.7,7.662,100,41.67,rain,0,0,38.9,22.4,177.5,991.4,70.2,19.2,64.1,5.6,4,,2024-03-02T06:42:36,2024-03-02T17:43:26,0.73,"Rain, Partially cloudy",Partly cloudy throughout the day with a chance of rain throughout the day.,rain,"D4121,03781099999,03672099999,03772099999,03770099999"
london,2024-03-03,10.1,1.6,5.3,10.1,1.6,4.8,1.5,78,0,0,0,,0,0,20.5,12.8,276.9,1002.4,39.1,18.7,139.5,12,6,,2024-03-03T06:40:26,2024-03-03T17:45:12,0.75,Partially cloudy,Partly cloudy throughout the day.,partly-cloudy-day,"D4121,03781099999,03672099999,F6665,03772099999,03770099999"
london,2024-03-04,12.1,1.8,6.8,12.1,1.8,5.6,2.3,75.3,0,0,0,,0,0,48.2,25.5,164.6,1008.6,47.5,18.2,97.2,8.3,5,,2024-03-04T06:38:14,2024-03-04T17:46:57,0.8,Partially cloudy,Partly cloudy throughout the day.,partly-cloudy-day,"F6665,03781099999,03672099999,03772099999,03770099999"
london,2024-03-05,10.6,6.8,8.2,10.6,4.4,7.1,5.3,82.1,0.6,100,20.83,rain,0,0,25.9,15.6,36.8,1012.5,79.1,11.9,58.6,5.1,6,,2024-03-05T06:36:02,2024-03-05T17:48:42,0.84,"Rain, Partially cloudy",Partly cloudy throughout the day with rain clearing later.,rain,"03680099999,F6665,03781099999,03672099999,03768099999,03772099999,03770099999"
london,2024-03-06,10.8,5.8,7.9,10.8,4.6,7.5,5,82.3,0,0,0,,0,0,18.4,10.9,114.3,1020.9,59,11,90.3,7.7,6,,2024-03-06T06:33:50,2024-03-06T17:50:26,0.87,Partially cloudy,Partly cloudy throughout the day.,partly-cloudy-day,"03680099999,F6665,03781099999,03672099999,03768099999,03772099999,03770099999"
london,2024-03-07,10.6,6.1,8,10.6,3.3,6,4.7,80,0,0,0,,0,0,42.5,24.7,80.3,1019.9,70.5,6.7,73.5,6.3,4,,2024-03-07T06:31:37,2024-03-07T17:52:11,0.9,Partially cloudy,Partly cloudy throughout the day.,partly-cloudy-day,"03769099999,EGWU,03680099999,EGLL,F6665,03781099999,03768099999,03672099999,EGLC,03772099999,03770099999"
london,2024-03-08,10,6,7.5,10,3,4.9,3.2,74.6,0,0,0,,0,0,40.7,27.6,78.8,1006.6,31.1,8.3,97.6,8.4,5,,2024-03-08T06:29:23,2024-03-08T17:53:55,0.94,Partially cloudy,Partly cloudy throughout the day.,partly-cloudy-day,"F6665,03781099999,03672099999,03772099999,03770099999"
london,2024-03-09,12.9,7.6,9.8,12.9,4.9,8.6,5.2,73.2,0,0,0,,0,0,33.5,24.3,92.4,994.4,65.5,15.8,80.5,7,5,,2024-03-09T06:27:09,2024-03-09T17:55:39,0.97,Partially cloudy,Partly cloudy throughout the day.,partly-cloudy-day,"F6665,03781099999,03672099999,03772099999,03770099999"
london,2024-03-10,9.1,8.1,8.6,8.4,6.4,7.6,7.6,93.1,11.188,100,70.83,rain,0,0,25.9,10.6,89.2,995,95.3,7,20.4,1.6,1,,2024-03-10T06:24:55,2024-03-10T17:57:23,0,"Rain, Overcast",Cloudy skies throughout the day with a chance of rain throughout the day.,rain,"F6665,03781099999,03672099999,03772099999,03770099999"
london,2024-03-11,8.8,7.6,8.1,8.1,5.2,6.4,6.2,87.5,4.182,100,25,rain,0,0,32.8,15.6,341.9,1006,98.6,5.2,18.7,1.5,1,,2024-03-11T06:22:40,2024-03-11T17:59:06,0.04,"Rain, Overcast",Cloudy skies throughout the day with rain clearing later.,rain,"F6665,03781099999,03672099999,03768099999,03772099999,03770099999"
london,2024-03-12,13.4,7.3,10.4,13.4,4.9,9.5,8.9,90.5,10.61,100,45.83,rain,0,0,38.9,22.7,224.7,1011.2,92.7,8.4,28.3,2.4,1,,2024-03-12T06:20:25,2024-03-12T18:00:49,0.07,"Rain, Overcast",Cloudy skies throughout the day with rain.,rain,"EGWU,EGLL,F6665,03781099999,03672099999,03761099999,EGLC,03772099999,03770099999"
london,2024-03-13,13.3,11,12.1,13.3,11,12.1,9,81.3,0,0,0,,0,0,37.1,22.9,224.9,1012.2,85.2,14.7,38.5,3.4,1,,2024-03-13T06:18:09,2024-03-13T18:02:32,0.1,Partially cloudy,Partly cloudy throughout the day.,partly-cloudy-day,"F6665,03781099999,03672099999,03768099999,03684099999,03772099999,03770099999"
london,2024-03-14,17,8.5,12.1,17,7,11.8,8.9,81,0.202,100,12.5,rain,0,0,44.6,28.1,203.4,1006.9,62.8,15.6,114.2,10,6,,2024-03-14T06:15:54,2024-03-14T18:04:15,0.14,"Rain, Partially cloudy",Partly cloudy throughout the day with late afternoon rain.,rain,"03680099999,F6665,03781099999,03672099999,03768099999,03772099999,03770099999"
london,2024-03-15,16.1,10.1,12.9,16.1,10.1,12.9,9.2,78.3,0.004,100,8.33,rain,0,0,57.6,30.2,234.3,1005.3,87.6,13,100.4,8.5,6,,2024-03-15T06:13:38,2024-03-15T18:05:57,0.17,"Rain, Partially cloudy",Partly cloudy throughout the day with rain in the morning and afternoon.,rain,"F6665,03781099999,03672099999,03772099999,03770099999"
london,2024-03-16,13.1,7.6,10.2,13.1,6.2,9.6,4.6,69.1,0,0,0,,0,0,27.7,17.1,211.2,1019,78.1,24.4,101.3,8.7,7,,2024-03-16T06:11:21,2024-03-16T18:07:40,0.21,Partially cloudy,Partly cloudy throughout the day.,partly-cloudy-day,"F6665,03781099999,03672099999,03772099999,03770099999"
london,2024-03-17,16.6,9.6,12.3,16.6,7.9,12.2,10.1,86.4,4.597,100,37.5,rain,0,0,33.5,17.7,202.9,1014.6,85.6,11.4,57.7,5.1,2,,2024-03-17T06:09:05,2024-03-17T18:09:22,0.25,"Rain, Partially cloudy",Partly cloudy throughout the day with a chance of rain throughout the day.,rain,"F6665,03781099999,03672099999,03772099999,03770099999"
london,2024-03-18,14.3,9.5,11.7,14.3,8,11.4,8.6,81.6,0,0,0,,0,0,37.1,20.2,220.3,1014.6,84.4,14,96.3,8.2,5,,2024-03-18T06:06:48,2024-03-18T18:11:04,0.27,Partially cloudy,Partly cloudy throughout the day.,partly-cloudy-day,"F6665,03781099999,03672099999,03772099999,03770099999"
london,2024-03-19,13.1,10.6,11.9,13.1,10.6,11.9,9,82.3,0.002,100,4.17,rain,0,0,37.1,21.6,211.9,1015.5,95.3,13.1,64.8,5.5,2,,2024-03-19T06:04:31,2024-03-19T18:12:46,0.31,"Rain, Overcast",Cloudy skies throughout the day with afternoon rain.,rain,"03769099999,03680099999,F6665,03781099999,03672099999,03772099999,03770099999"
london,2024-03-20,17.1,10.5,13.6,17.1,10.5,13.6,8.8,74,0,0,0,,0,0,18.4,12.7,231.6,1018.3,72.1,15.5,129,11.2,8,,2024-03-20T06:02:15,2024-03-20T18:14:28,0.34,Partially cloudy,Partly cloudy throughout the day.,partly-cloudy-day,"F6665,03781099999,03672099999,03772099999,03770099999"
london,2024-03-21,16.8,8.1,12.5,16.8,8.1,12.4,8.5,77,0,0,0,,0,0,31.7,23,235.7,1024.2,57.3,10.5,96.8,8.4,5,,2024-03-21T05:59:58,2024-03-21T18:16:09,0.37,Partially cloudy,Partly cloudy throughout the day.,partly-cloudy-day,"F6665,03781099999,03672099999,03772099999,03770099999"
london,2024-03-22,12.5,7.1,10.3,12.5,4.7,10,5.4,72.6,0.799,100,12.5,rain,0,0,25.9,18.8,267.2,1017.7,64.9,12,39.6,3.4,1,,2024-03-22T05:57:41,2024-03-22T18:17:51,0.41,"Rain, Partially cloudy",Partly cloudy throughout the day with rain in the morning and afternoon.,rain,"F6665,03781099999,03672099999,03772099999,03770099999"
london,2024-03-23,11.1,4.3,7.6,11.1,0.4,4.7,1.1,64.3,0.208,100,20.83,rain,0,0,63,35,271.1,1011.9,33.5,19.5,142,12.2,8,,2024-03-23T05:55:24,2024-03-23T18:19:32,0.44,"Rain, Partially cloudy",Partly cloudy throughout the day with rain.,rain,"03680099999,F6665,03781099999,03672099999,03772099999,03770099999"
london,2024-03-24,13.8,6.1,8.9,13.8,2.2,7.1,1.5,61.7,0.398,100,4.17,rain,0,0,42.5,26.4,287.6,1009.9,45.7,20.6,139.7,12,8,,2024-03-24T05:53:07,2024-03-24T18:21:13,0.47,"Rain, Partially cloudy",Partly cloudy throughout the day with early morning rain.,rain,"F6665,03781099999,03672099999,03772099999,03770099999"
london,2024-03-25,12,5.8,9.2,12,4.9,8.3,3.7,69.2,0,0,0,,0,0,37.1,20.4,149,1000.2,72.4,16.2,88.1,7.5,3,,2024-03-25T05:50:50,2024-03-25T18:22:54,0.5,Partially cloudy,Partly cloudy throughout the day.,partly-cloudy-day,"F6665,03781099999,03672099999,03772099999,03770099999"
london,2024-03-26,14.1,6.6,10.2,14.1,2.8,9.2,5.4,73.1,3.205,100,12.5,rain,0,0,40,22.3,119.9,987.3,71.2,13.4,82.8,7.1,4,,2024-03-26T05:48:33,2024-03-26T18:24:35,0.54,"Rain, Partially cloudy",Partly cloudy throughout the day with rain.,rain,"03769099999,EGWU,03680099999,EGLL,F6665,03781099999,03672099999,EGLC,03772099999,03770099999"
london,2024-03-27,11.6,5.5,8.2,11.6,3.2,6,4.3,77.9,10.802,100,12.5,rain,0,0,66.2,32.9,180.5,980.6,58.6,15.2,157.1,13.6,7,,2024-03-27T05:46:16,2024-03-27T18:26:16,0.58,"Rain, Partially cloudy",Partly cloudy throughout the day with rain in the morning and afternoon.,rain,"EGWU,EGLL,03680099999,F6665,03672099999,03768099999,03761099999,03781099999,EGLC,03772099999,03770099999"
london,2024-03-28,11,5.2,8.7,11,1.8,6.4,5.1,78.3,11.7,100,70.83,rain,0,0,78.5,39.9,185.3,977.8,82.3,9.6,66.6,5.8,5,,2024-03-28T05:43:59,2024-03-28T18:27:57,0.61,"Rain, Partially cloudy",Partly cloudy throughout the day with a chance of rain throughout the day.,rain,"EGWU,EGLL,F6665,EGLC"
london,2024-03-29,13.8,7.6,10.3,13.8,5.1,8.8,5.8,74.8,2,100,33.33,rain,0,0,61.2,29.9,203.2,987.5,77.9,9.9,130,11.4,9,,2024-03-29T05:41:43,2024-03-29T18:29:38,0.65,"Rain, Partially cloudy",Partly cloudy throughout the day with rain in the morning and afternoon.,rain,"EGWU,EGLL,F6665,EGLC"
london,2024-03-30,15.8,5.5,10,15.8,4.7,9.5,4.2,70.3,0,0,0,,0,0,31.7,17.6,159.5,994.8,55.4,10,207.1,17.9,8,,2024-03-30T05:39:26,2024-03-30T18:31:18,0.68,Partially cloudy,Partly cloudy throughout the day.,partly-cloudy-day,"EGWU,EGLL,F6665,EGLC"
london,2024-03-31,11.7,6.2,9.5,11.7,3.8,8.3,7,84.3,2.1,100,25,rain,0,0,45,25.5,72.5,993.5,76.2,8.8,95,7.7,9,,2024-03-31T06:37:10,2024-03-31T19:32:59,0.71,"Rain, Partially cloudy",Partly cloudy throughout the day with rain.,rain,"EGWU,EGLL,F6665,EGLC"
london,2024-04-01,13.2,7.6,10.7,13.2,5.3,10,6.5,75.7,0.222,100,12.5,rain,0,0,40.7,18.1,216.5,993.7,56.4,11,175.1,15.1,8,,2024-04-01T06:34:54,2024-04-01T19:34:40,0.75,"Rain, Partially cloudy",Partly cloudy throughout the day with rain.,rain,"EGWU,03769099999,EGLL,03680099999,F6665,03781099999,03672099999,EGLC,03772099999,03693099999,03770099999"
london,2024-04-02,14.8,9,11,14.8,6.5,10.3,7.4,79.1,0.614,100,20.83,rain,0,0,45,23.8,214,1001.4,84.8,9.5,121.8,10.6,6,,2024-04-02T06:32:39,2024-04-02T19:36:20,0.75,"Rain, Partially cloudy",Partly cloudy throughout the day with rain.,rain,"03769099999,EGWU,03680099999,EGLL,F6665,03781099999,03672099999,03761099999,EGLC,03772099999,03770099999"
london,2024-04-03,13.8,10,11.9,13.8,10,11.9,8.3,79.6,3.025,100,41.67,rain,0,0,50,36,226.6,1000.1,89.6,14.4,68.5,5.8,3,,2024-04-03T06:30:23,2024-04-03T19:38:01,0.82,"Rain, Partially cloudy",Partly cloudy throughout the day with a chance of rain throughout the day.,rain,"F6665,03781099999,03672099999,03772099999,03770099999"
london,2024-04-04,15.8,10.1,12.6,15.8,10.1,12.6,9.3,80.7,4.405,100,50,rain,0,0,55.4,33.6,227.6,1002.6,90.2,11.8,98.1,8.4,5,,2024-04-04T06:28:09,2024-04-04T19:39:41,0.85,"Rain, Overcast",Cloudy skies throughout the day with a chance of rain throughout the day.,rain,"03680099999,F6665,03781099999,03672099999,03772099999,03770099999"
london,2024-04-05,17,12.6,14.4,17,12.6,14.4,10.2,76.8,1.012,100,33.33,rain,0,0,51.8,32.8,213,1003.8,91.1,12.6,157.1,13.7,8,,2024-04-05T06:25:54,2024-04-05T19:41:22,0.89,"Rain, Overcast",Cloudy skies throughout the day with a chance of rain throughout the day.,rain,"F6665,03781099999,03672099999,03772099999,03770099999"
london,2024-04-06,19.1,14.5,16.5,19.1,14.5,16.5,9.9,65.1,0,0,0,,0,0,63,41.2,193.3,1002,43.8,18.4,119.4,10.4,4,,2024-04-06T06:23:40,2024-04-06T19:43:02,0.92,Partially cloudy,Becoming cloudy in the afternoon.,partly-cloudy-day,"F6665,03781099999,03672099999,03772099999,03770099999"
london,2024-04-07,16.1,11.3,13.7,16.1,11.3,13.7,7.1,64.6,0,0,0,,0,0,61.2,37.9,219.4,1007.7,69,13.6,161.8,13.7,8,,2024-04-07T06:21:26,2024-04-07T19:44:43,0.95,Partially cloudy,Partly cloudy throughout the day.,partly-cloudy-day,"F6665,03781099999,03672099999,03772099999,03770099999"
london,2024-04-08,17.1,9.8,13,17.1,8.8,13,8.5,75.2,1.002,100,12.5,rain,0,0,38.9,23.4,167.6,1004.3,54.7,15.4,113.8,9.8,5,,2024-04-08T06:19:13,2024-04-08T19:46:23,0,"Rain, Partially cloudy",Partly cloudy throughout the day with late afternoon rain.,rain,"F6665,03781099999,03672099999,03772099999,03770099999"
london,2024-04-09,13.1,8.6,10.3,13.1,4.6,8.8,4.4,68.1,0.409,100,12.5,rain,0,0,64.8,39.7,245.8,1006.7,76.4,16.8,90.2,7.8,4,,2024-04-09T06:17:00,2024-04-09T19:48:03,0.02,"Rain, Partially cloudy",Partly cloudy throughout the day with a chance of rain throughout the day.,rain,"F6665,03781099999,03672099999,03772099999,03770099999"
london,2024-04-10,13.6,5.1,9.9,13.6,2.9,9,6.7,81.2,0.604,100,12.5,rain,0,0,51.8,28.4,218.6,1025,55.7,13,113.7,9.7,5,,2024-04-10T06:14:48,2024-04-10T19:49:44,0.06,"Rain, Partially cloudy",Partly cloudy throughout the day with rain.,rain,"03680099999,F6665,03781099999,03672099999,03772099999,03770099999"
london,2024-04-11,18.8,13,15,18.8,13,15,11.8,81.9,0,0,0,,0,0,38.9,21.9,227.4,1028.3,93.8,12.5,129.8,11.3,7,,2024-04-11T06:12:36,2024-04-11T19:51:24,0.09,Overcast,Cloudy skies throughout the day.,cloudy,"F6665,03781099999,03672099999,03772099999,03770099999"
london,2024-04-12,21.3,10.6,15.2,21.3,10.6,15.2,9.4,69,0,0,0,,0,0,44.6,29.9,226,1028.5,24.5,18.7,189,16.4,7,,2024-04-12T06:10:25,2024-04-12T19:53:05,0.12,Partially cloudy,Partly cloudy throughout the day.,partly-cloudy-day,"F6665,03781099999,03672099999,03772099999,03770099999"
london,2024-04-13,20.6,12.3,15.8,20.6,12.3,15.8,9.5,68.3,0,0,0,,0,0,38.9,27.2,235.3,1022.6,43.9,17.1,192.5,16.5,7,,2024-04-13T06:08:15,2024-04-13T19:54:45,0.15,Partially cloudy,Clearing in the afternoon.,partly-cloudy-day,"03769099999,F6665,03781099999,03672099999,03772099999,03770099999"
london,2024-04-14,14.6,9.6,11.9,14.6,7,11.8,3.9,59.5,0,0,0,,0,0,29.5,22.5,267.8,1022.4,32,19.8,167.2,14.6,6,,2024-04-14T06:06:05,2024-04-14T19:56:25,0.19,Partially cloudy,Partly cloudy throughout the day.,partly-cloudy-day,"F6665,03781099999,03672099999,03772099999,03770099999"
london,2024-04-15,13.3,7.6,9.7,13.3,4,7.5,2.8,63.4,2.01,100,20.83,rain,0,0,68.4,45.4,267.7,1008.8,52.4,20.5,144.9,12.6,7,,2024-04-15T06:03:56,2024-04-15T19:58:06,0.25,"Rain, Partially cloudy",Partly cloudy throughout the day with rain.,rain,"03769099999,F6665,03781099999,03672099999,03772099999,03770099999"
london,2024-04-16,13.1,8,10.2,13.1,4.4,8.6,3.8,64.9,0.424,100,41.67,rain,0,0,57.6,30.2,308.4,1012.3,78.8,20.7,116.5,10,5,,2024-04-16T06:01:48,2024-04-16T19:59:46,0.25,"Rain, Partially cloudy",Partly cloudy throughout the day with a chance of rain throughout the day.,rain,"F6665,03781099999,03672099999,03772099999,03770099999"
london,2024-04-17,12.1,5.5,8.5,12.1,2.7,6.9,1.6,63.7,0,0,0,,0,0,45.4,23.6,314.2,1015.8,49.3,21.1,174.5,15,6,,2024-04-17T05:59:41,2024-04-17T20:01:26,0.29,Partially cloudy,Partly cloudy throughout the day.,partly-cloudy-day,"03680099999,03781099999,03672099999,F6665,03772099999,03770099999"
london,2024-04-18,14.5,5.3,9.7,14.5,2.8,8.5,1.8,60.4,0.199,100,4.17,rain,0,0,48.2,25.2,299.6,1021.1,50.7,20.3,214.7,18.5,9,,2024-04-18T05:57:34,2024-04-18T20:03:07,0.32,"Rain, Partially cloudy",Partly cloudy throughout the day with late afternoon rain.,rain,"03680099999,F6665,03781099999,03672099999,03772099999,03770099999"
london,2024-04-19,15,8.3,10.6,15,5.2,9.7,5.9,73,5.178,100,25,rain,0,0,48.2,27.7,308.8,1017.8,80.1,18.5,130,11.2,9,,2024-04-19T05:55:28,2024-04-19T20:04:47,0.35,"Rain, Partially cloudy",Partly cloudy throughout the day with rain.,rain,"F6665,03781099999,03672099999,03768099999,03772099999,03770099999"
london,2024-04-20,11.3,5,8.2,11.3,2.7,6.6,0.1,56.8,0,0,0,,0,0,35.3,22.4,9.5,1027.7,52.1,18.2,124.4,10.8,7,,2024-04-20T05:53:23,2024-04-20T20:06:27,0.38,Partially cloudy,Partly cloudy throughout the day.,partly-cloudy-day,"F6665,03781099999,03672099999,03772099999,03770099999"
london,2024-04-21,12.1,5.5,8.6,12.1,2.5,7,1.1,60.1,0,0,0,,0,0,38.9,23.6,19.4,1029.7,57.4,17.8,147,12.7,9,,2024-04-21T05:51:19,2024-04-21T20:08:07,0.42,Partially cloudy,Partly cloudy throughout the day.,partly-cloudy-day,"F6665,03781099999,03672099999,03772099999,03770099999"
london,2024-04-22,9.6,5.1,7.8,8.3,3.8,6.4,2.2,67.9,0.001,100,4.17,rain,0,0,24.1,14.9,351.3,1028.1,64.7,16.9,109.3,9.2,4,,2024-04-22T05:49:16,2024-04-22T20:09:47,0.45,"Rain, Partially cloudy",Partly cloudy throughout the day with late afternoon rain.,rain,"F6665,03781099999,03672099999,03772099999,03770099999"
london,2024-04-23,11.3,6.1,8.2,11.3,4.6,7.2,3.9,74.7,0.401,100,20.83,rain,0,0,35.3,17.3,350.5,1022.8,84.8,14.8,69,6.1,3,,2024-04-23T05:47:14,2024-04-23T20:11:27,0.48,"Rain, Partially cloudy",Partly cloudy throughout the day with a chance of rain throughout the day.,rain,"F6665,03781099999,03672099999,03772099999,03770099999"
london,2024-04-24,10.3,6.6,8.2,10.3,4.3,6.3,-0.2,56.7,0,0,0,,0,0,31.7,18.8,342.2,1016.7,68.8,20,115.6,9.9,8,,2024-04-24T05:45:13,2024-04-24T20:13:06,0.5,Partially cloudy,Partly cloudy throughout the day.,partly-cloudy-day,"D5621,F6665,03781099999,03672099999,03772099999,03770099999"
london,2024-04-25,12,3.8,7.8,12,2.7,7.2,2.9,72.1,1.4,100,16.67,rain,0,0,31.7,18.3,267.3,1005.2,73.7,16.1,83.8,7.2,6,,2024-04-25T05:43:13,2024-04-25T20:14:46,0.55,"Rain, Partially cloudy",Partly cloudy throughout the day with rain.,rain,"D5621,03781099999,03672099999,03772099999,03770099999"
london,2024-04-26,13.1,5.5,9.1,13.1,4.9,8.6,1.9,62.4,0,0,0,,0,0,23.8,13.8,89.3,1003.2,58.9,15.1,136.5,11.9,8,,2024-04-26T05:41:14,2024-04-26T20:16:25,0.59,Partially cloudy,Partly cloudy throughout the day.,partly-cloudy-day,"03680099999,D5621,03781099999,03672099999,03772099999,03770099999"
london,2024-04-27,11.5,6.1,8.6,11.5,3.1,6.7,6,83.8,3.453,100,50,rain,0,0,31.7,18.8,60.3,1002.7,95.4,9.4,42.6,3.9,2,,2024-04-27T05:39:17,2024-04-27T20:18:05,0.62,"Rain, Overcast",Cloudy skies throughout the day with rain.,rain,"D5621,03781099999,03672099999,03772099999,03770099999"
london,2024-04-28,12.5,7.3,9.2,12.5,3.7,7.2,5.8,80.9,17.013,100,54.17,rain,0,0,37.1,24.8,291.1,1004,83.1,13.4,45.7,3.9,2,,2024-04-28T05:37:20,2024-04-28T20:19:44,0.66,"Rain, Partially cloudy",Partly cloudy throughout the day with a chance of rain throughout the day.,rain,"D5621,03781099999,03672099999,03772099999,03770099999"
london,2024-04-29,16.3,6.8,11.7,16.3,4.7,10.9,5.2,66.6,0,0,0,,0,0,48.2,31.1,194.3,1014.7,28.1,19.9,193.7,16.8,9,,2024-04-29T05:35:25,2024-04-29T20:21:22,0.69,Partially cloudy,Partly cloudy throughout the day.,partly-cloudy-day,"D5621,03781099999,03672099999,03772099999,03770099999"
london,2024-04-30,19.3,7.5,13.7,19.3,6,13.4,7.1,65.9,0,0,0,,0,0,37.1,23,155.5,1011.2,17.9,20.4,138.1,12,7,,2024-04-30T05:33:31,2024-04-30T20:23:01,0.73,Clear,Clear conditions throughout the day.,clear-day,"EGWU,EGLL,D5621,03781099999,03672099999,EGLC,03772099999,03770099999"
london,2024-05-01,19.4,10.6,14.7,19.4,10.6,14.7,11.3,81.3,2,100,25,rain,0,0,23.4,14.9,61.7,1007.3,79.3,7.4,91.7,8,4,,2024-05-01T05:31:39,2024-05-01T20:24:39,0.75,"Rain, Partially cloudy",Partly cloudy throughout the day with rain.,rain,"EGWU,EGLL,D5621,03781099999,03672099999,EGLC,03772099999,03770099999"
london,2024-05-02,16.1,11.3,13.3,16.1,11.3,13.3,10.9,85.4,6.787,100,25,rain,0,0,38.9,22.7,307.6,1001.8,87.8,7.6,53,4.6,2,,2024-05-02T05:29:47,2024-05-02T20:26:17,0.8,"Rain, Partially cloudy",Partly cloudy throughout the day with rain.,rain,"D5621,03781099999,03672099999,03772099999,03770099999"
london,2024-05-03,13,9.3,10.9,13,6.5,9.9,8.8,87.5,5.405,100,54.17,rain,0,0,37.1,24.1,251.2,1008.4,86.6,14.1,43.9,3.9,2,,2024-05-03T05:27:58,2024-05-03T20:27:54,0.83,"Rain, Partially cloudy",Partly cloudy throughout the day with a chance of rain throughout the day.,rain,"D5621,03781099999,03672099999,03772099999,03770099999"
london,2024-05-04,16.6,8.6,12.6,16.6,7.1,12.3,7.5,72.6,0,0,0,,0,0,24.1,12.8,187.4,1010.6,53.3,17.4,85.5,7.4,4,,2024-05-04T05:26:09,2024-05-04T20:29:31,0.87,Partially cloudy,Partly cloudy throughout the day.,partly-cloudy-day,"03680099999,D5621,03781099999,03672099999,03772099999,03770099999"
london,2024-05-05,17.5,7.1,12.7,17.5,7.1,12.7,8,75.4,0,0,0,,0,0,24.1,16,172.2,1007.7,37.9,20.1,153.8,13.3,8,,2024-05-05T05:24:22,2024-05-05T20:31:08,0.91,Partially cloudy,Becoming cloudy in the afternoon.,partly-cloudy-day,"D5621,03781099999,03672099999,03772099999,03770099999"
london,2024-05-06,14.8,9.1,12.4,14.8,9.1,12.4,10.8,89.8,7.401,100,45.83,rain,0,0,25.9,11.3,26.3,1007.9,78.2,9.6,48,4.2,2,,2024-05-06T05:22:37,2024-05-06T20:32:44,0.94,"Rain, Partially cloudy",Partly cloudy throughout the day with rain.,rain,"D5621,03781099999,03672099999,03772099999,03770099999"
london,2024-05-07,19.8,10.3,15,19.8,10.3,15,9.6,71.7,0.997,100,12.5,rain,0,0,27,15.6,24.2,1020.8,31.1,13.4,197.7,17.1,8,,2024-05-07T05:20:54,2024-05-07T20:34:20,0.98,"Rain, Partially cloudy",Partly cloudy throughout the day with early morning rain.,rain,"EGWU,EGLL,D5621,03768399999,03781099999,03672099999,03768099999,EGLC,03658099999,03772099999,03770099999"
london,2024-05-08,20.6,9.7,14.8,20.6,9.7,14.8,9.4,72.4,0,0,0,,0,0,20.5,14.3,101.6,1028.6,36.9,11.1,179,15.4,8,,2024-05-08T05:19:12,2024-05-08T20:35:55,0,Partially cloudy,Clearing in the afternoon.,partly-cloudy-day,"EGWU,03769099999,EGLL,03768399999,03781099999,03672099999,03768099999,03684099999,03772099999,03680099999,D5621,03761099999,EGLC,03770099999"
london,2024-05-09,23.6,10.6,17,23.6,10.6,17,10.1,66.7,0,0,0,,0,0,20.5,13.4,236.3,1026.5,17.2,13.7,193.2,16.8,8,,2024-05-09T05:17:31,2024-05-09T20:37:30,0.04,Clear,Clear conditions throughout the day.,clear-day,"D5621,03781099999,03672099999,03772099999,03770099999"
london,2024-05-10,24,11.3,17.6,24,11.3,17.6,10.3,65,0,0,0,,0,0,27.7,17.3,97.9,1023.4,1.6,18.4,198.4,17.3,8,,2024-05-10T05:15:53,2024-05-10T20:39:03,0.08,Clear,Clear conditions throughout the day.,clear-day,"03680099999,D5621,03781099999,03672099999,03772099999,03770099999"
london,2024-05-11,22.6,11.5,16.3,22.6,11.5,16.3,11,72.5,0,0,0,,0,0,34.9,23.3,87.2,1020.6,12.3,9.8,161,13.8,7,,2024-05-11T05:14:16,2024-05-11T20:40:37,0.11,Clear,Clear conditions throughout the day.,clear-day,"03680099999,D5621,03781099999,03672099999,03772099999,03770099999"
london,2024-05-12,25.2,12.8,19.2,25.2,12.8,19.2,11.4,62.9,0,0,0,,0,0,25.9,16,132.8,1012.7,9,15.9,196,16.8,8,,2024-05-12T05:12:41,2024-05-12T20:42:09,0.14,Clear,Clear conditions throughout the day.,clear-day,"D5621,03781099999,03672099999,03772099999,03770099999"
london,2024-05-13,17.8,12.5,15.7,17.8,12.5,15.7,11,73.4,0,0,0,,0,0,37.1,22.2,184.6,1007.2,85.8,13.5,71.5,6.2,2,,2024-05-13T05:11:08,2024-05-13T20:43:41,0.17,Partially cloudy,Partly cloudy throughout the day.,partly-cloudy-day,"D5621,03781099999,03672099999,03772099999,03770099999"
london,2024-05-14,17.1,14.3,15.6,17.1,14.3,15.6,11.7,77.8,3.597,100,33.33,rain,0,0,29.5,20.5,152.6,1001.1,82.1,14.2,76.1,6.5,4,,2024-05-14T05:09:37,2024-05-14T20:45:11,0.2,"Rain, Partially cloudy",Partly cloudy throughout the day with a chance of rain throughout the day.,rain,"D5621,03781099999,03672099999,03772099999,03770099999"
london,2024-05-15,20.8,13.6,16.6,20.8,13.6,16.6,10.5,69.7,0.798,100,8.33,rain,0,0,22.3,16,148,1004.2,49.3,17.2,118.8,10.3,9,,2024-05-15T05:08:08,2024-05-15T20:46:41,0.25,"Rain, Partially cloudy",Partly cloudy throughout the day with early morning rain.,rain,"D5621,03781099999,03672099999,03772099999,03770099999"
london,2024-05-16,16.5,12.3,14.2,16.5,12.3,14.2,12.4,89.2,10.138,100,20.83,rain,0,0,19.4,11.2,220.7,1005.2,57.3,14.1,74.5,6.5,3,,2024-05-16T05:06:41,2024-05-16T20:48:10,0.27,"Rain, Partially cloudy",Partly cloudy throughout the day with rain.,rain,"03680099999,D5621,03781099999,03672099999,03772099999,03770099999"
london,2024-05-17,21.6,10,16.3,21.6,10,16.3,10.3,70.4,0,0,0,,0,0,18.4,9.5,180,1009.2,36.4,21,177.8,15.5,10,,2024-05-17T05:05:17,2024-05-17T20:49:38,0.3,Partially cloudy,Partly cloudy throughout the day.,partly-cloudy-day,"03680099999,D5621,03781099999,03672099999,03772099999,03770099999"
london,2024-05-18,20.1,13.3,15.7,20.1,13.3,15.7,11.8,78.1,0.199,100,4.17,rain,0,0,20.5,12.6,19.7,1012.8,64.7,13.4,76.1,6.7,3,,2024-05-18T05:03:54,2024-05-18T20:51:05,0.33,"Rain, Partially cloudy",Partly cloudy throughout the day with morning rain.,rain,"D5621,03781099999,03672099999,03772099999,03770099999"
london,2024-05-19,23,11.8,16.9,23,11.8,16.9,9.5,63.5,0,0,0,,0,0,27.7,18.5,41.8,1013.8,40.5,15,225,19.3,9,,2024-05-19T05:02:33,2024-05-19T20:52:30,0.37,Partially cloudy,Clearing in the afternoon.,partly-cloudy-day,"D5621,03781099999,03672099999,03772099999,03770099999"
london,2024-05-20,21.1,10.1,15.6,21.1,10.1,15.6,9.1,67.1,0,0,0,,0,0,30.6,14.4,37.4,1013.6,14.4,12.7,217.3,18.7,8,,2024-05-20T05:01:15,2024-05-20T20:53:55,0.4,Clear,Clear conditions throughout the day.,clear-day,"03680099999,D5621,03781099999,03672099999,03772099999,03770099999"
london,2024-05-21,14.8,12.1,13.5,14.8,12.1,13.5,11.4,87.1,14.162,100,41.67,rain,0,0,20.5,13,0.8,1009.6,88.5,8.8,28.5,2.4,1,,2024-05-21T04:59:59,2024-05-21T20:55:18,0.43,"Rain, Partially cloudy",Partly cloudy throughout the day with rain.,rain,"D5621,03781099999,03672099999,03772099999,03770099999"
london,2024-05-22,14.8,13.1,14,14.8,13.1,14,13.1,94,11.204,100,79.17,rain,0,0,37.1,23.6,254.5,1006.9,89.7,8.5,50.4,4.3,2,,2024-05-22T04:58:45,2024-05-22T20:56:40,0.46,"Rain, Partially cloudy",Partly cloudy throughout the day with a chance of rain throughout the day.,rain,"D5621,03781099999,03672099999,03772099999,03770099999"
london,2024-05-23,18.3,11.9,14.6,18.3,11.9,14.6,9.6,73,0.002,100,4.17,rain,0,0,31.7,22.5,260.6,1013.1,73.6,17.5,116.1,10.2,8,,2024-05-23T04:57:34,2024-05-23T20:58:00,0.5,"Rain, Partially cloudy",Partly cloudy throughout the day with early morning rain.,rain,"03680099999,D5621,03781099999,03672099999,03772099999,03770099999"
london,2024-05-24,18.5,9.9,14.5,18.5,8.3,14.4,7.4,63.6,0,0,0,,0,0,20.5,14.9,265.2,1018.2,59.7,18.8,168.4,14.5,10,,2024-05-24T04:56:25,2024-05-24T20:59:19,0.53,Partially cloudy,Partly cloudy throughout the day.,partly-cloudy-day,"D5621,03781099999,03672099999,03772099999,03770099999"
london,2024-05-25,21.1,9.6,15.7,21.1,9.4,15.7,8.3,64.1,0,0,0,,0,0,20.5,16,179.5,1016.6,33.2,18.7,194.8,16.9,10,,2024-05-25T04:55:19,2024-05-25T21:00:37,0.57,Partially cloudy,Partly cloudy throughout the day.,partly-cloudy-day,"D5621,03781099999,03672099999,03772099999,03770099999"
london,2024-05-26,19.5,12.5,15.6,19.5,12.5,15.6,10.8,74.4,5.612,100,41.67,rain,0,0,42.8,28.8,213.8,1011.6,75.1,14.7,168,14.4,10,,2024-05-26T04:54:15,2024-05-26T21:01:52,0.6,"Rain, Partially cloudy",Partly cloudy throughout the day with a chance of rain throughout the day.,rain,"03680099999,D5621,03781099999,03672099999,03761099999,EGLC,03658099999,03772099999,03770099999"
london,2024-05-27,16.7,11.6,13.8,16.7,11.6,13.8,8.8,72.8,0.205,100,16.67,rain,0,0,42.5,26,231.4,1014.9,59.9,16.7,136.2,11.8,8,,2024-05-27T04:53:14,2024-05-27T21:03:06,0.64,"Rain, Partially cloudy",Partly cloudy throughout the day with afternoon rain.,rain,"D5621,03781099999,03672099999,03772099999,03770099999"
london,2024-05-28,17.5,10.6,14.2,17.5,10.6,14.2,12.2,87.4,1.803,100,20.83,rain,0,0,46.4,27.3,211.4,1012.5,85.1,10.4,62.3,5.3,3,,2024-05-28T04:52:15,2024-05-28T21:04:19,0.67,"Rain, Partially cloudy",Partly cloudy throughout the day with rain.,rain,"D5621,03781099999,03672099999,03772099999,03770099999"
london,2024-05-29,20.6,13.6,16.5,20.6,13.6,16.5,10.4,68.8,0.202,100,8.33,rain,0,0,39.2,24.7,268.2,1008.8,69.2,18.3,147.8,12.8,9,,2024-05-29T04:51:19,2024-05-29T21:05:29,0.71,"Rain, Partially cloudy",Partly cloudy throughout the day with rain clearing later.,rain,"03680099999,D5621,03781099999,03672099999,03772099999,03770099999"
london,2024-05-30,19,13.3,15.1,19,13.3,15.1,9.7,70,0.207,100,12.5,rain,0,0,37.1,23.8,312.8,1010.3,82.5,20.3,105.3,9,9,,2024-05-30T04:50:26,2024-05-30T21:06:38,0.75,"Rain, Partially cloudy",Partly cloudy throughout the day with rain.,rain,"D5621,03781099999,03672099999,03772099999,03770099999"
london,2024-05-31,14.3,12.6,13.6,14.3,12.6,13.6,9.1,74.3,0,0,0,,0,0,44.6,25.6,348.4,1018.6,91.3,16.6,39.6,3.3,1,,2024-05-31T04:49:36,2024-05-31T21:07:44,0.78,Overcast,Cloudy skies throughout the day.,cloudy,"D5621,03781099999,03672099999,03772099999,03770099999"
london,2024-06-01,16.6,10.3,13.4,16.6,10.3,13.4,8.2,71.5,0,0,0,,0,0,49.7,23.9,9,1025.1,82.1,15.7,112.5,10,6,,2024-06-01T04:48:48,2024-06-01T21:08:49,0.82,Partially cloudy,Partly cloudy throughout the day.,partly-cloudy-day,"03680099999,D5621,03781099999,03672099999,03772099999,03770099999"
london,2024-06-02,23.3,10.8,16.9,23.3,10.8,16.9,8.4,60.1,0,0,0,,0,0,31.7,17.3,3.7,1026.4,26.3,15.6,230.1,19.7,9,,2024-06-02T04:48:03,2024-06-02T21:09:51,0.85,Partially cloudy,Partly cloudy throughout the day.,partly-cloudy-day,"D5621,03781099999,03672099999,03772099999,03770099999"
london,2024-06-03,20.1,12.6,17.1,20.1,12.6,17.1,11.3,69.4,0,0,0,,0,0,24.1,13.2,318.9,1021.3,66,17,108.5,9.4,3,,2024-06-03T04:47:21,2024-06-03T21:10:52,0.89,Partially cloudy,Partly cloudy throughout the day.,partly-cloudy-day,"EGWU,EGLL,D5621,03781099999,03672099999,EGLC,03772099999,03770099999"
london,2024-06-04,20,12.3,17.1,20,12.3,17.1,12.2,73.1,0.6,100,8.33,rain,0,0,44.6,25.2,249,1011.9,91.8,17.2,111.2,9.9,4,,2024-06-04T04:46:42,2024-06-04T21:11:50,0.93,"Rain, Overcast",Cloudy skies throughout the day with late afternoon rain.,rain,"D5621,03781099999,03672099999,03772099999,03770099999"
london,2024-06-05,16.6,8.3,13.2,16.6,7.6,13.2,4.9,59.9,0,0,0,,0,0,33.5,21.9,279.2,1013.8,28.5,15.2,120.8,10.3,7,,2024-06-05T04:46:06,2024-06-05T21:12:46,0.96,Partially cloudy,Partly cloudy throughout the day.,partly-cloudy-day,"D5621,03781099999,03672099999,03772099999,03770099999"
london,2024-06-06,18,10.3,14.4,18,10.3,14.4,6.3,59.2,0,0,0,,0,0,25.9,17.8,264.7,1016.9,43.7,14.1,130,11.1,7,,2024-06-06T04:45:33,2024-06-06T21:13:39,0,Partially cloudy,Partly cloudy throughout the day.,partly-cloudy-day,"D5621,03781099999,03672099999,03768099999,EGLC,03772099999,03770099999"
london,2024-06-07,18.8,8.6,15,18.8,8.2,15,7.6,62.6,0,0,0,,0,0,29.5,21.9,255.1,1018.1,47.9,16.8,202.8,17.4,9,,2024-06-07T04:45:02,2024-06-07T21:14:30,0.03,Partially cloudy,Becoming cloudy in the afternoon.,partly-cloudy-day,"D5621,03781099999,03672099999,03772099999,03770099999"
london,2024-06-08,18.8,11,15.1,18.8,11,15.1,7.7,63,0,0,0,,0,0,27.7,21.5,286,1013.4,40.5,20.4,124.4,10.5,8,,2024-06-08T04:44:35,2024-06-08T21:15:19,0.06,Partially cloudy,Partly cloudy throughout the day.,partly-cloudy-day,"03680099999,D5621,03781099999,03672099999,03772099999,03770099999"
london,2024-06-09,16.3,7.6,13.5,16.3,7.6,13.4,5.8,60.2,0,0,0,,0,0,33.5,21.6,288,1013,49.1,19.3,101.2,8.7,6,,2024-06-09T04:44:11,2024-06-09T21:16:04,0.09,Partially cloudy,Partly cloudy throughout the day.,partly-cloudy-day,"03680099999,D5621,03781099999,03672099999,03772099999,03770099999"
london,2024-06-10,16.3,8.9,12.5,16.3,8.9,12.5,8.2,76,5.583,100,33.33,rain,0,0,38.9,25,310.1,1010.9,74.8,19.1,98.5,8.5,7,,2024-06-10T04:43:50,2024-06-10T21:16:48,0.13,"Rain, Partially cloudy",Partly cloudy throughout the day with a chance of rain throughout the day.,rain,"D5621,03781099999,03672099999,03772099999,03770099999"
london,2024-06-11,16.3,7.6,12.1,16.3,6.6,11.8,6.3,69,0.002,100,8.33,rain,0,0,25.9,17.8,319,1018.1,49.8,19.1,148.3,12.8,10,,2024-06-11T04:43:32,2024-06-11T21:17:28,0.16,"Rain, Partially cloudy",Partly cloudy throughout the day with late afternoon rain.,rain,"D5621,03781099999,03672099999,03772099999,03770099999"
london,2024-06-12,17,8.8,13.1,17,8.8,13.1,6.1,64.1,0,0,0,,0,0,18.4,13,267.3,1020.6,52.3,17.1,62.2,5.2,3,,2024-06-12T04:43:17,2024-06-12T21:18:06,0.19,Partially cloudy,Partly cloudy throughout the day.,partly-cloudy-day,"D5621,03781099999,03672099999,03772099999,03770099999"
london,2024-06-13,16.6,8.3,13,16.6,8,12.9,7.3,69.6,0.201,100,8.33,rain,0,0,59.4,27.3,196.8,1013.2,53.6,16.2,98.5,8.7,4,,2024-06-13T04:43:05,2024-06-13T21:18:42,0.22,"Rain, Partially cloudy",Partly cloudy throughout the day with late afternoon rain.,rain,"D5621,03781099999,03672099999,03772099999,03770099999"
london,2024-06-14,19.3,12,15.3,19.3,12,15.3,10,72.1,1.012,100,33.33,rain,0,0,44.6,31,212.4,1001.1,80.2,13.9,117.4,10.1,9,,2024-06-14T04:42:56,2024-06-14T21:19:14,0.25,"Rain, Partially cloudy",Partly cloudy throughout the day with a chance of rain throughout the day.,rain,"D5621,03781099999,03672099999,03768099999,EGLC,03772099999,03770099999"
london,2024-06-15,18.1,10.1,13.7,18.1,10.1,13.7,9.8,77.8,5.607,100,50,rain,0,0,44.6,30.2,229.6,999.1,76.3,15.1,112.3,9.6,7,,2024-06-15T04:42:50,2024-06-15T21:19:43,0.29,"Rain, Partially cloudy",Partly cloudy throughout the day with a chance of rain throughout the day.,rain,"D5621,03781099999,03672099999,03772099999,03770099999"
london,2024-06-16,20.5,11.3,15.9,20.5,11.3,15.9,9.1,65.6,0.001,100,4.17,rain,0,0,35.3,23.6,235.9,1002.2,53.5,16.5,142.8,12.2,9,,2024-06-16T04:42:47,2024-06-16T21:20:10,0.32,"Rain, Partially cloudy",Partly cloudy throughout the day with late afternoon rain.,rain,"D5621,03781099999,03672099999,03772099999,03770099999"
london,2024-06-17,22.1,11.1,16.9,22.1,11.1,16.9,8.9,61.7,0,0,0,,0,0,31,17.2,236,1009.6,24.3,19.1,244.8,21.2,10,,2024-06-17T04:42:47,2024-06-17T21:20:34,0.35,Partially cloudy,Partly cloudy throughout the day.,partly-cloudy-day,"03680099999,D5621,03781099999,03672099999,03772099999,03770099999"
london,2024-06-18,22.3,13,17.7,22.3,13,17.7,10.4,63.8,0,0,0,,0,0,24.1,17,16.1,1014,30.7,19,159,13.8,9,,2024-06-18T04:42:51,2024-06-18T21:20:54,0.38,Partially cloudy,Partly cloudy throughout the day.,partly-cloudy-day,"D5621,03781099999,03672099999,03772099999,03770099999"
london,2024-06-19,20.8,13.1,16.2,20.8,13.1,16.2,9.4,65.5,0,0,0,,0,0,29.5,18.7,53.9,1020.5,52.2,17.6,175.5,15.2,8,,2024-06-19T04:42:57,2024-06-19T21:21:12,0.42,Partially cloudy,Partly cloudy throughout the day.,partly-cloudy-day,"03680099999,D5621,03781099999,03672099999,03772099999,03770099999"
london,2024-06-20,22.5,11.5,17,22.5,11.5,17,8.6,60.1,0,0,0,,0,0,22.3,14.2,58.3,1019.9,2,18.6,218.8,18.8,8,,2024-06-20T04:43:06,2024-06-20T21:21:27,0.45,Clear,Clear conditions throughout the day.,clear-day,"03680099999,D5621,03781099999,03672099999,03768099999,EGLC,03772099999,03770099999"
london,2024-06-21,23.8,11.1,18.2,23.8,11.1,18.2,10.3,63.1,0,0,0,,0,0,40.7,27.7,235.8,1013.5,18.2,19.3,238.8,20.6,9,,2024-06-21T04:43:19,2024-06-21T21:21:38,0.48,Clear,Clear conditions throughout the day.,clear-day,"03769099999,D5621,03781099999,03672099999,03772099999,03770099999"
london,2024-06-22,22.5,14.3,17.7,22.5,14.3,17.7,11.4,68.2,0,0,0,,0,0,31.7,19.6,257.7,1012.7,67.2,17.1,81.3,7,3,,2024-06-22T04:43:34,2024-06-22T21:21:47,0.5,Partially cloudy,Partly cloudy throughout the day.,partly-cloudy-day,"D5621,03781099999,03672099999,03772099999,03770099999"
london,2024-06-23,23.5,12,18.8,23.5,12,18.8,11.7,64.4,0,0,0,,0,0,22.3,14,252.8,1019.2,40.4,19.5,206,17.5,9,,2024-06-23T04:43:52,2024-06-23T21:21:52,0.55,Partially cloudy,Becoming cloudy in the afternoon.,partly-cloudy-day,"D5621,03781099999,03672099999,03772099999,03770099999"
london,2024-06-24,27.3,15.8,22.1,27.4,15.8,22.1,14.6,64.8,0,0,0,,0,0,18.4,11,202.3,1019,50.4,19.8,185.9,16.1,9,,2024-06-24T04:44:14,2024-06-24T21:21:54,0.59,Partially cloudy,Partly cloudy throughout the day.,partly-cloudy-day,"03680099999,D5621,03781099999,03672099999,03772099999,03770099999"
london,2024-06-25,28.6,14.6,22.2,28.4,14.6,22.2,13.4,59.5,0,0,0,,0,0,16.6,13.4,85.3,1015.6,6.7,18.8,201.1,17.5,9,,2024-06-25T04:44:38,2024-06-25T21:21:54,0.62,Clear,Clear conditions throughout the day.,clear-day,"D5621,03781099999,03672099999,03772099999,03770099999"
london,2024-06-26,28.4,17.5,23.1,28.4,17.5,23.1,14.1,58.6,0,0,0,,0,0,24.1,16.2,152.8,1011.9,6.2,15,216.7,18.6,8,,2024-06-26T04:45:05,2024-06-26T21:21:50,0.66,Clear,Clear conditions throughout the day.,clear-day,"03680099999,D5621,03768399999,03781099999,03672099999,EGLC,03772099999,03770099999"
london,2024-06-27,23.6,15.8,20.3,23.6,15.8,20.3,12.2,60.5,0,0,0,,0,0,38.9,28.7,255.2,1008.9,30.7,15.9,171.8,15,9,,2024-06-27T04:45:35,2024-06-27T21:21:43,0.69,Partially cloudy,Partly cloudy throughout the day.,partly-cloudy-day,"D5621,03781099999,03672099999,03772099999,03770099999"
london,2024-06-28,20.1,12.8,16.7,20.1,12.8,16.7,8.6,59.5,0,0,0,,0,0,40.7,25.2,251.4,1015.5,43.9,18.3,90.6,7.7,4,,2024-06-28T04:46:07,2024-06-28T21:21:33,0.75,Partially cloudy,Partly cloudy throughout the day.,partly-cloudy-day,"D5621,03781099999,03672099999,03772099999,03770099999"
london,2024-06-29,24.3,11.6,18.5,24.3,11.6,18.5,7.9,52.6,0,0,0,,0,0,20.5,10.6,275,1013.9,4.8,18,233.7,20.2,9,,2024-06-29T04:46:43,2024-06-29T21:21:19,0.77,Clear,Clear conditions throughout the day.,clear-day,"D5621,03781099999,03672099999,03772099999,03770099999"
london,2024-06-30,19.8,14.7,17.5,19.8,14.7,17.5,10.5,64.1,0.199,100,4.17,rain,0,0,25.9,17.1,328.7,1012.9,79.8,19.2,142.1,12.3,10,,2024-06-30T04:47:21,2024-06-30T21:21:03,0.8,"Rain, Partially cloudy",Partly cloudy throughout the day with afternoon rain.,rain,"D5621,03781099999,03672099999,F6665,03772099999,03770099999"
london,2024-07-01,19.6,14,16.8,19.6,14,16.8,9.5,62.1,0,0,0,,0,0,31.7,22.3,295.9,1017.7,79,19.8,130,11.2,4,,2024-07-01T04:48:01,2024-07-01T21:20:43,0.84,Partially cloudy,Partly cloudy throughout the day.,partly-cloudy-day,"03680099999,F6665,03781099999,03672099999,03772099999,03770099999"
london,2024-07-02,19,13.6,15.7,19,13.6,15.7,9.8,68.7,0.199,100,4.17,rain,0,0,31.7,18.6,319.4,1017.9,73.3,16.4,84,7.2,3,,2024-07-02T04:48:44,2024-07-02T21:20:21,0.87,"Rain, Partially cloudy",Partly cloudy throughout the day with afternoon rain.,rain,"D5621,F6665,03781099999,03672099999,03772099999,03770099999"
london,2024-07-03,19.5,12.8,15.9,19.5,12.8,15.9,11.5,75.4,0.798,100,20.83,rain,0,0,35.3,24.1,233.3,1009.3,80.4,15.4,72.9,6.5,4,,2024-07-03T04:49:30,2024-07-03T21:19:55,0.91,"Rain, Partially cloudy",Partly cloudy throughout the day with a chance of rain throughout the day.,rain,"D5621,03781099999,03672099999,03772099999,03770099999"
london,2024-07-04,20.8,12.5,16.8,20.8,12.5,16.8,7.5,56.7,0,0,0,,0,0,56.2,35.3,270.3,1009,28.6,17.6,198.5,17.1,9,,2024-07-04T04:50:18,2024-07-04T21:19:26,0.95,Partially cloudy,Partly cloudy throughout the day.,partly-cloudy-day,"03680099999,D5621,03781099999,03672099999,03772099999,03770099999"
london,2024-07-05,20.6,13.1,16.6,20.6,13.1,16.6,13.3,81.6,11.246,100,45.83,rain,0,0,44.6,21.9,224.3,1006.1,93.5,11.4,55.2,4.9,3,,2024-07-05T04:51:09,2024-07-05T21:18:55,0,"Rain, Overcast",Cloudy skies throughout the day with rain.,rain,"D5621,03781099999,03672099999,03772099999,03770099999"
london,2024-07-06,17.6,11.7,14.6,17.6,11.7,14.6,11,80.1,9.827,100,62.5,rain,0,0,61.6,34.4,271.8,1002,70.9,21.2,77.5,6.8,3,,2024-07-06T04:52:02,2024-07-06T21:18:20,0.02,"Rain, Partially cloudy",Partly cloudy throughout the day with a chance of rain throughout the day.,rain,"03680099999,D5621,03781099999,03672099999,03772099999,03770099999"
london,2024-07-07,17.3,11.3,14.3,17.3,11.3,14.3,10.1,75.9,5.234,100,29.17,rain,0,0,38.5,22.9,224.2,1009.7,46.4,16.7,108.8,9.4,5,,2024-07-07T04:52:57,2024-07-07T21:17:42,0.05,"Rain, Partially cloudy",Partly cloudy throughout the day with rain.,rain,"03680099999,D5621,03781099999,03672099999,03772099999,03770099999"
london,2024-07-08,19.3,10.8,15.2,19.3,10.8,15.2,11.5,79.7,1.597,100,16.67,rain,0,0,24.1,15,171.8,1014.8,58.6,14.9,102.5,8.9,6,,2024-07-08T04:53:54,2024-07-08T21:17:02,0.08,"Rain, Partially cloudy",Partly cloudy throughout the day with late afternoon rain.,rain,"D5621,03781099999,03672099999,03772099999,03770099999"
london,2024-07-09,19.1,14.6,17.1,19.1,14.6,17.1,15.8,91.9,10.435,100,70.83,rain,0,0,35.3,20.4,167.1,1010.3,95,10.7,46.1,3.9,2,,2024-07-09T04:54:54,2024-07-09T21:16:18,0.11,"Rain, Overcast",Cloudy skies throughout the day with a chance of rain throughout the day.,rain,"D5621,03781099999,03672099999,03772099999,03770099999"
london,2024-07-10,21.3,15.8,18.1,21.3,15.8,18.1,13.1,73.4,0.002,100,4.17,rain,0,0,50,25.8,227,1012.1,84.6,19.5,86.5,7.3,3,,2024-07-10T04:55:55,2024-07-10T21:15:32,0.15,"Rain, Partially cloudy",Partly cloudy throughout the day with early morning rain.,rain,"03680099999,D5621,03781099999,03672099999,03772099999,03770099999"
london,2024-07-11,23.1,13,18.3,23.1,13,18.3,10.9,65,7.95,100,8.33,rain,0,0,29.5,17.8,279.3,1016.8,44.6,19.8,256.8,22.3,9,,2024-07-11T04:56:59,2024-07-11T21:14:43,0.18,"Rain, Partially cloudy",Partly cloudy throughout the day with late afternoon rain.,rain,"03680099999,D5621,03781099999,03672099999,03772099999,03770099999"
london,2024-07-12,18.6,13.6,15.8,18.6,13.6,15.8,10.3,71.3,0.795,100,8.33,rain,0,0,30.2,17.6,26.8,1016.6,89.2,15.2,112.8,9.9,5,,2024-07-12T04:58:04,2024-07-12T21:13:51,0.21,"Rain, Partially cloudy",Partly cloudy throughout the day with early morning rain.,rain,"03769099999,03680099999,D5621,03781099999,03672099999,03768099999,EGLC,03772099999,03770099999"
london,2024-07-13,19.6,13.1,16,19.6,13.1,16,9.3,65.1,0,0,0,,0,0,25.6,14.8,288.6,1013.9,71.1,18.3,106,9.2,5,,2024-07-13T04:59:11,2024-07-13T21:12:56,0.25,Partially cloudy,Partly cloudy throughout the day.,partly-cloudy-day,"EGWU,03769099999,EGLL,03768399999,03768099999,03781099999,03672099999,03658099999,03772099999,03680099999,D5621,03761099999,EGLC,03770099999"
london,2024-07-14,21.6,12.3,17.4,21.6,12.3,17.4,10.8,67.4,0,0,0,,0,0,31.3,17.3,237.2,1011.8,30.2,17.3,139,12.1,7,,2024-07-14T05:00:21,2024-07-14T21:11:58,0.27,Partially cloudy,Partly cloudy throughout the day.,partly-cloudy-day,"03769099999,EGWU,EGLL,03768399999,03781099999,03672099999,03768099999,03684099999,03658099999,03772099999,03693099999,03680099999,D5621,03761099999,EGLC,03770099999"
london,2024-07-15,21.5,11.5,17.2,21.5,11.5,17.2,13.1,78.4,18.014,100,25,rain,0,0,29.5,16.6,139.3,1008.2,48.9,15.7,77.6,6.6,3,,2024-07-15T05:01:31,2024-07-15T21:10:58,0.31,"Rain, Partially cloudy",Partly cloudy throughout the day with rain.,rain,"03769099999,03680099999,D5621,03781099999,03672099999,03772099999,03770099999"
london,2024-07-16,20.8,14.3,17.7,20.8,14.3,17.7,14,79.8,0.41,100,12.5,rain,0,0,33.5,22.2,255.9,1009.2,76.5,18.7,150.6,13.1,7,,2024-07-16T05:02:44,2024-07-16T21:09:55,0.34,"Rain, Partially cloudy",Partly cloudy throughout the day with rain.,rain,"D5621,03781099999,03672099999,03772099999,03770099999"
london,2024-07-17,24.1,13.8,19.1,24.1,13.8,19.1,12.7,68.6,0.004,100,4.17,rain,0,0,24.1,15.9,247.2,1019.7,22.9,17.8,150.7,13,8,,2024-07-17T05:03:58,2024-07-17T21:08:50,0.37,"Rain, Partially cloudy",Partly cloudy throughout the day with early morning rain.,rain,"D5621,03781099999,03672099999,03772099999,03770099999"
london,2024-07-18,27.5,14.1,21,27.3,14.1,21,13.3,64.2,0,0,0,,0,0,31.7,17.2,181,1020.2,21.7,19.1,219.3,18.9,8,,2024-07-18T05:05:13,2024-07-18T21:07:42,0.4,Partially cloudy,Partly cloudy throughout the day.,partly-cloudy-day,"03680099999,D5621,03781099999,03672099999,F6665,03772099999,03770099999"
london,2024-07-19,30.8,16.2,24,30.3,16.2,23.9,15,60.2,0,0,0,,0,0,27.7,18.3,174.6,1016,2.5,18.8,176.8,15.5,8,,2024-07-19T05:06:30,2024-07-19T21:06:32,0.44,Clear,Clear conditions throughout the day.,clear-day,"D5621,03781099999,03672099999,03772099999,03770099999"
london,2024-07-20,23.6,17.1,20.4,23.6,17.1,20.4,16.1,76.5,0,0,0,,0,0,31.7,17.7,218.7,1008.4,69.7,16.1,124.2,10.7,8,,2024-07-20T05:07:49,2024-07-20T21:05:19,0.47,Partially cloudy,Partly cloudy throughout the day.,partly-cloudy-day,"EGWU,03769099999,EGLL,03768399999,03781099999,03672099999,03768099999,03658099999,03772099999,03876099999,03680099999,D5621,03761099999,EGLC,03770099999"
london,2024-07-21,23.1,17.5,20.2,23.1,17.5,20.2,14,69.5,0.997,100,8.33,rain,0,0,27.7,18.1,284.5,1010,76.2,18.6,122.2,10.5,5,,2024-07-21T05:09:08,2024-07-21T21:04:04,0.5,"Rain, Partially cloudy",Partly cloudy throughout the day with early morning rain.,rain,"D5621,03781099999,03672099999,03768099999,03772099999,03770099999"
london,2024-07-22,23.8,14.6,19,23.8,14.6,19,14,73,0,0,0,,0,0,50,27.6,214.5,1014.5,58.2,16.8,83.9,7.2,4,,2024-07-22T05:10:29,2024-07-22T21:02:46,0.54,Partially cloudy,Partly cloudy throughout the day.,partly-cloudy-day,"03680099999,D5621,03781099999,03672099999,03772099999,03770099999"
london,2024-07-23,22.8,17,19.8,22.8,17,19.8,14.7,73.2,0.202,100,12.5,rain,0,0,27.7,19,280.6,1017.5,85.3,16.2,93.3,8.2,3,,2024-07-23T05:11:51,2024-07-23T21:01:26,0.57,"Rain, Partially cloudy",Partly cloudy throughout the day with rain clearing later.,rain,"D5621,03768399999,03781099999,03672099999,03768099999,EGLC,03772099999,03770099999"
london,2024-07-24,24.6,16.3,20,24.6,16.3,20,14.4,71.5,0,0,0,,0,0,38.2,24.1,202.8,1020,48.8,17.1,126.8,11,6,,2024-07-24T05:13:14,2024-07-24T21:00:04,0.61,Partially cloudy,Becoming cloudy in the afternoon.,partly-cloudy-day,"03680099999,D5621,03781099999,03672099999,03772099999,03770099999"
london,2024-07-25,20.1,16.1,17.9,20.1,16.1,17.9,15.6,85.9,0.204,100,16.67,rain,0,0,38.9,21.2,214.4,1011.6,96.8,11.3,53.8,4.7,2,,2024-07-25T05:14:39,2024-07-25T20:58:40,0.64,"Rain, Overcast",Cloudy skies throughout the day with rain.,rain,"D5621,03781099999,03672099999,03772099999,03770099999"
london,2024-07-26,22.6,13.8,18.5,22.6,13.8,18.5,12.3,69,0,0,0,,0,0,25.9,17.5,248.5,1010.7,29.5,16.8,165.7,14.1,8,,2024-07-26T05:16:04,2024-07-26T20:57:14,0.68,Partially cloudy,Partly cloudy throughout the day.,partly-cloudy-day,"D5621,03781099999,03672099999,03772099999,03770099999"
london,2024-07-27,24.3,12.6,18.5,24.3,12.6,18.5,10.7,63.4,0,0,0,,0,0,28.1,18.4,289.6,1014.7,21.4,18.8,195.1,16.6,9,,2024-07-27T05:17:30,2024-07-27T20:55:45,0.71,Partially cloudy,Partly cloudy throughout the day.,partly-cloudy-day,"03680099999,D5621,03781099999,03672099999,03772099999,03770099999"
london,2024-07-28,25.6,12.6,19.9,25.6,12.6,19.9,11.3,60.7,0,0,0,,0,0,18.4,12.3,206.1,1024.2,8.6,20.3,179.1,15.6,9,,2024-07-28T05:18:57,2024-07-28T20:54:15,0.75,Clear,Clear conditions throughout the day.,clear-day,"D5621,03781099999,03672099999,03772099999,03770099999"
london,2024-07-29,28.8,15.1,21.9,28.1,15.1,21.8,12.4,57.4,0,0,0,,0,0,25.9,13.2,120.9,1020.8,1.6,20.2,165.3,14.5,8,,2024-07-29T05:20:25,2024-07-29T20:52:42,0.79,Clear,Clear conditions throughout the day.,clear-day,"03769099999,D5621,03781099999,03672099999,F6665,03772099999,03770099999"
london,2024-07-30,31.3,17.3,23.9,30.7,17.3,23.8,14.5,58.4,0,0,0,,0,0,23.4,13.6,57.1,1016.5,3,14.8,171.8,14.9,8,,2024-07-30T05:21:53,2024-07-30T20:51:08,0.82,Clear,Clear conditions throughout the day.,clear-day,"03680099999,D5621,03781099999,03672099999,03768099999,03772099999,03770099999"
london,2024-07-31,28.6,19,23.1,28.6,19,23.2,14,57.4,0,0,0,,0,0,34.6,19.6,79.2,1014.6,27.5,14.6,155.3,13.4,8,,2024-07-31T05:23:23,2024-07-31T20:49:31,0.86,Partially cloudy,Partly cloudy throughout the day.,partly-cloudy-day,"EGWU,03680099999,EGLL,D5621,03781099999,03672099999,EGLC,03772099999,03770099999"
london,2024-08-01,28.1,18.6,22.3,29.1,18.6,22.5,16.3,69.9,1.032,100,8.33,rain,0,0,29.5,10.9,54.6,1012.6,46,13.1,128.1,11.1,6,,2024-08-01T05:24:53,2024-08-01T20:47:53,0.89,"Rain, Partially cloudy",Partly cloudy throughout the day with late afternoon rain.,rain,"03769099999,03680099999,D5621,03781099999,03672099999,03772099999,03770099999"
london,2024-08-02,27,19,21.8,27.3,19,21.9,16.4,73.5,0.003,100,4.17,rain,0,0,25.9,20.5,245.6,1011.9,57.8,9.9,104.4,8.8,7,,2024-08-02T05:26:23,2024-08-02T20:46:13,0.93,"Rain, Partially cloudy",Partly cloudy throughout the day with early morning rain.,rain,"EGWU,03680099999,EGLL,D5621,03781099999,03672099999,EGLC,03772099999,03770099999"
london,2024-08-03,23.8,18.1,20.9,23.8,18.1,20.9,13.5,64.4,0.001,100,4.17,rain,0,0,38.9,26.6,254.4,1011.4,56.7,15.8,119.2,10.4,8,,2024-08-03T05:27:54,2024-08-03T20:44:31,0.96,"Rain, Partially cloudy",Partly cloudy throughout the day with morning rain.,rain,"EGWU,EGLL,D5621,03781099999,03672099999,EGLC,03772099999,03770099999"
london,2024-08-04,23.8,13.6,18.4,23.8,13.6,18.4,10.1,58.9,0,0,0,,0,0,25.9,18.4,246.1,1015.2,20.9,17.2,119.8,10.2,7,,2024-08-04T05:29:26,2024-08-04T20:42:48,0,Partially cloudy,Becoming cloudy in the afternoon.,partly-cloudy-day,"D5621,03781099999,03672099999,F6665,03772099999,03770099999"
london,2024-08-05,25.1,15.1,19.9,25.1,15.1,19.9,14.6,72.3,0,0,0,,0,0,35.3,22.2,215,1012.7,54.2,14.5,211.1,18.3,8,,2024-08-05T05:30:58,2024-08-05T20:41:03,0.03,Partially cloudy,Partly cloudy throughout the day.,partly-cloudy-day,"D5621,F6665,03781099999,03672099999,03772099999,03770099999"
london,2024-08-06,22.3,16.1,19.4,22.3,16.1,19.4,15,75.8,0.612,100,12.5,rain,0,0,33.5,20.8,227.3,1009.6,67.7,14.3,87.9,7.7,5,,2024-08-06T05:32:31,2024-08-06T20:39:16,0.07,"Rain, Partially cloudy",Partly cloudy throughout the day with afternoon rain.,rain,"03680099999,D5621,03781099999,03672099999,03772099999,03770099999"
london,2024-08-07,21.8,13,17.6,21.8,13,17.6,11.2,67.5,0,0,0,,0,0,35.3,24,237.4,1012.3,45.9,17.7,97.3,8.4,8,,2024-08-07T05:34:04,2024-08-07T20:37:28,0.1,Partially cloudy,Partly cloudy throughout the day.,partly-cloudy-day,"D5621,03781099999,03672099999,03772099999,03770099999"
london,2024-08-08,21,13.8,17.9,21,13.8,17.9,13.8,77.3,0.403,100,12.5,rain,0,0,44.6,29.6,210.7,1013.8,57.9,12.2,95.8,8.4,4,,2024-08-08T05:35:37,2024-08-08T20:35:38,0.13,"Rain, Partially cloudy",Partly cloudy throughout the day with rain.,rain,"D5621,03781099999,03672099999,03772099999,03770099999"
london,2024-08-09,24.8,18.6,21.1,24.8,18.6,21.1,13.8,65.1,0.001,100,4.17,rain,0,0,44.6,27.9,255.8,1013.8,54,16.9,120.3,10.6,8,,2024-08-09T05:37:11,2024-08-09T20:33:47,0.16,"Rain, Partially cloudy",Partly cloudy throughout the day with morning rain.,rain,"03680099999,D5621,03781099999,03672099999,03772099999,03770099999"
london,2024-08-10,24.6,15.1,19.6,24.6,15.1,19.6,14,70.2,0,0,0,,0,0,37.1,24.1,233.2,1019.4,50.7,16.4,93.8,8,5,,2024-08-10T05:38:45,2024-08-10T20:31:55,0.2,Partially cloudy,Partly cloudy throughout the day.,partly-cloudy-day,"D5621,03781099999,03672099999,03772099999,03770099999"
london,2024-08-11,27.7,17.3,22.3,28.4,17.3,22.4,15.4,66.5,0,0,0,,0,0,34.6,25.9,95.2,1019.5,32.8,14.9,156.8,13.5,8,,2024-08-11T05:40:19,2024-08-11T20:30:01,0.23,Partially cloudy,Partly cloudy throughout the day.,partly-cloudy-day,"03769099999,EGWU,EGLL,D5621,03781099999,03672099999,EGLC,03772099999,03770099999"
london,2024-08-12,32.6,18.6,25,34.9,18.6,25.7,17.9,66.7,0,0,0,,0,0,43.2,22.7,149.9,1008.7,16.4,10.4,164.7,14.4,7,,2024-08-12T05:41:54,2024-08-12T20:28:05,0.25,Clear,Clear conditions throughout the day.,clear-day,"EGWU,EGLL,D5621,03781099999,03672099999,EGLC,03772099999,03770099999"
london,2024-08-13,26.6,15.1,20.7,26.6,15.1,20.7,12.5,61,0,0,0,,0,0,31.7,18.4,232.2,1009.3,18,18.4,160.1,13.8,8,,2024-08-13T05:43:28,2024-08-13T20:26:09,0.29,Clear,Clear conditions throughout the day.,clear-day,"D5621,03781099999,03672099999,03772099999,03770099999"
london,2024-08-14,24,17.8,20.7,24,17.8,20.7,15.6,72.6,0.009,100,8.33,rain,0,0,20.5,14.9,261.6,1013.3,87.3,17.3,114.5,10,7,,2024-08-14T05:45:03,2024-08-14T20:24:11,0.33,"Rain, Partially cloudy",Partly cloudy throughout the day with morning rain.,rain,"03680099999,D5621,03781099999,03672099999,03772099999,03770099999"
london,2024-08-15,22.6,15.1,19.2,22.6,15.1,19.2,14.7,75.8,0,0,0,,0,0,58,27.7,223.3,1014.7,68.7,12.3,132.5,11.4,7,,2024-08-15T05:46:38,2024-08-15T20:22:12,0.36,Partially cloudy,Partly cloudy throughout the day.,partly-cloudy-day,"03680099999,D5621,03781099999,03672099999,03772099999,03770099999"
london,2024-08-16,24.6,15.6,19.7,24.6,15.6,19.7,13.4,69.7,3.389,100,16.67,rain,0,0,27.7,17,282.9,1014.4,39.5,20.4,100.8,8.5,6,,2024-08-16T05:48:13,2024-08-16T20:20:12,0.39,"Rain, Partially cloudy",Partly cloudy throughout the day with rain.,rain,"03680099999,D5621,03781099999,03672099999,03772099999,03770099999"
london,2024-08-17,23.3,13.8,18.3,23.3,13.8,18.3,9.5,58.6,0,0,0,,0,0,18.4,11.6,295.9,1013.6,10.2,23.2,152.3,13.2,7,,2024-08-17T05:49:49,2024-08-17T20:18:11,0.42,Clear,Clear conditions throughout the day.,clear-day,"D5621,03781099999,03672099999,F6665,03772099999,03770099999"
london,2024-08-18,23.8,14.1,18.7,23.8,14.1,18.7,10.6,61,0,0,0,,0,0,27.7,19.8,274.6,1014.3,26.1,20.1,128.4,10.9,8,,2024-08-18T05:51:24,2024-08-18T20:16:08,0.46,Partially cloudy,Partly cloudy throughout the day.,partly-cloudy-day,"D5621,03781099999,03672099999,03772099999,03770099999"
london,2024-08-19,20.3,12.5,17.2,20.3,12.5,17.2,11.9,71.6,0,0,0,,0,0,40.7,25.9,217.3,1015.8,43.6,11.3,105.8,9,5,,2024-08-19T05:52:59,2024-08-19T20:14:05,0.5,Partially cloudy,Becoming cloudy in the afternoon.,partly-cloudy-day,"03680099999,D5621,03781099999,03672099999,03772099999,03770099999"
london,2024-08-20,23.3,15.8,19.7,23.3,15.8,19.7,12.3,64.4,0,0,0,,0,0,49,28.7,248.8,1009.7,62.4,19.4,125.5,11,9,,2024-08-20T05:54:35,2024-08-20T20:12:00,0.52,Partially cloudy,Partly cloudy throughout the day.,partly-cloudy-day,"EGWU,EGLL,03680099999,D5621,03781099999,03672099999,EGLC,03772099999,03770099999"
london,2024-08-21,20.8,12,16.7,20.8,12,16.7,9.5,64,0,0,0,,0,0,37.1,26.2,247.8,1016.6,48,18.7,148.4,12.9,8,,2024-08-21T05:56:11,2024-08-21T20:09:55,0.56,Partially cloudy,Partly cloudy throughout the day.,partly-cloudy-day,"D5621,03781099999,03672099999,03772099999,03770099999"
london,2024-08-22,19.6,15.5,17.8,19.6,15.5,17.8,14,77.8,0.002,100,8.33,rain,0,0,53.6,31.6,216.2,1007.2,81.9,12.4,32.6,2.9,1,,2024-08-22T05:57:46,2024-08-22T20:07:49,0.59,"Rain, Partially cloudy",Partly cloudy throughout the day with rain in the morning and afternoon.,rain,"D5621,03781099999,03672099999,03772099999,03770099999"
london,2024-08-23,23.1,16.8,19.4,23.1,16.8,19.4,11.8,63.7,0.802,100,16.67,rain,0,0,55.4,34.6,235.8,1003.9,54.7,17.7,157.8,13.6,8,,2024-08-23T05:59:22,2024-08-23T20:05:42,0.63,"Rain, Partially cloudy",Clearing in the afternoon with rain clearing later.,rain,"03680099999,D5621,03781099999,03672099999,03772099999,03770099999"
london,2024-08-24,17.5,12.7,15.3,17.5,12.7,15.3,13.3,88.4,9.627,100,62.5,rain,0,0,31.7,20.5,222.1,1005.2,72.5,15.5,33.9,2.8,1,,2024-08-24T06:00:57,2024-08-24T20:03:34,0.66,"Rain, Partially cloudy",Partly cloudy throughout the day with a chance of rain throughout the day.,rain,"D5621,03781099999,03672099999,03772099999,03770099999"
london,2024-08-25,20.3,10.6,15.5,20.3,10.6,15.5,10,72.1,0.199,100,4.17,rain,0,0,55.4,31.3,229.7,1017.6,36,18,134.2,11.7,6,,2024-08-25T06:02:33,2024-08-25T20:01:25,0.7,"Rain, Partially cloudy",Partly cloudy throughout the day with early morning rain.,rain,"03680099999,D5621,03781099999,03672099999,03772099999,03770099999"
london,2024-08-26,23.1,15.5,18.4,23.1,15.5,18.4,12,68.1,0,0,0,,0,0,37.4,21.8,228.9,1019,57.3,14.3,110.3,9.5,7,,2024-08-26T06:04:09,2024-08-26T19:59:15,0.75,Partially cloudy,Partly cloudy throughout the day.,partly-cloudy-day,"03680099999,D5621,03781099999,03672099999,03772099999,03770099999"
london,2024-08-27,25.5,15.4,19.9,25.5,15.4,19.9,13,67.3,0,0,0,,0,0,46.1,23.4,191.2,1017.9,36.3,16.4,155.2,13.4,8,,2024-08-27T06:05:44,2024-08-27T19:57:05,0.77,Partially cloudy,Partly cloudy throughout the day.,partly-cloudy-day,"03680099999,D5621,03781099999,03672099999,03772099999,03770099999"
london,2024-08-28,28.6,14.6,21.3,28.6,14.6,21.3,13.3,62.7,0,0,0,,0,0,33.8,19.3,187.4,1013.1,23.4,19.6,108.2,9.4,6,,2024-08-28T06:07:20,2024-08-28T19:54:54,0.8,Partially cloudy,Partly cloudy throughout the day.,partly-cloudy-day,"03680099999,D5621,03781099999,03672099999,03772099999,03770099999"
london,2024-08-29,22.6,14,18.3,22.6,14,18.3,10.5,62.8,0,0,0,,0,0,27.7,19.6,275.3,1017.9,11.7,18.9,123.6,10.6,7,,2024-08-29T06:08:56,2024-08-29T19:52:42,0.84,Clear,Clear conditions throughout the day.,clear-day,"03680099999,D5621,03781099999,03672099999,03772099999,03770099999"
london,2024-08-30,22.6,12.8,17.4,22.6,12.8,17.4,10.2,64.1,0,0,0,,0,0,25.9,15.4,64.3,1022.7,7.9,13.5,116.3,10.1,6,,2024-08-30T06:10:31,2024-08-30T19:50:30,0.87,Clear,Clear conditions throughout the day.,clear-day,"03680099999,D5621,03781099999,03672099999,03772099999,03770099999"
london,2024-08-31,20.5,15.6,17.8,20.5,15.6,17.8,12.3,70.4,0,0,0,,0,0,40.7,24.5,61.4,1022.1,77.7,11.9,41.5,3.5,2,,2024-08-31T06:12:07,2024-08-31T19:48:17,0.91,Partially cloudy,Partly cloudy throughout the day.,partly-cloudy-day,"D5621,03781099999,03672099999,03772099999,03770099999"
london,2024-09-01,28.3,17.1,21.6,29.3,17.1,21.7,16.6,74.8,0,0,0,,0,0,29.5,18.6,73.8,1013.6,49.9,10.9,112.1,9.7,6,,2024-09-01T06:13:43,2024-09-01T19:46:04,0.94,Partially cloudy,Clearing in the afternoon.,partly-cloudy-day,"D5621,03781099999,03672099999,03772099999,03770099999"
london,2024-09-02,21.1,18.8,19.9,21.1,18.8,19.9,17.3,84.7,0.199,100,4.17,rain,0,0,29.5,20.2,193,1010.2,81.2,11.2,37.5,3.3,2,,2024-09-02T06:15:18,2024-09-02T19:43:50,0.98,"Rain, Partially cloudy",Partly cloudy throughout the day with afternoon rain.,rain,"03680099999,D5621,03781099999,03672099999,03772099999,03770099999"
london,2024-09-03,23.6,17,19.2,23.6,17,19.2,15.1,77.9,0.403,100,16.67,rain,0,0,33.5,21.1,259.6,1012.5,88.4,18.2,84,7.2,8,,2024-09-03T06:16:54,2024-09-03T19:41:35,0,"Rain, Partially cloudy",Partly cloudy throughout the day with early morning rain.,rain,"D5621,03781099999,03672099999,03772099999,03770099999"
london,2024-09-04,19.1,14.1,17.3,19.1,14.1,17.3,11.3,68.4,0,0,0,,0,0,22.3,14.3,349.8,1016.6,69.1,19.6,90.4,7.9,5,,2024-09-04T06:18:29,2024-09-04T19:39:20,0.05,Partially cloudy,Partly cloudy throughout the day.,partly-cloudy-day,"D5621,03781099999,03672099999,03772099999,03770099999"
london,2024-09-05,19.5,14.1,16.8,19.5,14.1,16.8,15.2,90.1,10.612,100,54.17,rain,0,0,42.5,27.3,32.7,1012.4,92.4,8.7,17.4,1.6,1,,2024-09-05T06:20:05,2024-09-05T19:37:05,0.08,"Rain, Overcast",Cloudy skies throughout the day with a chance of rain throughout the day.,rain,"03680099999,D5621,03781099999,03672099999,03772099999,03770099999"
london,2024-09-06,19.1,15.6,17.6,19.1,15.6,17.6,16.6,93.8,0.233,100,20.83,rain,0,0,24.1,15,246.6,1010.1,91.8,8.1,38.7,3.5,2,,2024-09-06T06:21:40,2024-09-06T19:34:49,0.11,"Rain, Overcast",Cloudy skies throughout the day with a chance of rain throughout the day.,rain,"D5621,03781099999,03672099999,03772099999,03770099999"
london,2024-09-07,20.8,13.8,17.2,20.8,13.8,17.2,14.7,85.9,0,0,0,,0,0,14.8,7.3,49,1009.6,60.2,15.2,46.4,3.9,2,,2024-09-07T06:23:16,2024-09-07T19:32:33,0.15,Partially cloudy,Partly cloudy throughout the day.,partly-cloudy-day,"D5621,03781099999,03672099999,03772099999,03770099999"
london,2024-09-08,20.5,13.8,17.1,20.5,13.8,17.1,14.6,86,8.574,100,33.33,rain,0,0,27.7,14.8,180.2,1004,66.5,20.3,67.4,5.9,4,,2024-09-08T06:24:51,2024-09-08T19:30:16,0.18,"Rain, Partially cloudy",Partly cloudy throughout the day with a chance of rain throughout the day.,rain,"03769099999,03680099999,D5621,03781099999,03672099999,03772099999,03770099999"
london,2024-09-09,17.3,12.6,15.5,17.3,12.6,15.5,11.6,78.2,0.2,100,8.33,rain,0,0,39.5,23.8,299,1010,76.5,27.7,49.2,4.3,3,,2024-09-09T06:26:27,2024-09-09T19:27:59,0.21,"Rain, Partially cloudy",Partly cloudy throughout the day with morning rain.,rain,"03769099999,03680099999,D5621,03781099999,03672099999,03772099999,03770099999"
london,2024-09-10,19,10.3,14.3,19,10.3,14.3,10.6,79,1.807,100,25,rain,0,0,38.5,29,245.3,1008.8,73.6,15.5,45.5,3.8,3,,2024-09-10T06:28:02,2024-09-10T19:25:42,0.25,"Rain, Partially cloudy",Partly cloudy throughout the day with rain.,rain,"03769099999,03680099999,D5621,03781099999,03672099999,03772099999,03770099999"
london,2024-09-11,16.3,8.6,11.2,16.3,6.3,10.4,6.5,74.1,0.803,100,16.67,rain,0,0,38.9,28.8,278.4,1009.5,33,24.3,101.9,8.9,5,,2024-09-11T06:29:38,2024-09-11T19:23:24,0.25,"Rain, Partially cloudy",Partly cloudy throughout the day with rain.,rain,"03769099999,03680099999,D5621,03781099999,03672099999,03768099999,03772099999,03770099999"
london,2024-09-12,15.3,6.6,10.7,15.3,4.3,9.8,5.2,70.4,0.019,100,16.67,rain,0,0,29.1,19.2,306,1016.2,21.7,27.7,112,9.6,6,,2024-09-12T06:31:13,2024-09-12T19:21:07,0.31,"Rain, Partially cloudy",Becoming cloudy in the afternoon with rain.,rain,"03769099999,03680099999,D5621,03768399999,03781099999,03672099999,03768099999,03684099999,EGLC,03772099999,03770099999"
london,2024-09-13,16.2,6.1,11.5,16.2,4.5,11.2,4.1,63.2,0.002,100,4.17,rain,0,0,31.7,10.8,310.9,1027.9,26,17.5,103.8,8.8,6,,2024-09-13T06:32:49,2024-09-13T19:18:49,0.35,"Rain, Partially cloudy",Becoming cloudy in the afternoon with early morning rain.,rain,"03769099999,EGWU,03680099999,EGLL,D5621,03781099999,03672099999,03768099999,EGLC,03772099999,03770099999"
london,2024-09-14,19.6,6.3,12.8,19.6,6.3,12.8,6.9,70.4,0,0,0,,0,0,27.7,17.4,231.8,1030.4,12.3,24.2,108.6,9.5,6,,2024-09-14T06:34:25,2024-09-14T19:16:31,0.38,Clear,Clear conditions throughout the day.,clear-day,"03769099999,03680099999,D5621,03781099999,03672099999,03768099999,03684099999,03772099999,03770099999"
london,2024-09-15,20.1,9.1,14.6,20.1,8.4,14.4,10,75.8,0.002,100,8.33,rain,0,0,25.5,18.5,243.6,1027.2,34.2,23.7,106,9,6,,2024-09-15T06:36:01,2024-09-15T19:14:12,0.41,"Rain, Partially cloudy",Partly cloudy throughout the day with late afternoon rain.,rain,"03769099999,03680099999,D5621,03781099999,03672099999,03768099999,03772099999,03770099999"
london,2024-09-16,20.3,13,16.2,20.3,13,16.2,10.5,70.7,0,0,0,,0,0,22.9,15.3,27.1,1028.4,38.9,20.9,76.7,6.5,4,,2024-09-16T06:37:36,2024-09-16T19:11:54,0.45,Partially cloudy,Partly cloudy throughout the day.,partly-cloudy-day,"03769099999,03680099999,D5621,03781099999,03672099999,03768099999,03684099999,03772099999,03770099999"
london,2024-09-17,21.8,11.1,16.1,21.8,11.1,16.1,9.9,68.2,0,0,0,,0,0,32.5,19.5,47.7,1030.7,37.9,22.8,106,9,6,,2024-09-17T06:39:12,2024-09-17T19:09:35,0.48,Partially cloudy,Partly cloudy throughout the day.,partly-cloudy-day,"03769099999,03680099999,D5621,03781099999,03672099999,03772099999,03770099999"
london,2024-09-18,24.3,15.6,18.9,24.3,15.6,18.9,13,69.7,0,0,0,,0,0,37,21.3,49.2,1027.8,51.2,16.1,134.2,11.6,6,,2024-09-18T06:40:48,2024-09-18T19:07:17,0.5,Partially cloudy,Partly cloudy throughout the day.,partly-cloudy-day,"03769099999,03680099999,D5621,03781099999,03672099999,03772099999,03770099999"
london,2024-09-19,25.5,16.3,19.7,25.5,16.3,19.7,14.1,72.1,0,0,0,,0,0,38.9,27,48.4,1024.3,51.4,10.8,58.9,5,4,,2024-09-19T06:42:24,2024-09-19T19:04:58,0.55,Partially cloudy,Clearing in the afternoon.,partly-cloudy-day,"03769099999,03680099999,D5621,03781099999,03672099999,03768099999,03772099999,03770099999"
london,2024-09-20,23.3,16,18.7,23.3,16,18.7,13.2,71.4,0.007,100,4.17,rain,0,0,32.1,22.2,52.3,1020.8,58.6,10.2,43.3,3.6,2,,2024-09-20T06:44:00,2024-09-20T19:02:40,0.58,"Rain, Partially cloudy",Partly cloudy throughout the day with afternoon rain.,rain,"03769099999,03680099999,D5621,03781099999,03672099999,03768099999,03772099999,03770099999"
london,2024-09-21,24,15.6,19.2,24,15.6,19.2,14.5,75.6,0.002,100,4.17,rain,0,0,21.9,14,76,1017.3,54.9,12.4,63.6,5.5,3,,2024-09-21T06:45:37,2024-09-21T19:00:21,0.61,"Rain, Partially cloudy",Partly cloudy throughout the day with late afternoon rain.,rain,"03769099999,03680099999,D5621,03781099999,03672099999,03772099999,03770099999"
london,2024-09-22,20.5,16.3,18,20.5,16.3,18,16.3,90,18.2,100,62.5,rain,0,0,20.5,13.8,100,1011.6,88.8,9.1,52.9,4.6,2,,2024-09-22T06:47:13,2024-09-22T18:58:03,0.65,"Rain, Partially cloudy",Partly cloudy throughout the day with a chance of rain throughout the day.,rain,"03769099999,03680099999,D5621,03781099999,03672099999,03772099999,03770099999"
london,2024-09-23,19.1,15.6,16.9,19.1,15.6,16.9,14.5,85.7,25.695,100,58.33,rain,0,0,33.4,24.4,227.6,1003.9,91.5,12.4,54,4.9,2,,2024-09-23T06:48:50,2024-09-23T18:55:44,0.68,"Rain, Overcast",Cloudy skies throughout the day with a chance of rain throughout the day.,rain,"03769099999,03680099999,D5621,03781099999,03672099999,03772099999,03770099999"
london,2024-09-24,16.8,13.8,15,16.8,13.8,15,11.3,79.1,0.604,100,20.83,rain,0,0,29.2,17.3,280.3,1003.1,96.4,15.9,37.3,3.1,2,,2024-09-24T06:50:26,2024-09-24T18:53:26,0.75,"Rain, Overcast",Cloudy skies throughout the day with rain clearing later.,rain,"03769099999,EGWU,03680099999,EGLL,D5621,03781099999,03672099999,03768099999,EGLC,03772099999,03770099999"
london,2024-09-25,16.6,10.8,13.9,16.6,10.8,13.9,10.9,82.2,5.794,100,37.5,rain,0,0,31.6,15.4,189.2,998.5,90.4,19.4,44.4,3.9,3,,2024-09-25T06:52:03,2024-09-25T18:51:08,0.75,"Rain, Overcast",Cloudy skies throughout the day with rain.,rain,"03769099999,03680099999,D5621,03781099999,03672099999,03772099999,03770099999"
london,2024-09-26,17.6,12.8,14.5,17.6,12.8,14.5,12.4,88.1,13.025,100,70.83,rain,0,0,55.8,28.2,218,986.7,76.1,18.2,52.2,4.6,3,,2024-09-26T06:53:40,2024-09-26T18:48:50,0.78,"Rain, Partially cloudy",Partly cloudy throughout the day with a chance of rain throughout the day.,rain,"03769099999,03680099999,D5621,03781099999,03672099999,03768099999,03772099999,03770099999"
london,2024-09-27,13.5,9.3,11.6,13.5,7.1,11.3,7.7,77.6,10.589,100,54.17,rain,0,0,35.2,21.8,307.8,1000.7,69.7,18,17.8,1.3,1,,2024-09-27T06:55:18,2024-09-27T18:46:32,0.82,"Rain, Partially cloudy",Partly cloudy throughout the day with a chance of rain throughout the day.,rain,"03769099999,03680099999,D5621,03781099999,03672099999,03772099999,03770099999"
london,2024-09-28,15.1,4.6,9.7,15.1,3.4,9.1,4.8,73.6,0,0,0,,0,0,27.7,16.3,287,1022.9,18.9,26.1,55.5,5.1,3,,2024-09-28T06:56:55,2024-09-28T18:44:15,0.85,Clear,Clear conditions throughout the day.,clear-day,"03769099999,EGWU,EGLL,03768399999,03781099999,03672099999,03768099999,03684099999,03772099999,03680099999,D5621,EGLC,03770099999"
london,2024-09-29,14.8,6.1,10.8,14.8,6.1,10.7,6.6,76.7,0.206,100,8.33,rain,0,0,42,26.9,134.8,1019.8,61.6,23.4,46.7,4.2,3,,2024-09-29T06:58:33,2024-09-29T18:41:58,0.89,"Rain, Partially cloudy",Partly cloudy throughout the day with late afternoon rain.,rain,"EGWU,03769099999,03680099999,D5621,03768399999,03672099999,03768099999,03684099999,03781099999,EGLC,03772099999,03770099999"
london,2024-09-30,17.1,11.5,14,17.1,11.5,14,11.9,87.5,5.027,100,54.17,rain,0,0,52.6,31.1,226.1,1002.3,96.8,18.2,37.1,3.2,2,,2024-09-30T07:00:11,2024-09-30T18:39:41,0.92,"Rain, Overcast",Cloudy skies throughout the day with a chance of rain throughout the day.,rain,"03769099999,03680099999,D5621,03781099999,03672099999,03768099999,03684099999,EGLC,03772099999,03770099999"
london,2024-10-01,13.8,11.9,12.7,13.8,11.9,12.7,10.6,87.4,13.974,100,54.17,rain,0,0,42.8,27.6,285.9,1007.3,95,20.5,25.5,2.2,1,,2024-10-01T07:01:49,2024-10-01T18:37:24,0.95,"Rain, Overcast",Cloudy skies throughout the day with a chance of rain throughout the day.,rain,"03769099999,03680099999,D5621,03781099999,03672099999,03768099999,03772099999,03770099999"
london,2024-10-02,18,13.3,14.4,18,13.3,14.4,11.7,84.3,2.013,100,50,rain,0,0,34.8,20.2,20.2,1013.1,89.4,14.3,42.7,3.8,2,,2024-10-02T07:03:27,2024-10-02T18:35:08,0,"Rain, Partially cloudy",Partly cloudy throughout the day with a chance of rain throughout the day.,rain,"03769099999,03680099999,D5621,03781099999,03672099999,03772099999,03770099999"
london,2024-10-03,15.8,9.8,12.1,15.8,9.8,12.1,8,76.3,0,0,0,,0,0,24.4,13.8,45,1021,55.3,19.9,37.8,3.2,2,,2024-10-03T07:05:06,2024-10-03T18:32:52,0.02,Partially cloudy,Partly cloudy throughout the day.,partly-cloudy-day,"03769099999,03680099999,D5621,03781099999,03672099999,03684099999,03772099999,03770099999"
london,2024-10-04,16.3,6.6,11,16.3,6.6,11,7.3,80.3,0.198,100,4.17,rain,0,0,17.9,12.6,169.5,1021.2,28.5,20.8,63.4,5.4,4,,2024-10-04T07:06:44,2024-10-04T18:30:36,0.06,"Rain, Partially cloudy",Partly cloudy throughout the day with morning rain.,rain,"03769099999,03680099999,D5621,03781099999,03672099999,03772099999,03770099999"
london,2024-10-05,17.5,9.1,13,17.5,9.1,13,7.7,71.3,0,0,0,,0,0,26.8,18,136.9,1014.8,59.5,24.4,57,5,4,,2024-10-05T07:08:23,2024-10-05T18:28:21,0.09,Partially cloudy,Partly cloudy throughout the day.,partly-cloudy-day,"03769099999,03680099999,D5621,03781099999,03672099999,03768099999,03772099999,03770099999"
london,2024-10-06,15.3,11.6,13.6,15.3,11.6,13.6,10.8,83.4,0.404,100,16.67,rain,0,0,31.2,17.7,141.1,1000.3,85.4,18.5,28.8,2.6,1,,2024-10-06T07:10:03,2024-10-06T18:26:07,0.13,"Rain, Partially cloudy",Partly cloudy throughout the day with late afternoon rain.,rain,"03769099999,03680099999,D5621,03781099999,03672099999,03768099999,03772099999,03770099999"
london,2024-10-07,19.6,11.1,14.9,19.6,11.1,14.9,12.1,84.5,1.199,100,16.67,rain,0,0,33.5,21.3,183.4,997.3,60.5,15,52.1,4.6,3,,2024-10-07T07:11:42,2024-10-07T18:23:53,0.16,"Rain, Partially cloudy",Partly cloudy throughout the day with rain.,rain,"03769099999,03680099999,D5621,03781099999,03672099999,03772099999,03770099999"
london,2024-10-08,18.3,12.6,14.9,18.3,12.6,14.9,12.7,87.3,9.017,100,66.67,rain,0,0,42.9,23.8,179.8,992.3,78.2,15,60,5.2,4,,2024-10-08T07:13:22,2024-10-08T18:21:40,0.19,"Rain, Partially cloudy",Partly cloudy throughout the day with a chance of rain throughout the day.,rain,"03769099999,03680099999,D5621,03781099999,03672099999,03684099999,03772099999,03770099999"
london,2024-10-09,16,13.1,14.2,16,13.1,14.2,11.5,83.7,0.408,100,20.83,rain,0,0,36.7,17.3,262.6,987.1,92.5,21.6,33.1,2.8,1,,2024-10-09T07:15:03,2024-10-09T18:19:27,0.23,"Rain, Overcast",Cloudy skies throughout the day with rain clearing later.,rain,"03769099999,03680099999,D5621,03781099999,03672099999,03768099999,03772099999,03770099999"
london,2024-10-10,13.5,8.6,11,13.5,7.6,10.8,6.5,73.9,0.4,100,8.33,rain,0,0,26.4,15.4,344.6,1004.7,70.2,18.5,40.7,3.5,2,,2024-10-10T07:16:43,2024-10-10T18:17:14,0.25,"Rain, Partially cloudy",Partly cloudy throughout the day with morning rain.,rain,"03769099999,03680099999,D5621,03781099999,03672099999,03772099999,03770099999"
london,2024-10-11,13.1,3.8,8.3,13.1,3.8,8.1,3.7,75.5,0,0,0,,0,0,17.5,9.5,220.3,1016.1,27,18.8,63,5.4,5,,2024-10-11T07:18:24,2024-10-11T18:15:03,0.3,Partially cloudy,Partly cloudy throughout the day.,partly-cloudy-day,"03769099999,03680099999,D5621,03781099999,03672099999,03768099999,03772099999,03770099999"
london,2024-10-12,15.1,8.3,11.3,15.1,6.2,10.6,7.2,76.3,0.61,100,16.67,rain,0,0,30.3,21.3,216.2,1008.5,61.2,26.3,35.1,3.1,2,,2024-10-12T07:20:05,2024-10-12T18:12:52,0.33,"Rain, Partially cloudy",Partly cloudy throughout the day with rain.,rain,"03769099999,03680099999,D5621,03781099999,03672099999,03772099999,03770099999"
london,2024-10-13,11.1,5.8,8.5,11.1,3.7,7.3,3.6,71.5,0,0,0,,0,0,30.7,17.4,266.4,1017.6,22.3,22.4,44.5,3.8,2,,2024-10-13T07:21:46,2024-10-13T18:10:42,0.36,Partially cloudy,Partly cloudy throughout the day.,partly-cloudy-day,"03769099999,03680099999,D5621,03781099999,03672099999,03772099999,03770099999"
london,2024-10-14,12.1,8.5,10.5,12.1,6.5,9.8,8.7,88.9,8.634,100,41.67,rain,0,0,22.7,15.4,83.7,1015,94.6,12.7,16.2,1.4,1,,2024-10-14T07:23:28,2024-10-14T18:08:32,0.4,"Rain, Overcast",Cloudy skies throughout the day with a chance of rain throughout the day.,rain,"03769099999,03680099999,D5621,03781099999,03672099999,03772099999,03770099999"
london,2024-10-15,17.6,11.3,13.7,17.6,11.3,13.7,12,89.4,0.2,100,8.33,rain,0,0,31.2,19.2,103.2,1013.6,87.2,10.1,31.6,2.7,2,,2024-10-15T07:25:10,2024-10-15T18:06:24,0.43,"Rain, Partially cloudy",Partly cloudy throughout the day with late afternoon rain.,rain,"03769099999,03680099999,D5621,03781099999,03672099999,03772099999,03770099999"
london,2024-10-16,22.3,14.7,17.8,22.3,14.7,17.8,15.2,85.2,0.006,100,12.5,rain,0,0,38.5,20.3,149.5,1002.3,89.4,13.7,33.8,3,2,,2024-10-16T07:26:53,2024-10-16T18:04:16,0.47,"Rain, Partially cloudy",Partly cloudy throughout the day with rain.,rain,"03769099999,03680099999,D5621,03781099999,03672099999,03772099999,03770099999"
london,2024-10-17,18.5,11.8,15.6,18.5,11.8,15.6,12.5,83.1,1.2,100,16.67,rain,0,0,23.7,16.1,228.4,1009,49.6,15.4,45,3.8,2,,2024-10-17T07:28:35,2024-10-17T18:02:09,0.5,"Rain, Partially cloudy",Clearing in the afternoon with rain clearing later.,rain,"03769099999,03680099999,D5621,03781099999,03672099999,03772099999,03770099999"
london,2024-10-18,16.3,10.1,12.5,16.3,10.1,12.5,10.4,87.8,0.002,100,8.33,rain,0,0,27.1,18,210.7,1014.1,52.6,11.9,55.7,4.8,4,,2024-10-18T07:30:18,2024-10-18T18:00:03,0.53,"Rain, Partially cloudy",Partly cloudy throughout the day with late afternoon rain.,rain,"03769099999,03680099999,D5621,03781099999,03672099999,03772099999,03770099999"
london,2024-10-19,17.1,10.6,14.1,17.1,10.6,14.1,11.7,86.1,6.206,100,45.83,rain,0,0,35.3,22.9,217.6,1011.1,61.7,15.2,26.7,2.2,1,,2024-10-19T07:32:01,2024-10-19T17:57:58,0.57,"Rain, Partially cloudy",Partly cloudy throughout the day with a chance of rain throughout the day.,rain,"03769099999,03680099999,D5621,03781099999,03672099999,03772099999,03770099999"
london,2024-10-20,17.6,11.6,14.5,17.6,11.6,14.5,12,85.2,1.014,100,29.17,rain,0,0,52.3,31.3,200.1,1010.6,72.3,10.8,17.6,1.6,1,,2024-10-20T07:33:45,2024-10-20T17:55:54,0.6,"Rain, Partially cloudy",Partly cloudy throughout the day with rain in the morning and afternoon.,rain,"03769099999,03680099999,D5621,03781099999,03672099999,03772099999,03770099999"
london,2024-10-21,14.6,10.1,13.1,14.6,10.1,13.1,10.1,82,0,0,0,,0,0,33.4,18.5,218,1020.2,46.8,12.4,20.3,1.7,1,,2024-10-21T07:35:29,2024-10-21T17:53:52,0.63,Partially cloudy,Partly cloudy throughout the day.,partly-cloudy-day,"03769099999,03680099999,D5621,03781099999,03672099999,03772099999,03770099999"
london,2024-10-22,16.3,8.1,12,16.3,6.7,11.6,10,88.4,0,0,0,,0,0,26.4,20.3,216.4,1027.7,33.5,13.6,55.8,4.8,5,,2024-10-22T07:37:13,2024-10-22T17:51:50,0.67,Partially cloudy,Partly cloudy throughout the day.,partly-cloudy-day,"03769099999,03680099999,D5621,03781099999,03672099999,03772099999,03770099999"
london,2024-10-23,16.8,11.3,13.6,16.8,11.3,13.6,11.1,85.4,0,0,0,,0,0,20.5,15.5,185.2,1031,62.8,13,42.2,3.6,3,,2024-10-23T07:38:57,2024-10-23T17:49:49,0.7,Partially cloudy,Partly cloudy throughout the day.,partly-cloudy-day,"03769099999,03680099999,D5621,03781099999,03672099999,03772099999,03770099999"
london,2024-10-24,18,9.5,13.3,18,8.1,13.2,10.5,84.4,0.199,100,8.33,rain,0,0,30.7,18.5,134.5,1019.5,34.4,15.1,59.2,5.1,4,,2024-10-24T07:40:42,2024-10-24T17:47:49,0.75,"Rain, Partially cloudy",Partly cloudy throughout the day with morning rain.,rain,"03769099999,03680099999,D5621,03781099999,03672099999,F6665,03772099999,03770099999"
london,2024-10-25,16.6,11.8,14.1,16.6,11.8,14.1,13.2,94.3,0.605,100,16.67,rain,0,0,21.4,11.5,131.2,1013.7,77.9,8.2,13.3,1.2,1,,2024-10-25T07:42:27,2024-10-25T17:45:51,0.77,"Rain, Partially cloudy",Partly cloudy throughout the day with rain.,rain,"03769099999,03680099999,D5621,03781099999,03672099999,03772099999,03770099999"
london,2024-10-26,14.8,9.3,12.2,14.8,9.3,12.2,11.3,94.3,0.2,100,12.5,rain,0,0,10.8,9,232.3,1016,71.2,10.3,22.5,2,2,,2024-10-26T07:44:12,2024-10-26T17:43:54,0.8,"Rain, Partially cloudy",Partly cloudy throughout the day with a chance of rain throughout the day.,rain,"03769099999,EGWU,03680099999,EGLL,D5621,03781099999,03672099999,EGLC,03772099999,03770099999"
london,2024-10-27,15.1,7.6,11.3,15.1,7.6,11.2,8.8,86.1,0.001,100,4.17,rain,0,0,22.8,13.3,232.9,1021.3,38.4,12.4,56.5,5.1,4,,2024-10-27T06:45:58,2024-10-27T16:41:58,0.83,"Rain, Partially cloudy",Partly cloudy throughout the day with morning rain.,rain,"03769099999,03680099999,D5621,03781099999,03672099999,03772099999,03770099999"
london,2024-10-28,15.1,12.1,13.8,15.1,12.1,13.8,12.1,89.8,0.6,100,29.17,rain,0,0,36.2,20.4,221.6,1021.6,90.5,10.9,27,2.4,2,,2024-10-28T06:47:43,2024-10-28T16:40:04,0.87,"Rain, Overcast",Cloudy skies throughout the day with rain.,rain,"03769099999,03680099999,D5621,03781099999,03672099999,03768099999,03772099999,03770099999"
london,2024-10-29,16.1,12.1,14.1,16.1,12.1,14.1,12.4,89.8,0.398,100,4.17,rain,0,0,18.7,10.1,268.3,1024.3,96.3,13.2,23.8,2,2,,2024-10-29T06:49:29,2024-10-29T16:38:11,0.9,"Rain, Overcast",Cloudy skies throughout the day with early morning rain.,rain,"03769099999,03680099999,D5621,03781099999,03672099999,03768099999,03772099999,03770099999"
london,2024-10-30,15.1,11.1,13.4,15.1,11.1,13.4,10.2,81,0,0,0,,0,0,12.5,6.5,4.9,1028.7,89.6,10.6,29.7,2.5,1,,2024-10-30T06:51:15,2024-10-30T16:36:19,0.93,Partially cloudy,Partly cloudy throughout the day.,partly-cloudy-day,"03769099999,03680099999,D5621,03781099999,03672099999,03772099999,03770099999"
london,2024-10-31,15.3,9.6,12.4,15.3,9.6,12.4,9.6,83.2,0,0,0,,0,0,11.7,6.9,320.4,1027,95.9,9.5,29.7,2.5,2,,2024-10-31T06:53:01,2024-10-31T16:34:29,0.97,Overcast,Cloudy skies throughout the day.,cloudy,"03769099999,03680099999,D5621,03781099999,03672099999,03772099999,03770099999"
london,2024-11-01,13.1,11.7,12.3,13.1,11.7,12.3,9,79.9,0,0,0,,0,0,20.5,14.7,309,1025.3,99.9,10.7,22.8,1.9,1,,2024-11-01T06:54:47,2024-11-01T16:32:41,0,Overcast,Cloudy skies throughout the day.,cloudy,"03769099999,03680099999,D5621,03781099999,03672099999,03768099999,03772099999,03770099999"
london,2024-11-02,14.6,12.1,13.1,14.6,12.1,13.1,10.3,83.6,0.198,100,4.17,rain,0,0,28.2,15.4,83.7,1029.8,99.7,11.3,19.4,1.8,1,,2024-11-02T06:56:33,2024-11-02T16:30:54,0.03,"Rain, Overcast",Cloudy skies throughout the day with afternoon rain.,rain,"03769099999,03680099999,D5621,03781099999,03672099999,03772099999,03770099999"
london,2024-11-03,12.8,11.3,12.3,12.8,11.3,12.3,8.7,78.7,0,0,0,,0,0,22.3,13.8,101.3,1028.2,100,10.4,12.9,1.2,1,,2024-11-03T06:58:19,2024-11-03T16:29:08,0.07,Overcast,Cloudy skies throughout the day.,cloudy,"03769099999,03680099999,D5621,03781099999,03672099999,03772099999,03770099999"
london,2024-11-04,12.8,10.6,11.2,12.8,10.6,11.2,8,80.7,0,0,0,,0,0,17.5,13,91.9,1025.1,86.1,9.5,22.4,2,2,,2024-11-04T07:00:05,2024-11-04T16:27:25,0.1,Partially cloudy,Partly cloudy throughout the day.,partly-cloudy-day,"03769099999,EGWU,03680099999,EGLL,D5621,03781099999,03672099999,EGLC,03772099999,03770099999"
london,2024-11-05,11.8,10.3,10.9,11.8,10.3,10.9,8.5,85.3,0,0,0,,0,0,12.1,7.2,323.3,1023.4,99.5,5.2,20.3,1.6,1,,2024-11-05T07:01:51,2024-11-05T16:25:43,0.14,Overcast,Cloudy skies throughout the day.,cloudy,"03769099999,03680099999,D5621,03781099999,03672099999,03768099999,03772099999,03770099999"
london,2024-11-06,10.6,9.6,10.1,10.6,9,10,9,92.8,0,0,0,,0,0,13.8,7.4,88.6,1030.5,100,4.4,6.5,0.6,0,,2024-11-06T07:03:37,2024-11-06T16:24:03,0.17,Overcast,Cloudy skies throughout the day.,cloudy,"03769099999,03680099999,D5621,03781099999,03672099999,03772099999,03770099999"
london,2024-11-07,12.6,9.3,10.5,12.6,8.8,10.5,8.7,88.4,0,0,0,,0,0,19.8,13.7,98.8,1030.3,99.7,6,10.8,1,1,,2024-11-07T07:05:23,2024-11-07T16:22:25,0.21,Overcast,Cloudy skies throughout the day.,cloudy,"03769099999,03680099999,D5621,03781099999,03672099999,03768099999,03772099999,03770099999"
london,2024-11-08,10.1,8.6,9.4,10.1,7.2,8.3,6.3,81.1,0,0,0,,0,0,18,12.4,104.8,1025.5,99.7,7.9,9.5,0.8,1,,2024-11-08T07:07:09,2024-11-08T16:20:48,0.24,Overcast,Cloudy skies throughout the day.,cloudy,"03769099999,03680099999,D5621,03781099999,03672099999,03772099999,03770099999"
london,2024-11-09,9.1,7.6,8.4,9,7,8.2,4.3,75.7,0,0,0,,0,0,10.3,7,318.3,1024.2,100,8.8,9.8,0.8,0,,2024-11-09T07:08:54,2024-11-09T16:19:14,0.25,Overcast,Cloudy skies throughout the day.,cloudy,"03769099999,03680099999,D5621,03781099999,03672099999,03772099999,03770099999"
london,2024-11-10,10.9,5.9,9,10.9,5.9,8.9,6.8,86.2,0.001,100,4.17,rain,0,0,14.4,8.4,226,1028,89.7,7.4,13.1,1.2,1,,2024-11-10T07:10:39,2024-11-10T16:17:41,0.31,"Rain, Partially cloudy",Partly cloudy throughout the day with late afternoon rain.,rain,"03769099999,03680099999,D5621,03781099999,03672099999,03772099999,03770099999"
london,2024-11-11,12.1,7.8,10.3,12.1,6.3,9.9,6.6,77.9,0.001,100,4.17,rain,0,0,20,13.8,335.2,1034.8,35.3,13.9,24.4,2.1,1,,2024-11-11T07:12:24,2024-11-11T16:16:11,0.35,"Rain, Partially cloudy",Partly cloudy throughout the day with early morning rain.,rain,"03769099999,03680099999,D5621,03781099999,03672099999,03772099999,03770099999"
london,2024-11-12,12.8,7.6,9.8,12.8,4.9,8.7,6.3,79.4,0.397,100,4.17,rain,0,0,38.9,26.2,19.2,1035.6,61.4,14.8,41.1,3.5,3,,2024-11-12T07:14:09,2024-11-12T16:14:43,0.38,"Rain, Partially cloudy",Partly cloudy throughout the day with late afternoon rain.,rain,"03769099999,03680099999,D5621,03781099999,03672099999,03772099999,03770099999"
london,2024-11-13,12,7,9.6,12,6,8.8,6.6,82.3,0,0,0,,0,0,20.5,11.8,358.4,1034.9,54.2,12.4,29.5,2.6,2,,2024-11-13T07:15:53,2024-11-13T16:13:17,0.42,Partially cloudy,Partly cloudy throughout the day.,partly-cloudy-day,"03769099999,03680099999,D5621,03781099999,03672099999,03768099999,03772099999,03770099999"
london,2024-11-14,12.3,7.8,10.1,12.3,7.3,10,6.8,80.2,0,0,0,,0,0,25,14.4,29.6,1031.5,94.8,11.3,17.6,1.7,1,,2024-11-14T07:17:36,2024-11-14T16:11:53,0.45,Overcast,Cloudy skies throughout the day.,cloudy,"03769099999,03680099999,D5621,03781099999,03672099999,03772099999,03770099999"
london,2024-11-15,9.6,4.8,8,9.4,4.3,7.4,4.4,78,0,0,0,,0,0,13.9,11.1,260,1027.4,80.5,15.7,19.7,1.7,1,,2024-11-15T07:19:19,2024-11-15T16:10:31,0.5,Partially cloudy,Partly cloudy throughout the day.,partly-cloudy-day,"03769099999,03680099999,D5621,03781099999,03672099999,03768099999,03772099999,03770099999"
london,2024-11-16,11,5,8.3,11,3.7,7.5,6.4,87.6,0.2,100,8.33,rain,0,0,25.5,16.7,250.1,1018.8,90,12.9,10.5,1,1,,2024-11-16T07:21:02,2024-11-16T16:09:12,0.52,"Rain, Partially cloudy",Partly cloudy throughout the day with late afternoon rain.,rain,"03769099999,03680099999,D5621,03781099999,03672099999,03772099999,03770099999"
london,2024-11-17,11.3,7.3,8.7,11.3,4.7,7.1,5.7,81.7,0.606,100,16.67,rain,0,0,33,23.1,267.5,1014.6,70.4,18.3,26.7,2.3,2,,2024-11-17T07:22:43,2024-11-17T16:07:55,0.55,"Rain, Partially cloudy",Partly cloudy throughout the day with rain.,rain,"03769099999,EGWU,03680099999,EGLL,D5621,03781099999,03672099999,EGLC,03772099999,03770099999"
london,2024-11-18,8.6,6.9,7.7,7.7,4.3,6.7,6.1,90.1,10,100,66.67,rain,0,0,33.1,13.9,115.4,1009.4,86,9.2,18.5,1.6,1,,2024-11-18T07:24:24,2024-11-18T16:06:41,0.58,"Rain, Partially cloudy",Partly cloudy throughout the day with rain.,rain,"EGWU,EGLL,D5621,EGLC"
london,2024-11-19,12,1.1,4.6,12,-1.8,2.3,3.2,90.5,10.2,100,66.67,"rain,snow",0,0,58,25.5,308,998.2,87.5,9.4,9,0.8,1,,2024-11-19T07:26:04,2024-11-19T16:05:29,0.62,"Snow, Rain, Partially cloudy",Partly cloudy throughout the day with a chance of rain or snow throughout the day.,rain,"EGWU,EGLL,D5621,EGLC"
london,2024-11-20,5.7,-0.3,2.1,1.5,-4.3,-1.8,-1.5,77.3,0,0,0,,0,0,43.9,24.9,274.7,1008.9,40.8,10,21.9,1.8,2,,2024-11-20T07:27:44,2024-11-20T16:04:20,0.65,Partially cloudy,Partly cloudy throughout the day.,partly-cloudy-day,"EGWU,EGLL,D5621,F6665,EGLC"
london,2024-11-21,3.6,0.1,1.5,1.2,-3.3,-1.3,-1.9,78.4,0,0,0,,0,0,29.8,16.5,274.5,1001.7,74.4,11.3,15.9,1.4,1,,2024-11-21T07:29:22,2024-11-21T16:03:13,0.68,Partially cloudy,Partly cloudy throughout the day.,partly-cloudy-day,"EGWU,03769099999,EGLL,03680099999,D5621,03781099999,03672099999,EGLC,03772099999,03770099999"
london,2024-11-22,7.8,0.8,4.1,4.5,-4,0.6,-0.5,72.5,0,0,0,,0,0,42.9,29.1,264.7,1008,34.4,24.6,21.3,1.9,2,,2024-11-22T07:30:59,2024-11-22T16:02:09,0.71,Partially cloudy,Partly cloudy throughout the day.,partly-cloudy-day,"03769099999,03680099999,D5621,03781099999,03672099999,03768099999,03772099999,03770099999"
london,2024-11-23,15,1.3,9,15,-0.2,7.6,7.1,87.6,3.636,100,66.67,rain,0,0,68.3,36.8,192.7,1003.1,88.5,10.7,4.5,0.3,0,,2024-11-23T07:32:35,2024-11-23T16:01:07,0.75,"Rain, Partially cloudy",Partly cloudy throughout the day with a chance of rain throughout the day.,rain,"03769099999,03680099999,D5621,03781099999,03672099999,03772099999,03770099999"
london,2024-11-24,17.6,12,16,17.6,12,16,11.5,75.1,5.797,100,50,rain,0,0,74.2,44.2,203.6,994.8,93.9,11.8,17.3,1.4,1,,2024-11-24T07:34:10,2024-11-24T16:00:09,0.78,"Rain, Overcast",Cloudy skies throughout the day with rain.,rain,"03769099999,03680099999,D5621,03781099999,03672099999,03772099999,03770099999"
london,2024-11-25,12.1,6.3,9.9,12.1,4.2,9,6.2,78.3,3.029,100,25,rain,0,0,38.9,26.7,231.4,1001.7,38.8,15,20.6,1.7,1,,2024-11-25T07:35:43,2024-11-25T15:59:13,0.81,"Rain, Partially cloudy",Partly cloudy throughout the day with early morning rain.,rain,"03769099999,03680099999,D5621,03781099999,03672099999,03772099999,03770099999"
london,2024-11-26,10.3,5.3,7.4,10.3,3.7,6,3.8,78.3,0,0,0,,0,0,22.8,13.5,222.7,1014.9,32.9,18.4,22.5,1.8,2,,2024-11-26T07:37:15,2024-11-26T15:58:20,0.84,Partially cloudy,Partly cloudy throughout the day.,partly-cloudy-day,"03769099999,EGWU,03680099999,EGLL,D5621,03781099999,03672099999,EGLC,03772099999,03770099999"
london,2024-11-27,9.1,2.6,6.4,6.7,0.7,3.9,4.9,89.7,25.967,100,41.67,rain,0,0,48.2,20.3,331.7,1013.1,73.3,14.2,7,0.7,0,,2024-11-27T07:38:46,2024-11-27T15:57:30,0.88,"Rain, Partially cloudy",Partly cloudy throughout the day with rain clearing later.,rain,"03769099999,03680099999,D5621,03781099999,03672099999,03772099999,03770099999"
london,2024-11-28,7.8,-0.2,3.6,7.8,-0.2,2.9,2.2,90.9,0.199,100,8.33,rain,0,0,21.9,8.2,100.4,1027.8,11.9,12.3,23,2,2,,2024-11-28T07:40:15,2024-11-28T15:56:43,0.91,Rain,Clear conditions throughout the day with afternoon rain.,rain,"03769099999,03680099999,D5621,03781099999,03672099999,03772099999,03770099999"
london,2024-11-29,10.6,3.8,6.8,10.6,1.4,4.8,3.4,80,0.001,100,4.17,rain,0,0,35.2,19.5,139.4,1025.7,11.2,22.4,21,1.8,2,,2024-11-29T07:41:43,2024-11-29T15:55:59,0.94,Rain,Clear conditions throughout the day with afternoon rain.,rain,"03769099999,03680099999,D5621,03781099999,03672099999,03772099999,03770099999"
london,2024-11-30,13.8,8.8,11.8,13.8,7.6,11.6,10,88.4,0,0,0,,0,0,32,14,180.8,1023,96.4,10,14.2,1.2,1,,2024-11-30T07:43:09,2024-11-30T15:55:18,0.98,Overcast,Cloudy skies throughout the day.,cloudy,"03769099999,EGWU,03680099999,EGLL,D5621,03781099999,03672099999,EGLC,03772099999,03770099999"
london,2024-12-01,13,11,12.1,13,11,12.1,10.5,89.9,2.1,100,29.17,rain,0,0,44.3,18.1,185.8,1014.1,86.1,10,6.3,0.7,0,,2024-12-01T07:44:32,2024-12-01T15:54:40,0,"Rain, Partially cloudy",Partly cloudy throughout the day with a chance of rain throughout the day.,rain,"EGWU,03769099999,EGLL,03680099999,D5621,03781099999,03672099999,EGLC,03772099999,03770099999"
london,2024-12-02,12.1,7.8,10,12.1,6.1,8.9,6.6,80.1,0.011,100,4.17,rain,0,0,33.4,22.1,267.6,1013.3,78.9,22.2,16.5,1.4,1,,2024-12-02T07:45:55,2024-12-02T15:54:06,0.04,"Rain, Partially cloudy",Partly cloudy throughout the day with morning rain.,rain,"03769099999,03680099999,D5621,03781099999,03672099999,03768099999,03772099999,03770099999"
london,2024-12-03,7.6,4.8,6.4,7.6,3.6,5.7,3.1,79.6,0,0,0,,0,0,19.6,10.5,356,1022.6,71.5,15.5,20.1,1.6,1,,2024-12-03T07:47:15,2024-12-03T15:53:34,0.08,Partially cloudy,Partly cloudy throughout the day.,partly-cloudy-day,"03769099999,EGWU,03680099999,EGLL,D5621,03781099999,03672099999,EGLC,03772099999,03770099999"
london,2024-12-04,10.1,3.1,6.8,10.1,2.1,5.4,4.8,87.2,0.404,100,12.5,rain,0,0,34.8,22.2,200.6,1024.1,84.3,16.1,14.3,1.3,1,,2024-12-04T07:48:33,2024-12-04T15:53:06,0.11,"Rain, Partially cloudy",Partly cloudy throughout the day with late afternoon rain.,rain,"03769099999,03680099999,D5621,03781099999,03672099999,03768099999,03772099999,03770099999"
london,2024-12-05,14.3,8.8,12.1,14.3,5.1,11.7,10.2,88.3,7.616,100,62.5,rain,0,0,58.5,35.6,229.6,1007.6,87.9,14,11.3,1,1,,2024-12-05T07:49:49,2024-12-05T15:52:41,0.15,"Rain, Partially cloudy",Partly cloudy throughout the day with a chance of rain throughout the day.,rain,"03769099999,03680099999,D5621,03781099999,03672099999,03772099999,03770099999"
london,2024-12-06,11.1,6.6,8.6,11.1,3.2,5.9,3.8,71.8,0.601,100,16.67,rain,0,0,51.9,29.9,245.7,1013.1,44.3,16.3,25.2,2.1,2,,2024-12-06T07:51:02,2024-12-06T15:52:19,0.19,"Rain, Partially cloudy",Partly cloudy throughout the day with rain.,rain,"03769099999,03680099999,D5621,03781099999,03672099999,03772099999,03770099999"
london,2024-12-07,12.3,6.6,8.6,12.3,1.3,5,5.1,79.3,5.027,100,58.33,rain,0,0,80.3,49.2,277.2,994.9,97.4,15.6,6.5,0.5,1,,2024-12-07T07:52:14,2024-12-07T15:52:01,0.22,"Rain, Overcast",Cloudy skies throughout the day with a chance of rain throughout the day.,rain,"03769099999,03680099999,D5621,03781099999,03672099999,03772099999,03770099999"
london,2024-12-08,8.8,6.3,7.5,5.7,1.7,3.6,5.2,85,7.203,100,75,rain,0,0,59,32.5,354.5,1016.8,96.6,12,7.1,0.6,0,,2024-12-08T07:53:22,2024-12-08T15:51:46,0.25,"Rain, Overcast",Cloudy skies throughout the day with a chance of rain throughout the day.,rain,"03769099999,03680099999,D5621,03781099999,03672099999,03768099999,03772099999,03770099999"
london,2024-12-09,8.6,7.1,7.9,5.3,3.6,4.6,4.4,78.6,0.004,100,12.5,rain,0,0,44.6,25.1,28.3,1030.1,93.9,16.2,17.2,1.5,2,,2024-12-09T07:54:29,2024-12-09T15:51:34,0.29,"Rain, Overcast",Cloudy skies throughout the day with rain clearing later.,rain,"03769099999,03680099999,D5621,03781099999,03672099999,03772099999,03770099999"
london,2024-12-10,7.8,6.3,7.1,4.5,2.6,3.6,3.8,80.1,0.007,100,25,rain,0,0,41.2,24.5,40.8,1032.2,98.5,11.5,6.2,0.5,0,,2024-12-10T07:55:33,2024-12-10T15:51:25,0.33,"Rain, Overcast",Cloudy skies throughout the day with rain clearing later.,rain,"03769099999,03680099999,D5621,03781099999,03672099999,03772099999,03770099999"
london,2024-12-11,7.5,6.1,6.9,5.1,3.1,4.1,3.3,78.2,0.001,100,4.17,rain,0,0,30.5,19.7,44.7,1032.3,98.7,11.8,5.2,0.4,0,,2024-12-11T07:56:34,2024-12-11T15:51:21,0.36,"Rain, Overcast",Cloudy skies throughout the day with afternoon rain.,rain,"03769099999,03680099999,D5621,03781099999,03672099999,03772099999,03770099999"
london,2024-12-12,8.3,5.1,7.2,7.3,3.2,5.7,5.5,89.6,1.193,100,20.83,rain,0,0,15.7,11.3,47.2,1030.8,99.2,10.4,8.5,0.5,1,,2024-12-12T07:57:33,2024-12-12T15:51:19,0.4,"Rain, Overcast",Cloudy skies throughout the day with rain.,rain,"03769099999,03680099999,D5621,03781099999,03672099999,03772099999,03770099999"
london,2024-12-13,7.1,4.1,5.4,6.3,2,3.8,4,90.6,0.797,100,25,rain,0,0,19.7,9.9,148.1,1025.3,99.1,6.1,5.5,0.5,0,,2024-12-13T07:58:29,2024-12-13T15:51:21,0.43,"Rain, Overcast",Cloudy skies throughout the day with a chance of rain throughout the day.,rain,"03769099999,03680099999,D5621,03781099999,03672099999,03768099999,03772099999,03770099999"
london,2024-12-14,8.1,4.1,6.1,5.6,1.6,3.6,3.7,85.2,0.2,100,4.17,rain,0,0,24.1,15.8,272.7,1022.7,77,16.2,11,0.9,1,,2024-12-14T07:59:21,2024-12-14T15:51:26,0.47,"Rain, Partially cloudy",Partly cloudy throughout the day with morning rain.,rain,"03769099999,03680099999,D5621,03781099999,03672099999,03772099999,03770099999"
london,2024-12-15,12.3,5.3,9.5,12.3,2.3,8.4,7.6,88,0,0,0,,0,0,38.9,27.7,252.9,1027.5,85.1,27.8,16.3,1.3,1,,2024-12-15T08:00:12,2024-12-15T15:51:35,0.5,Partially cloudy,Partly cloudy throughout the day.,partly-cloudy-day,"03769099999,03680099999,D5621,03781099999,03672099999,03772099999,03770099999"
london,2024-12-16,11.6,8.8,10.6,11.6,7.1,10.2,7.4,80.3,0,0,0,,0,0,36.7,29.5,245.1,1030.8,87.6,27.1,10.7,1.1,1,,2024-12-16T08:00:59,2024-12-16T15:51:47,0.54,Partially cloudy,Partly cloudy throughout the day.,partly-cloudy-day,"03769099999,03680099999,D5621,03781099999,03672099999,03772099999,03770099999"
london,2024-12-17,10.3,5,8.7,10.3,3.7,7.4,7.1,89.6,0.201,100,12.5,rain,0,0,42.9,26.7,191.4,1023,82.1,12.9,5.5,0.6,0,,2024-12-17T08:01:43,2024-12-17T15:52:03,0.57,"Rain, Partially cloudy",Partly cloudy throughout the day with late afternoon rain.,rain,"03769099999,03680099999,D5621,03781099999,03672099999,03768099999,03772099999,03770099999"
london,2024-12-18,14.6,10.3,12.9,14.6,10.3,12.9,10.4,84.8,1.609,100,54.17,rain,0,0,64.8,34.7,218.6,1005.8,95.7,9.4,15,1.3,1,,2024-12-18T08:02:24,2024-12-18T15:52:22,0.6,"Rain, Overcast",Cloudy skies throughout the day with rain.,rain,"03769099999,EGWU,03680099999,EGLL,D5621,03781099999,03672099999,EGLC,03772099999,03770099999"
london,2024-12-19,13.6,4.5,7.4,13.6,1.1,4.3,3.4,75.9,0.998,100,12.5,rain,0,0,46,28.1,289,1007.9,59,24.9,19.8,1.7,2,,2024-12-19T08:03:02,2024-12-19T15:52:44,0.63,"Rain, Partially cloudy",Partly cloudy throughout the day with early morning rain.,rain,"03769099999,03680099999,D5621,03781099999,03672099999,03772099999,03770099999"
london,2024-12-20,9.5,2.6,6.1,6.9,-0.1,3.3,3.7,84.6,0.799,100,12.5,rain,0,0,38,20.4,241.1,1018.8,38.9,18.8,19.5,1.7,1,,2024-12-20T08:03:36,2024-12-20T15:53:10,0.66,"Rain, Partially cloudy",Partly cloudy throughout the day with rain.,rain,"03769099999,03680099999,D5621,03781099999,03672099999,03772099999,03770099999"
london,2024-12-21,12.6,4.9,8.7,12.6,2.1,6.8,6,83.8,1.004,100,20.83,rain,0,0,52.2,30.5,245.8,1011,66.1,14.8,7.7,0.8,1,,2024-12-21T08:04:08,2024-12-21T15:53:39,0.7,"Rain, Partially cloudy",Partly cloudy throughout the day with rain in the morning and afternoon.,rain,"03769099999,03680099999,D5621,03781099999,03672099999,03772099999,03770099999"
london,2024-12-22,8.3,4.6,6.5,5,0,2.1,0.9,68,0.001,100,4.17,rain,0,0,52.3,34.4,283.4,1007,51.2,21.7,16.7,1.3,1,,2024-12-22T08:04:36,2024-12-22T15:54:11,0.75,"Rain, Partially cloudy",Partly cloudy throughout the day with afternoon rain.,rain,"03769099999,03680099999,D5621,03781099999,03672099999,03772099999,03770099999"
london,2024-12-23,7.1,5,6.2,5.2,1.9,3.5,1.2,71.3,0.2,100,12.5,rain,0,0,45.1,26.9,288.3,1022.5,46.2,14,13.5,1.2,1,,2024-12-23T08:05:01,2024-12-23T15:54:46,0.76,"Rain, Partially cloudy",Becoming cloudy in the afternoon with late afternoon rain.,rain,"03769099999,03680099999,D5621,03781099999,03672099999,03772099999,03770099999"
london,2024-12-24,11.8,6.5,9.7,11.8,4.7,8.9,8.7,93.9,0.199,100,4.17,rain,0,0,20,16,258.7,1025.9,92,9.9,18.2,1.6,1,,2024-12-24T08:05:23,2024-12-24T15:55:25,0.79,"Rain, Overcast",Cloudy skies throughout the day with early morning rain.,rain,"03769099999,03680099999,D5621,03781099999,03672099999,03772099999,03770099999"
london,2024-12-25,10,8.6,9.3,10,6.6,8.3,7.9,90.9,0,0,0,,0,0,20.1,12.8,256.7,1032.6,99.8,12.1,10,0.9,1,,2024-12-25T08:05:41,2024-12-25T15:56:07,0.83,Overcast,Cloudy skies throughout the day.,cloudy,"03769099999,03680099999,D5621,03781099999,03672099999,03772099999,03770099999"
london,2024-12-26,8.5,6.1,7,8.3,5,6.5,5.9,92.8,0,0,0,,0,0,14.3,8.4,184.1,1034.6,99.9,6.4,8.5,0.9,0,,2024-12-26T08:05:56,2024-12-26T15:56:52,0.86,Overcast,Cloudy skies throughout the day.,cloudy,"03769099999,03680099999,D5621,03781099999,03672099999,03772099999,03770099999"
london,2024-12-27,7,5.8,6.4,7,4.9,6.2,5.9,96.8,0,0,0,,0,0,10.2,7.1,264.1,1032.6,98.5,2.6,6.6,0.5,0,,2024-12-27T08:06:08,2024-12-27T15:57:41,0.89,Overcast,Cloudy skies throughout the day.,cloudy,"03769099999,03680099999,D5621,03781099999,03672099999,03768099999,03772099999,03770099999"
london,2024-12-28,5.8,4.1,4.9,4.8,1.9,3.4,4,94,0.001,100,4.17,rain,0,0,16.2,10,275,1029.2,99.9,5,7.4,0.6,0,,2024-12-28T08:06:16,2024-12-28T15:58:32,0.92,"Rain, Overcast",Cloudy skies throughout the day with morning rain.,rain,"03769099999,03680099999,D5621,03781099999,03672099999,03772099999,03770099999"
london,2024-12-29,8.5,3.4,5.5,6.1,0.6,3.2,4.5,93.4,0,0,0,,0,0,17.8,15.9,249.3,1029.8,99.9,5.2,12.1,1,1,,2024-12-29T08:06:21,2024-12-29T15:59:26,0.95,Overcast,Cloudy skies throughout the day.,cloudy,"03769099999,03680099999,D5621,03781099999,03672099999,03772099999,03770099999"
london,2024-12-30,9,7.6,8.3,6.5,4.8,5.6,5.1,80.3,0,0,0,,0,0,29.8,22.9,238.8,1027.7,98.2,28.4,21,1.8,2,,2024-12-30T08:06:23,2024-12-30T16:00:23,0,Overcast,Cloudy skies throughout the day.,cloudy,"03769099999,03680099999,D5621,03781099999,03672099999,03772099999,03770099999"
london,2024-12-31,12.5,7.6,10.4,12.5,5.4,9.4,6.9,78.9,0,0,0,,0,0,55.8,36.8,226.8,1020.1,88.3,14.9,18.7,1.7,1,,2024-12-31T08:06:21,2024-12-31T16:01:23,0.02,Partially cloudy,Partly cloudy throughout the day.,partly-cloudy-day,"03769099999,03680099999,D5621,03781099999,03672099999,03772099999,03770099999"
london,2025-01-01,12.6,5.8,9.6,12.6,2.4,8.1,6.9,83.5,9.983,100,50,rain,0,1.8,64.7,42.4,235.3,1008.7,98.8,24.4,4.6,0.5,0,,2025-01-01T08:06:16,2025-01-01T16:02:26,0.06,"Rain, Overcast",Cloudy skies throughout the day with rain.,rain,"03769099999,03680099999,D5621,03672099999,03781099999,03772099999,03770099999"
london,2025-01-02,5.3,-0.2,3.2,3.6,-3,0.8,-0.2,78.6,0,0,0,,0,0.3,21.1,13.8,316.6,1018.5,24.8,31.6,20.8,1.7,2,,2025-01-02T08:06:07,2025-01-02T16:03:31,0.09,Partially cloudy,Partly cloudy throughout the day.,partly-cloudy-day,"03680099999,D5621,03672099999,03781099999,03772099999,03770099999"
london,2025-01-03,5.1,-1.4,1.1,2,-5.6,-1.9,-1.7,82.4,0,0,0,,0,0,23.4,15.6,271.7,1023.9,1.2,37.7,22.4,2.1,2,,2025-01-03T08:05:56,2025-01-03T16:04:39,0.13,Clear,Clear conditions throughout the day.,clear-day,"D5621,03672099999,03781099999,03772099999,03770099999"
london,2025-01-04,4.5,-0.9,1.5,3.1,-3,-0.2,-0.2,89.3,2.991,100,16.67,"rain,snow",0,0,29.6,18.2,118.2,1015.1,80.5,23.1,14.1,1.3,1,,2025-01-04T08:05:40,2025-01-04T16:05:50,0.16,"Snow, Rain, Partially cloudy",Partly cloudy throughout the day with late afternoon rain or snow.,rain,"D5621,03672099999,03781099999,03772099999,03770099999"
london,2025-01-05,12.6,0.8,8.2,12.6,-3.6,6.7,7.5,95.7,22.569,100,95.83,"rain,snow",2.1,0.5,46.9,29.5,183,988.2,100,7.8,8.6,0.7,1,,2025-01-05T08:05:22,2025-01-05T16:07:03,0.2,"Snow, Rain, Overcast",Cloudy skies throughout the day with a chance of rain or snow throughout the day.,snow,"D5621,03672099999,03781099999,03772099999,03770099999"
london,2025-01-06,12.6,2.8,7.3,12.6,-1.5,4.7,5.1,85.9,4.197,100,45.83,rain,0,0.5,51.9,33.3,237.6,982.9,74.6,35.8,9.6,0.8,1,,2025-01-06T08:05:00,2025-01-06T16:08:18,0.25,"Rain, Partially cloudy",Partly cloudy throughout the day with a chance of rain throughout the day.,rain,"D5621,03672099999,03781099999,03772099999,03770099999"
london,2025-01-07,5.1,1.3,3,1.8,-2.5,-0.6,0.6,84.4,0.201,100,8.33,rain,0,0,29.9,21,251.7,999.2,45.9,46.5,13.7,1.3,1,,2025-01-07T08:04:35,2025-01-07T16:09:36,0.27,"Rain, Partially cloudy",Partly cloudy throughout the day with morning rain.,rain,"03769099999,03680099999,D5621,03672099999,03781099999,03761099999,EGLC,03772099999,03770099999,03693099999"
london,2025-01-08,3.6,-0.4,1.6,1.8,-3.5,-0.4,-0.1,88.7,0.797,100,16.67,rain,2.1,0.5,17.6,12.6,31.8,1001.8,74.7,26.7,12.3,1,1,,2025-01-08T08:04:07,2025-01-08T16:10:56,0.31,"Rain, Partially cloudy",Partly cloudy throughout the day with late afternoon rain or snow.,snow,"D5621,03672099999,03781099999,03772099999,03770099999"
london,2025-01-09,4.1,-0.4,2.3,0.9,-3.5,-0.9,-1.1,79.2,0.005,100,8.33,rain,0,0.8,25,17.5,298.7,1008.5,34.8,20.7,24,2.1,2,,2025-01-09T08:03:35,2025-01-09T16:12:18,0.34,"Rain, Partially cloudy",Clearing in the afternoon with rain.,rain,"03769099999,D5621,03672099999,03781099999,03761099999,EGLC,03772099999,03770099999,03693099999"
london,2025-01-10,3,-2.4,-0.4,1.5,-3.7,-0.9,-2,89.6,0,0,0,,0,0.5,13.2,8.4,353.9,1020.4,21.7,14.6,16.7,1.4,1,,2025-01-10T08:03:01,2025-01-10T16:13:43,0.38,Partially cloudy,Partly cloudy throughout the day.,partly-cloudy-day,"D5621,03672099999,03781099999,03772099999,03770099999"
london,2025-01-11,4,-3.2,-0.3,3.4,-3.2,-0.3,-1.5,91.5,0,0,0,,0,0,8.6,5.5,308.5,1030.5,24.4,8.2,24.8,2.2,2,,2025-01-11T08:02:23,2025-01-11T16:15:09,0.41,Partially cloudy,Partly cloudy throughout the day.,partly-cloudy-day,"D5621,03672099999,03781099999,03772099999,03770099999"
london,2025-01-12,4.1,-2.4,1,4.1,-2.4,0.7,-0.3,91.6,0,0,0,,0,0,9.3,6.4,140.4,1040,67.3,17.6,14.6,1.1,1,,2025-01-12T08:01:42,2025-01-12T16:16:37,0.45,Partially cloudy,Partly cloudy throughout the day.,partly-cloudy-day,"D5621,03672099999,03781099999,03772099999,03770099999"
london,2025-01-13,6.5,3.6,4.7,3.5,0.2,2.1,0.9,76.4,0,0,0,,0,0,30.7,20.8,203.9,1039.3,63.9,34.1,21.8,1.8,1,,2025-01-13T08:00:58,2025-01-13T16:18:07,0.5,Partially cloudy,Partly cloudy throughout the day.,partly-cloudy-day,"03680099999,D5621,03672099999,03781099999,03772099999,03770099999"
london,2025-01-14,9.5,3.1,6.6,8.5,-0.2,4.7,4.4,86.2,0,0,0,,0,0,22.4,14.7,232.7,1035,84.8,14,22.1,1.9,2,,2025-01-14T08:00:11,2025-01-14T16:19:38,0.52,Partially cloudy,Partly cloudy throughout the day.,partly-cloudy-day,"03680099999,D5621,03781099999,03672099999,03772099999,03770099999"
london,2025-01-15,9.6,8.1,8.7,9.6,7,8,8.1,96.4,0.399,100,12.5,rain,0,0,12.8,8.5,258,1034.2,92.6,5.4,7.7,0.6,0,,2025-01-15T07:59:21,2025-01-15T16:21:11,0.55,"Rain, Overcast",Cloudy skies throughout the day with rain clearing later.,rain,"03769099999,03680099999,D5621,03781099999,03672099999,03772099999,03770099999"
london,2025-01-16,9.3,6.8,8,8.1,5.1,6.7,5.9,87,0.199,100,4.17,rain,0,0,21.4,13.7,203.4,1034.4,95.6,16.5,14.7,1.2,1,,2025-01-16T07:58:29,2025-01-16T16:22:46,0.58,"Rain, Overcast",Cloudy skies throughout the day with morning rain.,rain,"03680099999,D5621,03781099999,03672099999,03772099999,03770099999"
london,2025-01-17,6.3,4.1,5.3,4.5,2.7,3.5,2.6,82.1,0,0,0,,0,0,21.8,14,206.3,1035.5,97.8,12.2,17.6,1.4,1,,2025-01-17T07:57:33,2025-01-17T16:24:22,0.61,Overcast,Cloudy skies throughout the day.,cloudy,"03680099999,D5621,03781099999,03672099999,03772099999,03770099999"
london,2025-01-18,4,2.1,3.1,3.1,0.7,2,1,85.8,0,0,0,,0,0,18.1,9.2,128.8,1029.6,100,5.7,8.4,0.7,0,,2025-01-18T07:56:35,2025-01-18T16:26:00,0.65,Overcast,Cloudy skies throughout the day.,cloudy,"03769099999,03680099999,D5621,03781099999,03672099999,03772099999,03770099999"
london,2025-01-19,3.6,2.5,3.1,3,-0.6,1,0.1,80.1,0,0,0,,0,0,19.2,11.6,168.7,1021.2,99,10,6.3,0.5,0,,2025-01-19T07:55:34,2025-01-19T16:27:39,0.68,Overcast,Cloudy skies throughout the day.,cloudy,"03769099999,03680099999,D5621,03781099999,03672099999,03772099999,03770099999"
london,2025-01-20,6,2.8,4.3,6,1.3,3.4,2.3,86.5,0.198,100,4.17,rain,0,0,16.9,11.8,218.8,1018.3,85.1,11.2,17.3,1.4,1,,2025-01-20T07:54:30,2025-01-20T16:29:19,0.71,"Rain, Partially cloudy",Partly cloudy throughout the day with morning rain.,rain,"03769099999,03680099999,D5621,03781099999,03672099999,03772099999,03770099999"
london,2025-01-21,6.5,1.4,3.7,4.7,1.4,2.8,2.4,90.8,0,0,0,,0,0,17.7,11.1,156.2,1013.8,90.5,5,24.2,2.2,1,,2025-01-21T07:53:24,2025-01-21T16:31:00,0.75,Overcast,Cloudy skies throughout the day.,cloudy,"03769099999,03680099999,D5621,03781099999,03672099999,03772099999,03770099999"
london,2025-01-22,5.1,3.1,3.9,4.1,1.1,2.6,2,87.4,0.199,100,4.17,rain,0,0,15.3,11.5,344.9,1004.6,90.9,5.2,11.3,1,1,,2025-01-22T07:52:15,2025-01-22T16:32:42,0.77,"Rain, Overcast",Cloudy skies throughout the day with early morning rain.,rain,"03769099999,EGWU,03680099999,EGLL,D5621,03781099999,03672099999,03684099999,EGLC,03772099999,03770099999"
london,2025-01-23,8.6,2.3,5.2,5,-0.3,2.2,3.3,87.3,4.977,100,20.83,rain,0,0,46.3,27.9,221.9,1002.6,67.9,15.6,11.4,1,0,,2025-01-23T07:51:03,2025-01-23T16:34:25,0.81,"Rain, Partially cloudy",Partly cloudy throughout the day with rain.,rain,"03769099999,EGWU,03768399999,03781099999,03672099999,03684099999,03768099999,03772099999,03693099999,03680099999,D5621,03761099999,EGLC,03770099999"
london,2025-01-24,11.1,5.9,9.3,11.1,2.5,7.8,4.6,73.9,2.799,100,33.33,rain,0,0,63.7,39.8,213.7,996.2,93.1,13.5,23.7,2.2,1,,2025-01-24T07:49:49,2025-01-24T16:36:09,0.84,"Rain, Overcast",Cloudy skies throughout the day with rain clearing later.,rain,"03769099999,03680099999,D5621,03781099999,03672099999,03772099999,03770099999"
london,2025-01-25,8.6,2,5.9,7.6,1,4.4,1,71.9,0.994,100,4.17,rain,0,0,26.6,17.3,258.5,1004.6,53.5,37,34.8,2.9,3,,2025-01-25T07:48:33,2025-01-25T16:37:54,0.87,"Rain, Partially cloudy",Partly cloudy throughout the day with early morning rain.,rain,"03769099999,03680099999,D5621,03781099999,03672099999,03772099999,03770099999"
london,2025-01-26,10.1,1.5,5.6,10.1,-1.6,2.4,2.9,82.4,5.193,100,33.33,rain,0,0,55.1,33.3,163.6,995,73.9,22.1,10,0.8,1,,2025-01-26T07:47:14,2025-01-26T16:39:40,0.9,"Rain, Partially cloudy",Partly cloudy throughout the day with rain.,rain,"03769099999,03680099999,D5621,03781099999,03672099999,03772099999,03770099999"
london,2025-01-27,10.1,6.7,8.1,10.1,2.5,4.5,4.8,79.9,7.57,100,41.67,rain,0,0,71.9,40.6,202.2,981.1,75,25.9,32.3,2.9,3,,2025-01-27T07:45:53,2025-01-27T16:41:26,0.94,"Rain, Partially cloudy",Partly cloudy throughout the day with a chance of rain throughout the day.,rain,"03769099999,03680099999,D5621,03781099999,03672099999,03772099999,03770099999"
london,2025-01-28,10.1,7.6,8.9,10.1,4.1,5.9,6.3,83.9,2.988,100,54.17,rain,0,0,49,29.5,226.9,983.8,97.5,31.6,20.5,1.7,1,,2025-01-28T07:44:29,2025-01-28T16:43:13,0.97,"Rain, Overcast",Cloudy skies throughout the day with a chance of rain throughout the day.,rain,"03769099999,03680099999,D5621,03781099999,03672099999,03772099999,03770099999"
london,2025-01-29,8.8,4.1,6.8,8.3,2.1,4.9,3.9,81.7,0,0,0,,0,0,28.8,19.9,272,1003.1,49.5,35,29.3,2.4,2,,2025-01-29T07:43:04,2025-01-29T16:45:01,0,Partially cloudy,Becoming cloudy in the afternoon.,partly-cloudy-day,"03769099999,03680099999,D5621,03781099999,03672099999,03772099999,03770099999"
london,2025-01-30,8.5,3.3,5.5,5.6,0.9,3.1,0.7,71.3,0,0,0,,0,0,28.6,19.5,323.5,1019.8,28.5,41.5,37.8,3.2,3,,2025-01-30T07:41:36,2025-01-30T16:46:49,0.03,Partially cloudy,Partly cloudy throughout the day.,partly-cloudy-day,"03769099999,03680099999,D5621,03781099999,03672099999,03772099999,03770099999"
london,2025-01-31,8.1,3.3,5.9,7.2,1.4,4.2,4.6,91.1,4.784,100,41.67,rain,0,0,24.5,14.8,175.7,1024.8,98.2,16.7,9,0.7,0,,2025-01-31T07:40:06,2025-01-31T16:48:37,0.07,"Rain, Overcast",Cloudy skies throughout the day with a chance of rain throughout the day.,rain,"03769099999,03680099999,D5621,03781099999,03672099999,03761099999,EGLC,03772099999,03770099999,03693099999"
london,2025-02-01,6.1,2.1,4.9,4.4,0.1,3,2.6,84.8,0,0,0,,0,0,19,11.4,141.8,1028.9,82,30.9,10.8,1,1,,2025-02-01T07:38:34,2025-02-01T16:50:26,0.11,Partially cloudy,Partly cloudy throughout the day.,partly-cloudy-day,"03769099999,03680099999,D5621,03781099999,03672099999,03772099999,03770099999"
london,2025-02-02,8.1,0,3.5,6.2,-2.4,1.5,1,85,0,0,0,,0,0,20.2,13.1,161.9,1023.2,9,18.2,37.3,3.3,3,,2025-02-02T07:37:01,2025-02-02T16:52:15,0.14,Clear,Clear conditions throughout the day.,clear-day,"03769099999,03680099999,D5621,03781099999,03672099999,03772099999,03770099999"
london,2025-02-03,8.3,0.8,5.2,6.3,-0.5,3.3,3.7,90.4,0.198,100,4.17,rain,0,0,25.5,15.6,194.6,1024.8,68.1,11,19,1.6,1,,2025-02-03T07:35:25,2025-02-03T16:54:05,0.18,"Rain, Partially cloudy",Partly cloudy throughout the day with morning rain.,rain,"03769099999,03680099999,D5621,03781099999,03672099999,03772099999,03770099999"
london,2025-02-04,9.8,6.1,8.3,7.3,3.8,5.7,6,85.1,0,0,0,,0,0,39.1,24.5,206.4,1023.4,85.7,28.6,18.5,1.6,1,,2025-02-04T07:33:47,2025-02-04T16:55:54,0.21,Partially cloudy,Partly cloudy throughout the day.,partly-cloudy-day,"03769099999,03680099999,D5621,03781099999,03672099999,03772099999,03770099999"
london,2025-02-05,9.8,3.1,6.8,8.8,1.7,5.6,3.2,78.5,0,0,0,,0,0,19.9,13.7,269.3,1037.7,15.6,23.4,43.6,3.7,3,,2025-02-05T07:32:08,2025-02-05T16:57:44,0.25,Clear,Clear conditions throughout the day.,clear-day,"03769099999,03680099999,D5621,03781099999,03672099999,F6665,03772099999,03770099999"
london,2025-02-06,8.3,2.3,5.4,5.8,0.9,3.1,1.8,77.8,0.001,100,4.17,rain,0,0,32.3,19.7,49.6,1041.8,35.7,22.7,46.3,4,3,,2025-02-06T07:30:26,2025-02-06T16:59:34,0.28,"Rain, Partially cloudy",Becoming cloudy in the afternoon with late afternoon rain.,rain,"03769099999,03680099999,D5621,03781099999,03672099999,03772099999,03770099999"
london,2025-02-07,4.8,3.5,4.2,1.2,-0.5,0.2,1.7,84.1,5.169,100,45.83,rain,0,0,39.1,23.5,55.9,1025.2,91.7,15.8,7.5,0.7,0,,2025-02-07T07:28:43,2025-02-07T17:01:24,0.32,"Rain, Overcast",Cloudy skies throughout the day with rain.,rain,"03769099999,03680099999,D5621,03781099999,03672099999,03768099999,EGLC,03772099999,03770099999,03693099999"
london,2025-02-08,6.3,3.3,5,4.4,0.5,2.8,3.8,91.6,1.788,100,29.17,rain,0,0,28.2,16.2,76.6,1018.3,95.6,6.9,6.3,0.6,0,,2025-02-08T07:26:59,2025-02-08T17:03:14,0.35,"Rain, Overcast",Cloudy skies throughout the day with a chance of rain throughout the day.,rain,"03769099999,03680099999,D5621,03781099999,03672099999,03772099999,03770099999"
london,2025-02-09,6.3,2,4.5,3.9,0.6,2.1,2.7,88.3,2.39,100,33.33,rain,0,0,32.6,18.7,52.3,1027.6,84.2,10.8,21,1.9,1,,2025-02-09T07:25:13,2025-02-09T17:05:05,0.39,"Rain, Partially cloudy",Partly cloudy throughout the day with rain.,rain,"03769099999,03680099999,D5621,03781099999,03672099999,03761099999,EGLC,03772099999,03770099999,03693099999"
london,2025-02-10,5,2.8,4.2,1.5,-1,0.6,1.9,84.8,1.592,100,29.17,rain,0,0,35,20.2,37.1,1023.9,100,5.2,5.7,0.5,0,,2025-02-10T07:23:25,2025-02-10T17:06:55,0.43,"Rain, Overcast",Cloudy skies throughout the day with rain.,rain,"03769099999,03680099999,D5621,03781099999,03672099999,03761099999,EGLC,03772099999,03770099999,03693099999"
london,2025-02-11,5,3.3,4.1,4.8,0.5,2.4,2.1,86.3,0.198,100,4.17,rain,0,0,19.8,12,337.3,1018.6,99.8,7.1,8.6,0.8,1,,2025-02-11T07:21:35,2025-02-11T17:08:45,0.46,"Rain, Overcast",Cloudy skies throughout the day with early morning rain.,rain,"03769099999,EGWU,EGLL,03768399999,03781099999,03672099999,03768099999,03772099999,03680099999,D5621,03761099999,EGLC,03770099999"
london,2025-02-12,5.8,4.3,4.9,4.3,2.5,3.5,2.2,82.5,0,0,0,,0,0,15.4,10,21,1019.6,100,11.6,18.4,1.6,1,,2025-02-12T07:19:44,2025-02-12T17:10:35,0.5,Overcast,Cloudy skies throughout the day.,cloudy,"03769099999,03680099999,D5621,03781099999,03672099999,03772099999,03770099999"
london,2025-02-13,4.8,4,4.5,3.2,0.9,2.1,0,72.7,0,0,0,,0,0,23.2,13.7,48.2,1023.5,100,13.8,15.9,1.3,1,,2025-02-13T07:17:52,2025-02-13T17:12:25,0.53,Overcast,Cloudy skies throughout the day.,cloudy,"03769099999,03680099999,D5621,03781099999,03672099999,03772099999,03770099999"
london,2025-02-14,6.1,2.3,3.8,3.1,-1.3,0.7,-2.2,64.8,0,0,0,,0,0,31.1,20.4,120.2,1024.9,76.5,17.7,51.5,4.4,4,,2025-02-14T07:15:59,2025-02-14T17:14:15,0.56,Partially cloudy,Partly cloudy throughout the day.,partly-cloudy-day,"03769099999,03680099999,D5621,03781099999,03672099999,03772099999,03770099999"
london,2025-02-15,6.8,2.6,4,4.3,-0.8,1,0.5,78,0.796,100,12.5,rain,0,0,25.3,16.8,133.1,1020.2,98.4,10.7,31.1,2.7,1,,2025-02-15T07:14:04,2025-02-15T17:16:04,0.59,"Rain, Overcast",Cloudy skies throughout the day with late afternoon rain.,rain,"03769099999,03680099999,D5621,03781099999,03672099999,03772099999,03770099999"
london,2025-02-16,4.8,2,3.4,1.5,-1.4,0,-1,73.3,0,0,0,,0,0,30.2,20,89.4,1020.6,88.6,15.6,27.5,2.4,1,,2025-02-16T07:12:07,2025-02-16T17:17:54,0.63,Partially cloudy,Partly cloudy throughout the day.,partly-cloudy-day,"03769099999,03680099999,D5621,03768399999,03781099999,03672099999,03684099999,03768099999,EGLC,03772099999,03770099999"
london,2025-02-17,5.7,1,2.8,2.3,-2,-0.2,-2.4,68.8,0,0,0,,0,0,31,20.1,94.4,1022.2,2.6,18.7,79.6,6.9,4,,2025-02-17T07:10:10,2025-02-17T17:19:43,0.66,Clear,Clear conditions throughout the day.,clear-day,"03769099999,03680099999,D5621,03781099999,03672099999,F6665,03772099999,03770099999"
london,2025-02-18,7,1.3,3.5,3.7,-1.7,0.3,-1.6,69.8,0,0,0,,0,0,31.6,20.7,94.9,1020.5,39.5,15,60.7,5.2,4,,2025-02-18T07:08:11,2025-02-18T17:21:32,0.69,Partially cloudy,Partly cloudy throughout the day.,partly-cloudy-day,"03769099999,03680099999,D5621,03781099999,03672099999,03772099999,03770099999"
london,2025-02-19,8.8,2.1,5.6,7.3,-1.2,3,1.6,75.6,0,0,0,,0,0,27.2,14.4,130,1016,57.7,9.7,39.7,3.4,2,,2025-02-19T07:06:11,2025-02-19T17:23:21,0.72,Partially cloudy,Partly cloudy throughout the day.,partly-cloudy-day,"03769099999,03680099999,D5621,03781099999,03672099999,03772099999,03770099999"
london,2025-02-20,13.1,8.8,11.6,13.1,6.6,11.4,10.2,90.7,0.208,100,33.33,rain,0,0,48.2,28.4,197.5,1014.3,99.8,12.9,19.6,1.7,1,,2025-02-20T07:04:10,2025-02-20T17:25:10,0.75,"Rain, Overcast",Cloudy skies throughout the day with a chance of rain throughout the day.,rain,"03769099999,EGWU,EGLL,03781099999,03672099999,03684099999,03772099999,03693099999,03680099999,D5621,03761099999,EGLC,03770099999"
london,2025-02-21,15.6,11.5,13,15.6,11.5,13,10.8,86.4,2.996,100,37.5,rain,0,0,47.5,28.4,183.8,1010.1,95.4,15,44.3,3.9,2,,2025-02-21T07:02:08,2025-02-21T17:26:58,0.79,"Rain, Overcast",Cloudy skies throughout the day with a chance of rain throughout the day.,rain,"03769099999,03680099999,D5621,03781099999,03672099999,03772099999,03770099999"
london,2025-02-22,13.8,7.6,10.8,13.8,6.1,10.5,8.4,86.3,3.781,100,25,rain,0,0,27.4,17.9,229.2,1013.4,57.1,18.5,37.8,3.2,2,,2025-02-22T07:00:05,2025-02-22T17:28:46,0.82,"Rain, Partially cloudy",Partly cloudy throughout the day with early morning rain.,rain,"03769099999,03680099999,D5621,03781099999,03672099999,03772099999,03770099999"
london,2025-02-23,11.3,7,9.9,11.3,4.3,9.1,7.3,84,0.199,100,8.33,rain,0,0,56.1,34.5,193.8,1019.9,85.7,18.9,34.3,2.8,2,,2025-02-23T06:58:01,2025-02-23T17:30:34,0.85,"Rain, Partially cloudy",Partly cloudy throughout the day with late afternoon rain.,rain,"03769099999,03680099999,D5621,03781099999,03672099999,03772099999,03770099999"
london,2025-02-24,13.8,8.3,10.6,13.8,5.9,9.9,8.4,86.4,13.335,100,54.17,rain,0,0,41.5,27.3,220,1011.8,73.2,19.1,35.3,3.1,2,,2025-02-24T06:55:56,2025-02-24T17:32:22,0.89,"Rain, Partially cloudy",Partly cloudy throughout the day with a chance of rain throughout the day.,rain,"03769099999,03680099999,D5621,03781099999,03672099999,03772099999,03770099999"
london,2025-02-25,11.6,6.3,8.8,11.6,3.8,7.7,4.6,76.2,1.192,100,8.33,rain,0,0,25.9,18.1,272.2,1013.9,66.8,34.1,50.3,4.3,2,,2025-02-25T06:53:50,2025-02-25T17:34:09,0.92,"Rain, Partially cloudy",Partly cloudy throughout the day with early morning rain.,rain,"03769099999,03680099999,D5621,03781099999,03672099999,03772099999,03770099999"
london,2025-02-26,8.8,3.8,6.1,6.6,0.5,3.6,4,86.2,5.376,100,25,rain,0,0,37.2,21.5,221.7,1013.6,46.9,31.4,31.2,2.7,2,,2025-02-26T06:51:43,2025-02-26T17:35:56,0.95,"Rain, Partially cloudy",Partly cloudy throughout the day with rain in the morning and afternoon.,rain,"03769099999,03680099999,D5621,03781099999,03672099999,03772099999,03770099999"
london,2025-02-27,10.6,4.1,7.1,10.6,1,5.1,1.6,69.5,0,0,0,,0,0,30.9,21.1,308.6,1019.8,60.9,47.1,46,3.8,2,,2025-02-27T06:49:36,2025-02-27T17:37:43,0.98,Partially cloudy,Partly cloudy throughout the day.,partly-cloudy-day,"03769099999,03680099999,D5621,03781099999,03672099999,03772099999,03770099999"
london,2025-02-28,9.2,0.8,5.3,8,0,4.6,0.7,73.9,0,0,0,,0,0,20.2,11.8,16.6,1029.2,20.7,23,71.3,6.1,5,,2025-02-28T06:47:27,2025-02-28T17:39:29,0,Partially cloudy,Partly cloudy throughout the day.,partly-cloudy-day,"03769099999,03680099999,D5621,03781099999,03672099999,03761099999,EGLC,03772099999,03770099999,03693099999"
london,2025-03-01,10.6,2.8,5.5,10.6,2.4,5.2,1.4,77.1,0,0,0,,0,0,18.2,11.3,46.8,1034.5,33.5,22.4,55.3,4.7,4,,2025-03-01T06:45:18,2025-03-01T17:41:15,0.05,Partially cloudy,Clearing in the afternoon.,partly-cloudy-day,"03769099999,03680099999,D5621,03781099999,03672099999,03772099999,03770099999"
london,2025-03-02,11.1,1.1,5.3,11.1,1.1,5,1.1,77,0,0,0,,0,0,15.5,10.3,38.7,1034.4,4.1,23.8,71.3,6.1,5,,2025-03-02T06:43:08,2025-03-02T17:43:01,0.09,Clear,Clear conditions throughout the day.,clear-day,"03769099999,EGWU,03680099999,D5621,03768399999,03781099999,03672099999,03761099999,EGLC,03772099999,03770099999"
london,2025-03-03,12.8,0.3,5.8,12.8,0.3,5.6,0.3,72,0,0,0,,0,0,11.1,5.9,276.5,1029.8,4,16.4,73.5,6.6,5,,2025-03-03T06:40:58,2025-03-03T17:44:47,0.12,Clear,Clear conditions throughout the day.,clear-day,"03769099999,03680099999,D5621,03781099999,03672099999,03772099999,03770099999"
london,2025-03-04,13.8,0.1,6.4,13.8,0.1,6,0.3,69.8,0,0,0,,0,0,18.4,13,239.4,1026.3,1.4,18.5,74.9,6.7,5,,2025-03-04T06:38:47,2025-03-04T17:46:32,0.16,Clear,Clear conditions throughout the day.,clear-day,"03769099999,03680099999,D5621,03781099999,03672099999,03772099999,03770099999"
london,2025-03-05,14.8,0.8,7.2,14.8,-1.7,6.3,2.4,74.2,0.202,100,8.33,rain,0,0,22,14.8,215.5,1022.2,5.7,6.9,78.3,6.9,4,,2025-03-05T06:36:35,2025-03-05T17:48:17,0.19,Rain,Clear conditions throughout the day with rain.,rain,"03769099999,03680099999,D5621,03781099999,03672099999,03684099999,03772099999,03770099999"
london,2025-03-06,17.6,2.8,9.8,17.6,1.9,9.5,3.3,67,0,0,0,,0,0,32,20.3,170.5,1014.3,12.1,22,77.5,6.9,5,,2025-03-06T06:34:22,2025-03-06T17:50:02,0.25,Clear,Clear conditions throughout the day.,clear-day,"03769099999,03680099999,D5621,03781099999,03672099999,03772099999,03770099999"
london,2025-03-07,17.6,9,13,17.6,7.9,12.9,6.9,67,0,0,0,,0,0,28.9,18.7,152.8,1011.7,53.6,28.9,86.8,7.5,5,,2025-03-07T06:32:09,2025-03-07T17:51:46,0.26,Partially cloudy,Partly cloudy throughout the day.,partly-cloudy-day,"03769099999,03680099999,D5621,03781099999,03672099999,03772099999,03770099999"
london,2025-03-08,16.9,7.6,12.2,16.9,6.2,11.9,5,62.5,0,0,0,,0,0,30.7,19.1,102.2,1008,13.3,27.1,80.3,6.9,5,,2025-03-08T06:29:56,2025-03-08T17:53:31,0.3,Clear,Clear conditions throughout the day.,clear-day,"03769099999,03680099999,D5621,03781099999,03672099999,03772099999,03770099999"
london,2025-03-09,17.2,8.6,12.2,17.2,7.4,11.7,4.9,62.3,0,0,0,,0,0,29.1,20.1,87.1,1002.8,25.6,18.8,84.3,7.4,5,,2025-03-09T06:27:42,2025-03-09T17:55:15,0.33,Partially cloudy,Partly cloudy throughout the day.,partly-cloudy-day,"03769099999,03680099999,D5621,03781099999,03672099999,03772099999,03770099999"
london,2025-03-10,12.5,7.8,10.2,12.5,4.9,9.5,5.2,71.4,0,0,0,,0,0,33.7,21,28.9,1003.6,88,5,55.3,4.7,3,,2025-03-10T06:25:28,2025-03-10T17:56:58,0.37,Partially cloudy,Partly cloudy throughout the day.,partly-cloudy-day,"03769099999,03680099999,D5621,03781099999,03672099999,F6665,03772099999,03770099999"
london,2025-03-11,8.6,5.6,7.3,6.7,3.2,4.7,1.5,67.3,0,0,0,,0,0,32.3,20.7,24.4,1007.6,91.2,30.4,50.6,4.4,2,,2025-03-11T06:23:13,2025-03-11T17:58:42,0.4,Overcast,Cloudy skies throughout the day.,cloudy,"03769099999,03680099999,D5621,03781099999,03672099999,03772099999,03770099999"
london,2025-03-12,8.5,4.1,5.9,6.3,1.1,3.9,0.8,69.9,0.002,100,8.33,rain,0,0,25.4,16.3,328.2,1003.5,84.9,42.2,62.5,5.5,3,,2025-03-12T06:20:58,2025-03-12T18:00:25,0.44,"Rain, Partially cloudy",Partly cloudy throughout the day with rain.,rain,"03769099999,03680099999,D5621,03781099999,03672099999,03761099999,EGLC,03772099999,03770099999,03693099999"
london,2025-03-13,7.8,3.3,4.8,5.6,-0.3,2.5,1.5,79.3,0.997,100,16.67,rain,0,0,29.3,18.5,355.8,1004.2,72,33.1,52.9,4.5,3,,2025-03-13T06:18:43,2025-03-13T18:02:08,0.47,"Rain, Partially cloudy",Partly cloudy throughout the day with rain in the morning and afternoon.,rain,"03769099999,03680099999,D5621,03781099999,03672099999,03772099999,03770099999"
london,2025-03-14,8.8,0.8,5.1,6.6,0.8,3.7,0.6,73.8,0,0,0,,0,0,28.4,17.4,28.9,1011.6,73.5,30.5,68.8,6,5,,2025-03-14T06:16:27,2025-03-14T18:03:51,0.5,Partially cloudy,Partly cloudy throughout the day.,partly-cloudy-day,"03769099999,03680099999,D5621,03781099999,03672099999,03772099999,03770099999"
london,2025-03-15,8.8,2,5.2,5.9,-1.5,2.3,-1.6,63.5,0,0,0,,0,0,37.6,22.1,40.8,1021.8,35.6,46.2,91.9,8.2,4,,2025-03-15T06:14:11,2025-03-15T18:05:33,0.54,Partially cloudy,Partly cloudy throughout the day.,partly-cloudy-day,"03769099999,03680099999,D5621,03781099999,03672099999,03684099999,03772099999,03770099999"
london,2025-03-16,8.6,0.8,5.3,6,-2.4,2.4,-0.4,68,0,0,0,,0,0,36.4,23.9,40.8,1025.3,52.8,53,136.5,11.8,7,,2025-03-16T06:11:55,2025-03-16T18:07:16,0.57,Partially cloudy,Partly cloudy throughout the day.,partly-cloudy-day,"03769099999,03680099999,D5621,03781099999,03672099999,03684099999,03772099999,03770099999"
london,2025-03-17,8.1,4.8,6.6,5.6,2.5,3.9,1.6,71,0,0,0,,0,0,33.5,19.8,64.6,1028,85.6,31.8,48.7,4.2,2,,2025-03-17T06:09:38,2025-03-17T18:08:58,0.61,Partially cloudy,Partly cloudy throughout the day.,partly-cloudy-day,"03769099999,03680099999,D5621,03781099999,03672099999,03772099999,03770099999"
london,2025-03-18,10.8,3.5,6.5,10.8,0.9,4.3,-0.8,61.6,0,0,0,,0,0,37.3,24.6,81.4,1024,0.1,34.5,122,10.6,6,,2025-03-18T06:07:22,2025-03-18T18:10:40,0.64,Clear,Clear conditions throughout the day.,clear-day,"03769099999,03680099999,D5621,03781099999,03672099999,03684099999,03772099999,03770099999"
london,2025-03-19,18.1,2.6,10.2,18.1,1.5,9.9,3.3,64,0,0,0,,0,0,22.8,13.9,140.5,1020.9,34.6,28.5,113.9,9.9,6,,2025-03-19T06:05:05,2025-03-19T18:12:22,0.67,Partially cloudy,Becoming cloudy in the afternoon.,partly-cloudy-day,"03769099999,03680099999,D5621,03781099999,03672099999,03684099999,03772099999,03770099999"
london,2025-03-20,19.8,8.1,13.4,19.8,8.1,13.4,6.3,64.2,0,0,0,,0,0,20.4,13,115.3,1018.9,28.1,36.3,104.5,9.2,5,,2025-03-20T06:02:48,2025-03-20T18:14:04,0.7,Partially cloudy,Partly cloudy throughout the day.,partly-cloudy-day,"03769099999,03680099999,D5621,03781099999,03672099999,03684099999,03768099999,03772099999,03770099999"
london,2025-03-21,16.2,9.6,13.3,16.2,8.2,13.2,7.2,67.5,0,0,0,,0,0,36.1,24,112.2,1006.9,47.1,21.8,69.9,6.1,3,,2025-03-21T06:00:31,2025-03-21T18:15:45,0.74,Partially cloudy,Clearing in the afternoon.,partly-cloudy-day,"03769099999,03680099999,D5621,03781099999,03672099999,03772099999,03770099999"
london,2025-03-22,16.5,11.3,13.5,16.5,11.3,13.5,9.8,78.4,0,0,0,,0,0,23.7,14.3,117.6,1000,80.1,29.1,61.8,5.4,3,,2025-03-22T05:58:14,2025-03-22T18:17:27,0.75,Partially cloudy,Partly cloudy throughout the day.,partly-cloudy-day,"03769099999,03680099999,D5621,03781099999,03672099999,03772099999,03770099999"
london,2025-03-23,13.3,8.6,11.4,13.3,6.4,11.2,8.8,83.4,0.001,100,4.17,rain,0,0,28.6,17.4,17.1,1003.8,92.1,5.4,40.9,3.7,2,,2025-03-23T05:55:57,2025-03-23T18:19:08,0.8,"Rain, Overcast",Cloudy skies throughout the day with afternoon rain.,rain,"03769099999,03680099999,D5621,03781099999,03672099999,03772099999,03770099999"
london,2025-03-24,14.3,6.6,9.4,14.3,4.6,8.1,4.6,72.8,0,0,0,,0,0,28,17.7,9.9,1017.7,59,7.9,55.5,4.6,3,,2025-03-24T05:53:40,2025-03-24T18:20:49,0.84,Partially cloudy,Partly cloudy throughout the day.,partly-cloudy-day,"03769099999,03680099999,D5621,03781099999,03672099999,03772099999,03770099999"
london,2025-03-25,14.6,5.3,10.2,14.6,3,9.6,7.1,81.6,0,0,0,,0,0,22.7,13.7,297.6,1022.4,71.1,14.5,71.4,6.1,3,,2025-03-25T05:51:23,2025-03-25T18:22:30,0.87,Partially cloudy,Partly cloudy throughout the day.,partly-cloudy-day,"03769099999,03680099999,D5621,03781099999,03672099999,03772099999,03770099999"
london,2025-03-26,17.3,8.8,12.7,17.3,7.9,12.6,7.5,72.2,0,0,0,,0,0,15.7,10,282.8,1024.9,49.8,25.7,93.5,8,4,,2025-03-26T05:49:06,2025-03-26T18:24:11,0.9,Partially cloudy,Partly cloudy throughout the day.,partly-cloudy-day,"03769099999,03680099999,D5621,03781099999,03672099999,03761099999,03684099999,EGLC,03772099999,03770099999,03693099999"
london,2025-03-27,14.8,6.5,10.2,14.8,5.6,9.7,6.5,78.3,0,0,0,,0,0,26.3,17.7,240.3,1020.5,48.8,21.9,123.5,10.6,6,,2025-03-27T05:46:49,2025-03-27T18:25:52,0.94,Partially cloudy,Partly cloudy throughout the day.,partly-cloudy-day,"03769099999,03768399999,03781099999,03672099999,03684099999,03768099999,03772099999,03693099999,03680099999,D5621,03761099999,EGLC,03770099999"
london,2025-03-28,14.6,8.6,11.4,14.6,7,10.8,3.8,62.6,0.198,100,4.17,rain,0,0,40.5,25.2,270,1013,61.5,38.5,65.9,5.7,5,,2025-03-28T05:44:33,2025-03-28T18:27:33,0.97,"Rain, Partially cloudy",Partly cloudy throughout the day with morning rain.,rain,"03769099999,EGWU,EGLL,03672099999,03768099999,03781099999,03772099999,03693099999,03680099999,D5621,03761099999,EGLC,03770099999"
london,2025-03-29,14.5,4.5,9.7,14.5,3.1,9,2.4,62.5,0,0,0,,0,0,35.8,25,248,1020.8,26.4,43,126.5,10.8,6,,2025-03-29T05:42:16,2025-03-29T18:29:14,0,Partially cloudy,Partly cloudy throughout the day.,partly-cloudy-day,"03769099999,03680099999,D5621,03781099999,03672099999,03772099999,03770099999"
london,2025-03-30,17.8,9.6,13.3,17.8,7.7,13.2,5.1,60.7,0,0,0,,0,0,40.8,26.5,301,1020.9,26.2,37.7,141,11.7,6,,2025-03-30T06:40:00,2025-03-30T19:30:55,0.04,Partially cloudy,Partly cloudy throughout the day.,partly-cloudy-day,"03769099999,03680099999,D5621,03781099999,03672099999,03772099999,03770099999"
london,2025-03-31,16.8,5.5,11.1,16.8,5.5,11,4,62.9,0,0,0,,0,0,22.4,14.8,77.9,1028.4,2.6,36.8,136.3,11.8,7,,2025-03-31T06:37:44,2025-03-31T19:32:35,0.07,Clear,Clear conditions throughout the day.,clear-day,"03769099999,03680099999,D5621,03781099999,03672099999,03684099999,03772099999,03770099999"
london,2025-04-01,14.5,6.8,10.1,14.5,4.9,9,3.8,67.1,0,0,0,,0,0,42.9,27.4,82.2,1025.8,16.4,30.6,126.8,10.9,7,,2025-04-01T06:35:28,2025-04-01T19:34:16,0.1,Clear,Clear conditions throughout the day.,clear-day,"03769099999,03680099999,D5621,03781099999,03672099999,03684099999,03768099999,03772099999,03770099999"
london,2025-04-02,16.6,7.5,11.6,16.6,5.2,10.8,3.9,60.7,0,0,0,,0,0,49.6,34.5,67.3,1021.6,0,30.2,140.3,12.1,7,,2025-04-02T06:33:12,2025-04-02T19:35:57,0.14,Clear,Clear conditions throughout the day.,clear-day,"03769099999,03680099999,D5621,03781099999,03672099999,03684099999,03772099999,03770099999"
london,2025-04-03,18.2,9.8,13.4,18.2,8.1,13.1,5.8,61.1,0,0,0,,0,0,39.8,24.3,77,1019.1,8.9,20.7,134.9,11.6,6,,2025-04-03T06:30:57,2025-04-03T19:37:37,0.17,Clear,Clear conditions throughout the day.,clear-day,"03769099999,03680099999,D5621,03781099999,03672099999,03684099999,03772099999,03770099999"
london,2025-04-04,21.8,10.6,15.2,21.8,10.6,15.2,5.9,56.6,0,0,0,,0,0,37.5,23.4,66.8,1018.8,15.3,17.8,132.1,11.2,6,,2025-04-04T06:28:42,2025-04-04T19:39:18,0.21,Clear,Clear conditions throughout the day.,clear-day,"03769099999,03680099999,D5621,03781099999,03672099999,03772099999,03770099999"
london,2025-04-05,18.3,6.1,11.7,18.3,3.2,10.4,2.2,55.4,0,0,0,,0,0,41.1,25.5,54.1,1020.1,0,35.8,147.4,12.9,7,,2025-04-05T06:26:27,2025-04-05T19:40:58,0.25,Clear,Clear conditions throughout the day.,clear-day,"03769099999,03680099999,D5621,03781099999,03672099999,03684099999,03772099999,03770099999"
london,2025-04-06,15.6,6.1,10,15.6,3.6,8.8,1.4,58.2,0,0,0,,0,0,36.5,22.9,61.1,1023.3,1.5,39.9,160.1,14,7,,2025-04-06T06:24:13,2025-04-06T19:42:39,0.27,Clear,Clear conditions throughout the day.,clear-day,"03769099999,03680099999,D5621,03781099999,03672099999,03684099999,03772099999,03770099999"
london,2025-04-07,15.6,5.5,9.7,15.6,3.9,8.8,1.4,59.4,0,0,0,,0,0,27.9,16.2,68.8,1026,6,38.2,155.3,13.5,7,,2025-04-07T06:21:59,2025-04-07T19:44:19,0.31,Clear,Clear conditions throughout the day.,clear-day,"03769099999,03680099999,D5621,03781099999,03672099999,03684099999,03772099999,03770099999"
london,2025-04-08,17,5.1,10.2,17,4.2,9.8,2.4,61.3,0,0,0,,0,0,24.8,15,65,1027.1,6.2,26.4,143.3,12.5,6,,2025-04-08T06:19:46,2025-04-08T19:46:00,0.34,Clear,Clear conditions throughout the day.,clear-day,"03769099999,03680099999,D5621,03781099999,03672099999,03772099999,03770099999"
london,2025-04-09,13.8,5,8.9,13.8,2.2,7.5,3.1,67.9,0,0,0,,0,0,32.8,19.4,47.4,1029,29.7,38.7,72.3,6.3,3,,2025-04-09T06:17:33,2025-04-09T19:47:40,0.38,Partially cloudy,Partly cloudy throughout the day.,partly-cloudy-day,"03769099999,03680099999,D5621,03781099999,03672099999,03684099999,03768099999,03772099999,03770099999"
london,2025-04-10,16.1,6.3,10.1,16.1,4.5,9.2,3.4,64.1,0,0,0,,0,0,20,12.5,51.8,1030.7,35.5,33.4,89,7.7,6,,2025-04-10T06:15:20,2025-04-10T19:49:20,0.41,Partially cloudy,Clearing in the afternoon.,partly-cloudy-day,"03769099999,03680099999,D5621,03781099999,03672099999,03684099999,03768099999,03772099999,03770099999"
london,2025-04-11,22.6,5.5,13.7,22.6,5.5,13.7,4.6,60.7,0,0,0,,0,0,21.1,11.6,206.3,1021.9,0,25.2,155.4,13.4,7,,2025-04-11T06:13:09,2025-04-11T19:51:01,0.45,Clear,Clear conditions throughout the day.,clear-day,"03769099999,03680099999,D5621,03672099999,03684099999,03768099999,03772099999,03770099999"
london,2025-04-12,21.4,8.5,15.2,21.4,7.7,15,5.9,57.2,0,0,0,,0,0,26.8,15.3,139.1,1007,23.7,28.4,152.2,13.3,6,,2025-04-12T06:10:58,2025-04-12T19:52:41,0.48,Partially cloudy,Partly cloudy throughout the day.,partly-cloudy-day,"03769099999,03680099999,D5621,03672099999,03684099999,03768099999,03781099999,03772099999,03770099999"
london,2025-04-13,16.3,10.6,13.2,16.3,10.6,13.2,7.3,68.2,0.201,100,16.67,rain,0,0,30.8,20.7,245.3,1003.4,76.6,32.3,132,11.4,7,,2025-04-13T06:08:47,2025-04-13T19:54:22,0.5,"Rain, Partially cloudy",Partly cloudy throughout the day with rain.,rain,"03769099999,03680099999,D5621,03781099999,03672099999,03772099999,03770099999"
london,2025-04-14,15.6,6.3,11.4,15.6,4.9,10.8,5.7,69.9,0,0,0,,0,0,32,20.7,177.3,1005,54.6,40.3,106.8,9.3,5,,2025-04-14T06:06:37,2025-04-14T19:56:02,0.55,Partially cloudy,Partly cloudy throughout the day.,partly-cloudy-day,"03769099999,03680099999,D5621,03781099999,03672099999,03684099999,03772099999,03770099999"
london,2025-04-15,15.8,10.1,12.4,15.8,10.1,12.4,9.7,84.1,6.771,100,45.83,rain,0,0,37.3,21.9,119.4,996.3,96.4,17.3,46.3,4.1,2,,2025-04-15T06:04:28,2025-04-15T19:57:42,0.58,"Rain, Overcast",Cloudy skies throughout the day with rain.,rain,"03769099999,03680099999,D5621,03781099999,03672099999,03684099999,03772099999,03770099999"
london,2025-04-16,15.3,9,11.4,15.3,5.5,10.2,3.2,58.3,0,0,0,,0,0,51.6,33.3,208.2,1003.8,49.2,41.7,166.9,14.5,9,,2025-04-16T06:02:20,2025-04-16T19:59:23,0.62,Partially cloudy,Partly cloudy throughout the day.,partly-cloudy-day,"03769099999,03680099999,D5621,03781099999,03684099999,03672099999,03772099999,03770099999"
london,2025-04-17,16.6,4.8,11.4,16.6,4.8,11.3,3.3,61.4,0,0,0,,0,0,25.5,16.5,186.6,1012.4,24,44.4,149,12.9,8,,2025-04-17T06:00:12,2025-04-17T20:01:03,0.65,Partially cloudy,Becoming cloudy in the afternoon.,partly-cloudy-day,"03769099999,03680099999,D5621,03781099999,03672099999,03684099999,03772099999,03770099999"
london,2025-04-18,17.3,9.6,13.4,17.3,8.6,13.4,5.1,58.1,0,0,0,,0,0,39.8,26,135.4,1010.5,79.9,40.4,140.6,12,7,,2025-04-18T05:58:05,2025-04-18T20:02:43,0.68,Partially cloudy,Partly cloudy throughout the day.,partly-cloudy-day,"03769099999,03680099999,D5621,03781099999,03672099999,03684099999,03772099999,03770099999"
london,2025-04-19,16.1,9.1,13,16.1,6.4,12.9,4.9,58.5,0.198,100,4.17,rain,0,0,45,28.7,81.9,1007.6,64.7,39.1,94.1,8.2,6,,2025-04-19T05:55:59,2025-04-19T20:04:23,0.72,"Rain, Partially cloudy",Partly cloudy throughout the day with early morning rain.,rain,"03769099999,03680099999,D5621,03781099999,03672099999,03772099999,03770099999"
london,2025-04-20,13.8,6.5,9.8,13.8,3.4,8.5,5,72.2,0,0,0,,0,0,30.8,19.8,66.8,1007.6,86,32.2,89.3,7.7,4,,2025-04-20T05:53:54,2025-04-20T20:06:04,0.75,Partially cloudy,Partly cloudy throughout the day.,partly-cloudy-day,"03769099999,03680099999,D5621,03781099999,03672099999,03772099999,03770099999"
london,2025-04-21,15.8,9.8,12,15.8,9.8,12,8.4,79.1,1.785,100,12.5,rain,0,0,29.1,20.3,247.4,1009.7,83.1,20.4,84.9,7.4,4,,2025-04-21T05:51:50,2025-04-21T20:07:44,0.75,"Rain, Partially cloudy",Partly cloudy throughout the day with rain in the morning and afternoon.,rain,"03769099999,03680099999,D5621,03781099999,03672099999,03684099999,03772099999,03770099999"
london,2025-04-22,17.6,6.8,11.9,17.6,6.2,11.6,5.5,67.7,0,0,0,,0,0,30.5,21.3,230,1016.2,35.6,37.3,120,10.2,5,,2025-04-22T05:49:46,2025-04-22T20:09:24,0.82,Partially cloudy,Becoming cloudy in the afternoon.,partly-cloudy-day,"03769099999,03680099999,D5621,03781099999,03672099999,03684099999,03772099999,03770099999"
london,2025-04-23,11.9,8.5,10.4,11.9,5.4,9.3,7.1,80.6,9.358,100,29.17,rain,0,0,36.4,22.1,95.1,1012.9,97.8,34.3,57,5,3,,2025-04-23T05:47:44,2025-04-23T20:11:03,0.85,"Rain, Overcast",Cloudy skies throughout the day with rain clearing later.,rain,"03769099999,03680099999,D5621,03781099999,03672099999,03772099999,03770099999"
london,2025-04-24,16,9.6,12.1,16,8.2,11.9,6.2,68.3,0,0,0,,0,0,22.6,14.2,25.7,1021.8,67.7,26.4,87.7,7.7,5,,2025-04-24T05:45:43,2025-04-24T20:12:43,0.89,Partially cloudy,Partly cloudy throughout the day.,partly-cloudy-day,"03769099999,03680099999,D5621,03781099999,03672099999,03772099999,03770099999"
london,2025-04-25,15.8,7.6,11.2,15.8,7.4,11,6.2,72.1,0,0,0,,0,0,22.7,14.9,87.1,1022.8,38.5,25.6,143.2,12.5,8,,2025-04-25T05:43:43,2025-04-25T20:14:23,0.92,Partially cloudy,Partly cloudy throughout the day.,partly-cloudy-day,"03769099999,03680099999,D5621,03781099999,03672099999,03684099999,03772099999,03770099999"
london,2025-04-26,18.6,9.1,13,18.6,7.9,12.6,7.5,71.2,0,0,0,,0,0,21.3,12.9,83.2,1022.7,50.7,18.6,114.6,9.7,6,,2025-04-26T05:41:43,2025-04-26T20:16:02,0.95,Partially cloudy,Partly cloudy throughout the day.,partly-cloudy-day,"03769099999,03680099999,D5621,03781099999,03672099999,03684099999,03772099999,03770099999"
london,2025-04-27,21.6,7,14.4,21.6,7,14.4,7.7,68.3,0,0,0,,0,0,17.6,11,241.5,1025.8,16.1,21.5,159.9,13.7,7,,2025-04-27T05:39:46,2025-04-27T20:17:41,0,Clear,Clear conditions throughout the day.,clear-day,"03769099999,03680099999,D5621,03781099999,03672099999,03684099999,03772099999,03770099999"
london,2025-04-28,24.3,8.8,16.4,24.3,8.8,16.4,7.6,59.6,0,0,0,,0,0,24.3,16.9,129.5,1026.6,5.8,28.2,146.3,12.6,8,,2025-04-28T05:37:49,2025-04-28T20:19:20,0.02,Clear,Clear conditions throughout the day.,clear-day,"03769099999,EGWU,03680099999,EGLL,D5621,03781099999,03672099999,03684099999,EGLC,03772099999,03770099999"
london,2025-04-29,24.1,9.3,16.9,24.1,9,16.9,7.1,54.7,0,0,0,,0,0,28,16,83.1,1025.8,0,27.2,149.2,12.7,8,,2025-04-29T05:35:53,2025-04-29T20:20:59,0.06,Clear,Clear conditions throughout the day.,clear-day,"03769099999,03680099999,D5621,03781099999,03672099999,03772099999,03770099999"
london,2025-04-30,27.6,9.1,17.9,26.8,9.1,17.8,8.6,59.6,0,0,0,,0,0,24.3,16.5,79.7,1022.4,0,22.4,155.9,13.5,8,,2025-04-30T05:33:59,2025-04-30T20:22:38,0.09,Clear,Clear conditions throughout the day.,clear-day,"03769099999,03680099999,D5621,03781099999,03672099999,03768099999,EGLC,03772099999,03770099999"
