Statistic,Value
count,765.0
mean,212.2326797385621
std,307.2985838094037
min,1.0
25%,121.0
50%,187.0
75%,264.0
max,7678.0
