ward_id,year_month,predicted_density
E05009288,2024-08,10.426236
E05009288,2024-09,7.443743
E05009288,2024-10,8.174481
E05009288,2024-11,10.03163
E05009288,2024-12,12.623185
E05009288,2025-01,11.235572
E05009288,2025-02,10.07577
E05009305,2024-08,10.672593
E05009305,2024-09,10.053445
E05009305,2024-10,10.760174
E05009305,2024-11,11.385686
E05009305,2024-12,11.353114
E05009305,2025-01,12.136548
E05009305,2025-02,12.716705
E05009308,2024-08,31.179836
E05009308,2024-09,33.307236
E05009308,2024-10,45.12296
E05009308,2024-11,29.554234
E05009308,2024-12,28.366253
E05009308,2025-01,36.901005
E05009308,2025-02,42.407745
E05009317,2024-08,9.953423
E05009317,2024-09,9.822747
E05009317,2024-10,9.586789
E05009317,2024-11,9.757482
E05009317,2024-12,10.050347
E05009317,2025-01,10.573785
E05009317,2025-02,11.007972
E05009318,2024-08,4.0996413
E05009318,2024-09,3.9736612
E05009318,2024-10,4.7345147
E05009318,2024-11,5.0880923
E05009318,2024-12,4.806484
E05009318,2025-01,5.340652
E05009318,2025-02,4.7872815
E05009319,2024-08,8.352259
E05009319,2024-09,7.8795686
E05009319,2024-10,7.193125
E05009319,2024-11,7.835568
E05009319,2024-12,7.2184396
E05009319,2025-01,7.3713813
E05009319,2025-02,6.989635
E05009320,2024-08,5.4000673
E05009320,2024-09,5.363104
E05009320,2024-10,5.318116
E05009320,2024-11,6.4190474
E05009320,2024-12,6.188849
E05009320,2025-01,5.787062
E05009320,2025-02,5.1859703
E05009321,2024-08,9.258734
E05009321,2024-09,11.276213
E05009321,2024-10,10.891816
E05009321,2024-11,11.589196
E05009321,2024-12,11.402747
E05009321,2025-01,12.3119335
E05009321,2025-02,11.480739
E05009322,2024-08,10.085572
E05009322,2024-09,9.818395
E05009322,2024-10,10.0265875
E05009322,2024-11,9.948894
E05009322,2024-12,10.800004
E05009322,2025-01,11.136632
E05009322,2025-02,10.350288
E05009323,2024-08,5.7138133
E05009323,2024-09,5.8315234
E05009323,2024-10,6.004325
E05009323,2024-11,6.559717
E05009323,2024-12,6.628133
E05009323,2025-01,6.6719837
E05009323,2025-02,6.5857954
E05009324,2024-08,3.5385592
E05009324,2024-09,3.3665977
E05009324,2024-10,3.2370462
E05009324,2024-11,3.3477547
E05009324,2024-12,4.2585616
E05009324,2025-01,4.571961
E05009324,2025-02,4.17002
E05009325,2024-08,10.15814
E05009325,2024-09,10.530385
E05009325,2024-10,9.023282
E05009325,2024-11,9.099914
E05009325,2024-12,9.6462145
E05009325,2025-01,10.588102
E05009325,2025-02,10.035309
E05009326,2024-08,10.547413
E05009326,2024-09,10.555286
E05009326,2024-10,9.523619
E05009326,2024-11,10.885797
E05009326,2024-12,11.578643
E05009326,2025-01,12.455443
E05009326,2025-02,12.10944
E05009327,2024-08,10.201523
E05009327,2024-09,9.814082
E05009327,2024-10,9.454524
E05009327,2024-11,9.646907
E05009327,2024-12,10.437844
E05009327,2025-01,11.027634
E05009327,2025-02,10.306862
E05009328,2024-08,3.585664
E05009328,2024-09,3.3356764
E05009328,2024-10,2.9735866
E05009328,2024-11,3.1490564
E05009328,2024-12,2.8986423
E05009328,2025-01,2.8228865
E05009328,2025-02,3.3830256
E05009329,2024-08,7.997785
E05009329,2024-09,7.890573
E05009329,2024-10,8.140822
E05009329,2024-11,9.097872
E05009329,2024-12,9.024022
E05009329,2025-01,9.571964
E05009329,2025-02,9.266519
E05009330,2024-08,6.369107
E05009330,2024-09,6.8527856
E05009330,2024-10,6.3797135
E05009330,2024-11,6.5718746
E05009330,2024-12,6.611784
E05009330,2025-01,6.8880177
E05009330,2025-02,6.827226
E05009331,2024-08,14.126681
E05009331,2024-09,14.883711
E05009331,2024-10,13.927598
E05009331,2024-11,13.103922
E05009331,2024-12,14.083523
E05009331,2025-01,13.817601
E05009331,2025-02,14.671606
E05009332,2024-08,10.071432
E05009332,2024-09,8.316693
E05009332,2024-10,8.072367
E05009332,2024-11,8.227685
E05009332,2024-12,8.402008
E05009332,2025-01,9.330032
E05009332,2025-02,8.686435
E05009333,2024-08,11.73546
E05009333,2024-09,11.567724
E05009333,2024-10,11.935684
E05009333,2024-11,11.618367
E05009333,2024-12,12.589745
E05009333,2025-01,14.059517
E05009333,2025-02,13.056405
E05009334,2024-08,8.302526
E05009334,2024-09,7.1451726
E05009334,2024-10,8.049893
E05009334,2024-11,8.074903
E05009334,2024-12,7.9169345
E05009334,2025-01,8.19665
E05009334,2025-02,8.366533
E05009335,2024-08,18.26846
E05009335,2024-09,19.77727
E05009335,2024-10,21.886667
E05009335,2024-11,20.655554
E05009335,2024-12,21.532654
E05009335,2025-01,25.866335
E05009335,2025-02,26.4897
E05009336,2024-08,12.631496
E05009336,2024-09,12.903926
E05009336,2024-10,12.311968
E05009336,2024-11,12.190516
E05009336,2024-12,14.690251
E05009336,2025-01,14.877594
E05009336,2025-02,14.062687
E05009367,2024-08,9.234582
E05009367,2024-09,10.480375
E05009367,2024-10,10.151829
E05009367,2024-11,9.950895
E05009367,2024-12,9.673969
E05009367,2025-01,8.773389
E05009367,2025-02,8.210203
E05009368,2024-08,5.830314
E05009368,2024-09,6.4660788
E05009368,2024-10,7.2251806
E05009368,2024-11,6.3588443
E05009368,2024-12,6.0632205
E05009368,2025-01,6.494056
E05009368,2025-02,6.3246307
E05009369,2024-08,6.953731
E05009369,2024-09,7.242463
E05009369,2024-10,6.775273
E05009369,2024-11,7.391395
E05009369,2024-12,7.667034
E05009369,2025-01,7.3821898
E05009369,2025-02,7.2184396
E05009370,2024-08,12.804351
E05009370,2024-09,13.857667
E05009370,2024-10,11.236282
E05009370,2024-11,17.661623
E05009370,2024-12,19.084356
E05009370,2025-01,19.43123
E05009370,2025-02,16.273853
E05009371,2024-08,11.227669
E05009371,2024-09,11.380368
E05009371,2024-10,10.944133
E05009371,2024-11,11.486705
E05009371,2024-12,11.744622
E05009371,2025-01,11.99039
E05009371,2025-02,11.697098
E05009372,2024-08,12.28468
E05009372,2024-09,12.026517
E05009372,2024-10,11.528726
E05009372,2024-11,12.013665
E05009372,2024-12,11.478061
E05009372,2025-01,12.164107
E05009372,2025-02,11.310369
E05009373,2024-08,9.35818
E05009373,2024-09,8.751305
E05009373,2024-10,8.7455015
E05009373,2024-11,9.156302
E05009373,2024-12,9.221053
E05009373,2025-01,8.85198
E05009373,2025-02,8.454298
E05009374,2024-08,5.182295
E05009374,2024-09,4.871609
E05009374,2024-10,5.2752132
E05009374,2024-11,5.9755387
E05009374,2024-12,6.2342377
E05009374,2025-01,6.2048554
E05009374,2025-02,5.1746078
E05009375,2024-08,8.727452
E05009375,2024-09,8.780465
E05009375,2024-10,8.772753
E05009375,2024-11,8.916194
E05009375,2024-12,8.604901
E05009375,2025-01,9.100532
E05009375,2025-02,9.184209
E05009376,2024-08,12.25167
E05009376,2024-09,12.509358
E05009376,2024-10,11.212729
E05009376,2024-11,11.266038
E05009376,2024-12,12.066956
E05009376,2025-01,12.185551
E05009376,2025-02,11.558753
E05009377,2024-08,13.6401415
E05009377,2024-09,12.55614
E05009377,2024-10,13.311249
E05009377,2024-11,13.339875
E05009377,2024-12,13.64185
E05009377,2025-01,13.407309
E05009377,2025-02,13.703526
E05009378,2024-08,15.058878
E05009378,2024-09,13.548146
E05009378,2024-10,16.138882
E05009378,2024-11,18.560484
E05009378,2024-12,19.557827
E05009378,2025-01,21.339746
E05009378,2025-02,17.61595
E05009379,2024-08,2.6663814
E05009379,2024-09,2.7971487
E05009379,2024-10,3.5343103
E05009379,2024-11,3.5852916
E05009379,2024-12,3.593135
E05009379,2025-01,3.0951838
E05009379,2025-02,3.0284686
E05009380,2024-08,10.126936
E05009380,2024-09,9.5991
E05009380,2024-10,9.328823
E05009380,2024-11,9.733909
E05009380,2024-12,9.718776
E05009380,2025-01,9.508623
E05009380,2025-02,9.209617
E05009381,2024-08,11.442256
E05009381,2024-09,11.237559
E05009381,2024-10,10.907539
E05009381,2024-11,11.078232
E05009381,2024-12,11.293224
E05009381,2025-01,11.718635
E05009381,2025-02,11.11328
E05009382,2024-08,10.883925
E05009382,2024-09,10.872155
E05009382,2024-10,10.465446
E05009382,2024-11,12.247983
E05009382,2024-12,11.815283
E05009382,2025-01,11.662075
E05009382,2025-02,11.502018
E05009383,2024-08,4.687672
E05009383,2024-09,6.207596
E05009383,2024-10,6.3204865
E05009383,2024-11,5.8636956
E05009383,2024-12,5.4865522
E05009383,2025-01,6.0580764
E05009383,2025-02,5.8282084
E05009384,2024-08,2.881951
E05009384,2024-09,2.7753756
E05009384,2024-10,2.892031
E05009384,2024-11,2.7562838
E05009384,2024-12,3.032971
E05009384,2025-01,2.7879148
E05009384,2025-02,3.5212343
E05009385,2024-08,6.145347
E05009385,2024-09,6.598017
E05009385,2024-10,5.9107447
E05009385,2024-11,7.0126386
E05009385,2024-12,6.7945123
E05009385,2025-01,6.3464165
E05009385,2025-02,6.564905
E05009386,2024-08,9.051094
E05009386,2024-09,9.57828
E05009386,2024-10,9.197392
E05009386,2024-11,9.513015
E05009386,2024-12,10.254224
E05009386,2025-01,10.700751
E05009386,2025-02,9.951179
E05009387,2024-08,6.00773
E05009387,2024-09,6.8376083
E05009387,2024-10,6.095812
E05009387,2024-11,6.057933
E05009387,2024-12,6.499856
E05009387,2025-01,7.183004
E05009387,2025-02,7.3024535
E05009388,2024-08,7.463944
E05009388,2024-09,6.7377977
E05009388,2024-10,7.5966134
E05009388,2024-11,7.5784035
E05009388,2024-12,7.950371
E05009388,2025-01,7.0800037
E05009388,2025-02,6.82949
E05009389,2024-08,8.778315
E05009389,2024-09,7.9703164
E05009389,2024-10,8.471367
E05009389,2024-11,8.959214
E05009389,2024-12,8.797143
E05009389,2025-01,9.010266
E05009389,2025-02,9.010067
E05009390,2024-08,7.3396864
E05009390,2024-09,7.0472865
E05009390,2024-10,7.0346603
E05009390,2024-11,7.422237
E05009390,2024-12,7.42345
E05009390,2025-01,7.4783964
E05009390,2025-02,6.9971523
E05009391,2024-08,7.8711367
E05009391,2024-09,6.8154755
E05009391,2024-10,7.1414924
E05009391,2024-11,6.797771
E05009391,2024-12,7.0898304
E05009391,2025-01,6.1844535
E05009391,2025-02,6.7788873
E05009392,2024-08,17.180296
E05009392,2024-09,17.537645
E05009392,2024-10,18.319801
E05009392,2024-11,16.425154
E05009392,2024-12,16.75765
E05009392,2025-01,19.30906
E05009392,2025-02,17.662468
E05009393,2024-08,11.748616
E05009393,2024-09,11.384247
E05009393,2024-10,11.208908
E05009393,2024-11,11.409535
E05009393,2024-12,11.649234
E05009393,2025-01,11.923691
E05009393,2025-02,11.597514
E05009394,2024-08,3.2029748
E05009394,2024-09,3.7461958
E05009394,2024-10,4.2147346
E05009394,2024-11,4.6530023
E05009394,2024-12,4.7645125
E05009394,2025-01,4.5287757
E05009394,2025-02,4.404847
E05009395,2024-08,17.99962
E05009395,2024-09,19.90173
E05009395,2024-10,17.964869
E05009395,2024-11,18.515358
E05009395,2024-12,20.473928
E05009395,2025-01,21.353254
E05009395,2025-02,23.538597
E05009396,2024-08,12.205294
E05009396,2024-09,13.05669
E05009396,2024-10,12.12972
E05009396,2024-11,12.347404
E05009396,2024-12,12.587102
E05009396,2025-01,12.974937
E05009396,2025-02,12.683091
E05009397,2024-08,5.3482323
E05009397,2024-09,6.023081
E05009397,2024-10,6.1477222
E05009397,2024-11,6.6336093
E05009397,2024-12,5.948619
E05009397,2025-01,5.7125716
E05009397,2025-02,6.0683465
E05009398,2024-08,9.974056
E05009398,2024-09,10.026262
E05009398,2024-10,9.881558
E05009398,2024-11,10.519345
E05009398,2024-12,10.553956
E05009398,2025-01,12.915194
E05009398,2025-02,11.339128
E05009399,2024-08,6.4726553
E05009399,2024-09,6.302132
E05009399,2024-10,6.403212
E05009399,2024-11,6.611784
E05009399,2024-12,6.2722716
E05009399,2025-01,6.214395
E05009399,2025-02,6.626927
E05009400,2024-08,12.33312
E05009400,2024-09,12.413769
E05009400,2024-10,12.59218
E05009400,2024-11,12.890991
E05009400,2024-12,13.025878
E05009400,2025-01,13.596194
E05009400,2025-02,14.329126
E05009401,2024-08,9.222078
E05009401,2024-09,8.504977
E05009401,2024-10,9.440524
E05009401,2024-11,8.492602
E05009401,2024-12,8.632978
E05009401,2025-01,9.371936
E05009401,2025-02,9.509338
E05009402,2024-08,11.707462
E05009402,2024-09,10.70548
E05009402,2024-10,11.296751
E05009402,2024-11,10.947057
E05009402,2024-12,11.813462
E05009402,2025-01,12.03056
E05009402,2025-02,11.924945
E05009403,2024-08,5.47399
E05009403,2024-09,5.493356
E05009403,2024-10,5.524431
E05009403,2024-11,5.2961597
E05009403,2024-12,5.4549212
E05009403,2025-01,5.4928
E05009403,2025-02,5.43162
E05009404,2024-08,9.30677
E05009404,2024-09,8.978889
E05009404,2024-10,8.912946
E05009404,2024-11,9.480678
E05009404,2024-12,8.531463
E05009404,2025-01,8.017354
E05009404,2025-02,9.26929
E05009405,2024-08,11.606702
E05009405,2024-09,11.381669
E05009405,2024-10,9.325007
E05009405,2024-11,9.775661
E05009405,2024-12,10.414044
E05009405,2025-01,10.548073
E05009405,2025-02,10.183291
E05011095,2024-08,14.366783
E05011095,2024-09,13.327677
E05011095,2024-10,12.164509
E05011095,2024-11,13.274867
E05011095,2024-12,14.325552
E05011095,2025-01,13.63116
E05011095,2025-02,12.684504
E05011096,2024-08,6.420803
E05011096,2024-09,6.420803
E05011096,2024-10,7.223563
E05011096,2024-11,7.3052764
E05011096,2024-12,7.17301
E05011096,2025-01,7.6573586
E05011096,2025-02,7.554454
E05011097,2024-08,1.8780912
E05011097,2024-09,1.991348
E05011097,2024-10,1.921702
E05011097,2024-11,1.921702
E05011097,2024-12,2.1552913
E05011097,2025-01,2.3031013
E05011097,2025-02,2.0831244
E05011098,2024-08,15.74926
E05011098,2024-09,16.17143
E05011098,2024-10,14.75697
E05011098,2024-11,14.896594
E05011098,2024-12,20.5939
E05011098,2025-01,21.196222
E05011098,2025-02,19.887218
E05011099,2024-08,2.925003
E05011099,2024-09,2.826106
E05011099,2024-10,2.9983678
E05011099,2024-11,3.1594055
E05011099,2024-12,3.2865248
E05011099,2025-01,2.9355557
E05011099,2025-02,2.790663
E05011100,2024-08,1.9854988
E05011100,2024-09,2.0720198
E05011100,2024-10,2.3754008
E05011100,2024-11,2.5295222
E05011100,2024-12,2.5445213
E05011100,2025-01,2.4569275
E05011100,2025-02,2.3028061
E05011101,2024-08,1.389186
E05011101,2024-09,1.4032986
E05011101,2024-10,1.5365444
E05011101,2024-11,1.5365444
E05011101,2024-12,1.6645049
E05011101,2025-01,1.8304185
E05011101,2025-02,1.8304185
E05011102,2024-08,9.862585
E05011102,2024-09,9.114478
E05011102,2024-10,9.335623
E05011102,2024-11,9.38289
E05011102,2024-12,9.591132
E05011102,2025-01,10.035168
E05011102,2025-02,9.844312
E05011103,2024-08,4.9001513
E05011103,2024-09,4.8969383
E05011103,2024-10,4.6388574
E05011103,2024-11,4.299781
E05011103,2024-12,4.0005774
E05011103,2025-01,4.0134115
E05011103,2025-02,4.506574
E05011104,2024-08,11.824862
E05011104,2024-09,11.072579
E05011104,2024-10,10.924491
E05011104,2024-11,12.552396
E05011104,2024-12,12.6059675
E05011104,2025-01,13.299666
E05011104,2025-02,12.525894
E05011105,2024-08,9.535265
E05011105,2024-09,8.990094
E05011105,2024-10,8.950215
E05011105,2024-11,9.324561
E05011105,2024-12,9.193652
E05011105,2025-01,9.651085
E05011105,2025-02,10.313043
E05011106,2024-08,11.66211
E05011106,2024-09,11.413531
E05011106,2024-10,11.401199
E05011106,2024-11,11.456473
E05011106,2024-12,11.937322
E05011106,2025-01,12.261241
E05011106,2025-02,11.904271
E05011107,2024-08,9.478897
E05011107,2024-09,9.8098135
E05011107,2024-10,10.55328
E05011107,2024-11,10.485026
E05011107,2024-12,10.5567465
E05011107,2025-01,10.832227
E05011107,2025-02,10.868222
E05011108,2024-08,5.252926
E05011108,2024-09,4.7313147
E05011108,2024-10,5.4128227
E05011108,2024-11,4.992038
E05011108,2024-12,5.842508
E05011108,2025-01,5.5670424
E05011108,2025-02,5.811958
E05011109,2024-08,3.474879
E05011109,2024-09,3.6404161
E05011109,2024-10,4.1905236
E05011109,2024-11,4.24629
E05011109,2024-12,4.075573
E05011109,2025-01,4.7381167
E05011109,2025-02,4.2974043
E05011110,2024-08,8.965118
E05011110,2024-09,8.547471
E05011110,2024-10,9.746223
E05011110,2024-11,10.008054
E05011110,2024-12,8.7210245
E05011110,2025-01,9.968901
E05011110,2025-02,9.696472
E05011111,2024-08,1.6251268
E05011111,2024-09,1.8109198
E05011111,2024-10,1.8823155
E05011111,2024-11,1.8941075
E05011111,2024-12,2.0590668
E05011111,2025-01,1.9517622
E05011111,2025-02,1.8762671
E05011112,2024-08,4.435712
E05011112,2024-09,4.133508
E05011112,2024-10,4.5152035
E05011112,2024-11,5.00941
E05011112,2024-12,4.4792056
E05011112,2025-01,4.2666955
E05011112,2025-02,3.873075
E05011113,2024-08,11.748616
E05011113,2024-09,11.1495905
E05011113,2024-10,10.440533
E05011113,2024-11,10.327982
E05011113,2024-12,10.472314
E05011113,2025-01,11.278778
E05011113,2025-02,10.517867
E05011114,2024-08,8.549097
E05011114,2024-09,7.436932
E05011114,2024-10,8.035361
E05011114,2024-11,9.435631
E05011114,2024-12,9.604103
E05011114,2025-01,9.3987875
E05011114,2025-02,9.238755
E05011115,2024-08,6.7368755
E05011115,2024-09,5.411967
E05011115,2024-10,5.7023983
E05011115,2024-11,5.4549623
E05011115,2024-12,5.352545
E05011115,2025-01,5.589186
E05011115,2025-02,6.0992427
E05011116,2024-08,11.057203
E05011116,2024-09,10.861245
E05011116,2024-10,10.60268
E05011116,2024-11,10.00775
E05011116,2024-12,10.7961445
E05011116,2025-01,10.768109
E05011116,2025-02,10.732044
E05011117,2024-08,5.4301043
E05011117,2024-09,5.2195363
E05011117,2024-10,5.1945486
E05011117,2024-11,5.4354067
E05011117,2024-12,5.191862
E05011117,2025-01,5.0480824
E05011117,2025-02,5.266571
E05011217,2024-08,0.76177514
E05011217,2024-09,0.82853824
E05011217,2024-10,0.8451976
E05011217,2024-11,0.8451976
E05011217,2024-12,0.8451976
E05011217,2025-01,0.8451976
E05011217,2025-02,0.8451976
E05011218,2024-08,1.1737831
E05011218,2024-09,1.2633907
E05011218,2024-10,1.2114815
E05011218,2024-11,1.2114815
E05011218,2024-12,1.2114815
E05011218,2025-01,1.1593415
E05011218,2025-02,1.2114815
E05011219,2024-08,1.0332972
E05011219,2024-09,1.1000603
E05011219,2024-10,1.048151
E05011219,2024-11,1.1167197
E05011219,2024-12,1.048151
E05011219,2025-01,1.048151
E05011219,2025-02,1.048151
E05011220,2024-08,0.66859
E05011220,2024-09,0.7353533
E05011220,2024-10,0.75201267
E05011220,2024-11,0.75201267
E05011220,2024-12,0.8098763
E05011220,2025-01,0.9864743
E05011220,2025-02,0.87353194
E05011221,2024-08,0.76177514
E05011221,2024-09,0.82853824
E05011221,2024-10,0.8451976
E05011221,2024-11,0.8451976
E05011221,2024-12,0.8977175
E05011221,2025-01,0.8981482
E05011221,2025-02,1.0991348
E05011222,2024-08,0.7082793
E05011222,2024-09,0.77504265
E05011222,2024-10,0.83286047
E05011222,2024-11,0.83286047
E05011222,2024-12,0.84422183
E05011222,2025-01,0.83286047
E05011222,2025-02,0.79170203
E05011223,2024-08,1.3319882
E05011223,2024-09,1.430517
E05011223,2024-10,1.4471763
E05011223,2024-11,1.5882567
E05011223,2024-12,1.6478865
E05011223,2025-01,1.6596786
E05011223,2025-02,1.6947219
E05011224,2024-08,1.4130806
E05011224,2024-09,1.3717015
E05011224,2024-10,1.319792
E05011224,2024-11,1.3883609
E05011224,2024-12,1.4491634
E05011224,2025-01,1.4001529
E05011224,2025-02,1.4804308
E05011225,2024-08,2.1327934
E05011225,2024-09,2.272502
E05011225,2024-10,2.3438978
E05011225,2024-11,2.5177302
E05011225,2024-12,2.4248135
E05011225,2025-01,2.2296004
E05011225,2025-02,2.2296004
E05011226,2024-08,1.1052144
E05011226,2024-09,1.1426821
E05011226,2024-10,1.1593415
E05011226,2024-11,1.1593415
E05011226,2024-12,1.4789944
E05011226,2025-01,1.3721201
E05011226,2025-02,1.4925526
E05011227,2024-08,1.006906
E05011227,2024-09,1.0325108
E05011227,2024-10,1.0491701
E05011227,2024-11,1.1314201
E05011227,2024-12,1.2634901
E05011227,2025-01,1.3639098
E05011227,2025-02,1.3031073
E05011228,2024-08,1.4866501
E05011228,2024-09,1.5960747
E05011228,2024-10,1.6431171
E05011228,2024-11,1.6842086
E05011228,2024-12,1.7233952
E05011228,2025-01,1.7233952
E05011228,2025-02,1.7233952
E05011229,2024-08,0.6087623
E05011229,2024-09,0.64297426
E05011229,2024-10,0.65963364
E05011229,2024-11,0.65963364
E05011229,2024-12,0.670995
E05011229,2025-01,0.65963364
E05011229,2025-02,0.65963364
E05011230,2024-08,0.8906257
E05011230,2024-09,1.1192565
E05011230,2024-10,1.0673472
E05011230,2024-11,1.1359159
E05011230,2024-12,1.1472772
E05011230,2025-01,1.2161937
E05011230,2025-02,1.2161937
E05011231,2024-08,1.1276147
E05011231,2024-09,1.3707349
E05011231,2024-10,1.2110372
E05011231,2024-11,1.4117477
E05011231,2024-12,1.2110372
E05011231,2025-01,1.3920367
E05011231,2025-02,1.3509451
E05011232,2024-08,1.313691
E05011232,2024-09,1.4032986
E05011232,2024-10,1.4610496
E05011232,2024-11,1.3603281
E05011232,2024-12,1.28005
E05011232,2025-01,1.28005
E05011232,2025-02,1.28005
E05011233,2024-08,1.1924012
E05011233,2024-09,1.2591642
E05011233,2024-10,1.2758236
E05011233,2024-11,1.2758236
E05011233,2024-12,1.3169152
E05011233,2025-01,1.2758236
E05011233,2025-02,1.2758236
E05011234,2024-08,0.6983871
E05011234,2024-09,0.79610026
E05011234,2024-10,0.7606198
E05011234,2024-11,0.7606198
E05011234,2024-12,0.7606198
E05011234,2025-01,0.7606198
E05011234,2025-02,0.81275964
E05011235,2024-08,1.9070624
E05011235,2024-09,2.4990218
E05011235,2024-10,2.4964201
E05011235,2024-11,2.4964201
E05011235,2024-12,2.6602385
E05011235,2025-01,2.4731464
E05011235,2025-02,2.4731464
E05011236,2024-08,0.8701463
E05011236,2024-09,0.93690956
E05011236,2024-10,0.95356894
E05011236,2024-11,0.8850002
E05011236,2024-12,0.95356894
E05011236,2025-01,0.95356894
E05011236,2025-02,0.95356894
E05011237,2024-08,3.1815662
E05011237,2024-09,2.7925954
E05011237,2024-10,3.0392091
E05011237,2024-11,3.0151074
E05011237,2024-12,3.3932636
E05011237,2025-01,3.4173653
E05011237,2025-02,3.3826551
E05011238,2024-08,3.585664
E05011238,2024-09,3.9423454
E05011238,2024-10,3.7831392
E05011238,2024-11,3.7452605
E05011238,2024-12,3.5807455
E05011238,2025-01,3.2159774
E05011238,2025-02,3.2370462
E05011239,2024-08,1.1276147
E05011239,2024-09,1.1371706
E05011239,2024-10,1.1424686
E05011239,2024-11,1.1424686
E05011239,2024-12,1.3183421
E05011239,2025-01,1.45825
E05011239,2025-02,1.3627372
E05011240,2024-08,5.443997
E05011240,2024-09,5.372893
E05011240,2024-10,5.0884285
E05011240,2024-11,5.0203094
E05011240,2024-12,5.161029
E05011240,2025-01,5.0865226
E05011240,2025-02,5.5561585
E05011241,2024-08,3.385177
E05011241,2024-09,3.2146263
E05011241,2024-10,3.4125996
E05011241,2024-11,3.177004
E05011241,2024-12,2.8425114
E05011241,2025-01,2.9077525
E05011241,2025-02,2.7322829
E05011242,2024-08,1.1113055
E05011242,2024-09,1.2211956
E05011242,2024-10,1.2264936
E05011242,2024-11,1.2264936
E05011242,2024-12,1.2790134
E05011242,2025-01,1.267652
E05011242,2025-02,1.267652
E05011243,2024-08,1.4718959
E05011243,2024-09,1.7405655
E05011243,2024-10,1.7387139
E05011243,2024-11,1.6743711
E05011243,2024-12,1.6221273
E05011243,2025-01,1.6281755
E05011243,2025-02,1.5870839
E05011244,2024-08,3.4067519
E05011244,2024-09,3.4295597
E05011244,2024-10,3.4654224
E05011244,2024-11,3.7557142
E05011244,2024-12,3.5033011
E05011244,2025-01,3.4353604
E05011244,2025-02,3.035476
E05011245,2024-08,0.74007374
E05011245,2024-09,0.91149646
E05011245,2024-10,0.9167945
E05011245,2024-11,1.0382471
E05011245,2024-12,0.9967248
E05011245,2025-01,0.98536325
E05011245,2025-02,1.0656414
E05011246,2024-08,5.5425105
E05011246,2024-09,5.5845437
E05011246,2024-10,5.7221065
E05011246,2024-11,5.407689
E05011246,2024-12,5.764675
E05011246,2025-01,5.3879313
E05011246,2025-02,5.177638
E05011247,2024-08,6.153734
E05011247,2024-09,5.340325
E05011247,2024-10,6.10348
E05011247,2024-11,5.9752717
E05011247,2024-12,5.3753214
E05011247,2025-01,5.3576546
E05011247,2025-02,5.100475
E05011248,2024-08,1.8337283
E05011248,2024-09,2.396538
E05011248,2024-10,2.4137702
E05011248,2024-11,2.4511857
E05011248,2024-12,2.4137702
E05011248,2025-01,2.4137702
E05011248,2025-02,2.5143383
E05011249,2024-08,0.8701463
E05011249,2024-09,0.93690956
E05011249,2024-10,1.0749387
E05011249,2024-11,1.093477
E05011249,2024-12,1.093477
E05011249,2025-01,1.1810709
E05011249,2025-02,1.1345686
E05011250,2024-08,1.733499
E05011250,2024-09,1.8433893
E05011250,2024-10,1.8235995
E05011250,2024-11,1.8661343
E05011250,2024-12,1.8661343
E05011250,2025-01,1.6037636
E05011250,2025-02,1.8186877
E05011251,2024-08,3.1781082
E05011251,2024-09,3.404229
E05011251,2024-10,3.2139425
E05011251,2024-11,2.99341
E05011251,2024-12,3.64907
E05011251,2025-01,3.2107296
E05011251,2025-02,3.3034096
E05011252,2024-08,2.0393603
E05011252,2024-09,2.217645
E05011252,2024-10,2.2168767
E05011252,2024-11,2.2776794
E05011252,2024-12,2.2776794
E05011252,2025-01,2.2168767
E05011252,2025-02,2.2168767
E05011253,2024-08,2.4456537
E05011253,2024-09,2.5113301
E05011253,2024-10,2.398202
E05011253,2024-11,2.4590046
E05011253,2024-12,2.5339491
E05011253,2025-01,2.398202
E05011253,2025-02,2.289953
E05011254,2024-08,0.7082793
E05011254,2024-09,0.786404
E05011254,2024-10,0.79170203
E05011254,2024-11,0.79170203
E05011254,2024-12,0.79170203
E05011254,2025-01,0.9401654
E05011254,2025-02,0.9132212
E05011255,2024-08,2.323364
E05011255,2024-09,2.8160048
E05011255,2024-10,2.6910777
E05011255,2024-11,2.6222777
E05011255,2024-12,2.5091064
E05011255,2025-01,2.5926747
E05011255,2025-02,2.531872
E05011462,2024-08,2.5357437
E05011462,2024-09,2.5357437
E05011462,2024-10,2.6213186
E05011462,2024-11,2.5166519
E05011462,2024-12,2.551155
E05011462,2025-01,2.5774546
E05011462,2025-02,2.9236526
E05011463,2024-08,5.6017466
E05011463,2024-09,5.367491
E05011463,2024-10,5.7686567
E05011463,2024-11,5.6536746
E05011463,2024-12,5.5691485
E05011463,2025-01,5.829448
E05011463,2025-02,5.7978935
E05011464,2024-08,2.8399549
E05011464,2024-09,3.037919
E05011464,2024-10,3.1401231
E05011464,2024-11,3.126346
E05011464,2024-12,3.126346
E05011464,2025-01,3.574712
E05011464,2025-02,3.418726
E05011465,2024-08,4.8230724
E05011465,2024-09,5.0712337
E05011465,2024-10,5.3404045
E05011465,2024-11,4.6578665
E05011465,2024-12,4.6089754
E05011465,2025-01,4.633077
E05011465,2025-02,4.6942573
E05011466,2024-08,0.70974845
E05011466,2024-09,0.7353533
E05011466,2024-10,0.79317117
E05011466,2024-11,0.79317117
E05011466,2024-12,0.8045325
E05011466,2025-01,0.9138796
E05011466,2025-02,0.79317117
E05011467,2024-08,1.4718959
E05011467,2024-09,1.430517
E05011467,2024-10,1.4471763
E05011467,2024-11,1.6478865
E05011467,2024-12,1.8049272
E05011467,2025-01,2.0532298
E05011467,2025-02,2.0034568
E05011468,2024-08,9.0982485
E05011468,2024-09,10.108524
E05011468,2024-10,9.493457
E05011468,2024-11,9.664149
E05011468,2024-12,9.470022
E05011468,2025-01,10.459347
E05011468,2025-02,9.881972
E05011469,2024-08,0.66859
E05011469,2024-09,0.70280194
E05011469,2024-10,0.7194613
E05011469,2024-11,0.7194613
E05011469,2024-12,0.7308227
E05011469,2025-01,0.7194613
E05011469,2025-02,0.7194613
E05011470,2024-08,1.4515531
E05011470,2024-09,1.4811654
E05011470,2024-10,1.6871737
E05011470,2024-11,1.6263711
E05011470,2024-12,1.5781025
E05011470,2025-01,1.6263711
E05011470,2025-02,1.6263711
E05011471,2024-08,1.0530744
E05011471,2024-09,1.1540434
E05011471,2024-10,1.1593415
E05011471,2024-11,1.1593415
E05011471,2024-12,1.1707028
E05011471,2025-01,1.3211416
E05011471,2025-02,1.1593415
E05011472,2024-08,4.367835
E05011472,2024-09,4.103198
E05011472,2024-10,3.7520807
E05011472,2024-11,3.8164148
E05011472,2024-12,3.8164148
E05011472,2025-01,4.574646
E05011472,2025-02,4.43319
E05011473,2024-08,1.0635501
E05011473,2024-09,1.1303133
E05011473,2024-10,1.1469727
E05011473,2024-11,1.0873427
E05011473,2024-12,1.0873427
E05011473,2025-01,1.0070648
E05011473,2025-02,1.0070648
E05011474,2024-08,0.6087623
E05011474,2024-09,0.64297426
E05011474,2024-10,0.65963364
E05011474,2024-11,0.65963364
E05011474,2024-12,0.670995
E05011474,2025-01,0.65963364
E05011474,2025-02,0.65963364
E05011475,2024-08,2.0234175
E05011475,2024-09,2.0601223
E05011475,2024-10,2.156606
E05011475,2024-11,2.0958033
E05011475,2024-12,2.1071646
E05011475,2025-01,1.868476
E05011475,2025-02,2.0483568
E05011476,2024-08,1.9644237
E05011476,2024-09,1.8465211
E05011476,2024-10,1.8935634
E05011476,2024-11,1.8935634
E05011476,2024-12,2.1816933
E05011476,2025-01,2.1934853
E05011476,2025-02,2.1934853
E05011477,2024-08,1.1787794
E05011477,2024-09,1.2773081
E05011477,2024-10,1.2939675
E05011477,2024-11,1.2939675
E05011477,2024-12,1.5036168
E05011477,2025-01,1.3743284
E05011477,2025-02,1.5750387
E05011478,2024-08,0.66859
E05011478,2024-09,0.78787315
E05011478,2024-10,0.84531087
E05011478,2024-11,0.79317117
E05011478,2024-12,0.8045325
E05011478,2025-01,0.8617398
E05011478,2025-02,0.79317117
E05011479,2024-08,6.893688
E05011479,2024-09,7.0835547
E05011479,2024-10,6.908512
E05011479,2024-11,7.0640626
E05011479,2024-12,7.069443
E05011479,2025-01,6.8469777
E05011479,2025-02,6.63968
E05011480,2024-08,0.7082793
E05011480,2024-09,0.786404
E05011480,2024-10,0.79170203
E05011480,2024-11,0.83286047
E05011480,2024-12,0.84422183
E05011480,2025-01,0.95356894
E05011480,2025-02,0.95356894
E05011481,2024-08,0.66859
E05011481,2024-09,0.7141633
E05011481,2024-10,0.7194613
E05011481,2024-11,0.7194613
E05011481,2024-12,0.7308227
E05011481,2025-01,0.7194613
E05011481,2025-02,0.7194613
E05011482,2024-08,0.8906257
E05011482,2024-09,0.96875024
E05011482,2024-10,1.0152069
E05011482,2024-11,1.026999
E05011482,2024-12,1.0787085
E05011482,2025-01,1.1359159
E05011482,2025-02,1.1359159
E05011483,2024-08,0.6087623
E05011483,2024-09,0.6543356
E05011483,2024-10,0.65963364
E05011483,2024-11,0.65963364
E05011483,2024-12,0.670995
E05011483,2025-01,0.65963364
E05011483,2025-02,0.65963364
E05011484,2024-08,1.4130806
E05011484,2024-09,1.4519794
E05011484,2024-10,1.4686388
E05011484,2024-11,1.5890712
E05011484,2024-12,1.6355735
E05011484,2025-01,1.8402932
E05011484,2025-02,1.7648965
E05011485,2024-08,2.3325868
E05011485,2024-09,2.5510368
E05011485,2024-10,2.7096212
E05011485,2024-11,2.6795592
E05011485,2024-12,2.9673848
E05011485,2025-01,2.773633
E05011485,2025-02,2.7427118
E05011486,2024-08,3.2531116
E05011486,2024-09,3.6202927
E05011486,2024-10,3.1298478
E05011486,2024-11,3.2326324
E05011486,2024-12,3.1918423
E05011486,2025-01,3.2070088
E05011486,2025-02,3.1753778
E05011487,2024-08,1.4718959
E05011487,2024-09,1.7174121
E05011487,2024-10,1.6976223
E05011487,2024-11,1.5870839
E05011487,2024-12,1.7584249
E05011487,2025-01,1.831631
E05011487,2025-02,1.831631
E05011488,2024-08,3.4601946
E05011488,2024-09,3.8802009
E05011488,2024-10,4.119237
E05011488,2024-11,3.9747736
E05011488,2024-12,4.067244
E05011488,2025-01,4.3445516
E05011488,2025-02,4.5105934
E05011489,2024-08,2.1981738
E05011489,2024-09,2.2808561
E05011489,2024-10,2.3296669
E05011489,2024-11,2.320749
E05011489,2024-12,2.2540338
E05011489,2025-01,2.3110554
E05011489,2025-02,2.4322653
E05013496,2024-08,3.3057432
E05013496,2024-09,3.1698186
E05013496,2024-10,2.8140142
E05013496,2024-11,2.8140142
E05013496,2024-12,2.9048789
E05013496,2025-01,3.1828027
E05013496,2025-02,3.0105805
E05013497,2024-08,1.4130806
E05013497,2024-09,1.5116092
E05013497,2024-10,1.3883609
E05013497,2024-11,1.5890712
E05013497,2024-12,1.5282686
E05013497,2025-01,1.4944931
E05013497,2025-02,1.6309253
E05013498,2024-08,4.097029
E05013498,2024-09,4.1363273
E05013498,2024-10,4.1077805
E05013498,2024-11,4.386558
E05013498,2024-12,4.5898914
E05013498,2025-01,5.198027
E05013498,2025-02,4.777439
E05013499,2024-08,9.996602
E05013499,2024-09,9.201992
E05013499,2024-10,9.127817
E05013499,2024-11,9.340716
E05013499,2024-12,9.095578
E05013499,2025-01,9.914304
E05013499,2025-02,8.952893
E05013500,2024-08,4.0786567
E05013500,2024-09,4.0779343
E05013500,2024-10,3.8392098
E05013500,2024-11,3.5056093
E05013500,2024-12,3.6405983
E05013500,2025-01,3.9517663
E05013500,2025-02,3.9825912
E05013501,2024-08,6.021794
E05013501,2024-09,5.6760163
E05013501,2024-10,5.6536746
E05013501,2024-11,6.502372
E05013501,2024-12,6.51589
E05013501,2025-01,6.20325
E05013501,2025-02,6.1543818
E05013502,2024-08,1.6182089
E05013502,2024-09,1.931089
E05013502,2024-10,1.7579378
E05013502,2024-11,1.9292789
E05013502,2024-12,2.0024846
E05013502,2025-01,2.23317
E05013502,2025-02,2.148687
E05013503,2024-08,19.442436
E05013503,2024-09,16.821724
E05013503,2024-10,12.481977
E05013503,2024-11,12.137661
E05013503,2024-12,13.110385
E05013503,2025-01,14.890618
E05013503,2025-02,14.120154
E05013504,2024-08,2.1294405
E05013504,2024-09,2.168542
E05013504,2024-10,2.7910185
E05013504,2024-11,2.564009
E05013504,2024-12,2.5411294
E05013504,2025-01,3.154115
E05013504,2025-02,2.6402197
E05013505,2024-08,0.87142956
E05013505,2024-09,0.9381927
E05013505,2024-10,0.9548521
E05013505,2024-11,1.1207457
E05013505,2024-12,0.9960107
E05013505,2025-01,1.3043025
E05013505,2025-02,1.2380891
E05013506,2024-08,1.2731727
E05013506,2024-09,1.2509927
E05013506,2024-10,1.2264936
E05013506,2024-11,1.267652
E05013506,2024-12,1.267652
E05013506,2025-01,1.267652
E05013506,2025-02,1.5712955
E05013507,2024-08,6.356308
E05013507,2024-09,6.4178276
E05013507,2024-10,6.234097
E05013507,2024-11,6.068771
E05013507,2024-12,6.2494907
E05013507,2025-01,6.1639786
E05013507,2025-02,5.832751
E05013508,2024-08,2.204636
E05013508,2024-09,2.2658312
E05013508,2024-10,2.3539653
E05013508,2024-11,2.3539653
E05013508,2024-12,2.6339843
E05013508,2025-01,2.7836673
E05013508,2025-02,2.9089866
E05013509,2024-08,4.7983437
E05013509,2024-09,4.342303
E05013509,2024-10,4.302773
E05013509,2024-11,3.9238415
E05013509,2024-12,3.829417
E05013509,2025-01,3.8904004
E05013509,2025-02,3.8065531
E05013510,2024-08,2.3528981
E05013510,2024-09,2.4439478
E05013510,2024-10,2.4964201
E05013510,2024-11,2.398202
E05013510,2024-12,2.398202
E05013510,2025-01,2.5339491
E05013510,2025-02,2.4392936
E05013511,2024-08,1.3304292
E05013511,2024-09,1.4200368
E05013511,2024-10,1.419958
E05013511,2024-11,1.4610496
E05013511,2024-12,1.419958
E05013511,2025-01,1.419958
E05013511,2025-02,1.419958
E05013512,2024-08,1.4885755
E05013512,2024-09,1.5871042
E05013512,2024-10,1.7728155
E05013512,2024-11,1.6037636
E05013512,2024-12,1.6037636
E05013512,2025-01,2.0276027
E05013512,2025-02,2.057745
E05013513,2024-08,1.8645939
E05013513,2024-09,1.9361448
E05013513,2024-10,1.8985441
E05013513,2024-11,1.8235995
E05013513,2024-12,1.8844023
E05013513,2025-01,1.8844023
E05013513,2025-02,1.8764832
E05013514,2024-08,1.4886341
E05013514,2024-09,1.5107948
E05013514,2024-10,1.4471763
E05013514,2024-11,1.6779486
E05013514,2024-12,1.8781332
E05013514,2025-01,2.057878
E05013514,2025-02,2.1406622
E05013515,2024-08,2.6055832
E05013515,2024-09,2.769144
E05013515,2024-10,2.8172975
E05013515,2024-11,2.7863762
E05013515,2024-12,2.9045038
E05013515,2025-01,2.934945
E05013515,2025-02,2.8503401
E05013516,2024-08,3.4518576
E05013516,2024-09,3.211869
E05013516,2024-10,3.2998421
E05013516,2024-11,3.470013
E05013516,2024-12,3.4013164
E05013516,2025-01,3.2227662
E05013516,2025-02,2.9565952
E05013517,2024-08,6.608485
E05013517,2024-09,6.2279687
E05013517,2024-10,6.161254
E05013517,2024-11,5.845648
E05013517,2024-12,6.4613137
E05013517,2025-01,6.8846865
E05013517,2025-02,6.3976865
E05013518,2024-08,1.1113055
E05013518,2024-09,1.2509927
E05013518,2024-10,1.267652
E05013518,2024-11,1.3883609
E05013518,2024-12,1.3883609
E05013518,2025-01,1.5759437
E05013518,2025-02,1.6359063
E05013519,2024-08,2.0008726
E05013519,2024-09,2.1102974
E05013519,2024-10,2.1619823
E05013519,2024-11,2.1816933
E05013519,2024-12,2.1816933
E05013519,2025-01,2.1208906
E05013519,2025-02,2.1816933
E05013520,2024-08,2.090806
E05013520,2024-09,2.2137764
E05013520,2024-10,2.4590046
E05013520,2024-11,2.9491615
E05013520,2024-12,3.2837303
E05013520,2025-01,3.2484486
E05013520,2025-02,3.4762301
E05013521,2024-08,2.8809652
E05013521,2024-09,2.6528828
E05013521,2024-10,2.994517
E05013521,2024-11,3.2635088
E05013521,2024-12,3.498605
E05013521,2025-01,3.433833
E05013521,2025-02,3.433833
E05013522,2024-08,4.2023525
E05013522,2024-09,3.7102995
E05013522,2024-10,3.8452098
E05013522,2024-11,3.8155706
E05013522,2024-12,4.4368634
E05013522,2025-01,4.1229134
E05013522,2025-02,4.264666
E05013523,2024-08,1.8306942
E05013523,2024-09,1.8733866
E05013523,2024-10,2.175303
E05013523,2024-11,2.2434695
E05013523,2024-12,2.5311303
E05013523,2025-01,2.5311303
E05013523,2025-02,2.5595727
E05013524,2024-08,2.110517
E05013524,2024-09,2.0132942
E05013524,2024-10,2.0603366
E05013524,2024-11,2.4590046
E05013524,2024-12,2.5611923
E05013524,2025-01,2.6323478
E05013524,2025-02,2.7495356
E05013525,2024-08,4.7737007
E05013525,2024-09,4.358428
E05013525,2024-10,3.9739878
E05013525,2024-11,3.9768486
E05013525,2024-12,4.6252856
E05013525,2025-01,4.7489924
E05013525,2025-02,4.214701
E05013526,2024-08,2.014992
E05013526,2024-09,2.3281176
E05013526,2024-10,2.4295754
E05013526,2024-11,2.455199
E05013526,2024-12,2.5347917
E05013526,2025-01,2.4018633
E05013526,2025-02,2.3680105
E05013527,2024-08,2.2646384
E05013527,2024-09,2.3876088
E05013527,2024-10,2.398202
E05013527,2024-11,2.4590046
E05013527,2024-12,2.4590046
E05013527,2025-01,2.398202
E05013527,2025-02,2.4590046
E05013528,2024-08,1.1524639
E05013528,2024-09,1.2098342
E05013528,2024-10,1.2264936
E05013528,2024-11,1.655027
E05013528,2024-12,1.6742079
E05013528,2025-01,1.7694463
E05013528,2025-02,1.7728155
E05013529,2024-08,1.3712753
E05013529,2024-09,1.5500817
E05013529,2024-10,1.6263711
E05013529,2024-11,1.863668
E05013529,2024-12,1.8566176
E05013529,2025-01,2.092517
E05013529,2025-02,2.149028
E05013530,2024-08,2.5055902
E05013530,2024-09,2.4727628
E05013530,2024-10,2.5198052
E05013530,2024-11,2.4500492
E05013530,2024-12,2.4184182
E05013530,2025-01,2.4184182
E05013530,2025-02,2.5108519
E05013531,2024-08,1.9393364
E05013531,2024-09,1.7108955
E05013531,2024-10,1.7579378
E05013531,2024-11,1.8187404
E05013531,2024-12,1.7579378
E05013531,2025-01,1.9407377
E05013531,2025-02,2.168398
E05013532,2024-08,1.1737831
E05013532,2024-09,1.1948221
E05013532,2024-10,1.4925526
E05013532,2024-11,1.419958
E05013532,2024-12,1.3603281
E05013532,2025-01,1.3603281
E05013532,2025-02,1.3603281
E05013533,2024-08,1.5669279
E05013533,2024-09,1.7724321
E05013533,2024-10,1.7830251
E05013533,2024-11,1.8241167
E05013533,2024-12,1.7830251
E05013533,2025-01,1.7830251
E05013533,2025-02,1.7830251
E05013534,2024-08,2.022622
E05013534,2024-09,1.9779257
E05013534,2024-10,1.9517622
E05013534,2024-11,2.239892
E05013534,2024-12,1.916719
E05013534,2025-01,1.916719
E05013534,2025-02,2.239892
E05013535,2024-08,1.9785429
E05013535,2024-09,2.3463876
E05013535,2024-10,2.3269188
E05013535,2024-11,2.3269188
E05013535,2024-12,2.3877215
E05013535,2025-01,2.4418852
E05013535,2025-02,2.4771576
E05013536,2024-08,7.2788644
E05013536,2024-09,7.233407
E05013536,2024-10,7.2744193
E05013536,2024-11,8.313498
E05013536,2024-12,8.3796015
E05013536,2025-01,8.882289
E05013536,2025-02,8.564557
E05013537,2024-08,5.8389025
E05013537,2024-09,5.5045176
E05013537,2024-10,6.4646306
E05013537,2024-11,6.435319
E05013537,2024-12,6.793697
E05013537,2025-01,6.295675
E05013537,2025-02,6.233694
E05013538,2024-08,6.0249915
E05013538,2024-09,6.0776777
E05013538,2024-10,5.781396
E05013538,2024-11,5.679229
E05013538,2024-12,5.628984
E05013538,2025-01,6.1824145
E05013538,2025-02,6.3265924
E05013539,2024-08,1.1113055
E05013539,2024-09,1.4081507
E05013539,2024-10,1.3883609
E05013539,2024-11,1.4001529
E05013539,2024-12,1.319792
E05013539,2025-01,1.6309253
E05013539,2025-02,1.4686388
E05013540,2024-08,3.004247
E05013540,2024-09,2.9381127
E05013540,2024-10,2.9946158
E05013540,2024-11,3.0262468
E05013540,2024-12,3.064781
E05013540,2025-01,3.1902225
E05013540,2025-02,3.8130534
E05013541,2024-08,3.5493956
E05013541,2024-09,3.011083
E05013541,2024-10,3.1397333
E05013541,2024-11,3.7867513
E05013541,2024-12,3.6773386
E05013541,2025-01,3.7984915
E05013541,2025-02,3.2878354
E05013542,2024-08,0.91258794
E05013542,2024-09,0.9381927
E05013542,2024-10,1.1775223
E05013542,2024-11,1.1167197
E05013542,2024-12,1.2548612
E05013542,2025-01,1.1969975
E05013542,2025-02,1.1969975
E05013543,2024-08,1.2443419
E05013543,2024-09,1.2746558
E05013543,2024-10,1.3031073
E05013543,2024-11,1.4117477
E05013543,2024-12,1.3623065
E05013543,2025-01,1.3509451
E05013543,2025-02,1.3509451
E05013544,2024-08,1.1266394
E05013544,2024-09,1.2251681
E05013544,2024-10,1.2939675
E05013544,2024-11,1.6292025
E05013544,2024-12,1.6211103
E05013544,2025-01,1.8801004
E05013544,2025-02,2.0435345
E05013545,2024-08,4.6423016
E05013545,2024-09,4.128012
E05013545,2024-10,4.301953
E05013545,2024-11,4.1394114
E05013545,2024-12,4.730458
E05013545,2025-01,5.194206
E05013545,2025-02,5.2437673
E05013546,2024-08,4.844007
E05013546,2024-09,4.784791
E05013546,2024-10,4.8563914
E05013546,2024-11,4.798773
E05013546,2024-12,4.6928
E05013546,2025-01,5.3104467
E05013546,2025-02,4.8022876
E05013547,2024-08,0.87142956
E05013547,2024-09,0.9381927
E05013547,2024-10,0.9548521
E05013547,2024-11,0.9548521
E05013547,2024-12,0.9548521
E05013547,2025-01,0.9960107
E05013547,2025-02,1.0078028
E05013548,2024-08,0.91258794
E05013548,2024-09,1.1365095
E05013548,2024-10,1.2087896
E05013548,2024-11,1.1285118
E05013548,2024-12,1.2083589
E05013548,2025-01,1.297719
E05013548,2025-02,1.2566274
E05013549,2024-08,1.059046
E05013549,2024-09,1.1258092
E05013549,2024-10,1.2718397
E05013549,2024-11,1.2110372
E05013549,2024-12,1.3026766
E05013549,2025-01,1.4117477
E05013549,2025-02,1.3627372
E05013550,2024-08,1.387256
E05013550,2024-09,1.5025228
E05013550,2024-10,2.06878
E05013550,2024-11,1.8899807
E05013550,2024-12,1.9307035
E05013550,2025-01,1.9335223
E05013550,2025-02,1.84031
E05013551,2024-08,1.5448489
E05013551,2024-09,1.6920612
E05013551,2024-10,1.6705346
E05013551,2024-11,1.7391034
E05013551,2024-12,1.7391034
E05013551,2025-01,1.880184
E05013551,2025-02,2.1140187
E05013552,2024-08,1.006906
E05013552,2024-09,1.0736692
E05013552,2024-10,1.1424686
E05013552,2024-11,1.2521287
E05013552,2024-12,1.2575395
E05013552,2025-01,1.2110372
E05013552,2025-02,1.3521178
E05013553,2024-08,3.1505246
E05013553,2024-09,3.1665466
E05013553,2024-10,2.9868839
E05013553,2024-11,2.754417
E05013553,2024-12,2.465334
E05013553,2025-01,2.5261366
E05013553,2025-02,2.3903894
E05013554,2024-08,1.5782899
E05013554,2024-09,1.5709875
E05013554,2024-10,1.8305324
E05013554,2024-11,1.8187404
E05013554,2024-12,1.8044401
E05013554,2025-01,1.792981
E05013554,2025-02,1.9269898
E05013555,2024-08,1.109624
E05013555,2024-09,1.0364794
E05013555,2024-10,1.0531387
E05013555,2024-11,1.0531387
E05013555,2024-12,1.3117127
E05013555,2025-01,1.1930465
E05013555,2025-02,1.1930465
E05013556,2024-08,1.1219525
E05013556,2024-09,1.39191
E05013556,2024-10,1.4925526
E05013556,2024-11,1.4925526
E05013556,2024-12,1.7110072
E05013556,2025-01,1.5282071
E05013556,2025-02,1.5282071
E05013557,2024-08,1.7504163
E05013557,2024-09,1.8733866
E05013557,2024-10,2.0417984
E05013557,2024-11,2.1629932
E05013557,2024-12,2.1479304
E05013557,2025-01,2.377009
E05013557,2025-02,2.2851722
E05013558,2024-08,1.8450897
E05013558,2024-09,1.96806
E05013558,2024-10,2.1513999
E05013558,2024-11,2.8289826
E05013558,2024-12,2.462972
E05013558,2025-01,2.4858959
E05013558,2025-02,2.923445
E05013559,2024-08,2.3833387
E05013559,2024-09,2.4308407
E05013559,2024-10,2.477883
E05013559,2024-11,2.5189748
E05013559,2024-12,2.5386858
E05013559,2025-01,2.6408734
E05013559,2025-02,2.5761013
E05013560,2024-08,0.87142956
E05013560,2024-09,0.9381927
E05013560,2024-10,0.9548521
E05013560,2024-11,0.9548521
E05013560,2024-12,1.0073721
E05013560,2025-01,1.048151
E05013560,2025-02,1.048151
E05013561,2024-08,4.4778857
E05013561,2024-09,4.9032717
E05013561,2024-10,4.774671
E05013561,2024-11,4.6297526
E05013561,2024-12,4.3508644
E05013561,2025-01,4.6038194
E05013561,2025-02,4.850262
E05013562,2024-08,4.9503083
E05013562,2024-09,4.580572
E05013562,2024-10,4.5170803
E05013562,2024-11,4.6042695
E05013562,2024-12,5.03774
E05013562,2025-01,4.9426312
E05013562,2025-02,4.3508806
E05013563,2024-08,1.7504163
E05013563,2024-09,1.8733866
E05013563,2024-10,1.920429
E05013563,2024-11,2.1211393
E05013563,2024-12,2.1479304
E05013563,2025-01,2.2026846
E05013563,2025-02,2.2096772
E05013564,2024-08,1.6622224
E05013564,2024-09,1.8001773
E05013564,2024-10,1.8186893
E05013564,2024-11,1.8794922
E05013564,2024-12,2.0632362
E05013564,2025-01,2.8927019
E05013564,2025-02,2.4916036
E05013565,2024-08,1.1810398
E05013565,2024-09,1.2591642
E05013565,2024-10,1.3169152
E05013565,2024-11,1.3366262
E05013565,2024-12,1.3634175
E05013565,2025-01,1.4586234
E05013565,2025-02,1.5321622
E05013566,2024-08,1.2251983
E05013566,2024-09,1.2919614
E05013566,2024-10,1.3086208
E05013566,2024-11,1.3497124
E05013566,2024-12,1.3497124
E05013566,2025-01,1.3086208
E05013566,2025-02,1.3694234
E05013567,2024-08,1.4130806
E05013567,2024-09,1.5283474
E05013567,2024-10,1.5282686
E05013567,2024-11,1.5282686
E05013567,2024-12,1.5282686
E05013567,2025-01,1.5282686
E05013567,2025-02,1.5282686
E05013568,2024-08,0.59740096
E05013568,2024-09,0.64297426
E05013568,2024-10,0.65963364
E05013568,2024-11,0.65963364
E05013568,2024-12,0.670995
E05013568,2025-01,0.65963364
E05013568,2025-02,0.65963364
E05013569,2024-08,1.6949273
E05013569,2024-09,1.6097118
E05013569,2024-10,2.0250394
E05013569,2024-11,2.0053284
E05013569,2024-12,1.8101153
E05013569,2025-01,1.8709182
E05013569,2025-02,1.8512071
E05013570,2024-08,0.6087623
E05013570,2024-09,0.64297426
E05013570,2024-10,0.65963364
E05013570,2024-11,0.65963364
E05013570,2024-12,0.65963364
E05013570,2025-01,0.65963364
E05013570,2025-02,0.65963364
E05013571,2024-08,0.7287124
E05013571,2024-09,0.80683696
E05013571,2024-10,0.82349634
E05013571,2024-11,0.82349634
E05013571,2024-12,0.82349634
E05013571,2025-01,0.82349634
E05013571,2025-02,0.82349634
E05013572,2024-08,1.041132
E05013572,2024-09,1.0506878
E05013572,2024-10,1.0673472
E05013572,2024-11,1.1967185
E05013572,2024-12,1.2161937
E05013572,2025-01,1.1824182
E05013572,2025-02,1.1359159
E05013573,2024-08,0.59740096
E05013573,2024-09,0.64297426
E05013573,2024-10,0.65963364
E05013573,2024-11,0.65963364
E05013573,2024-12,0.65963364
E05013573,2025-01,0.65963364
E05013573,2025-02,0.65963364
E05013574,2024-08,0.7504138
E05013574,2024-09,0.82853824
E05013574,2024-10,0.8451976
E05013574,2024-11,0.8451976
E05013574,2024-12,0.856559
E05013574,2025-01,0.8451976
E05013574,2025-02,0.8863561
E05013575,2024-08,1.4718959
E05013575,2024-09,1.5704246
E05013575,2024-10,1.5870839
E05013575,2024-11,1.6281755
E05013575,2024-12,1.5984453
E05013575,2025-01,1.6829299
E05013575,2025-02,1.5870839
E05013576,2024-08,2.1011312
E05013576,2024-09,3.0701015
E05013576,2024-10,2.7783585
E05013576,2024-11,2.7933457
E05013576,2024-12,2.3273895
E05013576,2025-01,2.3881922
E05013576,2025-02,2.526961
E05013577,2024-08,0.65722865
E05013577,2024-09,0.70280194
E05013577,2024-10,0.7194613
E05013577,2024-11,0.7606198
E05013577,2024-12,0.7606198
E05013577,2025-01,0.7606198
E05013577,2025-02,0.7606198
E05013578,2024-08,1.1982929
E05013578,2024-09,1.2517601
E05013578,2024-10,1.2087896
E05013578,2024-11,1.1167197
E05013578,2024-12,1.1167197
E05013578,2025-01,1.1167197
E05013578,2025-02,1.1089536
E05013579,2024-08,0.7082793
E05013579,2024-09,0.77504265
E05013579,2024-10,0.83286047
E05013579,2024-11,0.83286047
E05013579,2024-12,0.9315026
E05013579,2025-01,0.8850002
E05013579,2025-02,1.0749387
E05013580,2024-08,1.9887265
E05013580,2024-09,2.1459618
E05013580,2024-10,2.1976466
E05013580,2024-11,2.156555
E05013580,2024-12,2.083349
E05013580,2025-01,1.8941845
E05013580,2025-02,1.9549873
E05013581,2024-08,1.9993157
E05013581,2024-09,2.1779656
E05013581,2024-10,2.1963713
E05013581,2024-11,2.2315505
E05013581,2024-12,2.2315505
E05013581,2025-01,2.2315505
E05013581,2025-02,2.0958033
E05013582,2024-08,1.8981965
E05013582,2024-09,1.9050426
E05013582,2024-10,1.9825045
E05013582,2024-11,1.964237
E05013582,2024-12,2.0053284
E05013582,2025-01,2.0125663
E05013582,2025-02,1.9942963
E05013583,2024-08,1.8462107
E05013583,2024-09,1.5704246
E05013583,2024-10,1.5870839
E05013583,2024-11,1.7036706
E05013583,2024-12,1.5870839
E05013583,2025-01,1.7036706
E05013583,2025-02,1.7233816
E05013584,2024-08,1.173205
E05013584,2024-09,1.7637311
E05013584,2024-10,1.6441635
E05013584,2024-11,1.6062849
E05013584,2024-12,1.6355844
E05013584,2025-01,1.4403714
E05013584,2025-02,1.4403714
E05013585,2024-08,1.3304292
E05013585,2024-09,1.41466
E05013585,2024-10,1.419958
E05013585,2024-11,1.8727902
E05013585,2024-12,1.6888391
E05013585,2025-01,1.8907522
E05013585,2025-02,1.6037023
E05013586,2024-08,2.4693072
E05013586,2024-09,2.6827826
E05013586,2024-10,2.9561336
E05013586,2024-11,3.706361
E05013586,2024-12,3.2394974
E05013586,2025-01,3.1406837
E05013586,2025-02,3.7206886
E05013587,2024-08,3.0209851
E05013587,2024-09,3.048158
E05013587,2024-10,3.0262468
E05013587,2024-11,3.265167
E05013587,2024-12,3.9657416
E05013587,2025-01,3.715619
E05013587,2025-02,3.549535
E05013588,2024-08,5.0153184
E05013588,2024-09,4.9836874
E05013588,2024-10,5.129666
E05013588,2024-11,5.613951
E05013588,2024-12,5.7704854
E05013588,2025-01,6.0695252
E05013588,2025-02,5.7398243
E05013589,2024-08,3.049933
E05013589,2024-09,3.0932856
E05013589,2024-10,3.3168335
E05013589,2024-11,3.5644767
E05013589,2024-12,4.44152
E05013589,2025-01,4.0553694
E05013589,2025-02,4.3396463
E05013590,2024-08,4.8591948
E05013590,2024-09,4.851593
E05013590,2024-10,4.413818
E05013590,2024-11,4.4679813
E05013590,2024-12,4.978319
E05013590,2025-01,4.7702813
E05013590,2025-02,4.4211693
E05013591,2024-08,4.294114
E05013591,2024-09,3.593777
E05013591,2024-10,3.5217097
E05013591,2024-11,3.4979837
E05013591,2024-12,3.4042835
E05013591,2025-01,3.4042835
E05013591,2025-02,3.3196785
E05013592,2024-08,3.0863822
E05013592,2024-09,3.1249163
E05013592,2024-10,3.1217058
E05013592,2024-11,3.0916438
E05013592,2024-12,3.4974203
E05013592,2025-01,3.676652
E05013592,2025-02,3.6055508
E05013593,2024-08,4.6589937
E05013593,2024-09,5.2026205
E05013593,2024-10,4.909664
E05013593,2024-11,4.7216525
E05013593,2024-12,4.44604
E05013593,2025-01,4.5258274
E05013593,2025-02,4.649835
E05013594,2024-08,3.1600876
E05013594,2024-09,3.3365202
E05013594,2024-10,3.1940134
E05013594,2024-11,3.2326324
E05013594,2024-12,3.0695603
E05013594,2025-01,3.2025704
E05013594,2025-02,3.145316
E05013595,2024-08,5.7392735
E05013595,2024-09,5.732451
E05013595,2024-10,6.082526
E05013595,2024-11,6.5896773
E05013595,2024-12,6.6031957
E05013595,2025-01,6.55817
E05013595,2025-02,6.277225
E05013596,2024-08,5.7406015
E05013596,2024-09,5.680924
E05013596,2024-10,5.462797
E05013596,2024-11,5.099051
E05013596,2024-12,5.4657426
E05013596,2025-01,5.89314
E05013596,2025-02,5.4094734
E05013597,2024-08,7.635302
E05013597,2024-09,8.124331
E05013597,2024-10,7.5082436
E05013597,2024-11,7.7178526
E05013597,2024-12,7.6047606
E05013597,2025-01,8.031396
E05013597,2025-02,7.169277
E05013598,2024-08,5.539621
E05013598,2024-09,7.3694468
E05013598,2024-10,6.3921237
E05013598,2024-11,7.122388
E05013598,2024-12,6.3010526
E05013598,2025-01,6.557518
E05013598,2025-02,7.2740207
E05013599,2024-08,5.7795525
E05013599,2024-09,5.178468
E05013599,2024-10,5.1566696
E05013599,2024-11,5.099051
E05013599,2024-12,5.249092
E05013599,2025-01,5.0448875
E05013599,2025-02,4.6300898
E05013600,2024-08,5.560442
E05013600,2024-09,5.411834
E05013600,2024-10,5.017103
E05013600,2024-11,5.7047925
E05013600,2024-12,5.7417707
E05013600,2025-01,5.904388
E05013600,2025-02,5.2340364
E05013601,2024-08,5.3953156
E05013601,2024-09,6.213822
E05013601,2024-10,6.902488
E05013601,2024-11,6.243117
E05013601,2024-12,5.903973
E05013601,2025-01,6.012316
E05013601,2025-02,6.362387
E05013602,2024-08,5.3199286
E05013602,2024-09,5.0143795
E05013602,2024-10,5.194662
E05013602,2024-11,4.9218726
E05013602,2024-12,4.870904
E05013602,2025-01,5.585918
E05013602,2025-02,5.0146837
E05013603,2024-08,4.182173
E05013603,2024-09,3.7228603
E05013603,2024-10,3.560811
E05013603,2024-11,3.546701
E05013603,2024-12,4.809709
E05013603,2025-01,5.0386977
E05013603,2025-02,4.737797
E05013604,2024-08,3.8571186
E05013604,2024-09,3.6485891
E05013604,2024-10,3.8526742
E05013604,2024-11,4.519955
E05013604,2024-12,4.463841
E05013604,2025-01,4.916091
E05013604,2025-02,4.4914804
E05013605,2024-08,3.6734128
E05013605,2024-09,4.120436
E05013605,2024-10,4.0463037
E05013605,2024-11,3.7870588
E05013605,2024-12,4.528498
E05013605,2025-01,4.109637
E05013605,2025-02,3.9748337
E05013606,2024-08,0.8906257
E05013606,2024-09,0.9573889
E05013606,2024-10,0.97404826
E05013606,2024-11,0.97404826
E05013606,2024-12,0.97404826
E05013606,2025-01,1.0562985
E05013606,2025-02,1.1359159
E05013607,2024-08,5.6575294
E05013607,2024-09,5.6403866
E05013607,2024-10,4.258633
E05013607,2024-11,4.4971337
E05013607,2024-12,4.590035
E05013607,2025-01,4.569369
E05013607,2025-02,4.5049005
E05013608,2024-08,1.6472745
E05013608,2024-09,1.9685614
E05013608,2024-10,2.1916568
E05013608,2024-11,2.4310863
E05013608,2024-12,2.589856
E05013608,2025-01,2.3028061
E05013608,2025-02,2.3028061
E05013609,2024-08,2.985003
E05013609,2024-09,3.088844
E05013609,2024-10,2.9936197
E05013609,2024-11,3.0158882
E05013609,2024-12,2.9586337
E05013609,2025-01,2.9586337
E05013609,2025-02,2.897831
E05013610,2024-08,2.8434558
E05013610,2024-09,2.7408724
E05013610,2024-10,2.8487175
E05013610,2024-11,2.923662
E05013610,2024-12,3.0838137
E05013610,2025-01,3.0190415
E05013610,2025-02,2.9492855
E05013611,2024-08,2.4169428
E05013611,2024-09,2.517197
E05013611,2024-10,2.4892948
E05013611,2024-11,2.5500975
E05013611,2024-12,2.6507633
E05013611,2025-01,2.6484962
E05013611,2025-02,2.7746887
E05013612,2024-08,1.4241402
E05013612,2024-09,1.5857049
E05013612,2024-10,1.7424076
E05013612,2024-11,1.9138185
E05013612,2024-12,1.9485288
E05013612,2025-01,1.8412238
E05013612,2025-02,1.9020265
E05013613,2024-08,2.5425014
E05013613,2024-09,2.6204348
E05013613,2024-10,2.619108
E05013613,2024-11,2.6799107
E05013613,2024-12,3.1265073
E05013613,2025-01,3.0158496
E05013613,2025-02,2.9479089
E05013614,2024-08,1.796701
E05013614,2024-09,1.9592456
E05013614,2024-10,1.9662983
E05013614,2024-11,2.2776794
E05013614,2024-12,2.0627553
E05013614,2025-01,2.0627553
E05013614,2025-02,1.9895494
E05013615,2024-08,1.5939548
E05013615,2024-09,1.7033796
E05013615,2024-10,1.7504219
E05013615,2024-11,1.7504219
E05013615,2024-12,1.7504219
E05013615,2025-01,1.7504219
E05013615,2025-02,1.7504219
E05013616,2024-08,1.2112794
E05013616,2024-09,1.3098081
E05013616,2024-10,1.3264675
E05013616,2024-11,1.5079789
E05013616,2024-12,1.4936787
E05013616,2025-01,1.6596786
E05013616,2025-02,1.5870839
E05013617,2024-08,3.1525466
E05013617,2024-09,3.1947026
E05013617,2024-10,3.1578083
E05013617,2024-11,3.1261773
E05013617,2024-12,3.1261773
E05013617,2025-01,3.1578083
E05013617,2025-02,3.2660985
E05013618,2024-08,2.310276
E05013618,2024-09,2.2441418
E05013618,2024-10,2.4008446
E05013618,2024-11,2.4811223
E05013618,2024-12,2.5444968
E05013618,2025-01,2.792632
E05013618,2025-02,2.7187574
E05013619,2024-08,1.6847569
E05013619,2024-09,1.6542736
E05013619,2024-10,1.701316
E05013619,2024-11,1.9020265
E05013619,2024-12,1.701316
E05013619,2025-01,1.8412238
E05013619,2025-02,1.8412238
E05013620,2024-08,2.50052
E05013620,2024-09,3.1631718
E05013620,2024-10,3.1330311
E05013620,2024-11,3.9138887
E05013620,2024-12,3.392862
E05013620,2025-01,3.8272448
E05013620,2025-02,3.3097627
E05013621,2024-08,4.5576963
E05013621,2024-09,4.4174933
E05013621,2024-10,4.7273784
E05013621,2024-11,5.113146
E05013621,2024-12,4.800845
E05013621,2025-01,5.7394013
E05013621,2025-02,4.7006006
E05013622,2024-08,1.7602518
E05013622,2024-09,2.198558
E05013622,2024-10,1.9517622
E05013622,2024-11,2.0857706
E05013622,2024-12,2.1316428
E05013622,2025-01,2.239892
E05013622,2025-02,1.9517622
E05013623,2024-08,1.5111829
E05013623,2024-09,1.646161
E05013623,2024-10,1.7977121
E05013623,2024-11,1.7018661
E05013623,2024-12,1.6263711
E05013623,2025-01,1.6674627
E05013623,2025-02,1.6263711
E05013624,2024-08,2.5187523
E05013624,2024-09,2.4526181
E05013624,2024-10,2.4083996
E05013624,2024-11,2.868127
E05013624,2024-12,3.1409636
E05013624,2025-01,3.305205
E05013624,2025-02,2.9380941
E05013625,2024-08,1.4298187
E05013625,2024-09,1.5116092
E05013625,2024-10,1.5282686
E05013625,2024-11,1.5890712
E05013625,2024-12,1.5282686
E05013625,2025-01,1.6973203
E05013625,2025-02,1.5282686
E05013626,2024-08,0.91258794
E05013626,2024-09,0.9793513
E05013626,2024-10,0.9960107
E05013626,2024-11,0.9960107
E05013626,2024-12,0.9960107
E05013626,2025-01,1.1578113
E05013626,2025-02,1.048151
E05013627,2024-08,3.7596624
E05013627,2024-09,3.329391
E05013627,2024-10,3.4308488
E05013627,2024-11,3.965387
E05013627,2024-12,3.6031806
E05013627,2025-01,3.4324179
E05013627,2025-02,3.3309438
E05013628,2024-08,1.6034162
E05013628,2024-09,1.6097118
E05013628,2024-10,1.6871737
E05013628,2024-11,2.0250394
E05013628,2024-12,1.7834119
E05013628,2025-01,2.1087937
E05013628,2025-02,2.0467625
E05013629,2024-08,2.022622
E05013629,2024-09,2.1684961
E05013629,2024-10,2.024968
E05013629,2024-11,1.9517622
E05013629,2024-12,1.916719
E05013629,2025-01,1.9578105
E05013629,2025-02,2.251684
E05013630,2024-08,4.173192
E05013630,2024-09,4.2091928
E05013630,2024-10,5.109761
E05013630,2024-11,4.933599
E05013630,2024-12,5.743299
E05013630,2025-01,5.4598274
E05013630,2025-02,4.8623343
E05013631,2024-08,5.447745
E05013631,2024-09,5.263374
E05013631,2024-10,5.119176
E05013631,2024-11,5.6537147
E05013631,2024-12,5.581692
E05013631,2025-01,5.746598
E05013631,2025-02,5.486583
E05013632,2024-08,3.860899
E05013632,2024-09,3.6460228
E05013632,2024-10,3.7194602
E05013632,2024-11,3.723022
E05013632,2024-12,3.7673335
E05013632,2025-01,3.463584
E05013632,2025-02,3.4523737
E05013633,2024-08,3.4958832
E05013633,2024-09,3.505883
E05013633,2024-10,3.9480221
E05013633,2024-11,4.07074
E05013633,2024-12,4.7513766
E05013633,2025-01,4.5170965
E05013633,2025-02,4.512118
E05013634,2024-08,4.512029
E05013634,2024-09,4.5045
E05013634,2024-10,4.043569
E05013634,2024-11,4.8823514
E05013634,2024-12,4.535496
E05013634,2025-01,4.6736383
E05013634,2025-02,4.5587974
E05013635,2024-08,1.1524639
E05013635,2024-09,1.2509927
E05013635,2024-10,1.3883609
E05013635,2024-11,1.3883609
E05013635,2024-12,1.319792
E05013635,2025-01,1.3883609
E05013635,2025-02,1.5294414
E05013636,2024-08,2.3443196
E05013636,2024-09,2.4786513
E05013636,2024-10,2.5189748
E05013636,2024-11,2.5386858
E05013636,2024-12,2.5189748
E05013636,2025-01,2.858543
E05013636,2025-02,3.3096402
E05013637,2024-08,1.6251268
E05013637,2024-09,1.6920612
E05013637,2024-10,1.9201031
E05013637,2024-11,1.8790113
E05013637,2024-12,1.9976773
E05013637,2025-01,2.200122
E05013637,2025-02,1.9990523
E05013638,2024-08,0.74943775
E05013638,2024-09,0.8162011
E05013638,2024-10,0.83286047
E05013638,2024-11,0.83286047
E05013638,2024-12,0.8963616
E05013638,2025-01,0.8850002
E05013638,2025-02,0.99466056
E05013639,2024-08,2.985003
E05013639,2024-09,3.1189167
E05013639,2024-10,2.9902647
E05013639,2024-11,2.9902647
E05013639,2024-12,3.7723322
E05013639,2025-01,4.120567
E05013639,2025-02,4.287813
E05013640,2024-08,2.9590604
E05013640,2024-09,3.0175574
E05013640,2024-10,2.9187868
E05013640,2024-11,3.5348833
E05013640,2024-12,2.9495466
E05013640,2025-01,3.0033917
E05013640,2025-02,2.830611
E05013641,2024-08,1.3304292
E05013641,2024-09,1.6466455
E05013641,2024-10,1.8304185
E05013641,2024-11,1.6154944
E05013641,2024-12,1.8302554
E05013641,2025-01,1.7578238
E05013641,2025-02,1.8186264
E05013642,2024-08,5.3514376
E05013642,2024-09,5.0996857
E05013642,2024-10,5.0070086
E05013642,2024-11,5.445906
E05013642,2024-12,5.810177
E05013642,2025-01,5.3688307
E05013642,2025-02,6.051181
E05013643,2024-08,2.8930671
E05013643,2024-09,2.8930671
E05013643,2024-10,3.056861
E05013643,2024-11,2.9988968
E05013643,2024-12,2.9988968
E05013643,2025-01,2.9988968
E05013643,2025-02,3.1597373
E05013644,2024-08,0.66859
E05013644,2024-09,0.70280194
E05013644,2024-10,0.7194613
E05013644,2024-11,0.7194613
E05013644,2024-12,0.7194613
E05013644,2025-01,0.7194613
E05013644,2025-02,0.7194613
E05013645,2024-08,0.76177514
E05013645,2024-09,0.82853824
E05013645,2024-10,0.8863561
E05013645,2024-11,0.8863561
E05013645,2024-12,0.9384959
E05013645,2025-01,1.1481453
E05013645,2025-02,1.0991348
E05013646,2024-08,0.92364204
E05013646,2024-09,0.9218365
E05013646,2024-10,0.9384959
E05013646,2024-11,1.0481564
E05013646,2024-12,1.0070648
E05013646,2025-01,1.0070648
E05013646,2025-02,1.0070648
E05013647,2024-08,0.76177514
E05013647,2024-09,0.82853824
E05013647,2024-10,0.8863561
E05013647,2024-11,0.8451976
E05013647,2024-12,1.1143698
E05013647,2025-01,1.0678674
E05013647,2025-02,1.0991348
E05013648,2024-08,3.8058126
E05013648,2024-09,4.231648
E05013648,2024-10,4.081219
E05013648,2024-11,3.932511
E05013648,2024-12,3.6298795
E05013648,2025-01,3.6298795
E05013648,2025-02,3.6298795
E05013649,2024-08,3.4106014
E05013649,2024-09,3.1908054
E05013649,2024-10,3.6098258
E05013649,2024-11,3.8330402
E05013649,2024-12,3.66699
E05013649,2025-01,3.7254057
E05013649,2025-02,3.7632844
E05013650,2024-08,1.7894987
E05013650,2024-09,1.7716472
E05013650,2024-10,1.8186893
E05013650,2024-11,1.9549873
E05013650,2024-12,1.9900303
E05013650,2025-01,2.1097383
E05013650,2025-02,2.2173576
E05013651,2024-08,2.504976
E05013651,2024-09,2.6026204
E05013651,2024-10,2.6740162
E05013651,2024-11,2.84054
E05013651,2024-12,2.7137816
E05013651,2025-01,2.9061713
E05013651,2025-02,2.7745843
E05013652,2024-08,9.081346
E05013652,2024-09,8.727631
E05013652,2024-10,8.286646
E05013652,2024-11,8.634349
E05013652,2024-12,8.3953705
E05013652,2025-01,9.374304
E05013652,2025-02,8.400649
E05013653,2024-08,14.214623
E05013653,2024-09,13.621162
E05013653,2024-10,12.444697
E05013653,2024-11,13.028167
E05013653,2024-12,13.830686
E05013653,2025-01,14.564978
E05013653,2025-02,13.506389
E05013654,2024-08,5.4961886
E05013654,2024-09,5.3420672
E05013654,2024-10,6.8745728
E05013654,2024-11,7.4626045
E05013654,2024-12,7.899782
E05013654,2025-01,8.4504595
E05013654,2025-02,8.288588
E05013655,2024-08,6.4378514
E05013655,2024-09,5.566399
E05013655,2024-10,6.0117216
E05013655,2024-11,5.8433247
E05013655,2024-12,6.072513
E05013655,2025-01,6.9227514
E05013655,2025-02,5.819135
E05013656,2024-08,8.065778
E05013656,2024-09,7.7334943
E05013656,2024-10,7.2888165
E05013656,2024-11,7.194618
E05013656,2024-12,7.0611386
E05013656,2025-01,7.835099
E05013656,2025-02,7.012595
E05013657,2024-08,4.2988124
E05013657,2024-09,4.206748
E05013657,2024-10,4.4203677
E05013657,2024-11,4.886032
E05013657,2024-12,5.9308357
E05013657,2025-01,5.7159324
E05013657,2025-02,4.8118773
E05013658,2024-08,10.888267
E05013658,2024-09,11.600895
E05013658,2024-10,11.415113
E05013658,2024-11,11.673135
E05013658,2024-12,11.157391
E05013658,2025-01,10.543227
E05013658,2025-02,10.831963
E05013659,2024-08,1.6581705
E05013659,2024-09,1.6210731
E05013659,2024-10,1.7977121
E05013659,2024-11,2.0250394
E05013659,2024-12,2.097165
E05013659,2025-01,2.05463
E05013659,2025-02,2.0948644
E05013660,2024-08,8.883805
E05013660,2024-09,8.705823
E05013660,2024-10,8.613143
E05013660,2024-11,8.889907
E05013660,2024-12,9.280416
E05013660,2025-01,9.69322
E05013660,2025-02,10.756338
E05013661,2024-08,1.8400817
E05013661,2024-09,2.2728176
E05013661,2024-10,2.3584757
E05013661,2024-11,2.4634821
E05013661,2024-12,2.5291135
E05013661,2025-01,2.5085692
E05013661,2025-02,2.3608255
E05013662,2024-08,13.891671
E05013662,2024-09,16.750086
E05013662,2024-10,14.908866
E05013662,2024-11,13.6605425
E05013662,2024-12,12.806447
E05013662,2025-01,14.025467
E05013662,2025-02,13.4321165
E05013663,2024-08,8.5038185
E05013663,2024-09,8.486481
E05013663,2024-10,7.7489996
E05013663,2024-11,8.390229
E05013663,2024-12,9.79323
E05013663,2025-01,9.720644
E05013663,2025-02,8.251717
E05013664,2024-08,5.279241
E05013664,2024-09,5.0577645
E05013664,2024-10,4.7455683
E05013664,2024-11,5.160272
E05013664,2024-12,5.3815575
E05013664,2025-01,5.9632077
E05013664,2025-02,6.22034
E05013665,2024-08,13.975468
E05013665,2024-09,14.390472
E05013665,2024-10,12.625348
E05013665,2024-11,12.951966
E05013665,2024-12,11.539258
E05013665,2025-01,12.84079
E05013665,2025-02,11.883268
E05013666,2024-08,7.400518
E05013666,2024-09,7.142481
E05013666,2024-10,6.7643313
E05013666,2024-11,6.67475
E05013666,2024-12,6.5705447
E05013666,2025-01,7.093105
E05013666,2025-02,6.695589
E05013667,2024-08,4.734111
E05013667,2024-09,4.5439725
E05013667,2024-10,5.100831
E05013667,2024-11,5.024383
E05013667,2024-12,5.7962537
E05013667,2025-01,6.0813246
E05013667,2025-02,5.922411
E05013668,2024-08,4.6360836
E05013668,2024-09,4.6078057
E05013668,2024-10,4.4594026
E05013668,2024-11,5.1957974
E05013668,2024-12,5.9607806
E05013668,2025-01,5.7453423
E05013668,2025-02,5.052871
E05013669,2024-08,7.8029175
E05013669,2024-09,8.424981
E05013669,2024-10,8.62163
E05013669,2024-11,8.609081
E05013669,2024-12,8.667971
E05013669,2025-01,10.317502
E05013669,2025-02,9.492145
E05013670,2024-08,9.668939
E05013670,2024-09,11.029877
E05013670,2024-10,10.116469
E05013670,2024-11,10.301265
E05013670,2024-12,9.730184
E05013670,2025-01,10.157362
E05013670,2025-02,11.466492
E05013671,2024-08,10.676938
E05013671,2024-09,11.115988
E05013671,2024-10,10.509954
E05013671,2024-11,10.725884
E05013671,2024-12,10.598485
E05013671,2025-01,9.691431
E05013671,2025-02,10.804245
E05013672,2024-08,3.562486
E05013672,2024-09,3.1057358
E05013672,2024-10,3.4386084
E05013672,2024-11,3.4405658
E05013672,2024-12,3.6541064
E05013672,2025-01,4.1056
E05013672,2025-02,4.020659
E05013673,2024-08,2.1198213
E05013673,2024-09,2.3233225
E05013673,2024-10,2.3947184
E05013673,2024-11,2.2493105
E05013673,2024-12,2.3401752
E05013673,2025-01,2.3101132
E05013673,2025-02,2.2493105
E05013674,2024-08,1.9205848
E05013674,2024-09,1.96806
E05013674,2024-10,2.0151021
E05013674,2024-11,2.186443
E05013674,2024-12,2.2596488
E05013674,2025-01,2.1721425
E05013674,2025-02,2.198846
E05013675,2024-08,2.717749
E05013675,2024-09,2.5661712
E05013675,2024-10,2.8728728
E05013675,2024-11,2.7354975
E05013675,2024-12,2.7662346
E05013675,2025-01,2.5815825
E05013675,2025-02,2.6740162
E05013676,2024-08,1.972366
E05013676,2024-09,2.4714825
E05013676,2024-10,2.5647647
E05013676,2024-11,2.6801994
E05013676,2024-12,2.427912
E05013676,2025-01,2.4887147
E05013676,2025-02,2.5444002
E05013677,2024-08,2.985003
E05013677,2024-09,3.2478077
E05013677,2024-10,3.90508
E05013677,2024-11,3.7854812
E05013677,2024-12,3.8064144
E05013677,2025-01,3.664779
E05013677,2025-02,3.5162654
E05013678,2024-08,0.66859
E05013678,2024-09,0.7353533
E05013678,2024-10,0.75201267
E05013678,2024-11,0.75201267
E05013678,2024-12,0.79317117
E05013678,2025-01,0.79317117
E05013678,2025-02,0.8617398
E05013679,2024-08,3.3930283
E05013679,2024-09,3.2602544
E05013679,2024-10,3.4336493
E05013679,2024-11,4.0894394
E05013679,2024-12,3.9542203
E05013679,2025-01,3.8037968
E05013679,2025-02,3.3871064
E05013680,2024-08,2.5187523
E05013680,2024-09,2.826933
E05013680,2024-10,2.5751555
E05013680,2024-11,2.5751555
E05013680,2024-12,2.6857936
E05013680,2025-01,2.7442074
E05013680,2025-02,3.0237703
E05013681,2024-08,1.4130806
E05013681,2024-09,1.4519794
E05013681,2024-10,1.5282686
E05013681,2024-11,1.3883609
E05013681,2024-12,1.319792
E05013681,2025-01,1.5890712
E05013681,2025-02,1.5400606
E05013682,2024-08,4.073689
E05013682,2024-09,3.6228657
E05013682,2024-10,3.718201
E05013682,2024-11,3.302952
E05013682,2024-12,3.7537994
E05013682,2025-01,3.4921515
E05013682,2025-02,3.7702425
E05013683,2024-08,3.0466194
E05013683,2024-09,2.8145385
E05013683,2024-10,3.2412066
E05013683,2024-11,3.2447684
E05013683,2024-12,3.2067444
E05013683,2025-01,3.1457095
E05013683,2025-02,3.2068896
E05013684,2024-08,1.5111829
E05013684,2024-09,1.5500817
E05013684,2024-10,1.5667411
E05013684,2024-11,1.6871737
E05013684,2024-12,1.713965
E05013684,2025-01,1.713965
E05013684,2025-02,1.722217
E05013685,2024-08,3.5174897
E05013685,2024-09,3.5554729
E05013685,2024-10,3.1585565
E05013685,2024-11,3.1081023
E05013685,2024-12,3.2227695
E05013685,2025-01,3.0472996
E05013685,2025-02,3.021676
E05013686,2024-08,3.259247
E05013686,2024-09,3.7513232
E05013686,2024-10,3.7964933
E05013686,2024-11,4.306334
E05013686,2024-12,3.7831392
E05013686,2025-01,3.6516893
E05013686,2025-02,3.1762435
E05013687,2024-08,1.2634194
E05013687,2024-09,1.430517
E05013687,2024-10,1.4471763
E05013687,2024-11,1.4471763
E05013687,2024-12,1.4471763
E05013687,2025-01,1.4471763
E05013687,2025-02,1.6478865
E05013688,2024-08,3.3478057
E05013688,2024-09,3.0880873
E05013688,2024-10,2.9349396
E05013688,2024-11,3.049906
E05013688,2024-12,2.9957423
E05013688,2025-01,3.2542448
E05013688,2025-02,3.4504783
E05013689,2024-08,1.8090184
E05013689,2024-09,1.8433893
E05013689,2024-10,1.8353914
E05013689,2024-11,1.8661343
E05013689,2024-12,1.8661343
E05013689,2025-01,1.9269371
E05013689,2025-02,1.8844023
E05013690,2024-08,0.6087623
E05013690,2024-09,0.64297426
E05013690,2024-10,0.65963364
E05013690,2024-11,0.65963364
E05013690,2024-12,0.670995
E05013690,2025-01,0.65963364
E05013690,2025-02,0.65963364
E05013691,2024-08,2.5414252
E05013691,2024-09,2.7076268
E05013691,2024-10,2.7863762
E05013691,2024-11,2.6132135
E05013691,2024-12,2.828748
E05013691,2025-01,2.812463
E05013691,2025-02,3.124908
E05013692,2024-08,1.8854978
E05013692,2024-09,1.9715534
E05013692,2024-10,2.0199199
E05013692,2024-11,1.921702
E05013692,2024-12,2.0875108
E05013692,2025-01,2.1131344
E05013692,2025-02,2.0751534
E05013693,2024-08,3.2779193
E05013693,2024-09,3.407208
E05013693,2024-10,3.4313602
E05013693,2024-11,3.748263
E05013693,2024-12,3.9251268
E05013693,2025-01,3.3602066
E05013693,2025-02,3.4843347
E05013694,2024-08,3.6865275
E05013694,2024-09,3.6435351
E05013694,2024-10,4.069754
E05013694,2024-11,4.5149126
E05013694,2024-12,4.666394
E05013694,2025-01,4.677099
E05013694,2025-02,4.4390974
E05013695,2024-08,0.76177514
E05013695,2024-09,0.82853824
E05013695,2024-10,0.8451976
E05013695,2024-11,0.8451976
E05013695,2024-12,0.856559
E05013695,2025-01,0.8451976
E05013695,2025-02,0.8451976
E05013696,2024-08,2.6672103
E05013696,2024-09,2.6036966
E05013696,2024-10,2.8780653
E05013696,2024-11,2.8121097
E05013696,2024-12,2.8121097
E05013696,2025-01,2.8105407
E05013696,2025-02,2.8421717
E05013697,2024-08,8.028316
E05013697,2024-09,8.035138
E05013697,2024-10,9.016712
E05013697,2024-11,8.459005
E05013697,2024-12,8.178953
E05013697,2025-01,8.248648
E05013697,2025-02,8.475486
E05013698,2024-08,6.5867825
E05013698,2024-09,6.918095
E05013698,2024-10,6.124303
E05013698,2024-11,6.770613
E05013698,2024-12,7.1009836
E05013698,2025-01,6.9886217
E05013698,2025-02,6.8713717
E05013699,2024-08,12.615757
E05013699,2024-09,11.740391
E05013699,2024-10,11.925621
E05013699,2024-11,12.060101
E05013699,2024-12,12.163912
E05013699,2025-01,12.706835
E05013699,2025-02,12.010578
E05013700,2024-08,6.4412723
E05013700,2024-09,6.5206833
E05013700,2024-10,6.161254
E05013700,2024-11,6.4443564
E05013700,2024-12,6.372334
E05013700,2025-01,6.658093
E05013700,2025-02,6.5080867
E05013701,2024-08,8.237221
E05013701,2024-09,8.183412
E05013701,2024-10,8.590402
E05013701,2024-11,9.184485
E05013701,2024-12,8.998071
E05013701,2025-01,9.609119
E05013701,2025-02,8.984173
E05013702,2024-08,8.081222
E05013702,2024-09,8.483994
E05013702,2024-10,9.005848
E05013702,2024-11,9.119845
E05013702,2024-12,9.277637
E05013702,2025-01,9.5717535
E05013702,2025-02,9.207155
E05013703,2024-08,10.289958
E05013703,2024-09,11.703377
E05013703,2024-10,10.012311
E05013703,2024-11,10.311302
E05013703,2024-12,10.647313
E05013703,2025-01,11.226099
E05013703,2025-02,10.435043
E05013704,2024-08,6.6834292
E05013704,2024-09,6.00089
E05013704,2024-10,6.5565357
E05013704,2024-11,6.8074274
E05013704,2024-12,6.119298
E05013704,2025-01,5.9106073
E05013704,2025-02,6.0627003
E05013705,2024-08,8.041993
E05013705,2024-09,8.58212
E05013705,2024-10,8.59872
E05013705,2024-11,9.702981
E05013705,2024-12,9.955199
E05013705,2025-01,11.2903385
E05013705,2025-02,10.935431
E05013706,2024-08,9.58369
E05013706,2024-09,9.481185
E05013706,2024-10,10.231661
E05013706,2024-11,10.513228
E05013706,2024-12,10.369358
E05013706,2025-01,10.578822
E05013706,2025-02,10.137547
E05013707,2024-08,8.2848215
E05013707,2024-09,7.8474927
E05013707,2024-10,8.279019
E05013707,2024-11,8.226771
E05013707,2024-12,9.139383
E05013707,2025-01,9.949179
E05013707,2025-02,9.153838
E05013708,2024-08,9.930339
E05013708,2024-09,9.756448
E05013708,2024-10,10.059287
E05013708,2024-11,10.119117
E05013708,2024-12,9.883682
E05013708,2025-01,9.897035
E05013708,2025-02,9.564182
E05013709,2024-08,6.200805
E05013709,2024-09,5.8337994
E05013709,2024-10,5.623682
E05013709,2024-11,5.168821
E05013709,2024-12,6.462175
E05013709,2025-01,6.930425
E05013709,2025-02,5.660316
E05013710,2024-08,9.6496935
E05013710,2024-09,9.980917
E05013710,2024-10,8.17791
E05013710,2024-11,9.00996
E05013710,2024-12,9.204726
E05013710,2025-01,9.0268955
E05013710,2025-02,9.190214
E05013711,2024-08,12.39516
E05013711,2024-09,12.062487
E05013711,2024-10,12.041612
E05013711,2024-11,12.211925
E05013711,2024-12,12.2220955
E05013711,2025-01,13.147765
E05013711,2025-02,12.127945
E05013712,2024-08,10.830064
E05013712,2024-09,11.530674
E05013712,2024-10,10.901034
E05013712,2024-11,11.008649
E05013712,2024-12,10.51833
E05013712,2025-01,11.734609
E05013712,2025-02,11.135136
E05013713,2024-08,7.225245
E05013713,2024-09,7.6830077
E05013713,2024-10,7.5471597
E05013713,2024-11,8.439605
E05013713,2024-12,8.513537
E05013713,2025-01,8.39888
E05013713,2025-02,8.747743
E05013714,2024-08,1.9490498
E05013714,2024-09,2.108469
E05013714,2024-10,2.1190622
E05013714,2024-11,2.1190622
E05013714,2024-12,1.9791545
E05013714,2025-01,2.179865
E05013714,2025-02,2.1916568
E05013715,2024-08,3.5013058
E05013715,2024-09,3.7640345
E05013715,2024-10,3.7615182
E05013715,2024-11,3.6995378
E05013715,2024-12,3.3077013
E05013715,2025-01,3.6660273
E05013715,2025-02,3.4386656
E05013716,2024-08,6.9548235
E05013716,2024-09,6.750251
E05013716,2024-10,6.4704843
E05013716,2024-11,6.467914
E05013716,2024-12,6.7648373
E05013716,2025-01,7.0077267
E05013716,2025-02,6.602417
E05013717,2024-08,2.717749
E05013717,2024-09,2.6094847
E05013717,2024-10,2.6226742
E05013717,2024-11,2.6423852
E05013717,2024-12,2.87525
E05013717,2025-01,2.6892636
E05013717,2025-02,2.8164382
E05013718,2024-08,2.8070066
E05013718,2024-09,2.8123834
E05013718,2024-10,2.8170865
E05013718,2024-11,2.8487175
E05013718,2024-12,2.7879148
E05013718,2025-01,2.7879148
E05013718,2025-02,2.9028811
E05013719,2024-08,10.456289
E05013719,2024-09,11.88898
E05013719,2024-10,9.326038
E05013719,2024-11,8.978354
E05013719,2024-12,8.289436
E05013719,2025-01,8.879371
E05013719,2025-02,8.582492
E05013720,2024-08,2.339583
E05013720,2024-09,2.3678977
E05013720,2024-10,2.4590046
E05013720,2024-11,2.5339491
E05013720,2024-12,2.5595727
E05013720,2025-01,2.5713646
E05013720,2025-02,2.4731464
E05013721,2024-08,4.359504
E05013721,2024-09,4.326125
E05013721,2024-10,4.3276434
E05013721,2024-11,3.9818006
E05013721,2024-12,4.508836
E05013721,2025-01,4.1619806
E05013721,2025-02,4.07697
E05013722,2024-08,2.552482
E05013722,2024-09,2.5094895
E05013722,2024-10,3.1033976
E05013722,2024-11,3.0871127
E05013722,2024-12,3.1664271
E05013722,2025-01,2.9586337
E05013722,2025-02,2.897831
E05013723,2024-08,1.626558
E05013723,2024-09,1.8829703
E05013723,2024-10,1.7830251
E05013723,2024-11,2.027572
E05013723,2024-12,2.027572
E05013723,2025-01,2.027572
E05013723,2025-02,2.2117553
E05013724,2024-08,4.067185
E05013724,2024-09,4.2652607
E05013724,2024-10,4.227239
E05013724,2024-11,4.041033
E05013724,2024-12,3.9692159
E05013724,2025-01,3.9451141
E05013724,2025-02,4.1907945
E05013725,2024-08,2.5966587
E05013725,2024-09,2.5345402
E05013725,2024-10,2.6423852
E05013725,2024-11,2.5815825
E05013725,2024-12,2.6132135
E05013725,2025-01,2.7040782
E05013725,2025-02,2.6858082
E05013726,2024-08,2.8903475
E05013726,2024-09,2.8789861
E05013726,2024-10,2.8639781
E05013726,2024-11,2.9153202
E05013726,2024-12,2.8228865
E05013726,2025-01,2.9153202
E05013726,2025-02,2.8956091
E05013727,2024-08,7.673132
E05013727,2024-09,7.0428276
E05013727,2024-10,7.023172
E05013727,2024-11,7.353531
E05013727,2024-12,7.236048
E05013727,2025-01,7.1757536
E05013727,2025-02,6.84756
E05013728,2024-08,6.3476343
E05013728,2024-09,6.13259
E05013728,2024-10,5.640386
E05013728,2024-11,5.6466084
E05013728,2024-12,5.9391713
E05013728,2025-01,6.1032677
E05013728,2025-02,5.802445
E05013729,2024-08,4.520608
E05013729,2024-09,4.184517
E05013729,2024-10,4.8703303
E05013729,2024-11,4.5137076
E05013729,2024-12,4.859337
E05013729,2025-01,4.593225
E05013729,2025-02,4.555346
E05013730,2024-08,5.7472844
E05013730,2024-09,5.357239
E05013730,2024-10,5.3101077
E05013730,2024-11,5.310344
E05013730,2024-12,5.371288
E05013730,2025-01,5.3479867
E05013730,2025-02,5.371288
E05013731,2024-08,3.8098364
E05013731,2024-09,3.765985
E05013731,2024-10,3.776936
E05013731,2024-11,4.4696765
E05013731,2024-12,4.2760754
E05013731,2025-01,4.1903963
E05013731,2025-02,3.9451141
E05013732,2024-08,3.2946575
E05013732,2024-09,3.733555
E05013732,2024-10,3.6714745
E05013732,2024-11,4.034078
E05013732,2024-12,4.4531336
E05013732,2025-01,4.729802
E05013732,2025-02,4.345068
E05013733,2024-08,11.0159445
E05013733,2024-09,10.114068
E05013733,2024-10,9.680003
E05013733,2024-11,9.134961
E05013733,2024-12,9.872438
E05013733,2025-01,12.670282
E05013733,2025-02,11.223701
E05013734,2024-08,9.534394
E05013734,2024-09,9.183975
E05013734,2024-10,9.1920185
E05013734,2024-11,9.88639
E05013734,2024-12,9.641473
E05013734,2025-01,10.192219
E05013734,2025-02,9.736967
E05013735,2024-08,7.11397
E05013735,2024-09,6.713757
E05013735,2024-10,6.2169185
E05013735,2024-11,6.1997795
E05013735,2024-12,6.4884434
E05013735,2025-01,6.9027357
E05013735,2025-02,6.1910534
E05013736,2024-08,1.9644237
E05013736,2024-09,2.1019478
E05013736,2024-10,2.1208906
E05013736,2024-11,1.9667695
E05013736,2024-12,1.7830251
E05013736,2025-01,1.7830251
E05013736,2025-02,1.919323
E05013737,2024-08,13.059916
E05013737,2024-09,13.332394
E05013737,2024-10,12.340401
E05013737,2024-11,12.395675
E05013737,2024-12,12.512726
E05013737,2025-01,14.798433
E05013737,2025-02,12.414859
E05013738,2024-08,9.336785
E05013738,2024-09,8.962842
E05013738,2024-10,9.269287
E05013738,2024-11,9.623021
E05013738,2024-12,9.695537
E05013738,2025-01,9.542279
E05013738,2025-02,9.429431
E05013739,2024-08,9.139776
E05013739,2024-09,9.475541
E05013739,2024-10,9.317985
E05013739,2024-11,10.245019
E05013739,2024-12,10.484717
E05013739,2025-01,10.580544
E05013739,2025-02,10.360919
E05013740,2024-08,9.474282
E05013740,2024-09,8.539952
E05013740,2024-10,9.7998905
E05013740,2024-11,9.710235
E05013740,2024-12,10.413056
E05013740,2025-01,10.91013
E05013740,2025-02,10.430157
E05013741,2024-08,4.892649
E05013741,2024-09,5.4846387
E05013741,2024-10,5.466979
E05013741,2024-11,6.275793
E05013741,2024-12,5.6923866
E05013741,2025-01,5.155891
E05013741,2025-02,5.3088875
E05013742,2024-08,4.643121
E05013742,2024-09,3.888898
E05013742,2024-10,4.0881906
E05013742,2024-11,4.9430866
E05013742,2024-12,4.9246087
E05013742,2025-01,4.567271
E05013742,2025-02,4.3898926
E05013743,2024-08,8.371946
E05013743,2024-09,9.022092
E05013743,2024-10,9.009465
E05013743,2024-11,8.91163
E05013743,2024-12,9.025632
E05013743,2025-01,8.32507
E05013743,2025-02,9.218529
E05013744,2024-08,3.056835
E05013744,2024-09,4.0508204
E05013744,2024-10,3.2536757
E05013744,2024-11,3.4710724
E05013744,2024-12,3.102003
E05013744,2025-01,3.0173979
E05013744,2025-02,2.9565952
E05013745,2024-08,5.1211147
E05013745,2024-09,5.499449
E05013745,2024-10,5.3559175
E05013745,2024-11,5.04487
E05013745,2024-12,4.714647
E05013745,2025-01,5.841035
E05013745,2025-02,5.1561265
E05013746,2024-08,6.5697927
E05013746,2024-09,5.471912
E05013746,2024-10,5.6018662
E05013746,2024-11,5.6238613
E05013746,2024-12,5.497367
E05013746,2025-01,5.4549623
E05013746,2025-02,5.1057463
E05013747,2024-08,7.012971
E05013747,2024-09,7.535063
E05013747,2024-10,7.1351695
E05013747,2024-11,6.898877
E05013747,2024-12,6.9032054
E05013747,2025-01,7.169396
E05013747,2025-02,6.886921
E05013748,2024-08,7.740553
E05013748,2024-09,8.15213
E05013748,2024-10,7.8671837
E05013748,2024-11,8.272318
E05013748,2024-12,8.808885
E05013748,2025-01,9.903444
E05013748,2025-02,9.1549
E05013749,2024-08,10.2681265
E05013749,2024-09,9.755822
E05013749,2024-10,9.539542
E05013749,2024-11,9.627894
E05013749,2024-12,10.153586
E05013749,2025-01,10.648123
E05013749,2025-02,10.16815
E05013750,2024-08,2.1838489
E05013750,2024-09,2.213413
E05013750,2024-10,2.3164399
E05013750,2024-11,2.2753482
E05013750,2024-12,2.739184
E05013750,2025-01,2.5380626
E05013750,2025-02,2.5375993
E05013751,2024-08,8.230922
E05013751,2024-09,8.298692
E05013751,2024-10,8.092183
E05013751,2024-11,8.386474
E05013751,2024-12,8.320855
E05013751,2025-01,8.034863
E05013751,2025-02,7.4537334
E05013752,2024-08,4.3414674
E05013752,2024-09,4.274162
E05013752,2024-10,4.160241
E05013752,2024-11,3.6439896
E05013752,2024-12,4.3325963
E05013752,2025-01,4.0501213
E05013752,2025-02,4.0366845
E05013753,2024-08,4.430279
E05013753,2024-09,4.697754
E05013753,2024-10,4.4923344
E05013753,2024-11,5.484811
E05013753,2024-12,5.0445814
E05013753,2025-01,5.749829
E05013753,2025-02,5.276271
E05013754,2024-08,0.74943775
E05013754,2024-09,0.77504265
E05013754,2024-10,0.79170203
E05013754,2024-11,0.79170203
E05013754,2024-12,0.83286047
E05013754,2025-01,0.83286047
E05013754,2025-02,0.8446525
E05013755,2024-08,1.6182089
E05013755,2024-09,1.8031286
E05013755,2024-10,2.156606
E05013755,2024-11,2.3668084
E05013755,2024-12,2.372476
E05013755,2025-01,2.2081633
E05013755,2025-02,2.5741794
E05013756,2024-08,1.3319882
E05013756,2024-09,1.3619483
E05013756,2024-10,1.6478865
E05013756,2024-11,1.5870839
E05013756,2024-12,1.6335863
E05013756,2025-01,1.6478865
E05013756,2025-02,1.5870839
E05013757,2024-08,0.6087623
E05013757,2024-09,0.64297426
E05013757,2024-10,0.65963364
E05013757,2024-11,0.65963364
E05013757,2024-12,0.65963364
E05013757,2025-01,0.65963364
E05013757,2025-02,0.65963364
E05013758,2024-08,0.91258794
E05013758,2024-09,1.7988619
E05013758,2024-10,1.4168363
E05013758,2024-11,1.2684195
E05013758,2024-12,1.2566274
E05013758,2025-01,1.3327624
E05013758,2025-02,1.4059683
E05013759,2024-08,1.8312482
E05013759,2024-09,1.9420114
E05013759,2024-10,2.1721864
E05013759,2024-11,2.9699798
E05013759,2024-12,2.4678445
E05013759,2025-01,2.3269188
E05013759,2025-02,2.462666
E05013760,2024-08,1.3501402
E05013760,2024-09,1.4032986
E05013760,2024-10,1.419958
E05013760,2024-11,1.419958
E05013760,2024-12,1.419958
E05013760,2025-01,1.419958
E05013760,2025-02,1.28005
E05013761,2024-08,1.3880135
E05013761,2024-09,1.469804
E05013761,2024-10,1.4864634
E05013761,2024-11,1.4864634
E05013761,2024-12,1.4178947
E05013761,2025-01,1.6275437
E05013761,2025-02,1.4864634
E05013762,2024-08,2.8930671
E05013762,2024-09,2.795302
E05013762,2024-10,2.805895
E05013762,2024-11,2.8666978
E05013762,2024-12,2.697646
E05013762,2025-01,2.8983288
E05013762,2025-02,2.9283907
E05013763,2024-08,1.1276147
E05013763,2024-09,1.3707349
E05013763,2024-10,1.4235398
E05013763,2024-11,1.3627372
E05013763,2024-12,1.5002857
E05013763,2025-01,1.3859884
E05013763,2025-02,1.4591942
E05013764,2024-08,1.3604473
E05013764,2024-09,1.6681883
E05013764,2024-10,1.6787815
E05013764,2024-11,1.8912841
E05013764,2024-12,1.8651916
E05013764,2025-01,1.7590595
E05013764,2025-02,1.9145354
E05013765,2024-08,3.7227013
E05013765,2024-09,3.2982714
E05013765,2024-10,3.3440437
E05013765,2024-11,3.2271965
E05013765,2024-12,3.3982074
E05013765,2025-01,3.5637522
E05013765,2025-02,3.4760354
E05013766,2024-08,1.5824342
E05013766,2024-09,1.5704246
E05013766,2024-10,1.7584249
E05013766,2024-11,2.0276062
E05013766,2024-12,1.971452
E05013766,2025-01,1.9367418
E05013766,2025-02,1.7708284
E05013767,2024-08,3.556681
E05013767,2024-09,3.2240605
E05013767,2024-10,3.3155448
E05013767,2024-11,3.3069985
E05013767,2024-12,3.5196066
E05013767,2025-01,3.3150094
E05013767,2025-02,3.0055041
E05013768,2024-08,2.528723
E05013768,2024-09,2.6161633
E05013768,2024-10,2.465334
E05013768,2024-11,2.5261366
E05013768,2024-12,2.4731464
E05013768,2025-01,2.398202
E05013768,2025-02,2.4590046
E05013769,2024-08,1.6847569
E05013769,2024-09,1.941169
E05013769,2024-10,2.281746
E05013769,2024-11,2.2773075
E05013769,2024-12,2.3120177
E05013769,2025-01,2.3148365
E05013769,2025-02,2.8554816
E05013770,2024-08,2.0393603
E05013770,2024-09,2.148785
E05013770,2024-10,2.3946238
E05013770,2024-11,2.352252
E05013770,2024-12,2.3261595
E05013770,2025-01,2.220181
E05013770,2025-02,2.220181
E05013771,2024-08,2.199693
E05013771,2024-09,2.3059251
E05013771,2024-10,2.4137702
E05013771,2024-11,2.568502
E05013771,2024-12,2.5048194
E05013771,2025-01,2.5261302
E05013771,2025-02,2.4690037
E05013772,2024-08,1.9757854
E05013772,2024-09,1.8214338
E05013772,2024-10,2.0024846
E05013772,2024-11,2.156606
E05013772,2024-12,1.8334328
E05013772,2025-01,1.7579378
E05013772,2025-02,1.8187404
E05013773,2024-08,1.3684374
E05013773,2024-09,1.3619483
E05013773,2024-10,1.3786076
E05013773,2024-11,1.6779486
E05013773,2024-12,1.8327003
E05013773,2025-01,1.7071253
E05013773,2025-02,1.7679279
E05013774,2024-08,2.016826
E05013774,2024-09,1.8585036
E05013774,2024-10,1.9703195
E05013774,2024-11,2.2474196
E05013774,2024-12,2.2894833
E05013774,2025-01,2.2547731
E05013774,2025-02,2.156555
E05013775,2024-08,0.9839245
E05013775,2024-09,1.1192565
E05013775,2024-10,1.2758236
E05013775,2024-11,1.1359159
E05013775,2024-12,1.0673472
E05013775,2025-01,1.1770074
E05013775,2025-02,1.2161937
E05013776,2024-08,1.0530744
E05013776,2024-09,1.1015236
E05013776,2024-10,1.1593415
E05013776,2024-11,1.2114815
E05013776,2024-12,1.4014196
E05013776,2025-01,1.3721201
E05013776,2025-02,1.3603281
E05013777,2024-08,0.66859
E05013777,2024-09,0.70280194
E05013777,2024-10,0.7194613
E05013777,2024-11,0.7194613
E05013777,2024-12,0.7194613
E05013777,2025-01,0.7194613
E05013777,2025-02,0.7194613
E05013778,2024-08,0.7082793
E05013778,2024-09,0.77504265
E05013778,2024-10,0.79170203
E05013778,2024-11,0.79170203
E05013778,2024-12,0.83286047
E05013778,2025-01,0.83286047
E05013778,2025-02,0.83286047
E05013779,2024-08,2.0975666
E05013779,2024-09,2.132047
E05013779,2024-10,2.239892
E05013779,2024-11,2.239892
E05013779,2024-12,2.1790893
E05013779,2025-01,2.0708401
E05013779,2025-02,1.916719
E05013780,2024-08,1.8391584
E05013780,2024-09,1.8808049
E05013780,2024-10,1.8661343
E05013780,2024-11,1.9072261
E05013780,2024-12,1.7120129
E05013780,2025-01,1.6448551
E05013780,2025-02,1.6037636
E05013781,2024-08,2.3078704
E05013781,2024-09,2.4308407
E05013781,2024-10,2.5386858
E05013781,2024-11,2.5189748
E05013781,2024-12,2.585188
E05013781,2025-01,2.6061633
E05013781,2025-02,3.00902
E05013782,2024-08,1.4122661
E05013782,2024-09,1.6068738
E05013782,2024-10,1.6478865
E05013782,2024-11,1.5870839
E05013782,2024-12,1.5870839
E05013782,2025-01,1.5870839
E05013782,2025-02,1.8857948
E05013783,2024-08,3.8542159
E05013783,2024-09,3.8702896
E05013783,2024-10,3.4795346
E05013783,2024-11,3.5051582
E05013783,2024-12,3.2768774
E05013783,2025-01,3.3085084
E05013783,2025-02,3.2768774
E05013784,2024-08,1.454047
E05013784,2024-09,1.6437496
E05013784,2024-10,1.7915134
E05013784,2024-11,1.6105139
E05013784,2024-12,1.7318834
E05013784,2025-01,1.6907918
E05013784,2025-02,1.8112245
E05013785,2024-08,2.698038
E05013785,2024-09,2.7216897
E05013785,2024-10,2.7173297
E05013785,2024-11,2.6976187
E05013785,2024-12,2.4733336
E05013785,2025-01,2.6423852
E05013785,2025-02,2.7040782
E05013786,2024-08,3.219713
E05013786,2024-09,3.322743
E05013786,2024-10,3.3640769
E05013786,2024-11,3.5946734
E05013786,2024-12,3.7026086
E05013786,2025-01,4.03465
E05013786,2025-02,4.104953
E05013787,2024-08,1.8903241
E05013787,2024-09,2.0250862
E05013787,2024-10,2.0603366
E05013787,2024-11,2.1966343
E05013787,2024-12,2.3048832
E05013787,2025-01,2.1826668
E05013787,2025-02,2.5008585
E05013788,2024-08,1.2675227
E05013788,2024-09,1.1943778
E05013788,2024-10,1.2110372
E05013788,2024-11,1.3920367
E05013788,2024-12,1.2110372
E05013788,2025-01,1.2110372
E05013788,2025-02,1.2110372
E05013789,2024-08,1.9700053
E05013789,2024-09,2.0929754
E05013789,2024-10,2.1400177
E05013789,2024-11,2.1400177
E05013789,2024-12,2.878707
E05013789,2025-01,2.5531774
E05013789,2025-02,3.1532385
E05013790,2024-08,2.0590713
E05013790,2024-09,2.2062836
E05013790,2024-10,1.9895494
E05013790,2024-11,2.3077414
E05013790,2024-12,2.3077414
E05013790,2025-01,2.2168767
E05013790,2025-02,2.2168767
E05013791,2024-08,1.5279211
E05013791,2024-09,1.646161
E05013791,2024-10,1.8827101
E05013791,2024-11,1.8629991
E05013791,2024-12,2.0715415
E05013791,2025-01,2.0250394
E05013791,2025-02,1.8101153
E05013792,2024-08,5.9829674
E05013792,2024-09,6.2807918
E05013792,2024-10,6.257383
E05013792,2024-11,6.40479
E05013792,2024-12,5.7091417
E05013792,2025-01,6.359392
E05013792,2025-02,5.9624887
E05013793,2024-08,18.193466
E05013793,2024-09,22.439579
E05013793,2024-10,22.739893
E05013793,2024-11,25.52879
E05013793,2024-12,22.822857
E05013793,2025-01,28.079535
E05013793,2025-02,22.415674
E05013794,2024-08,20.2103
E05013794,2024-09,18.839634
E05013794,2024-10,17.060085
E05013794,2024-11,15.288857
E05013794,2024-12,17.333374
E05013794,2025-01,18.788132
E05013794,2025-02,18.589966
E05013795,2024-08,11.407449
E05013795,2024-09,11.879243
E05013795,2024-10,13.3010235
E05013795,2024-11,14.322549
E05013795,2024-12,16.137682
E05013795,2025-01,13.98877
E05013795,2025-02,13.8244915
E05013796,2024-08,6.445466
E05013796,2024-09,5.8162594
E05013796,2024-10,5.7450266
E05013796,2024-11,6.1538625
E05013796,2024-12,5.7939177
E05013796,2025-01,5.7450266
E05013796,2025-02,5.9745274
E05013797,2024-08,3.4195495
E05013797,2024-09,3.5516756
E05013797,2024-10,3.290096
E05013797,2024-11,3.1047144
E05013797,2024-12,3.102003
E05013797,2025-01,3.3057976
E05013797,2025-02,3.5864162
E05013798,2024-08,9.902059
E05013798,2024-09,8.877162
E05013798,2024-10,8.944589
E05013798,2024-11,9.238881
E05013798,2024-12,9.107972
E05013798,2025-01,9.411362
E05013798,2025-02,8.964841
E05013799,2024-08,10.689895
E05013799,2024-09,10.145677
E05013799,2024-10,9.788639
E05013799,2024-11,10.344596
E05013799,2024-12,10.257449
E05013799,2025-01,11.024997
E05013799,2025-02,10.052439
E05013800,2024-08,11.560758
E05013800,2024-09,12.016539
E05013800,2024-10,11.397368
E05013800,2024-11,11.877379
E05013800,2024-12,11.737332
E05013800,2025-01,12.328788
E05013800,2025-02,11.37894
E05013801,2024-08,19.687584
E05013801,2024-09,20.249601
E05013801,2024-10,25.887142
E05013801,2024-11,21.537851
E05013801,2024-12,20.486269
E05013801,2025-01,24.577332
E05013801,2025-02,22.177357
E05013802,2024-08,12.156277
E05013802,2024-09,11.214652
E05013802,2024-10,12.165987
E05013802,2024-11,11.614223
E05013802,2024-12,11.629439
E05013802,2025-01,12.087521
E05013802,2025-02,11.722967
E05013803,2024-08,7.290927
E05013803,2024-09,6.863304
E05013803,2024-10,7.023384
E05013803,2024-11,7.8870735
E05013803,2024-12,8.180977
E05013803,2025-01,8.423515
E05013803,2025-02,8.366381
E05013804,2024-08,12.702212
E05013804,2024-09,12.143344
E05013804,2024-10,11.208772
E05013804,2024-11,10.971709
E05013804,2024-12,12.064692
E05013804,2025-01,12.111542
E05013804,2025-02,11.6295595
E05013805,2024-08,3.688236
E05013805,2024-09,3.6965911
E05013805,2024-10,3.3877068
E05013805,2024-11,3.5417757
E05013805,2024-12,3.3735964
E05013805,2025-01,3.8960388
E05013805,2025-02,3.7441697
E05013806,2024-08,8.352259
E05013806,2024-09,7.133969
E05013806,2024-10,7.1552444
E05013806,2024-11,6.81662
E05013806,2024-12,6.7295003
E05013806,2025-01,6.842653
E05013806,2025-02,6.6376424
E05013807,2024-08,10.920112
E05013807,2024-09,10.557533
E05013807,2024-10,10.477849
E05013807,2024-11,10.321515
E05013807,2024-12,10.651029
E05013807,2025-01,11.379669
E05013807,2025-02,10.47358
E05013808,2024-08,16.017256
E05013808,2024-09,15.56389
E05013808,2024-10,11.109724
E05013808,2024-11,12.470084
E05013808,2024-12,13.289115
E05013808,2025-01,16.206587
E05013808,2025-02,15.180405
E05013809,2024-08,10.289958
E05013809,2024-09,10.231362
E05013809,2024-10,10.160386
E05013809,2024-11,10.28752
E05013809,2024-12,10.629127
E05013809,2025-01,11.117235
E05013809,2025-02,10.505327
E05013810,2024-08,2.1340158
E05013810,2024-09,2.2913136
E05013810,2024-10,2.3326476
E05013810,2024-11,2.3326476
E05013810,2024-12,2.1790893
E05013810,2025-01,2.3148365
E05013810,2025-02,2.3148365
E05013811,2024-08,0.9317841
E05013811,2024-09,1.0506878
E05013811,2024-10,1.0152069
E05013811,2024-11,1.0152069
E05013811,2024-12,1.0673472
E05013811,2025-01,1.0673472
E05013811,2025-02,1.1359159
E05013812,2024-08,3.2105935
E05013812,2024-09,3.3511517
E05013812,2024-10,3.3405757
E05013812,2024-11,3.3610904
E05013812,2024-12,2.9171772
E05013812,2025-01,2.8595538
E05013812,2025-02,2.9475386
E05013813,2024-08,1.3319882
E05013813,2024-09,1.8447819
E05013813,2024-10,2.0106947
E05013813,2024-11,1.9609221
E05013813,2024-12,2.5433702
E05013813,2025-01,2.081664
E05013813,2025-02,2.2523978
E05013814,2024-08,2.8618233
E05013814,2024-09,2.7178638
E05013814,2024-10,2.5528276
E05013814,2024-11,2.5939193
E05013814,2024-12,2.6018543
E05013814,2025-01,2.5939193
E05013814,2025-02,2.5761013
E05013815,2024-08,3.7715633
E05013815,2024-09,3.6868877
E05013815,2024-10,3.346615
E05013815,2024-11,3.3877068
E05013815,2024-12,3.222276
E05013815,2025-01,3.2633677
E05013815,2025-02,3.9111972
E05013816,2024-08,3.8964396
E05013816,2024-09,3.669869
E05013816,2024-10,3.0838153
E05013816,2024-11,3.29121
E05013816,2024-12,3.3005486
E05013816,2025-01,3.526598
E05013816,2025-02,2.9302733
E05013817,2024-08,3.3205895
E05013817,2024-09,3.52663
E05013817,2024-10,3.163499
E05013817,2024-11,2.8509507
E05013817,2024-12,3.9502873
E05013817,2025-01,4.0749364
E05013817,2025-02,4.51165
E05013818,2024-08,3.0489628
E05013818,2024-09,3.2441404
E05013818,2024-10,2.7523398
E05013818,2024-11,2.6086645
E05013818,2024-12,2.6694672
E05013818,2025-01,2.5848622
E05013818,2025-02,2.6523397
E05013819,2024-08,1.0119159
E05013819,2024-09,1.1015236
E05013819,2024-10,1.118183
E05013819,2024-11,1.1299751
E05013819,2024-12,1.1646854
E05013819,2025-01,1.118183
E05013819,2025-02,1.2690016
E05013820,2024-08,1.3880135
E05013820,2024-09,1.469804
E05013820,2024-10,1.4864634
E05013820,2024-11,1.6078327
E05013820,2024-12,1.7336761
E05013820,2025-01,1.8072151
E05013820,2025-02,1.6381632
E05013821,2024-08,1.4606785
E05013821,2024-09,1.4032986
E05013821,2024-10,1.3603281
E05013821,2024-11,1.28005
E05013821,2024-12,1.2114815
E05013821,2025-01,1.3408526
E05013821,2025-02,1.2114815
E05013822,2024-08,1.2675227
E05013822,2024-09,1.3342857
E05013822,2024-10,1.4117477
E05013822,2024-11,1.3920367
E05013822,2024-12,1.3509451
E05013822,2025-01,1.3509451
E05013822,2025-02,1.3920367
E05013823,2024-08,1.3712753
E05013823,2024-09,2.2853088
E05013823,2024-10,2.2789996
E05013823,2024-11,2.2402346
E05013823,2024-12,2.1294236
E05013823,2025-01,1.9966462
E05013823,2025-02,1.9966462
E05013824,2024-08,1.8459666
E05013824,2024-09,1.7716472
E05013824,2024-10,2.499406
E05013824,2024-11,2.2318492
E05013824,2024-12,2.2286806
E05013824,2025-01,2.3464658
E05013824,2025-02,2.2314994
E05013825,2024-08,0.87142956
E05013825,2024-09,0.9381927
E05013825,2024-10,0.9548521
E05013825,2024-11,1.1089536
E05013825,2024-12,1.1632221
E05013825,2025-01,1.2087896
E05013825,2025-02,1.1167197
E05013826,2024-08,2.022622
E05013826,2024-09,2.310918
E05013826,2024-10,2.3627095
E05013826,2024-11,2.2914493
E05013826,2024-12,2.3148365
E05013826,2025-01,2.1790893
E05013826,2025-02,2.1790893
E05013827,2024-08,1.2731727
E05013827,2024-09,2.0748463
E05013827,2024-10,1.9340729
E05013827,2024-11,1.9035498
E05013827,2024-12,1.9269371
E05013827,2025-01,1.8661343
E05013827,2025-02,1.7120129
E05013828,2024-08,1.8091418
E05013828,2024-09,2.108469
E05013828,2024-10,2.179865
E05013828,2024-11,2.1308541
E05013828,2024-12,2.440173
E05013828,2025-01,2.6093094
E05013828,2025-02,2.7540975
E05013829,2024-08,2.0272028
E05013829,2024-09,2.276547
E05013829,2024-10,2.2871401
E05013829,2024-11,3.0892286
E05013829,2024-12,2.543473
E05013829,2025-01,2.8164382
E05013829,2025-02,2.7173297
E05013882,2024-08,6.727401
E05013882,2024-09,6.4309096
E05013882,2024-10,5.662969
E05013882,2024-11,6.056682
E05013882,2024-12,5.7135935
E05013882,2025-01,5.2843843
E05013882,2025-02,5.2427635
E05013883,2024-08,3.964423
E05013883,2024-09,6.0648966
E05013883,2024-10,6.4287133
E05013883,2024-11,6.531345
E05013883,2024-12,5.053719
E05013883,2025-01,4.4706616
E05013883,2025-02,4.645125
E05013884,2024-08,3.2490752
E05013884,2024-09,3.2490752
E05013884,2024-10,3.0430214
E05013884,2024-11,3.0430214
E05013884,2024-12,3.0730834
E05013884,2025-01,3.1047144
E05013884,2025-02,3.586988
E05013885,2024-08,0.80157757
E05013885,2024-09,0.8162011
E05013885,2024-10,0.79170203
E05013885,2024-11,0.83286047
E05013885,2024-12,0.83286047
E05013885,2025-01,1.0608741
E05013885,2025-02,0.965361
E05013886,2024-08,1.3534507
E05013886,2024-09,1.3717015
E05013886,2024-10,1.4294524
E05013886,2024-11,1.5890712
E05013886,2024-12,1.5282686
E05013886,2025-01,1.5890712
E05013886,2025-02,1.5282686
E05013887,2024-08,2.108775
E05013887,2024-09,2.7700295
E05013887,2024-10,2.4575531
E05013887,2024-11,2.5231903
E05013887,2024-12,2.4351425
E05013887,2025-01,2.4548535
E05013887,2025-02,2.3593867
E05013888,2024-08,6.70706
E05013888,2024-09,5.8754373
E05013888,2024-10,4.8574247
E05013888,2024-11,5.5121145
E05013888,2024-12,5.4732614
E05013888,2025-01,4.6545954
E05013888,2025-02,4.670217
E05013889,2024-08,1.1113055
E05013889,2024-09,1.3031327
E05013889,2024-10,1.2264936
E05013889,2024-11,1.2264936
E05013889,2024-12,1.4491634
E05013889,2025-01,1.750404
E05013889,2025-02,1.638606
E05013890,2024-08,0.76177514
E05013890,2024-09,1.0268546
E05013890,2024-10,1.0070648
E05013890,2024-11,1.0070648
E05013890,2024-12,0.9384959
E05013890,2025-01,1.0070648
E05013890,2025-02,1.1481453
E05013891,2024-08,8.101087
E05013891,2024-09,7.9858484
E05013891,2024-10,7.894266
E05013891,2024-11,8.109979
E05013891,2024-12,8.217343
E05013891,2025-01,8.119442
E05013891,2025-02,7.8806076
E05013892,2024-08,1.313691
E05013892,2024-09,1.4511092
E05013892,2024-10,1.419958
E05013892,2024-11,1.419958
E05013892,2024-12,1.419958
E05013892,2025-01,1.419958
E05013892,2025-02,1.419958
E05013893,2024-08,7.3913774
E05013893,2024-09,8.360485
E05013893,2024-10,7.839448
E05013893,2024-11,8.01084
E05013893,2024-12,8.210954
E05013893,2025-01,7.912192
E05013893,2025-02,8.241218
E05013894,2024-08,2.7076075
E05013894,2024-09,2.8266582
E05013894,2024-10,2.561475
E05013894,2024-11,2.5848622
E05013894,2024-12,2.5848622
E05013894,2025-01,2.6104858
E05013894,2025-02,2.6764414
E05013895,2024-08,3.299135
E05013895,2024-09,4.083894
E05013895,2024-10,3.9842987
E05013895,2024-11,3.3396475
E05013895,2024-12,3.2893279
E05013895,2025-01,3.1589746
E05013895,2025-02,2.9468658
E05013896,2024-08,3.8642752
E05013896,2024-09,3.3107898
E05013896,2024-10,3.3420987
E05013896,2024-11,3.3104677
E05013896,2024-12,3.2784584
E05013896,2025-01,3.0765536
E05013896,2025-02,2.9252474
E05013897,2024-08,4.592129
E05013897,2024-09,4.9666862
E05013897,2024-10,4.553942
E05013897,2024-11,3.8614874
E05013897,2024-12,4.2016945
E05013897,2025-01,4.2197375
E05013897,2025-02,3.9996107
E05013898,2024-08,2.9455316
E05013898,2024-09,2.6309395
E05013898,2024-10,2.5042794
E05013898,2024-11,2.5394585
E05013898,2024-12,2.3191063
E05013898,2025-01,2.3269188
E05013898,2025-02,2.2794726
E05013899,2024-08,1.2091393
E05013899,2024-09,1.2705256
E05013899,2024-10,1.3366262
E05013899,2024-11,1.5203701
E05013899,2024-12,1.3978208
E05013899,2025-01,1.3863617
E05013899,2025-02,1.2758236
E05013900,2024-08,1.8264997
E05013900,2024-09,1.7655303
E05013900,2024-10,1.5870839
E05013900,2024-11,1.7584249
E05013900,2024-12,2.2832384
E05013900,2025-01,2.157518
E05013900,2025-02,2.55777
E05013901,2024-08,3.2036762
E05013901,2024-09,3.3023558
E05013901,2024-10,3.1371474
E05013901,2024-11,2.9117534
E05013901,2024-12,3.1426234
E05013901,2025-01,3.0659142
E05013901,2025-02,2.9743056
E05013902,2024-08,4.307711
E05013902,2024-09,4.035291
E05013902,2024-10,4.2924347
E05013902,2024-11,4.140297
E05013902,2024-12,3.7834947
E05013902,2025-01,3.5056093
E05013902,2025-02,3.7848167
E05013903,2024-08,3.9911816
E05013903,2024-09,4.3619514
E05013903,2024-10,4.9098806
E05013903,2024-11,5.1450367
E05013903,2024-12,4.806484
E05013903,2025-01,4.7810335
E05013903,2025-02,4.3537574
E05013904,2024-08,1.0667323
E05013904,2024-09,1.1877484
E05013904,2024-10,1.1930465
E05013904,2024-11,1.0531387
E05013904,2024-12,1.0531387
E05013904,2025-01,1.1334167
E05013904,2025-02,1.0531387
E05013905,2024-08,8.101703
E05013905,2024-09,7.898291
E05013905,2024-10,7.1987357
E05013905,2024-11,7.36191
E05013905,2024-12,7.150098
E05013905,2025-01,7.9219613
E05013905,2025-02,8.366533
E05013906,2024-08,3.6029196
E05013906,2024-09,3.4903736
E05013906,2024-10,3.6335957
E05013906,2024-11,3.4313602
E05013906,2024-12,3.5159657
E05013906,2025-01,3.302952
E05013906,2025-02,3.455462
E05013907,2024-08,6.6628704
E05013907,2024-09,6.570821
E05013907,2024-10,6.548533
E05013907,2024-11,5.92032
E05013907,2024-12,5.7691283
E05013907,2025-01,6.7001224
E05013907,2025-02,6.7461815
E05013908,2024-08,3.4842963
E05013908,2024-09,3.6841369
E05013908,2024-10,3.6335957
E05013908,2024-11,3.4012983
E05013908,2024-12,3.4843347
E05013908,2025-01,3.3696673
E05013908,2025-02,3.2271965
E05013909,2024-08,9.353972
E05013909,2024-09,10.048264
E05013909,2024-10,8.9899645
E05013909,2024-11,9.349219
E05013909,2024-12,9.445479
E05013909,2025-01,9.342628
E05013909,2025-02,8.737386
E05013910,2024-08,2.5425014
E05013910,2024-09,2.8521268
E05013910,2024-10,2.8054097
E05013910,2024-11,3.0778282
E05013910,2024-12,2.8878655
E05013910,2025-01,3.0236645
E05013910,2025-02,2.9408395
E05013911,2024-08,4.307711
E05013911,2024-09,4.0253153
E05013911,2024-10,4.0332932
E05013911,2024-11,4.3066726
E05013911,2024-12,4.3776503
E05013911,2025-01,4.0542593
E05013911,2025-02,4.194041
E05013912,2024-08,6.209246
E05013912,2024-09,6.505502
E05013912,2024-10,6.1663194
E05013912,2024-11,6.22754
E05013912,2024-12,5.97791
E05013912,2025-01,6.1133127
E05013912,2025-02,6.180506
E05013913,2024-08,5.152942
E05013913,2024-09,5.266391
E05013913,2024-10,4.882138
E05013913,2024-11,5.1981387
E05013913,2024-12,5.764118
E05013913,2025-01,5.5766487
E05013913,2025-02,5.0827804
E05013914,2024-08,4.225436
E05013914,2024-09,4.603183
E05013914,2024-10,4.5342507
E05013914,2024-11,5.0502133
E05013914,2024-12,5.363873
E05013914,2025-01,5.7111845
E05013914,2025-02,4.939421
E05013915,2024-08,3.0197794
E05013915,2024-09,2.9075747
E05013915,2024-10,3.0792048
E05013915,2024-11,3.055103
E05013915,2024-12,2.9642384
E05013915,2025-01,2.9994175
E05013915,2025-02,2.87232
E05013916,2024-08,3.9980567
E05013916,2024-09,3.81643
E05013916,2024-10,3.863907
E05013916,2024-11,3.4352047
E05013916,2024-12,3.2511566
E05013916,2025-01,3.965387
E05013916,2025-02,3.2847774
E05013917,2024-08,4.86207
E05013917,2024-09,5.2161036
E05013917,2024-10,4.879003
E05013917,2024-11,6.045395
E05013917,2024-12,4.72134
E05013917,2025-01,4.5902033
E05013917,2025-02,4.2210474
E05013918,2024-08,5.8925505
E05013918,2024-09,5.515142
E05013918,2024-10,5.4185305
E05013918,2024-11,5.3696394
E05013918,2024-12,5.969116
E05013918,2025-01,5.4501615
E05013918,2025-02,5.4122825
E05013919,2024-08,5.7877297
E05013919,2024-09,5.9274926
E05013919,2024-10,5.5857525
E05013919,2024-11,5.5478735
E05013919,2024-12,5.3371854
E05013919,2025-01,5.752749
E05013919,2025-02,5.470274
E05013920,2024-08,5.7017307
E05013920,2024-09,5.723438
E05013920,2024-10,5.615814
E05013920,2024-11,5.8682275
E05013920,2024-12,5.701096
E05013920,2025-01,5.639916
E05013920,2025-02,5.602037
E05013921,2024-08,2.1259825
E05013921,2024-09,2.829885
E05013921,2024-10,2.326928
E05013921,2024-11,2.33806
E05013921,2024-12,2.5866027
E05013921,2025-01,2.6603067
E05013921,2025-02,2.2772572
E05013922,2024-08,1.4130806
E05013922,2024-09,1.5594198
E05013922,2024-10,1.5890712
E05013922,2024-11,1.7846075
E05013922,2024-12,2.1027925
E05013922,2025-01,2.0655618
E05013922,2025-02,2.027683
E05013923,2024-08,1.9490498
E05013923,2024-09,2.2303686
E05013923,2024-10,2.5177302
E05013923,2024-11,2.6093094
E05013923,2024-12,2.8429713
E05013923,2025-01,3.269867
E05013923,2025-02,2.9098427
E05013924,2024-08,5.6256204
E05013924,2024-09,6.130517
E05013924,2024-10,6.1563487
E05013924,2024-11,6.0617743
E05013924,2024-12,5.5423923
E05013924,2025-01,5.6216364
E05013924,2025-02,4.698037
E05013925,2024-08,5.023226
E05013925,2024-09,5.013302
E05013925,2024-10,5.265561
E05013925,2024-11,4.9766197
E05013925,2024-12,4.840025
E05013925,2025-01,5.096247
E05013925,2025-02,4.831856
E05013926,2024-08,2.2869148
E05013926,2024-09,2.5326402
E05013926,2024-10,2.4569275
E05013926,2024-11,2.4569275
E05013926,2024-12,2.5177302
E05013926,2025-01,2.5177302
E05013926,2025-02,2.7763553
E05013927,2024-08,3.4877973
E05013927,2024-09,4.077805
E05013927,2024-10,3.7783828
E05013927,2024-11,3.985786
E05013927,2024-12,3.740504
E05013927,2025-01,3.5864346
E05013927,2025-02,3.740504
E05013928,2024-08,1.1052144
E05013928,2024-09,1.4397478
E05013928,2024-10,1.706359
E05013928,2024-11,1.5422882
E05013928,2024-12,1.419958
E05013928,2025-01,1.694567
E05013928,2025-02,1.6037023
E05013929,2024-08,1.0119159
E05013929,2024-09,1.1015236
E05013929,2024-10,1.118183
E05013929,2024-11,1.1593415
E05013929,2024-12,1.467633
E05013929,2025-01,1.28005
E05013929,2025-02,1.3603281
E05013930,2024-08,3.0209851
E05013930,2024-09,3.1937711
E05013930,2024-10,3.235105
E05013930,2024-11,3.265167
E05013930,2024-12,3.1268148
E05013930,2025-01,3.2711666
E05013930,2025-02,3.0284686
E05013931,2024-08,0.6087623
E05013931,2024-09,0.64297426
E05013931,2024-10,0.65963364
E05013931,2024-11,0.65963364
E05013931,2024-12,0.65963364
E05013931,2025-01,0.65963364
E05013931,2025-02,0.65963364
E05013932,2024-08,0.8078486
E05013932,2024-09,0.87461174
E05013932,2024-10,0.93242955
E05013932,2024-11,0.9845698
E05013932,2024-12,0.9845698
E05013932,2025-01,0.9845698
E05013932,2025-02,0.93242955
E05013933,2024-08,1.8815389
E05013933,2024-09,1.8281522
E05013933,2024-10,1.8751944
E05013933,2024-11,1.8751944
E05013933,2024-12,2.1059668
E05013933,2025-01,2.103029
E05013933,2025-02,2.0679858
E05013934,2024-08,1.0524933
E05013934,2024-09,1.1192565
E05013934,2024-10,1.1359159
E05013934,2024-11,1.1359159
E05013934,2024-12,1.1359159
E05013934,2025-01,1.3366262
E05013934,2025-02,1.2876157
E05013935,2024-08,0.80157757
E05013935,2024-09,0.77504265
E05013935,2024-10,0.79170203
E05013935,2024-11,0.79170203
E05013935,2024-12,0.79170203
E05013935,2025-01,0.8327936
E05013935,2025-02,1.0261638
E05013936,2024-08,0.8701463
E05013936,2024-09,0.93690956
E05013936,2024-10,0.8850002
E05013936,2024-11,0.8850002
E05013936,2024-12,0.99466056
E05013936,2025-01,0.95356894
E05013936,2025-02,0.95356894
E05013937,2024-08,3.2832348
E05013937,2024-09,3.011083
E05013937,2024-10,3.1397333
E05013937,2024-11,2.9459205
E05013937,2024-12,2.870976
E05013937,2025-01,2.9317787
E05013937,2025-02,2.9317787
E05013938,2024-08,3.219713
E05013938,2024-09,3.192113
E05013938,2024-10,3.183883
E05013938,2024-11,3.2935708
E05013938,2024-12,3.2249746
E05013938,2025-01,3.2891324
E05013938,2025-02,3.152252
E05013939,2024-08,1.9029622
E05013939,2024-09,1.9574381
E05013939,2024-10,1.882415
E05013939,2024-11,1.9235066
E05013939,2024-12,1.9660416
E05013939,2025-01,1.662579
E05013939,2025-02,1.9193573
E05013940,2024-08,2.1773965
E05013940,2024-09,2.213215
E05013940,2024-10,1.9978869
E05013940,2024-11,1.9223921
E05013940,2024-12,1.9831947
E05013940,2025-01,2.0704815
E05013940,2025-02,2.2802885
E05013941,2024-08,2.504976
E05013941,2024-09,2.5345402
E05013941,2024-10,2.4274611
E05013941,2024-11,2.8468032
E05013941,2024-12,2.6975944
E05013941,2025-01,2.865501
E05013941,2025-02,2.7745843
E05013942,2024-08,0.76177514
E05013942,2024-09,0.82853824
E05013942,2024-10,0.8451976
E05013942,2024-11,0.8451976
E05013942,2024-12,0.8451976
E05013942,2025-01,0.88628924
E05013942,2025-02,0.8451976
E05013943,2024-08,1.8091418
E05013943,2024-09,2.108469
E05013943,2024-10,2.1190622
E05013943,2024-11,1.9791545
E05013943,2024-12,2.179865
E05013943,2025-01,2.179865
E05013943,2025-02,2.1308541
E05013944,2024-08,2.5966587
E05013944,2024-09,2.5661712
E05013944,2024-10,2.3542554
E05013944,2024-11,2.3192122
E05013944,2024-12,2.3603039
E05013944,2025-01,2.4037268
E05013944,2025-02,2.3626351
E05013945,2024-08,2.096037
E05013945,2024-09,2.0838118
E05013945,2024-10,2.1601539
E05013945,2024-11,2.2904031
E05013945,2024-12,2.3438978
E05013945,2025-01,3.1930745
E05013945,2025-02,2.648258
E05013946,2024-08,1.5448489
E05013946,2024-09,1.6542736
E05013946,2024-10,1.701316
E05013946,2024-11,1.701316
E05013946,2024-12,1.7424076
E05013946,2025-01,1.9679823
E05013946,2025-02,2.123186
E05013967,2024-08,2.0975666
E05013967,2024-09,2.2897918
E05013967,2024-10,2.3627095
E05013967,2024-11,2.6683955
E05013967,2024-12,2.5417912
E05013967,2025-01,2.2718449
E05013967,2025-02,2.287313
E05013968,2024-08,0.6087623
E05013968,2024-09,0.64297426
E05013968,2024-10,0.65963364
E05013968,2024-11,0.65963364
E05013968,2024-12,0.65963364
E05013968,2025-01,0.65963364
E05013968,2025-02,0.65963364
E05013969,2024-08,1.3023297
E05013969,2024-09,1.4032986
E05013969,2024-10,1.419958
E05013969,2024-11,1.3603281
E05013969,2024-12,1.3603281
E05013969,2025-01,1.3603281
E05013969,2025-02,1.28005
E05013970,2024-08,0.69691795
E05013970,2024-09,0.77504265
E05013970,2024-10,0.79170203
E05013970,2024-11,0.83286047
E05013970,2024-12,0.83286047
E05013970,2025-01,1.0608741
E05013970,2025-02,0.95356894
E05013971,2024-08,1.0332972
E05013971,2024-09,1.1114217
E05013971,2024-10,1.1167197
E05013971,2024-11,1.1167197
E05013971,2024-12,1.1280811
E05013971,2025-01,1.1167197
E05013971,2025-02,1.1167197
E05013972,2024-08,0.69691795
E05013972,2024-09,0.9733588
E05013972,2024-10,0.8850002
E05013972,2024-11,0.83286047
E05013972,2024-12,0.83286047
E05013972,2025-01,0.83286047
E05013972,2025-02,0.83286047
E05013973,2024-08,0.8304569
E05013973,2024-09,0.86466897
E05013973,2024-10,1.0026981
E05013973,2024-11,0.96160626
E05013973,2024-12,0.88132834
E05013973,2025-01,0.88132834
E05013973,2025-02,0.81275964
E05013974,2024-08,0.6087623
E05013974,2024-09,0.6543356
E05013974,2024-10,0.65963364
E05013974,2024-11,0.65963364
E05013974,2024-12,0.670995
E05013974,2025-01,0.65963364
E05013974,2025-02,0.65963364
E05013975,2024-08,3.049933
E05013975,2024-09,2.953372
E05013975,2024-10,2.9586337
E05013975,2024-11,2.9586337
E05013975,2024-12,2.9206517
E05013975,2025-01,2.8545175
E05013975,2025-02,2.8639781
E05013976,2024-08,1.3387789
E05013976,2024-09,1.4200368
E05013976,2024-10,1.419958
E05013976,2024-11,1.419958
E05013976,2024-12,1.3603281
E05013976,2025-01,1.28005
E05013976,2025-02,1.2114815
E05013977,2024-08,1.4127893
E05013977,2024-09,1.3601311
E05013977,2024-10,1.1930465
E05013977,2024-11,1.1930465
E05013977,2024-12,1.5841315
E05013977,2025-01,1.5077995
E05013977,2025-02,1.6094191
E05013978,2024-08,1.1618437
E05013978,2024-09,1.5020154
E05013978,2024-10,1.6552954
E05013978,2024-11,1.6670874
E05013978,2024-12,1.6552954
E05013978,2025-01,1.3671656
E05013978,2025-02,1.4403714
E05013979,2024-08,0.6087623
E05013979,2024-09,0.64297426
E05013979,2024-10,0.65963364
E05013979,2024-11,0.65963364
E05013979,2024-12,0.65963364
E05013979,2025-01,0.65963364
E05013979,2025-02,0.65963364
E05013980,2024-08,1.0005546
E05013980,2024-09,1.2998399
E05013980,2024-10,1.2918421
E05013980,2024-11,1.4925526
E05013980,2024-12,1.5623062
E05013980,2025-01,1.5747094
E05013980,2025-02,1.5282071
E05013981,2024-08,3.3757632
E05013981,2024-09,3.020248
E05013981,2024-10,4.069386
E05013981,2024-11,3.863907
E05013981,2024-12,3.7933247
E05013981,2025-01,3.2767801
E05013981,2025-02,3.1762435
E05013982,2024-08,1.4969838
E05013982,2024-09,1.5704246
E05013982,2024-10,1.5870839
E05013982,2024-11,1.6478865
E05013982,2024-12,1.5870839
E05013982,2025-01,1.5870839
E05013982,2025-02,1.5870839
E05013983,2024-08,2.1674435
E05013983,2024-09,2.2990391
E05013983,2024-10,2.2840087
E05013983,2024-11,2.3748734
E05013983,2024-12,2.2168767
E05013983,2025-01,2.400497
E05013983,2025-02,2.2690556
E05013984,2024-08,0.87926435
E05013984,2024-09,1.0152857
E05013984,2024-10,0.97404826
E05013984,2024-11,1.0152069
E05013984,2024-12,1.1770074
E05013984,2025-01,1.1824182
E05013984,2025-02,1.1359159
E05013985,2024-08,1.4009048
E05013985,2024-09,1.5704246
E05013985,2024-10,1.5274541
E05013985,2024-11,1.5870839
E05013985,2024-12,1.5870839
E05013985,2025-01,1.5870839
E05013985,2025-02,1.6281755
E05013986,2024-08,0.6087623
E05013986,2024-09,0.64297426
E05013986,2024-10,0.65963364
E05013986,2024-11,0.65963364
E05013986,2024-12,0.65963364
E05013986,2025-01,0.65963364
E05013986,2025-02,0.65963364
E05013987,2024-08,1.8903241
E05013987,2024-09,2.1252384
E05013987,2024-10,2.0603366
E05013987,2024-11,2.0603366
E05013987,2024-12,2.1211393
E05013987,2025-01,2.6435835
E05013987,2025-02,3.1114361
E05013988,2024-08,0.7082793
E05013988,2024-09,0.77504265
E05013988,2024-10,0.79170203
E05013988,2024-11,0.79170203
E05013988,2024-12,0.83286047
E05013988,2025-01,1.1064417
E05013988,2025-02,1.1064417
E05013989,2024-08,0.6087623
E05013989,2024-09,0.64297426
E05013989,2024-10,0.65963364
E05013989,2024-11,0.65963364
E05013989,2024-12,0.670995
E05013989,2025-01,0.65963364
E05013989,2025-02,0.65963364
E05013990,2024-08,0.74943775
E05013990,2024-09,0.82756245
E05013990,2024-10,0.79170203
E05013990,2024-11,0.83286047
E05013990,2024-12,0.84422183
E05013990,2025-01,0.83286047
E05013990,2025-02,0.83286047
E05013991,2024-08,1.9811617
E05013991,2024-09,1.8114779
E05013991,2024-10,1.9346552
E05013991,2024-11,2.1816933
E05013991,2024-12,2.2281954
E05013991,2025-01,2.2191088
E05013991,2025-02,2.1208906
E05013992,2024-08,0.6087623
E05013992,2024-09,0.6543356
E05013992,2024-10,0.65963364
E05013992,2024-11,0.65963364
E05013992,2024-12,0.670995
E05013992,2025-01,0.65963364
E05013992,2025-02,0.65963364
E05013993,2024-08,0.7082793
E05013993,2024-09,0.77504265
E05013993,2024-10,0.79170203
E05013993,2024-11,0.79170203
E05013993,2024-12,0.83286047
E05013993,2025-01,0.83286047
E05013993,2025-02,0.965361
E05013994,2024-08,1.5343248
E05013994,2024-09,1.5634716
E05013994,2024-10,1.8112245
E05013994,2024-11,1.6105139
E05013994,2024-12,1.8112245
E05013994,2025-01,1.7504219
E05013994,2025-02,1.8112245
E05013995,2024-08,2.036537
E05013995,2024-09,2.1095126
E05013995,2024-10,2.156555
E05013995,2024-11,2.2173576
E05013995,2024-12,2.156555
E05013995,2025-01,2.2291496
E05013995,2025-02,2.156555
E05013996,2024-08,0.6087623
E05013996,2024-09,0.6543356
E05013996,2024-10,0.65963364
E05013996,2024-11,0.65963364
E05013996,2024-12,0.670995
E05013996,2025-01,0.65963364
E05013996,2025-02,0.65963364
E05013997,2024-08,0.66859
E05013997,2024-09,0.78787315
E05013997,2024-10,0.79317117
E05013997,2024-11,0.75201267
E05013997,2024-12,0.96633255
E05013997,2025-01,0.84531087
E05013997,2025-02,0.96676326
E05013998,2024-08,0.6087623
E05013998,2024-09,0.6543356
E05013998,2024-10,0.65963364
E05013998,2024-11,0.65963364
E05013998,2024-12,0.670995
E05013998,2025-01,0.65963364
E05013998,2025-02,0.65963364
E05013999,2024-08,0.9317841
E05013999,2024-09,1.0506878
E05013999,2024-10,1.0673472
E05013999,2024-11,1.1967185
E05013999,2024-12,1.262696
E05013999,2025-01,1.3287072
E05013999,2025-02,1.2758236
E05014000,2024-08,1.2675227
E05014000,2024-09,1.3510239
E05014000,2024-10,1.3509451
E05014000,2024-11,1.4117477
E05014000,2024-12,1.3509451
E05014000,2025-01,1.3509451
E05014000,2025-02,1.3509451
E05014001,2024-08,1.170121
E05014001,2024-09,1.280011
E05014001,2024-10,1.4196992
E05014001,2024-11,1.3382596
E05014001,2024-12,1.5461316
E05014001,2025-01,1.5274541
E05014001,2025-02,1.5274541
E05014002,2024-08,2.8736093
E05014002,2024-09,2.8986971
E05014002,2024-10,2.945382
E05014002,2024-11,3.521768
E05014002,2024-12,3.4790132
E05014002,2025-01,3.3239412
E05014002,2025-02,3.0600128
E05014003,2024-08,0.7082793
E05014003,2024-09,0.786404
E05014003,2024-10,0.79170203
E05014003,2024-11,0.79170203
E05014003,2024-12,0.8907242
E05014003,2025-01,0.8446525
E05014003,2025-02,0.9014292
E05014004,2024-08,1.4885755
E05014004,2024-09,1.5116092
E05014004,2024-10,1.4686388
E05014004,2024-11,1.5890712
E05014004,2024-12,1.5282686
E05014004,2025-01,2.3421493
E05014004,2025-02,2.2128115
E05014005,2024-08,0.87142956
E05014005,2024-09,0.9381927
E05014005,2024-10,0.9548521
E05014005,2024-11,0.9548521
E05014005,2024-12,1.1033157
E05014005,2025-01,1.1893144
E05014005,2025-02,1.2695922
E05014006,2024-08,0.76177514
E05014006,2024-09,0.8398996
E05014006,2024-10,0.8451976
E05014006,2024-11,0.8451976
E05014006,2024-12,0.856559
E05014006,2025-01,0.8451976
E05014006,2025-02,0.8451976
E05014007,2024-08,1.1899432
E05014007,2024-09,1.1803381
E05014007,2024-10,1.1167197
E05014007,2024-11,1.1167197
E05014007,2024-12,1.1280811
E05014007,2025-01,1.1167197
E05014007,2025-02,1.048151
E05014008,2024-08,0.849007
E05014008,2024-09,0.92713153
E05014008,2024-10,1.253849
E05014008,2024-11,1.2459301
E05014008,2024-12,1.3117127
E05014008,2025-01,1.1930465
E05014008,2025-02,1.2280897
E05014009,2024-08,6.570821
E05014009,2024-09,6.7772694
E05014009,2024-10,6.5856457
E05014009,2024-11,6.4815154
E05014009,2024-12,6.4400296
E05014009,2025-01,6.548213
E05014009,2025-02,6.2343926
E05014010,2024-08,4.8128705
E05014010,2024-09,5.1921277
E05014010,2024-10,5.4826474
E05014010,2024-11,4.7280316
E05014010,2024-12,4.6089754
E05014010,2025-01,4.6089754
E05014010,2025-02,4.95702
E05014011,2024-08,4.7670493
E05014011,2024-09,5.073319
E05014011,2024-10,4.6928
E05014011,2024-11,4.520107
E05014011,2024-12,4.742646
E05014011,2025-01,4.9903536
E05014011,2025-02,5.11831
E05014012,2024-08,8.435843
E05014012,2024-09,8.354647
E05014012,2024-10,8.197091
E05014012,2024-11,8.791516
E05014012,2024-12,8.440527
E05014012,2025-01,7.316593
E05014012,2025-02,8.113044
E05014013,2024-08,3.781873
E05014013,2024-09,3.2376761
E05014013,2024-10,3.1709394
E05014013,2024-11,3.145316
E05014013,2024-12,3.2567341
E05014013,2025-01,3.2326324
E05014013,2025-02,3.5474129
E05014014,2024-08,10.381894
E05014014,2024-09,9.69263
E05014014,2024-10,9.250868
E05014014,2024-11,9.449114
E05014014,2024-12,8.621937
E05014014,2025-01,9.592952
E05014014,2025-02,8.819174
E05014015,2024-08,4.356886
E05014015,2024-09,5.5211134
E05014015,2024-10,4.664396
E05014015,2024-11,5.1683073
E05014015,2024-12,4.276192
E05014015,2025-01,4.3217645
E05014015,2025-02,4.1504316
E05014016,2024-08,3.004247
E05014016,2024-09,2.9064817
E05014016,2024-10,2.9946158
E05014016,2024-11,2.953524
E05014016,2024-12,3.064781
E05014016,2025-01,2.6349227
E05014016,2025-02,2.9946158
E05014017,2024-08,1.4130806
E05014017,2024-09,1.5116092
E05014017,2024-10,1.5282686
E05014017,2024-11,1.5693601
E05014017,2024-12,1.5282686
E05014017,2025-01,1.5282686
E05014017,2025-02,1.5693601
E05014018,2024-08,9.37117
E05014018,2024-09,9.189005
E05014018,2024-10,8.744633
E05014018,2024-11,8.706583
E05014018,2024-12,9.399809
E05014018,2025-01,9.056263
E05014018,2025-02,8.578965
E05014019,2024-08,3.4743228
E05014019,2024-09,3.0329416
E05014019,2024-10,3.0730834
E05014019,2024-11,3.1576886
E05014019,2024-12,3.2832649
E05014019,2025-01,3.5864162
E05014019,2025-02,3.4313784
E05014020,2024-08,2.3874843
E05014020,2024-09,2.32135
E05014020,2024-10,2.4291952
E05014020,2024-11,2.6094894
E05014020,2024-12,2.9272122
E05014020,2025-01,2.86244
E05014020,2025-02,2.9255927
E05014021,2024-08,2.572193
E05014021,2024-09,2.728337
E05014021,2024-10,3.0236104
E05014021,2024-11,2.7389302
E05014021,2024-12,2.945382
E05014021,2025-01,2.9586337
E05014021,2025-02,2.9341433
E05014022,2024-08,3.9194205
E05014022,2024-09,4.098866
E05014022,2024-10,3.72475
E05014022,2024-11,3.8574169
E05014022,2024-12,4.6060953
E05014022,2025-01,4.256044
E05014022,2025-02,4.209952
E05014023,2024-08,5.6342826
E05014023,2024-09,5.7802587
E05014023,2024-10,4.908783
E05014023,2024-11,5.688771
E05014023,2024-12,5.225973
E05014023,2025-01,4.870904
E05014023,2025-02,5.0893927
E05014024,2024-08,4.8377223
E05014024,2024-09,5.083181
E05014024,2024-10,5.9396057
E05014024,2024-11,5.5653715
E05014024,2024-12,5.664607
E05014024,2025-01,5.9436493
E05014024,2025-02,6.2423677
E05014025,2024-08,3.9235733
E05014025,2024-09,3.8443303
E05014025,2024-10,4.0510364
E05014025,2024-11,4.0209746
E05014025,2024-12,4.5526276
E05014025,2025-01,4.291572
E05014025,2025-02,4.264705
E05014026,2024-08,6.2416787
E05014026,2024-09,6.6350255
E05014026,2024-10,6.1287074
E05014026,2024-11,5.433664
E05014026,2024-12,6.2737193
E05014026,2025-01,6.1571245
E05014026,2025-02,5.530354
E05014027,2024-08,2.1308856
E05014027,2024-09,2.3048692
E05014027,2024-10,2.5801594
E05014027,2024-11,2.4892948
E05014027,2024-12,2.6763868
E05014027,2025-01,2.5500975
E05014027,2025-02,2.4892948
E05014028,2024-08,4.6626515
E05014028,2024-09,5.48982
E05014028,2024-10,5.1982236
E05014028,2024-11,4.773978
E05014028,2024-12,4.598451
E05014028,2025-01,4.9830933
E05014028,2025-02,4.762311
E05014029,2024-08,2.9742165
E05014029,2024-09,2.977838
E05014029,2024-10,2.9628077
E05014029,2024-11,3.178342
E05014029,2024-12,3.0091882
E05014029,2025-01,3.0347114
E05014029,2025-02,2.9586337
E05014030,2024-08,2.8170323
E05014030,2024-09,2.7962327
E05014030,2024-10,2.810374
E05014030,2024-11,2.8676286
E05014030,2024-12,2.842005
E05014030,2025-01,3.0673041
E05014030,2025-02,2.982019
E05014053,2024-08,3.0192604
E05014053,2024-09,2.685044
E05014053,2024-10,3.6583629
E05014053,2024-11,3.6041992
E05014053,2024-12,3.8020196
E05014053,2025-01,3.495909
E05014053,2025-02,3.758931
E05014054,2024-08,1.4017192
E05014054,2024-09,1.5116092
E05014054,2024-10,2.1289213
E05014054,2024-11,2.2739916
E05014054,2024-12,2.133311
E05014054,2025-01,2.270823
E05014054,2025-02,1.9371785
E05014055,2024-08,0.91258794
E05014055,2024-09,0.9381927
E05014055,2024-10,1.1775223
E05014055,2024-11,1.2087896
E05014055,2024-12,1.2434999
E05014055,2025-01,1.1969975
E05014055,2025-02,1.2380891
E05014056,2024-08,1.0898864
E05014056,2024-09,1.1383357
E05014056,2024-10,1.1549951
E05014056,2024-11,1.3776647
E05014056,2024-12,1.3633645
E05014056,2025-01,1.4697348
E05014056,2025-02,1.5096537
E05014057,2024-08,1.9326583
E05014057,2024-09,2.4319391
E05014057,2024-10,2.7489572
E05014057,2024-11,3.6125233
E05014057,2024-12,3.0204978
E05014057,2025-01,3.0672243
E05014057,2025-02,2.7786577
E05014058,2024-08,1.217489
E05014058,2024-09,1.2591642
E05014058,2024-10,1.2758236
E05014058,2024-11,1.2758236
E05014058,2024-12,1.1955457
E05014058,2025-01,1.3366262
E05014058,2025-02,1.2758236
E05014059,2024-08,0.65722865
E05014059,2024-09,0.70280194
E05014059,2024-10,0.7194613
E05014059,2024-11,0.7194613
E05014059,2024-12,0.7194613
E05014059,2025-01,0.7194613
E05014059,2025-02,0.7194613
E05014060,2024-08,2.6504762
E05014060,2024-09,2.6831079
E05014060,2024-10,2.54971
E05014060,2024-11,3.1962645
E05014060,2024-12,2.7805905
E05014060,2025-01,3.7381964
E05014060,2025-02,3.1068125
E05014061,2024-08,3.9988797
E05014061,2024-09,4.2486043
E05014061,2024-10,3.5160553
E05014061,2024-11,3.5360794
E05014061,2024-12,3.4795346
E05014061,2025-01,3.2768774
E05014061,2025-02,4.0389023
E05014062,2024-08,2.191686
E05014062,2024-09,2.354821
E05014062,2024-10,2.3269188
E05014062,2024-11,2.3269188
E05014062,2024-12,2.21867
E05014062,2025-01,1.9842707
E05014062,2025-02,1.9842707
E05014063,2024-08,2.6911352
E05014063,2024-09,2.4209871
E05014063,2024-10,2.6393704
E05014063,2024-11,2.4680295
E05014063,2024-12,2.4193828
E05014063,2025-01,2.5604632
E05014063,2025-02,3.0237703
E05014064,2024-08,1.4998215
E05014064,2024-09,1.6097118
E05014064,2024-10,1.5667411
E05014064,2024-11,1.6871737
E05014064,2024-12,1.6674627
E05014064,2025-01,1.9174204
E05014064,2025-02,2.0668933
E05014065,2024-08,2.928759
E05014065,2024-09,2.807475
E05014065,2024-10,3.0236104
E05014065,2024-11,3.2969654
E05014065,2024-12,3.892694
E05014065,2025-01,3.6046925
E05014065,2025-02,3.3967545
E05014066,2024-08,4.1891675
E05014066,2024-09,4.294494
E05014066,2024-10,4.0351176
E05014066,2024-11,3.6474178
E05014066,2024-12,3.4210038
E05014066,2025-01,3.5723245
E05014066,2025-02,3.302952
E05014067,2024-08,1.5304793
E05014067,2024-09,1.5709875
E05014067,2024-10,1.6180298
E05014067,2024-11,1.6180298
E05014067,2024-12,1.7253348
E05014067,2025-01,1.8953047
E05014067,2025-02,2.069962
E05014068,2024-08,1.5993025
E05014068,2024-09,1.5180299
E05014068,2024-10,1.3509451
E05014068,2024-11,1.3509451
E05014068,2024-12,1.3509451
E05014068,2025-01,1.3509451
E05014068,2025-02,1.2706671
E05014069,2024-08,3.347571
E05014069,2024-09,3.9801643
E05014069,2024-10,4.1132507
E05014069,2024-11,4.038981
E05014069,2024-12,3.5360794
E05014069,2025-01,3.7810123
E05014069,2025-02,4.0063257
E05014070,2024-08,1.8193328
E05014070,2024-09,2.0132942
E05014070,2024-10,2.1211393
E05014070,2024-11,2.0603366
E05014070,2024-12,2.0603366
E05014070,2025-01,2.1211393
E05014070,2025-02,2.0603366
E05014071,2024-08,3.177274
E05014071,2024-09,3.3306968
E05014071,2024-10,3.3720307
E05014071,2024-11,3.4020927
E05014071,2024-12,3.5817413
E05014071,2025-01,3.5728724
E05014071,2025-02,3.5349936
E05014072,2024-08,2.3964086
E05014072,2024-09,2.7959104
E05014072,2024-10,2.9913135
E05014072,2024-11,2.9371498
E05014072,2024-12,2.5907748
E05014072,2025-01,2.5240595
E05014072,2025-02,2.4483037
E05014073,2024-08,1.6847569
E05014073,2024-09,1.8055428
E05014073,2024-10,1.8412238
E05014073,2024-11,1.9020265
E05014073,2024-12,2.1322727
E05014073,2025-01,2.0975626
E05014073,2025-02,2.024968
E05014074,2024-08,1.6847569
E05014074,2024-09,1.8419921
E05014074,2024-10,2.0857706
E05014074,2024-11,2.251684
E05014074,2024-12,2.2863941
E05014074,2025-01,2.239892
E05014074,2025-02,2.239892
E05014075,2024-08,1.1737831
E05014075,2024-09,1.274752
E05014075,2024-10,1.3603281
E05014075,2024-11,1.4807606
E05014075,2024-12,1.419958
E05014075,2025-01,1.4807606
E05014075,2025-02,1.419958
E05014076,2024-08,3.4114957
E05014076,2024-09,3.4114957
E05014076,2024-10,3.4712093
E05014076,2024-11,3.4411473
E05014076,2024-12,4.0435
E05014076,2025-01,4.2687607
E05014076,2025-02,5.0564623
E05014077,2024-08,1.3505031
E05014077,2024-09,1.4401107
E05014077,2024-10,1.4567701
E05014077,2024-11,1.8972926
E05014077,2024-12,2.3179479
E05014077,2025-01,2.012205
E05014077,2025-02,2.0793326
E05014078,2024-08,1.2419364
E05014078,2024-09,1.3033228
E05014078,2024-10,1.168713
E05014078,2024-11,1.2489908
E05014078,2024-12,1.3694234
E05014078,2025-01,1.3615044
E05014078,2025-02,1.4162587
E05014079,2024-08,1.0530744
E05014079,2024-09,1.1426821
E05014079,2024-10,1.1593415
E05014079,2024-11,1.1593415
E05014079,2024-12,1.467633
E05014079,2025-01,1.4925526
E05014079,2025-02,1.6564873
E05014080,2024-08,12.176174
E05014080,2024-09,12.388445
E05014080,2024-10,12.589879
E05014080,2024-11,12.086799
E05014080,2024-12,11.718759
E05014080,2025-01,12.918556
E05014080,2025-02,12.08028
E05014081,2024-08,2.22584
E05014081,2024-09,2.3810544
E05014081,2024-10,2.5496147
E05014081,2024-11,2.335202
E05014081,2024-12,2.3960047
E05014081,2025-01,2.335202
E05014081,2025-02,2.3210602
E05014082,2024-08,3.1746418
E05014082,2024-09,3.2528667
E05014082,2024-10,3.6762588
E05014082,2024-11,3.4947207
E05014082,2024-12,3.3387904
E05014082,2025-01,3.4089348
E05014082,2025-02,4.42623
E05014083,2024-08,1.2505665
E05014083,2024-09,1.9413184
E05014083,2024-10,1.9008778
E05014083,2024-11,2.1980908
E05014083,2024-12,2.1295745
E05014083,2025-01,2.2489336
E05014083,2025-02,2.106875
E05014084,2024-08,2.939503
E05014084,2024-09,3.343582
E05014084,2024-10,3.2752388
E05014084,2024-11,3.225568
E05014084,2024-12,3.5110795
E05014084,2025-01,3.2850394
E05014084,2025-02,3.3856251
E05014085,2024-08,0.8906257
E05014085,2024-09,0.9573889
E05014085,2024-10,0.97404826
E05014085,2024-11,0.97404826
E05014085,2024-12,0.97404826
E05014085,2025-01,1.2085105
E05014085,2025-02,1.1359159
E05014086,2024-08,1.0855496
E05014086,2024-09,1.0768176
E05014086,2024-10,1.093477
E05014086,2024-11,1.0338471
E05014086,2024-12,1.0740017
E05014086,2025-01,1.1463606
E05014086,2025-02,1.1463606
E05014087,2024-08,4.1337347
E05014087,2024-09,4.3320665
E05014087,2024-10,4.557293
E05014087,2024-11,4.4096403
E05014087,2024-12,4.0386686
E05014087,2025-01,4.0619106
E05014087,2025-02,4.037809
E05014088,2024-08,2.403741
E05014088,2024-09,2.4999688
E05014088,2024-10,2.5595727
E05014088,2024-11,2.398202
E05014088,2024-12,2.5339491
E05014088,2025-01,2.5339491
E05014088,2025-02,2.6255283
E05014089,2024-08,1.1113055
E05014089,2024-09,1.2211956
E05014089,2024-10,1.4609555
E05014089,2024-11,1.4001529
E05014089,2024-12,1.6355735
E05014089,2025-01,1.4686388
E05014089,2025-02,1.5693601
E05014090,2024-08,1.4495298
E05014090,2024-09,1.5283474
E05014090,2024-10,1.5282686
E05014090,2024-11,1.5282686
E05014090,2024-12,1.5282686
E05014090,2025-01,1.4686388
E05014090,2025-02,1.3883609
E05014091,2024-08,1.626558
E05014091,2024-09,1.5960747
E05014091,2024-10,1.6431171
E05014091,2024-11,1.6431171
E05014091,2024-12,1.7233952
E05014091,2025-01,1.5745484
E05014091,2025-02,1.5745484
E05014092,2024-08,5.96668
E05014092,2024-09,6.1373186
E05014092,2024-10,5.4185305
E05014092,2024-11,5.4549212
E05014092,2024-12,5.557837
E05014092,2025-01,5.3395777
E05014092,2025-02,5.59914
E05014093,2024-08,2.719488
E05014093,2024-09,2.687857
E05014093,2024-10,2.9153202
E05014093,2024-11,3.0236104
E05014093,2024-12,3.2955353
E05014093,2025-01,2.9628077
E05014093,2025-02,2.8228865
E05014094,2024-08,5.766241
E05014094,2024-09,5.3298025
E05014094,2024-10,5.7277274
E05014094,2024-11,5.5344214
E05014094,2024-12,6.5124316
E05014094,2025-01,6.0759106
E05014094,2025-02,6.0967655
E05014095,2024-08,8.933825
E05014095,2024-09,8.758128
E05014095,2024-10,8.663162
E05014095,2024-11,8.978783
E05014095,2024-12,8.796697
E05014095,2025-01,8.330976
E05014095,2025-02,8.158462
E05014096,2024-08,10.4947815
E05014096,2024-09,11.644564
E05014096,2024-10,9.398276
E05014096,2024-11,9.445369
E05014096,2024-12,9.840085
E05014096,2025-01,9.367648
E05014096,2025-02,9.086702
E05014097,2024-08,6.0911126
E05014097,2024-09,5.534582
E05014097,2024-10,6.3149166
E05014097,2024-11,5.579405
E05014097,2024-12,5.6157956
E05014097,2025-01,5.3508396
E05014097,2025-02,5.0258956
E05014098,2024-08,12.050686
E05014098,2024-09,12.92137
E05014098,2024-10,12.57476
E05014098,2024-11,12.597091
E05014098,2024-12,12.692895
E05014098,2025-01,13.12492
E05014098,2025-02,13.356883
E05014099,2024-08,5.9386535
E05014099,2024-09,6.276536
E05014099,2024-10,5.997864
E05014099,2024-11,5.908739
E05014099,2024-12,5.6913757
E05014099,2025-01,5.9614415
E05014099,2025-02,5.7596197
E05014100,2024-08,11.642503
E05014100,2024-09,11.175315
E05014100,2024-10,10.018937
E05014100,2024-11,10.537385
E05014100,2024-12,10.973467
E05014100,2025-01,11.773156
E05014100,2025-02,10.843624
E05014101,2024-08,6.2159095
E05014101,2024-09,6.6411095
E05014101,2024-10,5.98956
E05014101,2024-11,6.479243
E05014101,2024-12,5.98956
E05014101,2025-01,6.025951
E05014101,2025-02,6.208049
E05014102,2024-08,10.000881
E05014102,2024-09,8.608464
E05014102,2024-10,8.867876
E05014102,2024-11,9.183497
E05014102,2024-12,9.397304
E05014102,2025-01,9.037645
E05014102,2025-02,8.109309
E05014103,2024-08,4.2457476
E05014103,2024-09,3.692969
E05014103,2024-10,3.7749221
E05014103,2024-11,4.1806917
E05014103,2024-12,5.0449986
E05014103,2025-01,5.7248363
E05014103,2025-02,5.3751965
E05014104,2024-08,3.0863822
E05014104,2024-09,3.7294466
E05014104,2024-10,3.1842463
E05014104,2024-11,3.0916438
E05014104,2024-12,3.0644512
E05014104,2025-01,3.4156
E05014104,2025-02,3.3766692
E05014105,2024-08,8.619473
E05014105,2024-09,8.05543
E05014105,2024-10,8.444564
E05014105,2024-11,8.411605
E05014105,2024-12,7.8816037
E05014105,2025-01,8.540276
E05014105,2025-02,8.279636
E05014106,2024-08,3.0863822
E05014106,2024-09,2.775844
E05014106,2024-10,2.8228865
E05014106,2024-11,3.0127974
E05014106,2024-12,3.1381078
E05014106,2025-01,3.4364862
E05014106,2025-02,3.1241784
E05014107,2024-08,4.705869
E05014107,2024-09,5.405904
E05014107,2024-10,6.02035
E05014107,2024-11,5.9883738
E05014107,2024-12,6.2313347
E05014107,2025-01,5.643422
E05014107,2025-02,5.3868847
E05014108,2024-08,4.871261
E05014108,2024-09,4.1769505
E05014108,2024-10,4.8157406
E05014108,2024-11,4.1242805
E05014108,2024-12,4.2132874
E05014108,2025-01,4.0352564
E05014108,2025-02,4.136343
E05014109,2024-08,5.468472
E05014109,2024-09,5.9889026
E05014109,2024-10,6.266947
E05014109,2024-11,6.760552
E05014109,2024-12,6.2750545
E05014109,2025-01,5.964021
E05014109,2025-02,5.995864
E05014110,2024-08,9.005396
E05014110,2024-09,8.253537
E05014110,2024-10,8.158571
E05014110,2024-11,8.329265
E05014110,2024-12,7.5614843
E05014110,2025-01,7.2473717
E05014110,2025-02,7.4156923
E05014111,2024-08,7.5700564
E05014111,2024-09,6.9689293
E05014111,2024-10,6.838616
E05014111,2024-11,7.009309
E05014111,2024-12,6.127128
E05014111,2025-01,6.2815294
E05014111,2025-02,6.1536036
E05014112,2024-08,3.6352665
E05014112,2024-09,3.4526103
E05014112,2024-10,3.8328843
E05014112,2024-11,3.3005486
E05014112,2024-12,3.6421115
E05014112,2025-01,3.2808375
E05014112,2025-02,3.2096956
E05014113,2024-08,3.4505603
E05014113,2024-09,4.1104813
E05014113,2024-10,3.695932
E05014113,2024-11,4.5437803
E05014113,2024-12,4.6374216
E05014113,2025-01,5.733535
E05014113,2025-02,5.229004
E05014114,2024-08,5.2967944
E05014114,2024-09,5.251337
E05014114,2024-10,5.6394134
E05014114,2024-11,5.28307
E05014114,2024-12,5.2582808
E05014114,2025-01,6.0790176
E05014114,2025-02,6.3352456
E05014115,2024-08,6.08725
E05014115,2024-09,5.609296
E05014115,2024-10,5.586954
E05014115,2024-11,5.240427
E05014115,2024-12,5.1724863
E05014115,2025-01,5.0885444
E05014115,2025-02,4.9859
E05014116,2024-08,2.8435342
E05014116,2024-09,3.0551438
E05014116,2024-10,3.3416653
E05014116,2024-11,3.0964777
E05014116,2024-12,3.471484
E05014116,2025-01,3.59169
E05014116,2025-02,3.2673955
E05014117,2024-08,8.468388
E05014117,2024-09,8.043782
E05014117,2024-10,7.9135847
E05014117,2024-11,8.222568
E05014117,2024-12,8.028977
E05014117,2025-01,8.152577
E05014117,2025-02,8.121919
E05014118,2024-08,8.46504
E05014118,2024-09,8.144105
E05014118,2024-10,8.443983
E05014118,2024-11,8.569539
E05014118,2024-12,8.310039
E05014118,2025-01,8.351297
E05014118,2025-02,8.448202
E05014119,2024-08,2.5670652
E05014119,2024-09,2.5432007
E05014119,2024-10,3.5472274
E05014119,2024-11,2.9887037
E05014119,2024-12,2.8674834
E05014119,2025-01,2.8145742
E05014119,2025-02,2.6475482
