ward_code,ward_name,2007,2010,2015,2019,pct_change_2007_2019,rank_2007,rank_2010,rank_2015,rank_2019,predicted_rank_2024,predicted_rank_2024_int,r1,r2,r3,mean_annual_rate,imd_est_2024,rank_est_2024
E05009288,Aldersgate,0.0012006512435795,0.0010145768763458,0.0010217780563158,0.0008068922528812,-32.795451035755505,682.0,682.0,682.0,682.0,682.0,682.0,-0.05458455068713375,0.0014155303551048881,-0.05731902234134023,-0.036829347557789695,0.000668854652181526,682.0
E05009302,Cripplegate,0.0,0.0,0.0,0.0,,,,,,,,,,,0.0,0.0,683.0
E05009305,Farringdon Without,0.5538313644096907,0.5016779597881071,0.4941508070390434,0.3876530403079541,-30.0052208633688,679.0,679.0,680.0,680.0,679.6,680.0,-0.032429783505264154,-0.003018964027484916,-0.05887800952602351,-0.031442252352924194,0.3304233969984797,680.0
E05009308,Portsoken,0.0030793482511616,0.0029534146001837,0.0016962006054806,0.0013647042845125,-55.68204135411671,681.0,681.0,681.0,681.0,681.0,681.0,-0.013822241744300023,-0.10498449436976065,-0.05291199710586014,-0.0572395777399736,0.0010163546214346252,681.0
E05009312,Walbrook,0.0,0.0,0.0,0.0,,,,,,,,,,,0.0,0.0,683.0
E05009317,Bethnal Green East,56.099181443766895,49.56050408391272,56.89145008875508,45.69836935527628,-18.54004251187918,57.0,68.0,61.0,52.0,58.0,41.0,-0.04046740935895765,0.027974301292170267,-0.05329771575980413,-0.021930274608863837,40.90249352601297,67.0
E05009318,Blackwall & Cubitt Town,17.0991897866845,16.906953826673522,19.91966684097557,16.263746740002887,-4.885863348520711,472.0,464.0,398.0,436.0,441.20000000000005,455.0,-0.003761599113330516,0.03334023741149572,-0.049428841614184815,-0.006616734438673204,15.732755775058731,419.0
E05009319,Bow East,43.34859000692664,36.57431793702296,34.07217871607744,27.033958953925403,-37.63589784672197,97.0,140.0,164.0,194.0,157.8,141.0,-0.05506829710660999,-0.014073059625241746,-0.056205512801796975,-0.04178228984454957,21.83889282785614,263.0
E05009320,Bow West,47.279684577508526,42.51567173582245,37.545789462872406,30.93450417666354,-34.57125517419499,80.0,97.0,122.0,141.0,116.20000000000002,96.0,-0.03478330553895703,-0.02455578132858205,-0.047268598113575644,-0.03553589499370491,25.81508170801363,197.0
E05009321,Bromley North,29.08151293662117,25.37687920655396,40.41125269109205,31.675223806064288,8.918761809592661,237.0,289.0,105.0,131.0,178.60000000000002,162.0,-0.044405286175343894,0.09752095285458218,-0.059076436365548046,-0.0019869232287699212,31.36179062884217,122.0
E05009322,Bromley South,30.768817194055742,26.608809721165724,38.36788626890182,27.04057566504628,-12.116947835517475,215.0,263.0,117.0,193.0,196.2,180.0,-0.04726625288646291,0.07594106961990277,-0.08375416232236965,-0.0183597818629766,24.647770947913124,218.0
E05009323,Canary Wharf,18.76720408570325,16.610021044490598,25.17680389417449,18.85221546424568,0.4529783880124328,431.0,473.0,293.0,362.0,384.20000000000005,394.0,-0.03988437985366022,0.08674107677365295,-0.06976976875505914,-0.007637690611688804,18.143192156447082,344.0
E05009324,Island Gardens,10.004465886457602,9.341657353735052,10.758919597750912,8.76736163676046,-12.36552019605294,597.0,606.0,597.0,625.0,610.0,619.0,-0.022590231211191525,0.028653115272313956,-0.049887428182900706,-0.014608181373926091,8.145423730066742,619.0
E05009325,Lansbury,56.90523738603465,53.61251138532204,51.57038183065712,38.56134654353968,-32.235856812358755,56.0,59.0,70.0,75.0,67.0,49.0,-0.019672232607802043,-0.007736904883188567,-0.07009633160691242,-0.032501823032634346,32.68910029774702,103.0
E05009326,Limehouse,20.044357559161018,17.40128886128012,23.046196476404635,19.731803816473096,-1.559310353377091,404.0,448.0,330.0,334.0,370.0,377.0,-0.04604089299659775,0.057800014754982865,-0.03807351558145067,-0.008771464607688517,18.88146851439572,330.0
E05009327,Mile End,52.5277937108237,46.497669532519176,41.77085010339131,29.35541656647301,-44.11450683026854,64.0,75.0,101.0,163.0,113.2,93.0,-0.03983174724481231,-0.021212474996386232,-0.08440432313985802,-0.04848284846035219,22.896618753524656,243.0
E05009328,Poplar,22.40462081452702,20.654834335444807,44.819645057661496,34.008215918926474,51.79108006539326,363.0,379.0,88.0,104.0,207.6,194.0,-0.02674187210000123,0.16758723792284935,-0.0666836818805332,0.024720561314104977,38.42475455122772,75.0
E05009329,St Dunstan's,8.937207939210028,7.884983525417292,41.10728740425601,35.56811875597619,297.9779702778193,617.0,630.0,103.0,85.0,304.0,304.0,-0.040894659574280956,0.39130903638561687,-0.035537116208250064,0.10495908686769528,58.58573519159602,41.0
E05009330,St Katharine's & Wapping,10.002835780586782,8.572246218441949,14.982794583365497,12.872712856824648,28.69063472788028,598.0,621.0,499.0,523.0,552.8000000000001,561.0,-0.050145322075389354,0.11814889186134492,-0.037237171573348826,0.010255466070868913,13.546469589142351,476.0
E05009331,Bethnal Green West,58.14134980952313,49.97080910584704,308.2759620189664,249.6309446402986,329.35182182407965,54.0,67.0,8.0,6.0,28.200000000000003,21.0,-0.04922645210947252,0.4389465294285724,-0.05138565101546333,0.11277814210121218,425.93306164860905,7.0
E05009332,Shadwell,31.140505705160788,26.68760762677657,37.90772863063431,30.28662813281076,-2.742015754126048,212.0,261.0,120.0,151.0,179.0,163.0,-0.05013621991810602,0.07271319772627449,-0.05456692722642331,-0.010663316472751613,28.705921171662073,150.0
E05009333,Spitalfields & Banglatown,66.02991639627368,62.47154401123776,45.31650266588659,36.40917584754965,-44.85957603059398,45.0,47.0,86.0,79.0,67.19999999999999,50.0,-0.01829614255395806,-0.06219006530704452,-0.05324280183458452,-0.0445763365651957,28.986168716169843,144.0
E05009334,Stepney Green,9.372106481514304,8.95105056768771,42.61535970086065,32.06030983714896,242.08221919357447,612.0,614.0,98.0,124.0,314.40000000000003,316.0,-0.015205535429250072,0.36627596851766087,-0.06867686980756926,0.09413118776028051,50.270673431587596,51.0
E05009335,Weavers,37.218714356693496,34.21196123404715,33.6653183060516,27.28429532445788,-26.69199945228359,145.0,170.0,168.0,187.0,171.39999999999998,153.0,-0.02768824863883146,-0.0032162466724259264,-0.051182897791742565,-0.02736246436766665,23.7502327504523,229.0
E05009336,Whitechapel,31.91164393650872,30.501853331751303,27.68379447497376,21.752496770627904,-31.835236022604825,207.0,210.0,246.0,296.0,251.00000000000003,253.0,-0.01494831789412887,-0.019201308926539595,-0.05849880816613462,-0.030882811662267695,18.59476073201038,337.0
E05009367,Brownswood,24.327585656730523,22.32318988467441,27.30257398066883,25.968725785731102,6.746004935128191,310.0,339.0,254.0,205.0,262.6,268.0,-0.028254777001271214,0.04109285953145947,-0.012443931690765075,0.00013138361314105987,25.98578959406363,192.0
E05009368,Cazenove,40.09170868543874,36.248637497508255,26.47965654853008,25.089798766217505,-37.41898365302128,123.0,141.0,264.0,232.0,198.40000000000003,184.0,-0.0330313954271777,-0.0608734207832744,-0.013388422221626062,-0.035764412810692724,20.91283727256877,276.0
E05009369,Clissold,42.503229836009744,37.51548830647633,25.38119445906049,24.09350261599761,-43.31371354845832,107.0,133.0,288.0,247.0,204.4,188.0,-0.04075497222958979,-0.0751734467073445,-0.012932230953608737,-0.04295354996351434,19.344834738886032,318.0
E05009370,Dalston,26.92616807126268,25.51024647866928,31.488450764881083,29.96111279397637,11.271357716706715,267.0,285.0,191.0,154.0,210.20000000000002,196.0,-0.017844994935470537,0.04300725137334971,-0.012353198886815187,0.004269685850354661,30.606220837469508,127.0
E05009371,De Beauvoir,31.388122767023336,28.30476421186064,30.746752506104755,29.584046777630927,-5.747639012320254,211.0,241.0,203.0,161.0,195.4,179.0,-0.033879272734885,0.016688572444401473,-0.00959099105458594,-0.00892723044835649,28.286896358294758,155.0
E05009372,Hackney Central,48.80994955702706,46.912320746475366,38.47051868823503,35.93277618056291,-26.382271428941173,72.0,74.0,115.0,83.0,85.4,66.0,-0.013130970934470021,-0.03890078004185904,-0.016915876115107586,-0.022982542363812215,31.98912726464756,115.0
E05009373,Hackney Downs,53.02579918482613,50.75338804754536,44.32214989117241,39.62971733911498,-25.26332851489501,62.0,62.0,90.0,68.0,70.0,54.0,-0.014494001495394482,-0.026734887870969892,-0.027588605543916067,-0.02293916497009348,35.288158914989616,92.0
E05009374,Hackney Wick,46.99442684687153,46.01236376337549,42.59512386495588,36.2662967252922,-22.828515722803225,82.0,77.0,99.0,81.0,84.0,64.0,-0.007014906242260199,-0.01531557600669553,-0.03941493225291404,-0.02058180483395659,32.68466589452815,104.0
E05009375,Haggerston,38.5623816751263,37.49300630310258,44.19329101490565,39.77536563651316,3.1455110102010604,131.0,134.0,91.0,67.0,98.0,76.0,-0.00933047057711378,0.033430359509028396,-0.025987659928281226,-0.0006292569987888704,39.65037839768405,72.0
E05009376,Homerton,45.538453463584105,42.31876114484886,49.61647468479897,43.46797234351349,-4.546665427991151,85.0,98.0,74.0,57.0,74.2,57.0,-0.024145903952458636,0.03233010301517081,-0.03253364766693001,-0.008116482868072613,41.73234112527869,63.0
E05009377,Hoxton East & Shoreditch,47.50414108394635,45.96354866648338,33.62350402593727,31.82305491670872,-33.00993515392058,79.0,78.0,169.0,129.0,116.80000000000001,97.0,-0.010929245666089216,-0.060610105657775026,-0.013664363948956315,-0.028401238424273518,27.553490985008636,164.0
E05009378,Hoxton West,36.22716264356618,35.56728651930812,31.6806221344302,28.926695814646862,-20.151914464700308,157.0,153.0,188.0,168.0,166.8,147.0,-0.006108894142261123,-0.022878445405793202,-0.022478582005342695,-0.017155307184465673,26.529148646960845,176.0
E05009379,King's Park,50.94962857773062,48.41903004198465,48.94468688680711,42.827407061572224,-15.94166972928338,67.0,73.0,76.0,59.0,66.80000000000001,48.0,-0.016838143612631695,0.0021619140364375067,-0.03282723915175356,-0.015834489575982585,39.542351106218675,73.0
E05009380,Lea Bridge,40.02146648594183,37.93676074541812,183.8889669707568,156.8214244660796,291.8432737120355,124.0,131.0,16.0,15.0,60.2,43.0,-0.017673750921590847,0.3711945723266987,-0.03902424592446507,0.10483219182688093,258.1588358690591,9.0
E05009381,London Fields,49.24886906402405,45.60625104729271,36.57051056226468,32.39538886518546,-34.221050186815226,70.0,79.0,134.0,120.0,104.6,81.0,-0.02528861861341858,-0.04319964010355892,-0.02985188658641147,-0.03278004843446299,27.42265057096569,168.0
E05009382,Shacklewell,26.56298599678378,25.19083964121484,35.19496137029135,34.025541887093894,28.09381404339735,272.0,291.0,146.0,103.0,183.0,168.0,-0.017524075873618816,0.0691719832477764,-0.008412280797797655,0.01441187552545331,36.549098916505365,82.0
E05009383,Springfield,60.43029378487338,54.72916334009295,37.020413684076296,35.65112644257849,-41.00454555211429,50.0,56.0,127.0,84.0,80.20000000000002,61.0,-0.032491696139275605,-0.0752070896712117,-0.009377934821012568,-0.03902557354383329,29.216783888836677,139.0
E05009384,Stamford Hill West,27.725599617913844,24.13166413107952,33.13935459288676,29.63224375794173,6.876836448276404,255.0,309.0,174.0,160.0,211.60000000000002,198.0,-0.04522264895424766,0.06549484967621666,-0.02757722269177798,-0.002435007323269659,29.273222805101533,138.0
E05009385,Stoke Newington,44.595139222295934,41.089479078082334,26.034453007971194,25.789653527234133,-42.16936200450238,89.0,103.0,278.0,209.0,177.60000000000002,160.0,-0.02692188812862184,-0.08722536207644727,-0.0023590608078063457,-0.03883543700429182,21.156034186196447,272.0
E05009386,Victoria,45.429060033192016,40.87259488939347,39.87635008434441,35.171687855035536,-22.57887830094238,86.0,106.0,107.0,89.0,95.4,75.0,-0.034617356123002874,-0.004923115229495623,-0.030898083316174052,-0.02347951822289085,31.232014223567024,124.0
E05009387,Woodberry Down,48.50110052498874,44.1840724760036,48.86568286785257,44.15484287668381,-8.961152636249265,74.0,88.0,77.0,55.0,69.80000000000001,53.0,-0.030596202946595485,0.020346422024204225,-0.02502474612941541,-0.011758175683935557,41.61927343976427,64.0
E05009388,Abingdon,18.322529118191863,17.66882416096047,18.100625837163847,15.264034554721906,-16.69253487736732,443.0,442.0,436.0,460.0,448.2,463.0,-0.012036857828755632,0.004840633106373726,-0.04171666116434802,-0.016304295295576643,14.059608116931903,460.0
E05009389,Brompton & Hans Town,22.89329200997515,22.07062365227468,15.948980992671489,15.45192589656662,-32.50456994199938,350.0,344.0,478.0,454.0,416.00000000000006,426.0,-0.012124717520757389,-0.0629048998850914,-0.007884078949930262,-0.027637898785259685,13.431444872233918,478.0
E05009390,Campden,15.660484131737409,15.041838386706424,12.736914631056772,11.2345330653545,-28.26190447978114,501.0,502.0,550.0,568.0,537.8000000000001,546.0,-0.013345173281716693,-0.032718984835597986,-0.03089084296084854,-0.025651667026054408,9.865662606565543,581.0
E05009391,Chelsea Riverside,27.023431895537144,27.91729922302576,28.19646878782073,25.67989846575721,-4.971735029708839,264.0,245.0,239.0,212.0,234.40000000000003,229.0,0.01090644732413315,0.0019920233070103155,-0.023101045168157475,-0.0034008581790046697,25.2461900134153,209.0
E05009392,Colville,37.154151852033294,36.90538058625346,29.824736461215743,27.82503008691474,-25.109230866773263,147.0,137.0,217.0,180.0,172.20000000000002,154.0,-0.0022368838703522576,-0.04170905317555296,-0.01720088451524293,-0.02038227385371605,25.10260647981242,212.0
E05009393,Courtfield,15.87586103372049,14.95860402929281,13.819001446937223,12.824732591766322,-19.218664332432365,493.0,504.0,530.0,524.0,515.0,529.0,-0.019642236364540988,-0.01572349326366307,-0.018494101209061142,-0.017953276945755065,11.714103918336251,523.0
E05009394,Dalgarno,19.274972909100345,19.187316283211683,43.95173904396761,39.456157797469935,104.70149547572848,417.0,409.0,93.0,70.0,211.8,199.0,-0.0015182008549720072,0.18029988770381888,-0.02661492683015798,0.05072225333956296,50.53059863874434,48.0
E05009395,Earl's Court,24.0164942170238,23.626463115313832,23.96998064163629,21.822047062847567,-9.137250151276136,317.0,320.0,314.0,295.0,308.20000000000005,308.0,-0.00544295019815666,0.002891139018236899,-0.02319707550405481,-0.008582962227991523,20.901496348358016,277.0
E05009396,Golborne,27.179300650469404,26.966416762283146,45.79199895597697,43.637556797572856,60.55437687216285,262.0,258.0,82.0,56.0,142.8,123.0,-0.002617704453527381,0.11171450468755872,-0.011975517459342111,0.03237376092489641,51.17351119301122,46.0
E05009397,Holland,17.963673903485606,17.34879173860507,17.955674807855807,17.462496415016194,-2.789949824084516,453.0,450.0,441.0,404.0,430.40000000000003,443.0,-0.01154244845036112,0.006900367924658646,-0.00693848949547704,-0.0038601900070598383,17.128045717268254,374.0
E05009398,Norland,16.103933135728546,15.34317256891571,16.140581217196146,16.076387326155025,-0.1710501983668032,488.0,494.0,471.0,442.0,467.40000000000003,477.0,-0.016001574138596042,0.010184731267570024,-0.0009957797406174862,-0.002270874203881168,15.894677217635875,415.0
E05009399,Notting Dale,34.23674780390427,33.88817114711952,45.14948551797189,42.87256632043197,25.22382840213256,175.0,174.0,87.0,58.0,110.40000000000002,90.0,-0.003405370069536673,0.05906090102219119,-0.012853366553414625,0.014267388133079964,46.01948876743166,56.0
E05009400,Pembridge,16.636210042734113,16.623645928035067,21.01342056973173,19.297740402574163,15.998417626390074,484.0,472.0,367.0,348.0,403.80000000000007,413.0,-0.0002518057280669339,0.0479826543957933,-0.021068221948423393,0.008887542239767657,20.17066687080507,291.0
E05009401,Queen's Gate,12.817288348500472,11.906202866310108,12.325350244015798,10.293932931037052,-19.687123741416293,549.0,562.0,563.0,593.0,572.0,582.0,-0.024278875103060482,0.006943721273809489,-0.04402724257706514,-0.020454132135438712,9.283360569422522,598.0
E05009402,Redcliffe,25.71386674197564,24.13020692196476,19.19270302972085,17.107553690560707,-33.469540531474706,284.0,310.0,416.0,414.0,367.6,372.0,-0.02096574878579427,-0.044754458210635506,-0.028343093320419732,-0.031354433438949836,14.588558693014955,441.0
E05009403,Royal Hospital,19.741571336678074,19.54053294668804,17.87224546701469,16.2438969221546,-17.71730504564805,409.0,402.0,443.0,438.0,426.0,435.0,-0.0034060899362875485,-0.017690049727894674,-0.023599988013670248,-0.014898709225950824,15.06935505473919,436.0
E05009404,St. Helen's,15.249768713091989,15.300961581182952,25.00648716592107,27.1178837231585,77.82488530385177,509.0,495.0,295.0,190.0,335.8,337.0,0.0011177369638912804,0.10323185326213502,0.020471256824559303,0.04160694901686187,33.248735818603485,101.0
E05009405,Stanley,13.608371365550752,13.287124098881508,15.194306860133873,13.564582610775489,-0.321778070270142,536.0,535.0,495.0,507.0,516.0,531.0,-0.007931607981732092,0.027188102177800433,-0.027966157982393547,-0.002903221262108402,13.368817690171815,481.0
E05011095,Borough & Bankside,18.80171912804557,16.20129139838558,16.800121857441184,35.079031946497615,86.57353461988491,428.0,480.0,464.0,90.0,310.40000000000003,311.0,-0.04840820020811665,0.007285447633681885,0.2020811639657587,0.05365280379710798,45.55491448481666,58.0
E05011096,Camberwell Green,39.509378535172175,33.49660771928337,34.84347277141144,29.877736283667964,-24.37811630706845,125.0,179.0,154.0,155.0,153.60000000000002,136.0,-0.05354447764136194,0.007915493807940654,-0.03770868979558806,-0.027779224543003116,25.952080292074804,193.0
E05011097,Champion Hill,20.77468684010824,18.118935276455414,16.720161951404027,17.356888679305552,-16.45174335049028,388.0,434.0,465.0,406.0,419.80000000000007,429.0,-0.044568851336509896,-0.015940040290796875,0.009387331158884349,-0.01704052015614081,15.927585875543542,413.0
E05011098,Chaucer,30.831277272127203,28.223006526054856,29.84969290624571,25.311433440977456,-17.903390062078035,214.0,242.0,216.0,227.0,225.20000000000005,217.0,-0.029034230026892094,0.011270452807945475,-0.040391207986347655,-0.019384995068431426,22.95141218742664,242.0
E05011099,Dulwich Hill,18.31878999896091,16.30597233728374,14.4121205013635,18.92926950987435,3.332531848162828,444.0,478.0,512.0,359.0,430.4000000000001,444.0,-0.03805559630452471,-0.024390014591046505,0.07053653283660677,0.0026969739803451853,19.185908817236864,321.0
E05011100,Dulwich Village,405.7819840187099,387.2608370472215,362.3929484402132,10.087273159149028,-97.51411507744908,4.0,3.0,6.0,599.0,242.20000000000002,239.0,-0.01545189745299469,-0.013186160203809916,-0.5915409614359375,-0.2067263396975807,3.16875712356432,678.0
E05011101,Dulwich Wood,61.58098003732318,57.405989239697575,55.27472901907247,21.48816821653856,-65.10583591960545,48.0,53.0,63.0,301.0,153.20000000000002,135.0,-0.023129781393258386,-0.007538008769906401,-0.21037990298747644,-0.08034923105021374,14.135594772831404,459.0
E05011102,Faraday,42.74544996916902,39.20746147690727,41.797986283241904,32.9773253236852,-22.851846576721663,104.0,117.0,100.0,114.0,109.80000000000001,88.0,-0.028387834910258536,0.012878440104601152,-0.057535463438755374,-0.02434828608147092,29.1534185438085,142.0
E05011103,Goose Green,69.97521982565654,65.18991149507059,59.7091541731745,17.28216489430385,-75.30245001393006,42.0,43.0,57.0,410.0,192.4,175.0,-0.02333556490926647,-0.017410530305438487,-0.2665182603501238,-0.10242145185494293,10.06840014417395,574.0
E05011104,London Bridge & West Bermondsey,80.87995860270415,75.13696979345396,75.28810572223703,20.68669531974392,-74.42296500006829,37.0,40.0,47.0,320.0,152.8,134.0,-0.024252189663543144,0.00040197115604123645,-0.2759956310011078,-0.0999486165028699,12.218774140602005,512.0
E05011105,Newington,33.938052759857136,29.233958449142005,30.83407899429361,28.908121868712744,-14.820917766660829,179.0,231.0,201.0,169.0,189.8,172.0,-0.04851874888823937,0.01071490682673737,-0.015995183869510154,-0.017933008643670718,26.40738803736588,181.0
E05011106,North Bermondsey,18.01663245989761,17.28214097976019,14.629855548975536,16.626612813717006,-7.715202323600661,451.0,455.0,506.0,429.0,454.0,472.0,-0.01377810158962478,-0.0327728048976772,0.03250208266044674,-0.004682941275618413,16.2409347276422,400.0
E05011107,North Walworth,35.26984814773112,31.612665522656343,32.58792150249013,37.872098081453714,7.378114934951874,164.0,199.0,180.0,76.0,139.0,121.0,-0.03583245436598892,0.006095274180411003,0.038282839019201154,0.0028485529445410793,38.41458326835705,76.0
E05011108,Nunhead & Queen's Road,41.36323423496088,38.57872915407573,36.37767000677288,34.73353566658429,-16.02799851364877,118.0,124.0,138.0,96.0,114.4,95.0,-0.02296270299611547,-0.01168043608211311,-0.011495777512484429,-0.015379638863571002,32.143492017832614,112.0
E05011109,Old Kent Road,52.63396952274393,49.28692931638624,48.52834248952504,32.28580529799112,-38.65975606487378,63.0,69.0,79.0,122.0,91.0,71.0,-0.021662848903757692,-0.0030973756003682684,-0.09686215489360184,-0.040540793132575935,26.250899944190916,187.0
E05011110,Peckham,39.288348522697305,35.162864603685904,36.98064442567686,32.9621017460974,-16.102093914548654,127.0,158.0,128.0,115.0,128.6,111.0,-0.0363037739784996,0.010131804510073561,-0.028349440298955142,-0.018173803255793725,30.073776903533428,134.0
E05011111,Peckham Rye,23.031541111591043,20.997678714558702,19.3928015414579,19.24987635539808,-16.419503748664805,347.0,371.0,408.0,349.0,364.80000000000007,369.0,-0.030347557426046667,-0.015776221207096208,-0.0018476173074567503,-0.01599046531353321,17.759244128798592,356.0
E05011112,Rotherhithe,30.654215001060603,26.02477025717125,27.21846568921129,22.018960563864443,-28.169876269535493,217.0,274.0,255.0,289.0,264.8,270.0,-0.053111369892687166,0.009009713700065758,-0.051618020243560325,-0.03190655881206058,18.723334776203,331.0
E05011113,Rye Lane,31.90427672893351,27.986835725395235,26.58024122411212,25.545895435600475,-19.929557868856858,208.0,243.0,263.0,218.0,230.0,222.0,-0.04272886199989778,-0.010260224724190858,-0.009873799081881907,-0.020954295268656848,22.979255940285945,240.0
E05011114,St George's,10.498337996878274,9.079738584404073,9.337965100193314,173.73238165857367,1554.856051598203,591.0,613.0,618.0,11.0,368.8,376.0,-0.047238357007528764,0.0056243490366258975,1.0768595684217543,0.34508185348361714,764.9346633785184,4.0
E05011115,St Giles,145.03682648241937,120.4175393934041,125.49838380471556,30.39223281285212,-79.04516146005435,23.0,29.0,34.0,146.0,75.60000000000001,60.0,-0.06012415842716168,0.008299790286473208,-0.2984944382213094,-0.11677293545399929,16.33519978093428,397.0
E05011116,South Bermondsey,73.03498048243301,68.33877597411741,68.38151048823188,28.698958130951496,-60.70518819697034,41.0,41.0,52.0,171.0,95.20000000000002,73.0,-0.021910133490483652,0.00012503539370722905,-0.19511865776989623,-0.07230125195555755,19.719730855863023,304.0
E05011117,Surrey Docks,13.77834925310794,12.380580021568091,11.57268111007643,12.005198209104933,-12.869110888614191,532.0,548.0,575.0,546.0,549.4,559.0,-0.03502824670262905,-0.01340570705139732,0.009215326106121413,-0.013072875882634985,11.240736306018919,537.0
E05011217,Barnehurst,29.04630684738737,29.8372828165118,27.515527067455004,15.9158034907394,-45.20541432560477,239.0,221.0,249.0,446.0,320.20000000000005,326.0,0.008996012550858357,-0.016071108580330895,-0.1279072360305804,-0.04499411068668432,12.643252672993984,500.0
E05011218,Belvedere,34.23609880362898,35.8141881358367,33.206527943627705,19.41604200584688,-43.28780823652488,176.0,149.0,173.0,345.0,237.6,236.0,0.015134559376900558,-0.01500580381661032,-0.12555135600137945,-0.04180753348036307,15.682831021774287,420.0
E05011219,Bexleyheath,17.693138410410842,17.411777649092514,23.226286170593024,13.235969151829224,-25.19151297634664,459.0,447.0,327.0,516.0,453.0,469.0,-0.005329099818716543,0.05932039069365991,-0.1311516245727098,-0.02572011123258881,11.619152067975119,527.0
E05011220,Blackfen & Lamorbey,14.065008329536504,13.897540330106173,13.462309525045036,9.387458022605808,-33.25664796875979,528.0,519.0,537.0,609.0,560.4000000000001,569.0,-0.0039847611354280055,-0.006343390406124194,-0.08618746919385223,-0.032171873578468145,7.971484459482273,623.0
E05011221,Blendon & Penhill,10.116141689032093,10.055943245712406,87.45917118879873,9.37364356323844,-7.339736320604026,595.0,599.0,42.0,610.0,491.20000000000005,506.0,-0.0019875248147699365,0.5412621341699966,-0.42782909580400463,0.037148504517074,11.248980465632188,535.0
E05011222,Crayford,48.70654291404891,50.64346269384341,51.05582164105388,21.32255767341037,-56.2223956008586,73.0,63.0,71.0,307.0,164.20000000000002,145.0,0.013083780538671208,0.0016232003664220507,-0.19610651870148477,-0.06046651259879717,15.60991787518691,424.0
E05011223,Crook Log,11.97817515732596,11.502087938334537,12.77328452818681,9.89366194836472,-17.402594147960286,566.0,573.0,548.0,604.0,579.0,585.0,-0.013428251773311195,0.021186772052088187,-0.06186871273622341,-0.018036730819148805,9.033026463265367,605.0
E05011224,East Wickham,16.710958425140316,17.206927865953567,20.69229844014312,14.604128152399523,-12.60747719634819,483.0,460.0,380.0,480.0,456.6,474.0,0.009796807002663499,0.037578774922215175,-0.0834277057568843,-0.01201737461066854,13.747450706727662,472.0
E05011225,Erith,34.98381958725133,34.69148414178645,32.90029873777517,19.684878052257307,-43.73147848203861,170.0,162.0,177.0,336.0,236.20000000000002,234.0,-0.0027932296668189416,-0.010546492633137339,-0.12050530980443763,-0.04461501070146464,15.668405269188648,422.0
E05011226,Falconwood & Welling,18.57716674991257,17.221015112004345,17.107825089316094,11.161555672203605,-39.91787971512862,435.0,459.0,457.0,570.0,498.20000000000005,515.0,-0.024951041326207957,-0.0013180267298564807,-0.10126328842018972,-0.04251078549208472,8.982437062737398,606.0
E05011227,Longlands,7.194341048996976,7.573841551869486,7.221817251542782,9.724362751489288,35.16683022477846,641.0,641.0,648.0,605.0,628.0,638.0,0.01728286922907407,-0.009473598249499893,0.07721815489754746,0.02834247529237388,11.182786251176804,543.0
E05011228,Northumberland Heath,16.0166142116946,16.430898119125548,16.09092361860249,19.659887365191885,22.746837161359203,491.0,476.0,472.0,337.0,422.6,432.0,0.008548673726816336,-0.004172915350674877,0.051356521652465625,0.018577426676202363,21.55516053895361,269.0
E05011229,St Mary's & St James,14.264594899945646,16.323530494431047,392.476281151577,13.779529395234576,-3.4004856647763497,522.0,477.0,4.0,500.0,400.6,409.0,0.0459675648959168,0.8888604107616183,-0.5671322383083682,0.12256524578305561,24.563618746767048,221.0
E05011230,Sidcup,12.564679381473075,13.22348424963548,14.453375805372682,16.16404728412002,28.646715076186485,554.0,536.0,510.0,441.0,496.4,513.0,0.017180822942827412,0.017945855589494464,0.02836006795814905,0.021162248830156976,17.94832262865559,352.0
E05011231,Slade Green & Northend,886.4560897235464,892.2084158019159,855.6874262100141,24.186119741964475,-97.271594157641,2.0,2.0,2.0,245.0,99.2,77.0,0.002158380350431699,-0.008324081789566784,-0.5899727107007542,-0.19871280404662975,7.98927212307579,622.0
E05011232,Thamesmead East,26.33116204914529,26.975498898839707,25.4597367182567,21.87742683810777,-16.914313172828983,277.0,257.0,285.0,293.0,281.0,287.0,0.008091191270795273,-0.011499519963552918,-0.03720110542054034,-0.013536478037765995,20.43625869329094,284.0
E05011233,West Heath,13.011953218259238,13.436010234836058,17.442258866481374,10.595605082586877,-18.57021843793277,543.0,531.0,449.0,580.0,536.6,543.0,0.010747348992494743,0.05357748302223797,-0.11716252733845112,-0.017612565107906136,9.694820180386218,585.0
E05011234,Aldborough,19.933125841277786,19.81558902723416,19.04533812133781,16.844110956698145,-15.49689150199848,408.0,392.0,417.0,421.0,411.8,420.0,-0.0019693949928076826,-0.007897965660173867,-0.030238693944981798,-0.013368684865987782,15.747897218791545,418.0
E05011235,Barkingside,15.747077034389765,14.444915722973947,13.592136990284558,12.248988737093946,-22.214207053514784,496.0,514.0,534.0,540.0,524.8,537.0,-0.028360817110000824,-0.012096449844792634,-0.025676622207018496,-0.022044629720603986,10.957094689020717,548.0
E05011236,Bridge,20.64012440478396,20.85994109715147,21.65869165348316,15.019640593292566,-27.23086208816009,391.0,376.0,353.0,466.0,410.4,419.0,0.0035374613959409107,0.007543552324971836,-0.08744966153676936,-0.02545621593861887,13.20280835514133,486.0
E05011237,Chadwell,17.051040878473298,17.521169385859352,19.78216485155023,15.794861259562488,-7.36717264279578,474.0,445.0,400.0,448.0,443.0,457.0,0.009107415273160502,0.024571204027953986,-0.05471993382625884,-0.00701377150838145,15.24866917888772,432.0
E05011238,Churchfields,16.5535581115491,15.16622860178112,14.381863248856456,13.963566601942686,-15.646131738888377,485.0,497.0,513.0,497.0,497.8,514.0,-0.028755110372734594,-0.010564447525649445,-0.00735193239930354,-0.015557163432562526,12.910672848887895,493.0
E05011239,Clayhall,13.298730319165749,13.868413962881844,12.0775049973059,10.295455575387145,-22.583169007122223,542.0,520.0,564.0,592.0,562.0,570.0,0.0140799726509242,-0.02727498199954337,-0.03912457586067275,-0.01743986173643064,9.428471111126582,594.0
E05011240,Clementswood,18.29937140052536,18.82987012166859,17.626847588286154,19.686067408640987,7.577834111153223,445.0,419.0,445.0,335.0,395.8,404.0,0.009571427800906473,-0.013117461126552654,0.028007018270589157,0.008153661648314325,20.501829951873187,282.0
E05011241,Cranbrook,12.121671853016275,11.74331276888492,12.397620932142091,16.727312906947866,37.99509762166638,563.0,567.0,562.0,426.0,508.79999999999995,522.0,-0.010514650578098639,0.010903138946184443,0.07775974138999375,0.02604940991935985,19.022498379488955,325.0
E05011242,Fairlop,13.73062680395188,14.685265613609728,15.094026287979135,15.53162788724912,13.116670557085447,534.0,511.0,497.0,452.0,489.2,503.0,0.022658143287862753,0.005505983231378853,0.007170434908494672,0.011778187142578759,16.468101620073778,394.0
E05011243,Fullwell,25.57882069864391,25.614773803532785,25.30106860268593,17.837464574271262,-30.26471085425398,285.0,282.0,291.0,393.0,328.80000000000007,334.0,0.0004683076603781977,-0.002461496462024204,-0.08367704806576415,-0.028556745622470053,15.431932257321614,426.0
E05011244,Goodmayes,25.957717928071744,26.601489375694435,27.0347103208818,21.4189169188036,-17.485362241184173,281.0,264.0,259.0,303.0,282.0,289.0,0.008199508353335494,0.003236105324100791,-0.056549874778236364,-0.015038087033600026,19.85613389502014,301.0
E05011245,Hainault,28.457040130426755,29.490881834560604,27.93876051123592,25.52284152418148,-10.310976098698283,248.0,228.0,242.0,219.0,231.20000000000005,224.0,0.011966208671017275,-0.01075497419453808,-0.02235660112363136,-0.007048455549050721,24.63594932779493,219.0
E05011246,Ilford Town,24.74881724374474,24.88779377158717,23.237573977628543,27.62981582298108,11.640954599414291,301.0,295.0,326.0,182.0,257.2,260.0,0.001868334352675749,-0.013627678203696814,0.04423152709634581,0.010824061081774916,29.157873356335234,141.0
E05011247,Loxford,26.501018558817247,26.81167378818646,28.98604283027476,28.32473808674833,6.881695976641256,273.0,259.0,227.0,175.0,221.8,213.0,0.0038922931580527287,0.01571765318499696,-0.0057531052085803,0.0046189470448231296,28.984961379836594,145.0
E05011248,Mayfield,21.518843898404384,21.268731719529104,22.26148073744867,19.061847758558454,-11.417881701479866,377.0,363.0,342.0,354.0,358.0,362.0,-0.0038894204974365687,0.009165723113110147,-0.03804947261597558,-0.010924390000100667,18.043154147522927,346.0
E05011249,Monkhams,10.06285264197372,9.810791345337996,8.146027252503403,7.877881455891549,-21.713238420766665,596.0,603.0,638.0,635.0,621.4000000000001,633.0,-0.00842026588158673,-0.03650744342652801,-0.008332921568014462,-0.0177535436253764,7.202973132739985,637.0
E05011250,Newbury,19.7268629158786,19.05755114054533,17.33121901217404,18.26001914045808,-7.435768077649195,410.0,413.0,455.0,379.0,407.20000000000005,415.0,-0.011440025621817118,-0.018811604185018482,0.01313665782965412,-0.005704990659060494,17.74506221226332,357.0
E05011251,Seven Kings,19.193035023715417,18.96268486879946,19.75561255382168,18.368685856521537,-4.295043312197849,418.0,416.0,401.0,375.0,397.0,406.0,-0.004016698145590358,0.008226561132526067,-0.018032991998210623,-0.004607709670424971,17.949379924783514,351.0
E05011252,South Woodford,14.549768474782008,13.726379612595268,12.715752607448833,7.874397741907666,-45.8795667054376,521.0,525.0,552.0,636.0,574.0,584.0,-0.019231201739319914,-0.015179199300542678,-0.1129076798686528,-0.04910602696950513,6.121781453965118,658.0
E05011253,Valentines,22.810210582778787,21.860583544015373,21.18903548889581,17.80623190775801,-21.937450585391225,354.0,346.0,363.0,394.0,370.20000000000005,378.0,-0.014074380428957811,-0.006220834591530666,-0.04255197146339029,-0.020949062161292924,16.017637623578793,408.0
E05011254,Wanstead Park,19.975164783424223,19.0502067146644,18.931872904708253,15.772728414860609,-21.038306387594258,406.0,414.0,421.0,449.0,427.8,440.0,-0.01567970266613461,-0.0012454345834354008,-0.044615235561983546,-0.020513457603851187,14.219986773592526,458.0
E05011255,Wanstead Village,15.631280595364272,15.126733415011554,13.50533759426926,13.20760852355268,-15.505268791159525,502.0,499.0,536.0,517.0,514.2,528.0,-0.010877233607439862,-0.022420561805014505,-0.005557479212899286,-0.012951758208451217,12.374170168248432,508.0
E05011462,Addiscombe East,15.292012013967785,16.22163394963278,15.353743391273772,17.740176572037267,16.00943391774293,507.0,479.0,488.0,398.0,454.0,472.0,0.019866489710327118,-0.010937044209779812,0.036778338948633804,0.015235928149727037,19.133429967501982,323.0
E05011463,Addiscombe West,34.30097527539587,35.80953098837154,34.76863653166455,29.08415416316666,-15.20895855101602,174.0,150.0,155.0,165.0,161.8,143.0,0.014450175204355098,-0.005882302189959554,-0.04364926823591797,-0.011693798407174142,27.422941726338536,167.0
E05011464,Bensham Manor,20.993456385265883,21.47012556355606,26.89270269477406,25.35211910232537,20.7620062036025,384.0,355.0,261.0,224.0,289.6,295.0,0.007511964878802013,0.04606813575237312,-0.014639942060740152,0.01298005285681166,27.04075006543111,171.0
E05011465,Broad Green,23.65963653875328,25.089362996404624,26.31377851660428,30.6843289609548,29.690618495746683,330.0,293.0,269.0,142.0,235.20000000000002,232.0,0.019750332125016534,0.009575298344497662,0.03916223135301866,0.02282928727417762,34.350447943137375,94.0
E05011466,Coulsdon Town,9.001752143370302,10.47850889574632,10.275211550886011,11.368259344533415,26.28940636747062,615.0,590.0,602.0,562.0,586.2,597.0,0.05193961830000249,-0.003910740810758262,0.025594776194487467,0.024541217894577232,12.833382766566219,494.0
E05011467,Crystal Palace & Upper Norwood,30.12556981309645,31.12312730772237,29.81202585265651,23.82174299716765,-20.925170395244606,225.0,201.0,218.0,251.0,229.20000000000002,219.0,0.010918132349562404,-0.00857092279657845,-0.05453488020827191,-0.017395890218429317,21.820586333937996,264.0
E05011468,Fairfield,85.05738004033458,89.23709904638709,85.728407063367,164.39971874174836,93.28095770618528,35.0,35.0,44.0,13.0,28.0,20.0,0.01611878621804186,-0.007990429447656933,0.17677674928590514,0.06163503535209669,221.70591606766774,12.0
E05011469,Kenley,11.125738469092394,12.177926180615314,11.118272126828767,12.390788814751469,11.370484297949478,580.0,553.0,586.0,539.0,559.4000000000001,566.0,0.030579493888027498,-0.018042271805538412,0.027461160470236612,0.0133327941842419,13.239129922480142,484.0
E05011470,New Addington North,35.5749973764949,36.700342023046446,36.61174712054451,34.26514223241035,-3.681954295659339,161.0,138.0,133.0,100.0,126.4,107.0,0.01043507093708107,-0.0004832683797257875,-0.016423777737462064,-0.002157325060035594,33.8971282630145,98.0
E05011471,New Addington South,36.66712616272006,38.60084411448771,37.6723212242082,34.74135976303946,-5.252024364097967,151.0,123.0,121.0,95.0,117.0,98.0,0.017278758751448686,-0.004857863171386589,-0.020045056747980183,-0.0025413870559726956,34.30214168001369,95.0
E05011472,Norbury & Pollards Hill,8.818673751700564,9.28088215433602,9.763780517127742,18.181684984788408,106.17255492961526,620.0,609.0,609.0,380.0,519.6,533.0,0.017174179686593627,0.010196245339600285,0.16816457016981645,0.06517833173200345,24.931347110175842,214.0
E05011473,Norbury Park,19.656164643966555,20.55957885429192,19.983467811984383,21.255732933268423,8.13774364569567,412.0,383.0,396.0,310.0,362.2,366.0,0.015091390553086725,-0.005668201644842719,0.015549992671601398,0.008324393859948468,22.15529079377803,255.0
E05011474,Old Coulsdon,9.902386696924726,12.156833896592584,12.686361338388878,14.08841461853724,42.27291914294282,600.0,555.0,554.0,494.0,539.4000000000001,549.0,0.07076343841334487,0.0085636669396838,0.02655272891872551,0.035293278090584725,16.75633736124452,386.0
E05011475,Park Hill & Whitgift,141.88364848478977,148.81475958460538,142.41886526324996,13.598991722249096,-90.41539185982596,24.0,20.0,25.0,504.0,215.40000000000003,203.0,0.01602537183727004,-0.008747483626794228,-0.4441152024021435,-0.14561243806388924,6.191292127249167,656.0
E05011476,Purley & Woodcote,13.53552652922452,14.776537435276635,14.176424843334257,14.041539914623302,3.7384093208805016,537.0,508.0,519.0,495.0,510.8,523.0,0.02967264389475832,-0.008257766138276335,-0.002387218425831117,0.006342553110216957,14.492520546257097,446.0
E05011477,Purley Oaks & Riddlesdown,7.690686820730386,8.245790427927338,7.850970294556402,11.06332787551274,43.85357424373773,638.0,627.0,643.0,573.0,610.8000000000001,621.0,0.023502847922695747,-0.009765146353108656,0.08953356081311181,0.0344237541275663,13.10322529462375,487.0
E05011478,Sanderstead,11.769615902292202,12.992781728613584,11.60363919811368,8.886122316521947,-24.49947058347654,569.0,541.0,574.0,623.0,586.0,596.0,0.033506670943102224,-0.022361232678644205,-0.06453074711421447,-0.017795102949918817,8.123118007510497,620.0
E05011479,Selhurst,16.162829655624943,16.905614246695663,18.188193860581,32.6113355247181,101.76748885903648,487.0,465.0,433.0,117.0,323.8,329.0,0.01508993061895092,0.014732859032746681,0.1571635696963407,0.062328786449346106,44.12282740440788,60.0
E05011480,Selsdon & Addington Village,126.51217044003002,126.84264215361962,139.59322529368447,17.349573426090384,-86.28624157996363,29.0,28.0,28.0,407.0,179.8,165.0,0.0008699673702130539,0.019341750102561894,-0.4062465926823031,-0.12867829173650938,8.713276033629304,615.0
E05011481,Selsdon Vale & Forestdale,97.80630096799086,98.13768106448268,108.0126908056977,14.199222401288417,-85.48230302060458,33.0,34.0,38.0,493.0,218.20000000000002,209.0,0.0011281023258755685,0.01936049525004857,-0.3978600473825197,-0.1257904832688652,7.2500701933464695,636.0
E05011482,Shirley North,30.180734812733323,31.71770342472112,30.64131187960425,19.55237762356087,-35.215700529227426,221.0,198.0,206.0,341.0,261.40000000000003,266.0,0.016694891787719213,-0.006881380674439552,-0.10623559338555755,-0.03214069409075929,16.605835331549287,388.0
E05011483,Shirley South,133.52286543182566,134.60120818641084,145.75086157427032,17.76510836899301,-86.69508154162288,26.0,26.0,24.0,396.0,173.6,155.0,0.0026848155052552336,0.01604381034681812,-0.4091337518957998,-0.13013504201457549,8.84763179261389,609.0
E05011484,South Croydon,34.019271110668434,36.172771912125086,35.03770143482881,18.04301025498531,-46.96238436064837,177.0,143.0,148.0,387.0,248.4,247.0,0.020670576363021276,-0.006356116505310427,-0.1528830978838035,-0.04618954600869755,14.243587453916922,456.0
E05011485,South Norwood,28.858828580502657,30.2239664753183,31.36966072538523,34.1191473707791,18.227762695227263,241.0,214.0,192.0,102.0,170.20000000000002,151.0,0.015525703524116086,0.007468955603469496,0.02122652620608112,0.014740395111222234,36.70903060265207,81.0
E05011486,Thornton Heath,24.7740008715332,27.040246010534247,28.65052972160991,26.725276964791007,7.876305903823322,300.0,256.0,232.0,195.0,235.60000000000002,233.0,0.029607023936418564,0.011636297704046283,-0.017240185549263654,0.00800104536373373,27.811673814691833,161.0
E05011487,Waddon,43.22686840847273,45.21268491839286,44.47880410269308,45.794798400121074,5.940587616439528,101.0,84.0,89.0,51.0,75.2,58.0,0.015084449467968719,-0.0032676343948168096,0.007316069926097457,0.0063776283330831225,47.273855233995484,53.0
E05011488,West Thornton,24.83208141778655,26.36521782507715,31.67600487837844,31.09826752089678,25.23423629974864,297.0,268.0,189.0,138.0,206.0,192.0,0.020170466518718344,0.03738462601803061,-0.0045912626430920644,0.017654609964552297,33.942061550570386,97.0
E05011489,Woodside,292.09316248464324,305.18841685605804,269.34543238057387,252.2464547559776,-13.641780379148935,7.0,7.0,10.0,5.0,6.800000000000001,3.0,0.014726226329074388,-0.024677341564466104,-0.016263322196060193,-0.008738145810483969,241.4165508570235,10.0
E05013496,Alperton,23.59453288397554,22.25462111956492,21.8540755683018,20.945913163779665,-11.225565402037311,333.0,340.0,347.0,317.0,330.80000000000007,335.0,-0.019299777763583603,-0.003625860395576219,-0.010554871604533833,-0.011160169921231219,19.802911895497246,302.0
E05013497,Barnhill,190.1113922422184,187.19670683225468,169.64348852243802,166.41495911733142,-12.464499284027983,13.0,13.0,18.0,12.0,13.600000000000001,8.0,-0.005136828853622544,-0.019499548340218942,-0.00479215226621843,-0.009809509820019971,158.41128534231,20.0
E05013498,Brondesbury Park,28.15370279474734,29.625601650829864,24.81483485887504,24.47611544872713,-13.06253522966912,251.0,226.0,299.0,239.0,250.8,251.0,0.017131768683165793,-0.03481882659360869,-0.003430076730853826,-0.00703904488043224,23.6267154703718,231.0
E05013499,Cricklewood & Mapesbury,22.580170557593824,24.94752307703155,20.71622638516599,20.51472184554988,-9.147179410251717,357.0,294.0,377.0,323.0,334.80000000000007,336.0,0.03379256641430106,-0.03648907570271909,-0.0024406441039950266,-0.001712384464137684,20.339676906579154,286.0
E05013500,Dollis Hill,37.76479610639748,40.386578705472616,38.09020602280254,38.94037371013238,3.1128927597619067,140.0,110.0,118.0,74.0,103.19999999999999,79.0,0.02262555160959323,-0.011639793340524673,0.005533857447617363,0.00550653857222864,40.024379744270554,71.0
E05013501,Harlesden & Kensal Green,49.02566300828801,50.00975875224252,47.1020464536776,42.50742380305688,-13.295565639018871,71.0,66.0,80.0,61.0,67.80000000000001,51.0,0.006646747413658449,-0.011908863873651754,-0.025333022337584832,-0.010198379599192712,40.38365167512034,69.0
E05013502,Kenton,81.99175718773859,81.6377459240358,71.73196642670153,70.13273050691055,-14.463681579203294,36.0,36.0,49.0,37.0,39.0,28.0,-0.0014412911727907929,-0.02553926052662614,-0.005620865321250279,-0.01086713900688907,66.40394772530946,38.0
E05013503,Kilburn,338.3825653163462,338.81386090312907,303.17112520913406,261.6508828518242,-22.67601535344686,6.0,6.0,9.0,4.0,5.800000000000001,2.0,0.0004246795593678687,-0.021985410714454146,-0.03615190750943309,-0.019237546221506457,237.43315428441142,11.0
E05013504,Kingsbury,40.84022844292852,41.36569508191627,35.18028006944951,36.302608831795645,-11.110661678775609,122.0,101.0,147.0,80.0,106.00000000000001,82.0,0.004270535939178144,-0.03187420163552168,0.007881876482758177,-0.006573929737861787,35.12494077079764,93.0
E05013505,Northwick Park,17.027783329283817,18.888325634523333,14.992278037849967,14.363612804825069,-15.646020817501231,475.0,418.0,498.0,490.0,474.20000000000005,486.0,0.035170249511278895,-0.04515070168945956,-0.010652147490729513,-0.00687753322297006,13.87642917300172,467.0
E05013506,Preston,18.777839308545783,18.29081758623547,16.03077926124808,16.76563265887913,-10.715858287012294,430.0,430.0,476.0,423.0,436.4,450.0,-0.00872116530583944,-0.026032863736093592,0.011268147147705188,-0.007828627298075949,16.119568306116157,403.0
E05013507,Queens Park,43.2556123914114,45.28271054130153,36.39193439433964,33.60867429579443,-22.302165111717184,100.0,82.0,136.0,107.0,106.4,83.0,0.015383223040904337,-0.04277387030884916,-0.019694226859731656,-0.015694958042558826,31.05274025018646,125.0
E05013508,Queensbury,149.2074824282692,149.0192188328823,129.10219267822023,132.43904980552645,-11.2383322537488,20.0,19.0,32.0,20.0,22.200000000000003,14.0,-0.00042076270538715654,-0.028286431154797786,0.006399956780522853,-0.007435745693220697,127.58781783268068,22.0
E05013509,Roundwood,48.38859472921738,50.31988912496309,45.83013787309525,42.08580911091448,-13.025353709016144,76.0,64.0,81.0,62.0,69.0,52.0,0.013130885801983405,-0.018518093940226743,-0.021082416816121996,-0.008823208318121778,40.26162538434133,70.0
E05013510,Stonebridge,50.77054054902276,53.84000181963279,48.75370049935036,46.98446055504056,-7.457237904186704,69.0,58.0,78.0,50.0,61.0,44.0,0.019759499208530595,-0.019651465776654997,-0.009198478184944792,-0.0030301482510230646,46.276912116296074,54.0
E05013511,Sudbury,22.41645929597796,21.518956311984205,18.73503137587131,18.005170327079096,-19.67879454401772,362.0,354.0,423.0,391.0,384.20000000000005,394.0,-0.013528076334821448,-0.02732748482716585,-0.009884857914945533,-0.016913473025644277,16.533163293758715,391.0
E05013512,Tokyngton,12.632313289317144,12.084603562033006,11.183177994433825,11.112211406653826,-12.03344033549923,552.0,559.0,583.0,572.0,567.6,575.0,-0.014666670496596534,-0.0153847320348236,-0.001590247736608763,-0.010547216756009633,10.53842884427279,565.0
E05013513,Welsh Harp,52.464488103795816,55.71099430506085,49.58025690260676,49.794036191337774,-5.090018046444703,65.0,54.0,75.0,46.0,57.2,40.0,0.020215278824674776,-0.023047220957896908,0.0010762070692564851,-0.0005852450213218822,49.64849808310797,52.0
E05013514,Wembley Central,28.72900035906893,27.366105448440617,22.730086980212416,22.14889956344925,-22.904036734235085,245.0,252.0,334.0,285.0,280.2,284.0,-0.016070095058061673,-0.03644253515585727,-0.006454492290753455,-0.019655707501557467,20.056044175287944,294.0
E05013515,Wembley Hill,18.96940468412924,18.20621860349409,15.48534342317298,15.66519296100274,-17.418636895289417,424.0,432.0,485.0,451.0,448.6,465.0,-0.013594805886755212,-0.03185542183675871,0.002890983687462212,-0.014186414678683904,14.585111138241603,442.0
E05013516,Wembley Park,7.935519397847707,7.64384376595804,7.137636936216681,7.093668495003876,-10.608642744571451,632.0,639.0,649.0,651.0,644.4000000000001,648.0,-0.012405154099850213,-0.013610296279585987,-0.0015435912688516185,-0.009186347216095939,6.773775520125038,644.0
E05013517,Willesden Green,28.814529256832422,30.169274482623628,27.039921013083145,25.22410441967812,-12.460466749783706,243.0,216.0,258.0,229.0,235.0,231.0,0.015432624185707677,-0.02166382915196019,-0.017228430711836662,-0.007819878559363058,24.253161771030086,225.0
E05013518,Central Greenford,20.49067742220581,21.036070301200297,19.320840713860647,20.004434404749137,-2.3729963018681337,395.0,369.0,411.0,331.0,367.4,371.0,0.00879463919913226,-0.016866983324786644,0.008730295209249173,0.00021931702786492924,20.02638059447318,296.0
E05013519,Dormers Wells,35.32174935686454,35.87748318440536,33.42985432910089,30.34456508028812,-14.09099030257724,163.0,146.0,172.0,148.0,155.4,138.0,0.0052172245869615,-0.014032719776059244,-0.023917316114741682,-0.010910937101279808,28.72485963033688,149.0
E05013520,Ealing Broadway,18.167360851664988,18.21036071064334,15.111187707827828,16.37965760919045,-9.840192293591729,447.0,431.0,496.0,434.0,448.40000000000003,464.0,0.0007883364527807579,-0.03662358387980269,0.0203556056059222,-0.005159880607033244,15.961410757108673,411.0
E05013521,Ealing Common,26.31512155423564,27.09844603420005,26.42519490912387,25.82606365973976,-1.858467168726268,279.0,255.0,266.0,208.0,243.2,241.0,0.009825505179809069,-0.005019057559286444,-0.005717021850724757,-0.00030352474340071084,25.786893198639635,199.0
E05013522,East Acton,14.725395527081224,14.375174957606529,14.10318966966882,12.682192499919127,-13.875369414726258,519.0,515.0,522.0,531.0,523.6,536.0,-0.007991507595208724,-0.003813065346444877,-0.026201169636199895,-0.012668580859284498,11.89896339045763,518.0
E05013523,Greenford Broadway,26.006775163364537,26.281575173047056,24.083282600497306,23.0834621457766,-11.240582499078869,280.0,272.0,311.0,265.0,278.6,283.0,0.0035098259411561195,-0.017318323268021518,-0.010544387802249866,-0.008117628376371755,22.161635384692918,254.0
E05013524,Hanger Hill,15.776148957902114,16.14319036581541,14.858184151227825,16.347495480916738,3.621584231609592,495.0,481.0,502.0,435.0,469.6,483.0,0.007695818990192116,-0.016452647480958094,0.024168401125811423,0.005137190878348481,16.77173294764803,385.0
E05013525,Hanwell Broadway,23.10022153347941,24.06244879811104,20.57731740384017,21.952428645100188,-4.968752731291816,345.0,313.0,382.0,291.0,324.4,330.0,0.013696373082737745,-0.030808075676908686,0.016303577620081944,-0.0002693749913629991,21.922877393742215,261.0
E05013526,Lady Margaret,27.39067931866017,26.32246060220477,24.639622208643843,24.181329903899435,-11.716939829872478,260.0,269.0,303.0,246.0,264.8,270.0,-0.01317253752551173,-0.013126443608690419,-0.004682742182054778,-0.010327241105418975,22.958222667420436,241.0
E05013527,North Acton,44.85870542757118,43.70499010618889,43.09426884683586,39.259431196578056,-12.482023673272751,88.0,92.0,95.0,73.0,84.2,65.0,-0.008647521546169323,-0.002810497292639491,-0.023030239267590735,-0.011496086035466516,37.05407440810751,79.0
E05013528,North Greenford,17.367292556856828,16.510404948310036,15.209747013701572,15.314777854814713,-11.81827677125043,462.0,475.0,493.0,458.0,469.20000000000005,482.0,-0.016724537128556705,-0.016276937774528877,0.0017219212735162248,-0.01042651787652312,14.532855184387033,445.0
E05013529,North Hanwell,22.71368825318827,23.4794343823706,23.41271200876805,23.568277507372784,3.762441593185807,356.0,323.0,322.0,256.0,302.6,303.0,0.011113688528598065,-0.0005689945086303494,0.001656999135438486,0.004067231051802067,24.05148029864361,226.0
E05013530,Northfield,13.393236811926414,13.32904701557584,11.19929142445843,12.591636229639764,-5.985114677975692,539.0,533.0,582.0,534.0,544.4000000000001,556.0,-0.0016001264593608067,-0.03421981831986387,0.02972890946587725,-0.002030345104449142,12.464327407125324,507.0
E05013531,Northolt Mandeville,32.179030740353326,30.46447811573786,27.63055254120261,28.432708413300656,-11.642122962873106,206.0,211.0,248.0,173.0,202.2,186.0,-0.018085677841407355,-0.01933841001275205,0.007180167308876273,-0.01008130684842771,27.028121212424843,172.0
E05013532,Northolt West End,38.53014322241502,37.54893449465697,34.16317153850047,33.55978997201754,-12.89990857730828,132.0,132.0,163.0,108.0,128.60000000000002,113.0,-0.008561762102894388,-0.018721885704342744,-0.004444987905576792,-0.010576211904271307,31.82225652383633,118.0
E05013533,Norwood Green,38.33029756983412,40.68174277995314,34.92425005558731,33.25682998360216,-13.236181057526602,134.0,108.0,150.0,112.0,123.20000000000002,103.0,0.02004450249771339,-0.03005857500300868,-0.012155831848276843,-0.007389968117857378,32.04602379162216,114.0
E05013534,Perivale,20.91110956818901,19.446824320764524,18.799090255891603,18.12794246239446,-13.309514240355927,385.0,404.0,422.0,383.0,395.40000000000003,403.0,-0.023908484513733397,-0.006752161961021241,-0.009047311463899033,-0.013235985979551224,16.959577502006915,379.0
E05013535,Pitshanger,21.76423401330726,23.071860988089654,21.313724499172555,20.436403517485434,-6.100975090646206,373.0,328.0,360.0,324.0,341.8,344.0,0.01963894080133044,-0.01572751598072175,-0.01045333295258477,-0.002180636043992027,20.214551396539328,287.0
E05013536,South Acton,20.599816344537103,18.568302258520003,20.42249763804144,18.661675224020858,-9.408535921390506,392.0,425.0,388.0,370.0,389.0,399.0,-0.03401670483867236,0.019218578574316192,-0.02228913111771369,-0.01236241912735662,17.536328089136795,362.0
E05013537,Southall Broadway,18.9668592056582,17.54382497995404,17.990702930576273,16.02719027821919,-15.498975848157531,425.0,443.0,440.0,444.0,439.20000000000005,453.0,-0.025662042220688908,0.0050432919198564186,-0.028478725775448965,-0.016365825358760484,14.757929747536366,438.0
E05013538,Southall Green,30.131292856533506,29.57645704065056,29.654483199226416,25.44688730690744,-15.546646378335934,224.0,227.0,220.0,222.0,223.00000000000003,214.0,-0.00617604497405444,0.000527067536846948,-0.037532492837757725,-0.014393823424988406,23.667465285886067,230.0
E05013539,Southall West,17.259697080902292,15.727458634082147,16.43481292932311,14.56020949074159,-15.640411170064288,466.0,484.0,468.0,483.0,476.80000000000007,490.0,-0.030513437162650536,0.008837559121749328,-0.029823580702184715,-0.017166486247695307,13.352648271475113,482.0
E05013540,Southfield,17.056771319923993,16.899207282041203,15.785904167674472,14.546421868421405,-14.717612169486332,473.0,466.0,480.0,484.0,477.40000000000003,492.0,-0.003088738439167682,-0.01353739677453547,-0.020235545951197365,-0.01228722705496684,13.674439331782343,474.0
E05013541,Walpole,15.721539605468028,17.95392069583674,14.26575427347846,14.845906832232476,-5.569637549562908,498.0,437.0,518.0,473.0,479.80000000000007,494.0,0.04525296816640467,-0.044947848444478966,0.010015405285865642,0.003440175002597116,15.103032458827268,434.0
E05013542,Belmont,53.06415579991946,62.28511949694037,57.13076173081048,53.79677692636267,1.3806327744204272,61.0,48.0,60.0,42.0,50.60000000000001,37.0,0.05485884193686452,-0.017127593921280493,-0.014919866437813956,0.007603793859256691,55.87341639479114,44.0
E05013543,Canons,5.482482185463244,5.712768733058697,6.045444452368903,6.229350477050858,13.622812921634816,662.0,662.0,668.0,663.0,663.5999999999999,669.0,0.01380976800079381,0.011384557842265108,0.007519899677894015,0.010904741840317644,6.576486521703714,651.0
E05013544,Centenary,131.85981407567192,135.89424984940467,118.98025192984608,120.35286925487532,-8.726650269803176,27.0,25.0,37.0,27.0,28.6,22.0,0.010096517653020776,-0.026233654587732413,0.002871734475963006,-0.004421800819582877,117.71541513344188,28.0
E05013545,Edgware,116.75307939476278,100.95000948762058,96.34323494150404,91.20324506678554,-21.883649202595105,30.0,33.0,39.0,32.0,33.2,24.0,-0.04732228422535989,-0.009298154265574676,-0.013613166422309142,-0.023411201637747903,81.01566175932052,34.0
E05013546,Greenhill,12.48739892147497,12.12822358252986,11.145688739241091,11.298702913749407,-9.519164200651304,557.0,558.0,585.0,565.0,566.0,573.0,-0.009681095400505102,-0.016754554922195686,0.0034146089801752044,-0.007673680447508528,10.871792159210802,553.0
E05013547,Harrow on the Hill,18.325018350970176,17.187448751735833,15.743844630788836,16.90311464995731,-7.759357583058499,442.0,461.0,481.0,419.0,444.40000000000003,459.0,-0.02113605396547169,-0.017392949952800607,0.0179207923638931,-0.006869403851459732,16.330464802286635,398.0
E05013548,Harrow Weald,22.28388934431796,24.29900184402242,22.86615085045036,22.69335939896936,1.8375161010921508,367.0,300.0,333.0,276.0,310.4,310.0,0.029277502502563335,-0.012081937114302721,-0.001894539103202031,0.005100342095019528,23.278012400618298,235.0
E05013549,Hatch End,8.94190815824959,10.079680240912769,9.100830905975185,10.12120612688912,13.188437498673451,616.0,598.0,621.0,598.0,606.2,613.0,0.04073186050976285,-0.020223862428156325,0.026922823276783525,0.01581027378613002,10.94700393795719,549.0
E05013550,Headstone,15.5463151236942,14.770188156516802,12.992638361474928,15.357899163475718,-1.2119653996419777,503.0,509.0,545.0,456.0,493.80000000000007,510.0,-0.016926052334226727,-0.025319528930589863,0.04269817963569489,0.0001508661236260996,15.369487593120322,428.0
E05013551,Kenton East,29.45938977092125,29.23530583226732,25.61951335327718,26.42279725498304,-10.307723749714487,233.0,230.0,282.0,200.0,229.0,218.0,-0.0025419684660701325,-0.026059004019717613,0.007748079320420986,-0.006950964388455587,25.517155624128403,206.0
E05013552,Kenton West,12.894482503394196,12.22485437683513,10.98793818456529,11.690721392388678,-9.335474383626137,546.0,552.0,591.0,555.0,559.8,567.0,-0.01761906453621709,-0.021108623543549254,0.015620073000253587,-0.007702538359837585,11.24736302258438,536.0
E05013553,Marlborough,16.740564874405173,15.493655856358464,14.015282115830331,14.691652047403547,-12.239209622694563,482.0,490.0,526.0,478.0,490.80000000000007,505.0,-0.025471377809694218,-0.01985667235693378,0.01185247307165449,-0.011158525698324503,13.890056148524204,466.0
E05013554,North Harrow,9.56729339061157,9.490163377651871,8.279803687202733,9.678477170225278,1.1621236547717284,606.0,605.0,636.0,606.0,611.8,624.0,-0.0026945348473240704,-0.026918378499717455,0.03979266035750939,0.0033932490034892884,9.843802766420092,582.0
E05013555,Pinner,15.696352949117188,15.664212306405698,13.379995845125285,15.024967376722776,-4.277334834218115,499.0,485.0,539.0,465.0,490.6,504.0,-0.0006830165241829,-0.031031891173719073,0.029412386853782557,-0.0007675069480398052,14.967396981652334,437.0
E05013556,Pinner South,11.497001042076487,11.465364424446518,8.79922897485026,10.579361131434164,-7.981558906396232,574.0,574.0,628.0,582.0,588.0,600.0,-0.000918085229671739,-0.0515567475201989,0.04713748309648769,-0.00177911655112765,10.485585817587202,566.0
E05013557,Rayners Lane,8.674173779785368,8.944268957263457,8.007901204103169,8.69141176585633,0.1987277002811907,623.0,615.0,640.0,628.0,626.8000000000001,637.0,0.010273381667575299,-0.021874071985085397,0.020687755311682876,0.0030290216647242594,8.823843992259834,610.0
E05013558,Roxbourne,14.83133503275188,14.80476077038199,14.136283858021056,13.45299957436266,-9.293401135807787,517.0,506.0,520.0,511.0,513.0,526.0,-0.0005976119645187961,-0.009198232522793282,-0.012309292530287008,-0.007368379005866362,12.964615993571936,492.0
E05013559,Roxeth,22.208765533285906,21.83423525191612,21.81298226848395,22.12272059809807,-0.3874368211005265,369.0,347.0,350.0,286.0,327.6,331.0,-0.005653257333389172,-0.00019475161740256652,0.0035311830695603508,-0.000772275293743796,22.037428285425683,260.0
E05013560,Stanmore,23.738235929128585,25.47324099605113,24.705019349016368,25.55776315757388,7.6649639588955,328.0,286.0,301.0,217.0,269.8,276.0,0.023792446054273997,-0.006105702572899108,0.008519757498815617,0.00873550032673017,26.6937363771324,175.0
E05013561,Wealdstone North,16.45259947691886,16.77227999723219,15.834403135300509,15.386264723230456,-6.481253951294145,486.0,470.0,479.0,455.0,469.0,481.0,0.006435296731796658,-0.011442537834684963,-0.007151747708198375,-0.004052996270362226,15.076979600132058,435.0
E05013562,Wealdstone South,11.93976511092562,11.089548785295628,10.13643919946079,10.43161817856712,-12.631294823199262,567.0,581.0,604.0,585.0,584.4000000000001,595.0,-0.024323081799398127,-0.017812712393303953,0.007201968023436978,-0.011644608723088368,9.838238814870499,583.0
E05013563,West Harrow,9.973235917776725,9.927013082760762,8.699759352650002,9.9829117061047,0.097017541826422,599.0,601.0,631.0,602.0,607.0,616.0,-0.0015472888072571855,-0.026047606815446378,0.034993202752390484,0.002466102376562307,10.106614743446988,573.0
E05013564,Belmore,137.80517803967768,136.3290665519927,123.87088632509996,121.34080717219658,-11.947570549736955,25.0,24.0,35.0,26.0,27.200000000000003,19.0,-0.0035833524668387184,-0.01898385050603335,-0.005145866726155579,-0.009237689899675883,115.83885738566724,29.0
E05013565,Charville,14.124796500473394,15.136365983054008,14.84728588865613,14.752784257059783,4.445995073736758,524.0,498.0,503.0,475.0,495.00000000000006,512.0,0.02332395383834407,-0.0038491950942050046,-0.0015950395553802066,0.005959906396252952,15.19768190839027,433.0
E05013566,Colham & Cowley,27.479240487647168,30.62131932304842,28.53957848109312,26.17535365360673,-4.744988620142445,259.0,209.0,233.0,202.0,221.00000000000003,211.0,0.03674764575037859,-0.013982254175780917,-0.021386391062259147,0.0004596668374461747,26.235568696047665,189.0
E05013567,Eastcote,11.426070149615716,11.3982451084597,9.018836392044673,10.432859996874589,-8.692491291719676,577.0,575.0,623.0,584.0,588.6,601.0,-0.0008124011765917594,-0.04574926451319783,0.037082289342843966,-0.003159792115648541,10.269070013478089,571.0
E05013568,Harefield Village,10.775796358914892,11.246166781453647,10.547970474958625,11.02197815476541,2.284580996622584,588.0,576.0,598.0,575.0,582.4000000000001,591.0,0.014343494310248728,-0.0127369635935759,0.011050061906549002,0.0042188642077406096,11.256449375930398,534.0
E05013569,Hayes Town,28.817830787666296,28.82758434211801,28.215100145331785,26.561393139485165,-7.830005196459338,242.0,232.0,237.0,197.0,221.00000000000003,211.0,0.000112805787371828,-0.004285872846586769,-0.014986203443268398,-0.00638642350082778,25.72399608382305,203.0
E05013570,Heathrow Villages,23.75757355996575,26.30781712517124,24.33088217326671,24.449892469613964,2.914097720883634,326.0,270.0,308.0,240.0,276.8,280.0,0.03457245309663293,-0.015502521261526958,0.0012205951054604647,0.006763508980188811,25.287988325894595,208.0
E05013571,Hillingdon East,20.28903839176673,20.903104669599728,19.20645008621894,19.00969556319515,-6.3055863164551695,397.0,374.0,414.0,357.0,379.8,388.0,0.009988534766987911,-0.016787794177235194,-0.0025709451444795306,-0.003123401518242271,18.714669736819896,333.0
E05013572,Hillingdon West,6.86859508960613,7.494718357985384,7.09770363534475,7.170409353503895,4.394119320768876,647.0,642.0,650.0,648.0,647.0,651.0,0.02950659742753392,-0.01082641856052069,0.0025511099147002003,0.007077096260571143,7.427754566225051,632.0
E05013573,Ickenham & South Harefield,18.054835485758417,19.16424502615623,16.168108139800857,17.323878558418347,-4.048538287245244,449.0,411.0,470.0,408.0,429.20000000000005,442.0,0.02007646204988567,-0.033429584901427556,0.017411123064767553,0.0013526667377418884,17.44136313521615,364.0
E05013574,Northwood,9.185132074502896,10.042735028579836,9.09240481332663,9.024568321707774,-1.748083222894904,614.0,600.0,622.0,619.0,614.8000000000001,627.0,0.03020155147907322,-0.019685668434006875,-0.0018704379059132359,0.0028818150463843692,9.155355646141354,600.0
E05013575,Northwood Hills,12.265707606583485,13.00094761167842,10.31686356286554,11.277383664115447,-8.057618640261447,561.0,540.0,601.0,566.0,566.8,574.0,0.0195944595926687,-0.04519532717631758,0.022504356683107796,-0.001032170300180361,11.219302784244428,539.0
E05013576,Pinkwell,26.391667250738774,29.64452418746877,26.18467783249723,25.44352957117403,-3.592564541515292,275.0,225.0,274.0,223.0,244.0,243.0,0.039503331896809435,-0.02451510217349051,-0.007152536552841204,0.0026118977234925733,25.777549355608325,200.0
E05013577,Ruislip,20.68549010688366,21.40707621204725,18.10306196046772,19.01148877448832,-8.092635580523513,390.0,360.0,435.0,356.0,379.4,387.0,0.011495247695776811,-0.032972250722585805,0.012315816609051344,-0.0030537288059192167,18.72297658499877,332.0
E05013578,Ruislip Manor,7.887218066604995,8.400479399800002,6.213111756471431,6.718243112809095,-14.821131404308671,634.0,624.0,664.0,655.0,646.4000000000001,650.0,0.021237469730784442,-0.05854185114741739,0.01973338420230175,-0.005856999071443732,6.523790591111618,652.0
E05013579,South Ruislip,17.111273853723134,17.41427915423464,13.331229025415666,13.482269564439497,-21.208264915320875,471.0,446.0,540.0,509.0,495.0,511.0,0.005868142071622895,-0.05203361495208836,0.0028205018343843147,-0.01444832368202705,12.536029660204372,505.0
E05013580,Uxbridge,18.700264960333847,21.466078417588832,18.17211651392548,17.763259442905184,-5.010653696170595,433.0,356.0,434.0,397.0,403.40000000000003,412.0,0.04705216030277981,-0.03276821402561736,-0.005672876046969977,0.0028703567433974917,18.019661613033403,348.0
E05013581,West Drayton,23.872234274171337,27.59588571235482,24.70523542806789,24.93802554742747,4.464564401536846,322.0,248.0,300.0,234.0,267.6,274.0,0.04950317461833409,-0.021887223576453563,0.0023473976306935818,0.009987782890858036,26.208530311210314,191.0
E05013582,Wood End,33.495081769872435,33.23355292636148,32.150404318821714,30.982442281944373,-7.50151770099002,185.0,185.0,184.0,140.0,166.8,147.0,-0.002609462525446471,-0.006605083757076136,-0.00920843046315778,-0.006140992248560129,30.04274009322865,135.0
E05013583,Yeading,76.15080459611391,76.77301037601106,70.05421011213603,68.18380029179795,-10.462140678054675,40.0,39.0,51.0,38.0,41.2,30.0,0.0027161840853326957,-0.018150023477399135,-0.006742756971332198,-0.007392198787799546,65.7006436216776,39.0
E05013584,Yiewsley,20.799447679822208,23.46710705237169,22.58847522090408,23.070595983375984,10.919272177390768,387.0,324.0,336.0,266.0,315.79999999999995,319.0,0.04104439590373987,-0.0076029324780763075,0.00529373137024991,0.012911731598637824,24.598964159346096,220.0
E05013585,Alexandra Park,101.92158984027104,101.97735430374968,81.68168900279055,78.74292589859897,-22.74166246621259,31.0,32.0,45.0,36.0,36.0,27.0,0.00018234375562720118,-0.04341361832696666,-0.009118523823556934,-0.0174499327982988,72.10825677027552,36.0
E05013586,Bounds Green,27.615521982164665,25.88838933468419,22.43053382237428,19.533861976371306,-29.264918515800115,257.0,278.0,338.0,342.0,311.40000000000003,313.0,-0.021297739099140678,-0.02826708048981219,-0.033977756982135676,-0.02784752552369618,16.96133549022806,378.0
E05013587,Bruce Castle,48.49494404484905,49.16194530732881,45.38836053713885,40.775039835524176,-15.918987765374796,75.0,70.0,85.0,64.0,71.6,55.0,0.004563818924511409,-0.015845942517172973,-0.026440554863007115,-0.012574226151889559,38.275131289043465,78.0
E05013588,Crouch End,23.616444955657386,24.12333113903132,17.39125718376779,17.019354606830458,-27.934307476056315,332.0,311.0,453.0,416.0,385.6,398.0,0.007103839982983251,-0.06334697548313561,-0.005389528224734819,-0.020544221241629062,15.341479767169828,429.0
E05013589,Fortis Green,21.456227577311203,20.83903603583218,16.078514582066546,16.035860911290804,-25.26244022389165,378.0,377.0,474.0,443.0,423.0,434.0,-0.009681817423108363,-0.05054658777250487,-0.0006638699240135715,-0.0202974250398756,14.473165499092017,447.0
E05013590,Harringay,33.42379153889065,35.37114418438092,28.969227126348084,25.518729661477373,-23.65100281401422,186.0,155.0,228.0,221.0,202.20000000000002,187.0,0.019055408290949316,-0.03914565131206671,-0.031208018471579835,-0.017099420497565743,23.410301486514737,233.0
E05013591,Hermitage & Gardens,13.73245826634691,13.090271341192548,21.131463828737992,18.063880205206168,31.54148991279984,533.0,538.0,365.0,385.0,441.20000000000005,455.0,-0.01583755863143277,0.10051555853413796,-0.03845333606790924,0.015408221278265318,19.499093477272023,312.0
E05013592,Highgate,161.53928858247565,147.71674437750022,137.5165130882707,127.43308658157513,-21.11325504785001,17.0,21.0,30.0,25.0,23.6,16.0,-0.029377128966248445,-0.01420860046791883,-0.018858066428761977,-0.020814598620976416,114.71147186845394,30.0
E05013593,Hornsey,33.84123436159526,33.876772980648866,28.356042204440502,25.52164779930808,-24.58416993125011,180.0,175.0,235.0,220.0,206.0,192.0,0.0003499299655849164,-0.0349524421144799,-0.025984710437205405,-0.020195740862033462,23.04651836878072,237.0
E05013594,Muswell Hill,18.84600602524689,19.22438609989496,14.590638498944251,13.960801434463464,-25.921697065357,427.0,407.0,508.0,498.0,467.6,478.0,0.0066481927735868585,-0.053666174999862704,-0.01097102926511273,-0.019329670497129525,12.662677000365123,499.0
E05013595,Noel Park,62.18405787708394,63.9629452619585,54.89477968940998,49.69149415081462,-20.08965666242421,47.0,45.0,64.0,47.0,50.0,35.0,0.009446092936394868,-0.03011438372779196,-0.02458876794487974,-0.015085686245425611,46.0547364113316,55.0
E05013596,Northumberland Park,53.73297846635432,54.76737053170868,51.79068890530516,45.099312012728014,-16.0677235843764,60.0,55.0,68.0,54.0,58.2,42.0,0.006376125225235674,-0.011114612389945822,-0.03399459315763187,-0.012911026774114006,42.262133634564236,61.0
E05013597,St Ann's,2.1434695119581133,2.199147189520533,21.838892379389232,18.05122264435524,742.1497270500009,673.0,671.0,348.0,386.0,492.80000000000007,508.0,0.008584591612659898,0.582687827023364,-0.046503718542705075,0.18158956669777293,41.57572781295228,65.0
E05013598,Seven Sisters,22.0750401743689,21.428146847483507,20.982810035266738,18.45939229638684,-16.37889602656375,370.0,357.0,370.0,372.0,368.20000000000005,375.0,-0.009865095973729643,-0.004191550487075424,-0.031524948168999534,-0.015193864876601534,17.099016323919614,375.0
E05013599,South Tottenham,38.30814103984029,37.95541916816038,34.58334359723335,30.285860662281227,-20.94145045883571,135.0,130.0,159.0,152.0,145.6,128.0,-0.0030786319832779574,-0.01843596439354933,-0.032628618669948706,-0.01804773834892533,27.64978722933451,162.0
E05013600,Stroud Green,26.650972353536925,27.371733137319527,20.847009928167232,19.521082240908115,-26.75283294751001,270.0,251.0,374.0,343.0,316.20000000000005,322.0,0.008934747874945526,-0.0530036715773724,-0.016294658806472517,-0.020121194169633132,17.63460402823422,360.0
E05013601,Tottenham Central,44.92475687315296,45.23432409640278,41.17652439702172,36.22936509965263,-19.35545649818909,87.0,83.0,102.0,82.0,87.20000000000002,67.0,0.002291675383261804,-0.01862200409840109,-0.03149301046480546,-0.015941113059981582,33.4322928355375,100.0
E05013602,Tottenham Hale,23.56725199381928,24.080818913020487,21.91729238537294,18.671562213858174,-20.773273783659807,334.0,312.0,346.0,369.0,346.0,350.0,0.007211715694170895,-0.018651800725106527,-0.039276445383976455,-0.01690551013830403,17.145768898434884,373.0
E05013603,West Green,41.321352570875526,43.18947209119063,38.66418027089168,34.68259103779328,-16.066176734402045,119.0,95.0,113.0,97.0,104.20000000000002,80.0,0.014848285320602672,-0.021893416092733653,-0.0268031781935143,-0.011282769655215094,32.76966851216134,102.0
E05013604,White Hart Lane,76.72373368339674,79.41278311467185,70.95388720597673,66.30009126960303,-13.585942593470818,39.0,38.0,50.0,39.0,41.0,29.0,0.011548931845162702,-0.022274020069675937,-0.016816722452939192,-0.00918060355915081,63.31208636369199,40.0
E05013605,Woodside,152.8465147867001,158.69789549792546,139.81153787875053,131.0168857577544,-14.2820587433147,19.0,16.0,27.0,21.0,20.8,13.0,0.012601444086844715,-0.025023003668929622,-0.01611109131071009,-0.009510883630931666,124.90384598901213,24.0
E05013606,Bedfont,32.92321322284956,32.183346861814314,32.81432960992642,30.31553485358077,-7.920485620944769,197.0,195.0,178.0,150.0,174.0,157.0,-0.007547651504675734,0.0038907810676380716,-0.019606496711349064,-0.007754455716128909,29.158220891671466,140.0
E05013607,Brentford East,6.590470230551291,5.882056007677974,5.826030131981414,6.175659912533458,-6.294092887255692,653.0,661.0,672.0,664.0,662.8000000000001,666.0,-0.03719666869120852,-0.0019122755577561934,0.014676638199331071,-0.008144102016544549,5.928246760170176,661.0
E05013608,Brentford West,12.831234066587989,11.689007634941014,11.41337301275807,11.93522552493485,-6.98302701831546,548.0,568.0,577.0,548.0,557.8000000000001,565.0,-0.03059987446495971,-0.004761257628184357,0.011239801333250421,-0.008040443586631215,11.463057168565461,531.0
E05013609,Chiswick Gunnersbury,24.78609068204719,23.25741447233316,22.225791074761187,21.356888549031822,-13.835187553393288,299.0,327.0,344.0,305.0,316.0,321.0,-0.0209960003362325,-0.00903307611218096,-0.009920226290240697,-0.013316434246218053,19.97227119233615,299.0
E05013610,Chiswick Homefields,19.938846568789927,18.6669057446802,17.906183525695333,16.607498501209665,-16.70782738653893,407.0,421.0,442.0,430.0,426.0,435.0,-0.02173293080842187,-0.00828669610242816,-0.01864690242428202,-0.016222176445044017,15.303450530461665,430.0
E05013611,Chiswick Riverside,11.663919811750342,11.53005379881662,11.114933872151328,10.384780255679775,-10.96663537400135,572.0,571.0,587.0,587.0,580.8,588.0,-0.003840373543374076,-0.007306656100520836,-0.01684360831076892,-0.009330212651554612,9.909275509424223,579.0
E05013612,Cranford,33.043645289953126,30.91312249789073,31.73406458940136,27.94217734093837,-15.438574964263536,194.0,204.0,187.0,178.0,188.2,171.0,-0.02197120571174771,0.005255748560626605,-0.0313126333369077,-0.016009363496009604,25.77597331952473,201.0
E05013613,Feltham North,18.07126307911676,18.581160136588807,16.956160719345835,16.73184488556191,-7.411868156037658,448.0,424.0,460.0,425.0,436.40000000000003,451.0,0.009318203337146391,-0.018136898209110464,-0.0033238260807431086,-0.004047506984235727,16.395963581520867,396.0
E05013614,Feltham West,24.20554472369236,21.71927302508889,22.32993353538888,21.89080068851714,-9.562866944735813,313.0,350.0,340.0,292.0,317.4,323.0,-0.03548243424301811,0.0055610184102561355,-0.004953092951208271,-0.011624836261323416,20.647656453970765,279.0
E05013615,Hanworth Park,18.78718496955964,19.178600981577222,18.977725054182887,17.29280975352075,-7.954226343436664,429.0,410.0,419.0,409.0,415.20000000000005,422.0,0.006897055359433635,-0.0021036241612414353,-0.022975727148602187,-0.006060765316803329,16.775085209658595,384.0
E05013616,Hanworth Village,38.75191326406248,38.86345587719176,36.35361305352724,32.535641265611254,-16.041200226921536,129.0,119.0,141.0,119.0,125.4,106.0,0.000958539884359455,-0.013263410628887917,-0.027358159905053192,-0.013221010216527218,30.4409948170302,131.0
E05013617,Heston Central,24.19940182485993,23.545392437141093,24.00908115086442,22.73774770494829,-6.040042355138239,314.0,322.0,313.0,273.0,299.0,300.0,-0.009091012506623808,0.003908014245243896,-0.013509344105369192,-0.006230780788916368,22.038150658117544,259.0
E05013618,Heston East,19.034723463146143,16.833314493155502,18.501557599921338,18.15622495171335,-4.615241787639764,420.0,469.0,427.0,381.0,415.6,425.0,-0.040140453713053525,0.019078715396246615,-0.00469928581092427,-0.00858700804257706,17.389960037286155,367.0
E05013619,Heston West,29.475446570049645,27.46012937658095,29.635588867567137,27.05381825876494,-8.215747658070596,232.0,250.0,221.0,192.0,217.40000000000003,207.0,-0.023331018114263413,0.015365017286519622,-0.022529291890058145,-0.010165097572600645,25.706466524664528,204.0
E05013620,Hounslow Central,9.629091232283384,8.559072507592088,11.041629304467625,11.16760875766077,15.977806090560346,604.0,622.0,589.0,569.0,590.6,602.0,-0.038504768620577834,0.05225571082398095,0.00284025116103237,0.005530397788145162,11.479849940305769,530.0
E05013621,Hounslow East,8.845004626594243,7.858197526867646,10.183488868425286,10.326562496282875,16.750221534469727,618.0,632.0,603.0,590.0,606.6,614.0,-0.03866454695273813,0.05320940917635042,0.003494037073146661,0.006012966432252982,10.640785030113651,562.0
E05013622,Hounslow Heath,26.32817437611375,24.13513054290601,27.39500670791893,22.735688300584894,-13.645025379306746,278.0,308.0,251.0,274.0,277.0,281.0,-0.028574195927146495,0.025662203699141406,-0.045536832211437006,-0.0161496081464807,20.95817301436043,275.0
E05013623,Hounslow South,15.0788854335049,13.794785589047343,14.840956407709196,14.703144075092109,-2.4918377427147664,513.0,523.0,504.0,477.0,498.8,516.0,-0.02923247896950698,0.014727398734191155,-0.0023296147376086207,-0.0056115649909748155,14.295209894104659,455.0
E05013624,Hounslow West,22.945008827317523,21.01091464298851,21.354156729446427,20.00692947311929,-12.8048734969335,349.0,370.0,359.0,330.0,347.6,351.0,-0.028926185944525673,0.0032461308494879937,-0.016159936296856747,-0.013946663797298142,18.65015627756175,335.0
E05013625,Isleworth,27.219741669131963,26.538674058942163,26.28205687898961,25.90915367978561,-4.814843598727438,261.0,265.0,270.0,207.0,242.0,238.0,-0.008410908425504515,-0.0019414348039655804,-0.0035661581508537044,-0.004639500460107933,25.31367714959879,207.0
E05013626,Osterley & Spring Grove,18.353290293059004,17.27093525651775,19.044697262529795,17.788638950662158,-3.0765673804570666,441.0,458.0,418.0,395.0,421.40000000000003,431.0,-0.020057393105498034,0.019745138282220243,-0.0169125278437654,-0.0057415942223477305,17.283793830000356,369.0
E05013627,Syon & Brentford Lock,18.91963776947885,18.69392709293799,17.749234860024504,16.761691812549252,-11.405852391163618,426.0,420.0,444.0,424.0,427.6,439.0,-0.003992575503932172,-0.010317665554996358,-0.014209669724506324,-0.009506636927811618,15.979960463039472,410.0
E05013628,Barnet Vale,12.736976948770156,9.34074962745893,9.992436737523663,9.046533081577744,-28.974252540739272,551.0,607.0,606.0,618.0,600.0,609.0,-0.09821060688406602,0.013579773113244986,-0.02455521307970665,-0.0363953489501759,7.515824205126024,631.0
E05013629,Brunswick Park,435.0991511858867,359.95717926308043,376.65010159660255,12.40859368050976,-97.14809977296224,3.0,5.0,5.0,537.0,217.4,206.0,-0.06124081061920106,0.009107536730318166,-0.5739641763494333,-0.20869915007943873,3.849734018811556,676.0
E05013630,Burnt Oak,41.87464410887824,33.617646514542585,36.37331179887629,33.436528159222206,-20.15089591619236,116.0,176.0,139.0,110.0,130.2,115.0,-0.07059416992818168,0.015881631642004068,-0.020826654600542116,-0.02517973096223991,29.433637050645007,136.0
E05013631,Childs Hill,20.21968282092857,16.894045904481366,19.727706378861324,18.007753949575623,-10.93948352673204,399.0,467.0,402.0,390.0,409.6,416.0,-0.05813980356983295,0.03149846279494817,-0.02254732799488479,-0.016396222923256525,16.579082279942714,389.0
E05013632,Colindale North,15.182722259459805,12.349015343742405,13.060355732529365,11.45255214100765,-24.568519760203213,510.0,550.0,543.0,559.0,544.2,554.0,-0.06654319180452606,0.011263972377203668,-0.03230874164159969,-0.02919598702297403,9.875522712379107,580.0
E05013633,Colindale South,18.38320815458404,15.085297578967708,15.67288109890304,13.57345315499943,-26.16384996100501,440.0,501.0,482.0,506.0,487.0,501.0,-0.06378083830825099,0.0076715368126889505,-0.03531532939403148,-0.03047487696319784,11.627482244191881,526.0
E05013634,Cricklewood,14.58808798021334,12.710130594946676,14.320315701032788,13.456470942869531,-7.757130604632242,520.0,543.0,516.0,510.0,519.8,534.0,-0.04489625854066348,0.024142799432239626,-0.015434425807617669,-0.012062628305347175,12.664214247363395,498.0
E05013635,East Barnet,37.84615460830913,29.970902907288824,33.70797976346503,14.507251585667955,-61.66783194802336,139.0,219.0,167.0,486.0,299.4,301.0,-0.07482045452201835,0.023779854771679432,-0.19004087127098912,-0.08036049034044268,9.542743459601464,592.0
E05013636,East Finchley,23.172239879604906,19.71465843481209,17.029419614038353,14.977163354040098,-35.36592305337612,343.0,395.0,459.0,470.0,427.40000000000003,438.0,-0.05243921188225398,-0.028859384105661468,-0.0315940928067705,-0.03763089626489532,12.363400147086066,509.0
E05013637,Edgware,179.64383070145684,151.00906264767377,146.9260416095641,137.04622741651986,-23.71225503186263,14.0,18.0,23.0,19.0,18.6,12.0,-0.05623565001821795,-0.005467102835483351,-0.017252208197141128,-0.02631832035028081,119.93669518869018,26.0
E05013638,Edgwarebury,246.94914349209583,206.85699288429484,201.9891988265832,188.2485450065476,-23.77031872047254,10.0,12.0,15.0,9.0,11.0,7.0,-0.057341848041715715,-0.004751371166650475,-0.01745857355175584,-0.02651726425337401,164.5784234526635,17.0
E05013639,Finchley Church End,18.023058454770144,13.47668754294447,12.71498108857275,11.879734915033414,-34.08591030847366,450.0,529.0,553.0,552.0,527.2,539.0,-0.09235039560205749,-0.011568649070322845,-0.01684326684920978,-0.04025410384053004,9.673598735121196,587.0
E05013640,Friern Barnet,22.8434432969063,17.67053543401369,19.37109832806202,16.244418754359184,-28.88804659077305,353.0,441.0,409.0,437.0,415.40000000000003,424.0,-0.08202811420899692,0.018546609088963883,-0.04305388708540503,-0.035511797401812685,13.557786026922248,475.0
E05013641,Garden Suburb,16.050308910915405,12.36098886562608,11.974039849147063,11.586444692227913,-27.811702836770525,490.0,549.0,567.0,556.0,543.6,552.0,-0.08337871059237234,-0.006340711043951286,-0.008192533444713157,-0.03263731836034559,9.815147713950106,584.0
E05013642,Golders Green,10.24332613301311,8.928973440986224,9.898574871128616,9.411165147449951,-8.12393332748818,593.0,616.0,608.0,608.0,606.6,614.0,-0.04474311406106879,0.02083188911847844,-0.012544164820168846,-0.012151796587586397,8.853081579807872,608.0
E05013643,Hendon,25.32483986895701,21.334549276346465,21.81800090213169,19.464591876137643,-23.140316081535488,289.0,362.0,349.0,344.0,337.6,338.0,-0.055550107718811526,0.00449157062562211,-0.028131319665857135,-0.026396618919682185,17.027687420664734,376.0
E05013644,High Barnet,20.54996627379832,15.27031711417406,16.841194677987087,15.319896771525768,-25.45050163386891,394.0,496.0,462.0,457.0,453.2,470.0,-0.09424171717756569,0.019776425520238394,-0.023390969732158262,-0.03261875379649518,12.97908743545443,491.0
E05013645,Mill Hill,16.09358099926861,12.830854332532418,14.338199262802314,12.119964925326745,-24.690689251338487,489.0,542.0,515.0,544.0,526.8000000000001,538.0,-0.07274120464669953,0.022463485769759206,-0.041147758476431706,-0.030475159117790678,10.382359617583111,568.0
E05013646,Totteridge & Woodside,17.20007215149959,12.43944550103208,12.995730943786024,12.096127104358157,-29.67397463327761,468.0,547.0,544.0,545.0,529.8,542.0,-0.10238469087615065,0.008788070768847245,-0.01777404151908213,-0.037123553875461845,10.011500129712632,576.0
E05013647,Underhill,13.345487718851148,10.402976233484525,12.584974032127464,11.25759785156901,-15.64491243233391,540.0,592.0,557.0,567.0,564.6,572.0,-0.0796753547135548,0.03881674967370308,-0.027480424824586125,-0.022779676621479283,10.032477234879446,575.0
E05013648,West Finchley,20.19816561241672,14.792010834797903,14.090196801590167,13.312205883729623,-34.09200548615159,401.0,507.0,523.0,514.0,491.80000000000007,507.0,-0.09862585667240165,-0.00967448479152666,-0.014099148598440081,-0.04079983002078946,10.809267409894188,556.0
E05013649,West Hendon,23.984828850390542,19.60626639243782,20.92432122991139,18.30046932138596,-23.699812762733263,318.0,398.0,371.0,376.0,367.80000000000007,374.0,-0.0649831764297758,0.013097621889773148,-0.032941576447187315,-0.028275710329063324,15.85541161228052,416.0
E05013650,Whetstone,13.868885705724244,10.428054549953004,10.929142257540844,7.527897420920069,-45.72096431789755,529.0,591.0,593.0,640.0,598.6,607.0,-0.0906719769847476,0.009430811667884065,-0.08899260273862819,-0.05674458935183058,5.621085844237543,666.0
E05013651,Woodhouse,17.981318163894276,13.672550042613183,14.430981710212246,13.082357751344066,-27.24472348410537,452.0,528.0,511.0,520.0,506.2,521.0,-0.08726928543664536,0.010855948130199078,-0.024229832348523606,-0.0335477232183233,11.030319413292206,546.0
E05013652,Belsize,16.936924637227474,14.858529522613214,12.743067396882852,9.61406663903605,-43.23605468548719,479.0,505.0,549.0,607.0,549.4000000000001,560.0,-0.04270213102147957,-0.03025035406019505,-0.0680163639258784,-0.046989616335851005,7.557798187976283,629.0
E05013653,Bloomsbury,32.66290688438601,28.66737738740721,30.42543220342107,24.852008160286783,-23.91366681400028,201.0,234.0,210.0,236.0,223.4,215.0,-0.04256115496303747,0.01197494119052167,-0.04932694941585625,-0.026637721062790682,21.71371067953528,267.0
E05013654,Camden Square,17.15933612055957,15.10083192447676,17.999010730594705,13.63822511371244,-20.52008878495181,470.0,500.0,438.0,503.0,482.80000000000007,498.0,-0.041702995053886194,0.03573714651715387,-0.0670093215832297,-0.024325056706654007,12.05823140149808,514.0
E05013655,Camden Town,15.951631087456256,13.730860378342342,14.133598982686356,12.404255766631724,-22.23832347535952,492.0,524.0,521.0,538.0,522.6,535.0,-0.04874368849409538,0.0057985443317754015,-0.03210223519652233,-0.025015793119614105,10.928451193131542,551.0
E05013656,Fortune Green,22.39084318764444,19.11497809523471,19.93524299416996,16.830765235871638,-24.831927521340173,364.0,412.0,397.0,422.0,403.4,411.0,-0.05136068641942515,0.0084387973679374,-0.04143717506374911,-0.028119688038412288,14.593779641872302,440.0
E05013657,Frognal,12.960563956178776,10.617788326035688,8.289167379550005,5.921867844069861,-54.30856354636722,544.0,588.0,635.0,668.0,620.6,632.0,-0.06429980239274469,-0.048310299560691106,-0.08063715027389662,-0.06441575074244414,4.244956263764827,673.0
E05013658,Gospel Oak,29.686095706870177,25.74382592900657,26.25169876520542,20.155187017987533,-32.10563215518075,228.0,280.0,271.0,326.0,286.20000000000005,294.0,-0.04638442489705885,0.00391481759683554,-0.06393209454576221,-0.03546723394866184,16.825646499800968,382.0
E05013659,Hampstead Town,24.32684850448524,20.609052384415588,18.19342331412124,14.578132311361328,-40.07389691815814,311.0,381.0,432.0,481.0,417.20000000000005,427.0,-0.0537830484807178,-0.02462576279592099,-0.05387859999462796,-0.044095803757088915,11.635196654404057,525.0
E05013660,Haverstock,34.36926940247393,30.184529029527685,30.108421098230544,25.62405412894501,-25.44486812076208,172.0,215.0,213.0,213.0,205.2,190.0,-0.0423546566477101,-0.0005047937480511244,-0.039516374344699234,-0.027458608246820154,22.294016271563468,249.0
E05013661,Highgate,178.28342825602178,162.4761344429203,152.4947265804041,140.32136541710352,-21.293096733816054,15.0,15.0,21.0,17.0,17.0,11.0,-0.03047383561930972,-0.012600166787963829,-0.020583888120234595,-0.021219296842502715,126.0523059368743,23.0
E05013662,Holborn & Covent Garden,28.03927388299532,25.25616146151407,24.263686839511347,19.0775400915183,-31.96136187004451,252.0,290.0,310.0,352.0,311.20000000000005,312.0,-0.034245232253055424,-0.007985798788569198,-0.058345912963309265,-0.03352564800164463,16.08696221000409,404.0
E05013663,Kentish Town North,13.696040671596585,12.495778178415769,11.678679966372592,10.010152584821672,-26.912070248293425,535.0,545.0,570.0,601.0,570.4,578.0,-0.030109385583515058,-0.01343412317781878,-0.03780801488057928,-0.027117174547304373,8.724556937151478,613.0
E05013664,Kentish Town South,33.21245622323205,29.706018397349315,29.67166851963305,22.901755684231905,-31.04467935071852,189.0,222.0,219.0,271.0,234.40000000000003,229.0,-0.036508656912075166,-0.00023137248599214288,-0.06269334155270367,-0.03314445698359033,19.349811307604487,317.0
E05013665,Kilburn,242.86634856822235,243.24735348293893,217.9006512203072,187.93588906299328,-22.617567163611728,11.0,9.0,14.0,10.0,10.8,6.0,0.0005226548843968448,-0.021767514658008413,-0.036309009834455064,-0.019184623202688877,170.5870474192203,16.0
E05013666,King's Cross,23.709526691504497,18.496680954096952,36.8792556587049,31.05257360948025,30.970870964737102,329.0,427.0,129.0,139.0,232.6,226.0,-0.0794296694102008,0.1479888456512677,-0.04208083280477415,0.008826114478764246,32.44734595216452,108.0
E05013667,Primrose Hill,33.3842971019868,29.670224891490992,28.72828530817877,23.460080516376497,-29.72719945336122,188.0,224.0,230.0,258.0,231.60000000000002,225.0,-0.03855111418880797,-0.0064315933512087975,-0.0493843752724028,-0.03145569427080652,19.995255554598273,297.0
E05013668,Regent's Park,159.376026041106,137.5583360743493,147.5151258108994,116.295752139899,-27.03058607453032,18.0,23.0,22.0,29.0,24.200000000000003,17.0,-0.04788814349906667,0.01407465404777053,-0.05771598350564444,-0.030509824318980194,99.60494830612608,31.0
E05013669,St Pancras & Somers Town,8.491209851887382,7.325739195153048,27.82737614883323,23.02296435181388,171.1387982796875,624.0,645.0,244.0,269.0,410.20000000000005,418.0,-0.048021164926878246,0.30594281715464033,-0.04627702323591898,0.0705482096639477,32.373703783351665,109.0
E05013670,South Hampstead,37.07115612906531,36.17889707107751,32.39652752031767,27.14908164591353,-26.76494482289013,148.0,142.0,182.0,189.0,170.0,149.0,-0.008088182996077609,-0.0218428635638368,-0.043215413445778283,-0.0243821533352309,23.99682720085685,227.0
E05013671,West Hampstead,23.75548358669157,22.41591098747516,21.561405179398577,16.849785775594178,-29.06991047307555,327.0,336.0,356.0,420.0,371.8,380.0,-0.0191614968419489,-0.007743086541741717,-0.05978033422851614,-0.028894972537402253,14.55209080930463,444.0
E05013672,Arnos Grove,22.723667975073013,20.2881210402866,19.46354518033086,12.432529556725688,-45.28819215998186,355.0,385.0,406.0,535.0,443.2,458.0,-0.03708534289431242,-0.008264124089109037,-0.10600644432410167,-0.05045197043584104,9.5971920339989,590.0
E05013673,Bowes,22.338520245344625,22.22115486863177,19.60885671601332,18.430046599625708,-17.496564690910738,366.0,342.0,404.0,374.0,372.0,381.0,-0.0017543913870757821,-0.024702458667226868,-0.015380256273483495,-0.013945702109262048,17.1802937527334,372.0
E05013674,Brimsdown,33.0004368463567,34.45674110019926,36.38818732599189,35.24426470368599,6.7993883468152205,196.0,167.0,137.0,88.0,135.2,118.0,0.014498720418215871,0.010967616500998645,-0.007953548163761037,0.005837596251817827,36.2850543328252,86.0
E05013675,Bullsmoor,25.192989232082383,25.42532851964676,28.203121631051417,26.037813235685064,3.353409140217567,290.0,287.0,238.0,204.0,244.60000000000002,244.0,0.003064724108019279,0.020953874112772164,-0.0197726141129263,0.0014153280359550473,26.22259578710176,190.0
E05013676,Bush Hill Park,54.00957570313821,50.04847844720823,51.584828105565386,12.70988440966472,-76.4673500130344,58.0,65.0,69.0,528.0,249.60000000000002,249.0,-0.02507014225369142,0.006065419743514822,-0.2954612195535564,-0.104821980687911,7.306151098502586,634.0
E05013677,Carterhatch,20.581031702521912,20.597465146974763,21.69144008677372,20.67356478936365,0.449603733084002,393.0,382.0,352.0,321.0,353.8,355.0,0.0002660876080780028,0.01040368580442741,-0.011943576407283052,-0.0004246009982592132,20.62971196385038,280.0
E05013678,Cockfosters,14.119693725837609,13.675422540970892,14.088130531772912,14.989210104623506,6.158181584312773,525.0,526.0,524.0,469.0,502.6,518.0,-0.010600182655617574,0.005964193395029405,0.015620234991064574,0.003661415243492135,15.265635535098717,431.0
E05013679,Edmonton Green,43.77137730813751,45.34682862521124,44.162156828971824,39.61276458089012,-9.500758219171372,94.0,81.0,92.0,69.0,81.0,62.0,0.01185644542769193,-0.0052804095682226215,-0.026813178376641433,-0.006745714172390708,38.294587111068786,77.0
E05013680,Enfield Lock,30.13920406880263,30.04240132662852,33.80126562082017,31.531826181162646,4.620633342476127,223.0,218.0,165.0,132.0,174.0,157.0,-0.0010717664834773988,0.023857848309300156,-0.017225135311021655,0.001853648838267034,31.825156294150926,117.0
E05013681,Grange Park,232.55660400037493,214.79255064458127,218.91496016192443,9.354816165961854,-95.97740248823602,12.0,11.0,13.0,611.0,251.6,255.0,-0.026139286921071814,0.0038093698824555045,-0.5453366431818016,-0.18922218674013933,3.2775138574392466,677.0
E05013682,Haselbury,33.7691844438564,32.9590801268876,34.901782472983406,31.90322698898477,-5.525621911224743,181.0,186.0,152.0,127.0,154.60000000000002,137.0,-0.008061294718295198,0.01152007192369453,-0.022207387758184427,-0.006249536850928365,30.918707748048618,126.0
E05013683,Highfield,17.39184114312677,16.980716107700673,15.524695198598504,15.164565718832495,-12.806438409624546,461.0,463.0,484.0,462.0,466.40000000000003,476.0,-0.007942570713102337,-0.017769498684629292,-0.00585044187812267,-0.010520837091951432,14.383455778847104,451.0
E05013684,Jubilee,33.06924897627699,32.73589644544714,34.66038778426632,34.7760377055115,5.161256400043787,191.0,188.0,158.0,91.0,143.8,125.0,-0.0033715004099043044,0.011490564345535859,0.0008331232205911476,0.0029840623854075674,35.298012967038936,91.0
E05013685,Lower Edmonton,37.37074686699328,37.98430067426679,39.22652911924774,36.76319807788196,-1.6257336019364417,143.0,128.0,111.0,78.0,107.60000000000001,85.0,0.005442994620257657,0.006456825386088161,-0.016083257850170285,-0.0013944792812748223,36.50758437854407,84.0
E05013686,New Southgate,15.075564505594468,14.5596248753837,12.552061202462196,11.701860156826918,-22.37862699944393,514.0,513.0,559.0,554.0,538.8000000000001,547.0,-0.011540527961878322,-0.02923754232404885,-0.017381437874978367,-0.019386502720301846,10.61070491511821,563.0
E05013687,Oakwood,5.995099706353193,5.710894216688887,6.232363490195819,6.073701327970818,1.3110978210142057,660.0,663.0,663.0,666.0,663.6000000000001,670.0,-0.016058597867778523,0.01762960210503417,-0.006426123603110456,-0.0016183731219516033,6.024712574059851,659.0
E05013688,Palmers Green,13.792922777190247,13.337569353434109,11.978209884005302,11.82428309626571,-14.272824641490308,531.0,532.0,566.0,553.0,547.0,558.0,-0.011127889146818948,-0.02126967306179095,-0.003228240419138717,-0.011875267542582871,11.138678462782009,545.0
E05013689,Ponders End,33.53407284081964,33.542319166156176,34.482765810288136,32.56356986799839,-2.894080231256305,184.0,177.0,160.0,118.0,151.4,133.0,8.196289904782716e-05,0.0055456720656603675,-0.014214378735901145,-0.0028622479237309837,32.10020495038452,113.0
E05013690,Ridgeway,45.94325353913876,43.83673936212965,45.62085393994378,23.09774423837959,-49.72549295251201,84.0,91.0,84.0,263.0,157.0,140.0,-0.015523171418786896,0.008010447564597234,-0.15646804476760634,-0.054660256207265334,17.43850106100272,365.0
E05013691,Southbury,42.10913735156966,41.23610055105822,39.66846109257945,37.63441344369853,-10.626491515396316,113.0,102.0,108.0,77.0,95.39999999999999,74.0,-0.006959223900841693,-0.007721566076894115,-0.013073183307721337,-0.009251324428485716,35.92548615743315,87.0
E05013692,Southgate,19.30526646134521,18.17919776959788,19.32894312944605,11.348510920872632,-41.21546603049655,415.0,433.0,410.0,563.0,476.80000000000007,490.0,-0.019833990172476113,0.012340656358880153,-0.12464807143685164,-0.044047135083482535,9.059855591385315,604.0
E05013693,Town,279.59295598637976,272.04649762401993,252.7688787434741,217.4932932668285,-22.21073935874708,8.0,8.0,11.0,7.0,8.200000000000001,4.0,-0.009079139444574946,-0.014591979996545268,-0.036879633180818217,-0.02018358420731281,196.41263680776862,15.0
E05013694,Upper Edmonton,36.787497513539385,37.01680573641506,36.51174971640167,33.71292688708526,-8.357650925623714,149.0,136.0,135.0,106.0,126.4,107.0,0.00207347088890919,-0.002743808814791082,-0.019740740667861134,-0.006803692864581008,32.581564863855306,105.0
E05013695,Whitewebbs,58.38388386292183,58.28890382233046,55.47922753347965,52.86219603619858,-9.45755482743746,53.0,51.0,62.0,43.0,50.400000000000006,36.0,-0.0005425674919816714,-0.009831961952485035,-0.012007383884560241,-0.007460637776342316,50.91947253920536,47.0
E05013696,Winchmore Hill,12.460410707585352,11.832227922901618,10.840187022940457,10.309687552533347,-17.26045156555506,559.0,565.0,595.0,591.0,580.2,587.0,-0.017095349623440947,-0.01736088060733898,-0.01246571532733387,-0.015640648519371265,9.528265741707072,593.0
E05013697,Arsenal,24.91074664808489,23.874511396470915,20.15288887073381,17.614735614669225,-29.28860839254119,295.0,315.0,391.0,401.0,360.6,365.0,-0.014062808969249385,-0.03332482978419815,-0.033092999096991926,-0.02682687928347982,15.375408199162335,427.0
E05013698,Barnsbury,35.126408698638514,31.05666707897103,34.419822937093755,25.31867823707983,-27.9212445135014,168.0,202.0,161.0,226.0,196.60000000000002,182.0,-0.04021557339808057,0.020776720405218052,-0.07389954106488206,-0.031112798019248194,21.617582563337635,268.0
E05013699,Bunhill,28.74317783105848,24.46533997417757,24.504741008243,19.56863329529192,-31.91903341269732,244.0,299.0,305.0,340.0,305.6,305.0,-0.052297213044203206,0.00032188947069267115,-0.05468272470277091,-0.03555268275876048,16.328753830977433,399.0
E05013700,Caledonian,30.14520244681124,30.78026775545785,28.836816001337382,23.79120492593056,-21.07797262961425,222.0,207.0,229.0,254.0,233.20000000000005,227.0,0.006973549305536508,-0.01295947797954966,-0.046946495025406376,-0.017644141233139843,21.76509844919824,265.0
E05013701,Canonbury,37.722502068168914,34.93234941748495,30.50482159585876,27.357776186162784,-27.476241801977704,141.0,159.0,208.0,185.0,175.6,159.0,-0.025289222364909936,-0.02674164920762756,-0.026853834531806342,-0.02629490203478128,23.94517477928804,228.0
E05013702,Clerkenwell,37.27416124486436,33.40769271966365,32.95624919985355,28.42075602956879,-23.752124580711776,144.0,182.0,176.0,174.0,170.0,149.0,-0.035846458260038294,-0.002717360153521975,-0.03633860292319757,-0.02496747377891928,25.045582953234838,213.0
E05013703,Finsbury Park,42.28900872458047,38.78996563810977,37.4799058035869,30.489452220728857,-27.90218276502926,109.0,120.0,124.0,145.0,128.6,111.0,-0.02837809668005975,-0.006847776686091045,-0.05029705930095907,-0.028507644222369954,26.384359769600845,183.0
E05013704,Highbury,34.366792968717334,31.23478181773861,26.40612358148072,22.116178223106385,-35.646662627968155,173.0,200.0,267.0,287.0,242.8,240.0,-0.03135087611028364,-0.0330294777706569,-0.04335378533499057,-0.0359113797386437,18.420222180615006,339.0
E05013705,Hillrise,43.27773255305043,39.30080655084274,36.766543363465175,32.04680140246899,-25.95083080384217,98.0,115.0,130.0,125.0,118.6,100.0,-0.031620348983678936,-0.0132428826400115,-0.033764539403214,-0.026209257008968145,28.06163024198288,158.0
E05013706,Holloway,37.853862495805245,33.45512162474008,30.28430829451516,27.93761187143564,-26.196139496909915,138.0,181.0,211.0,179.0,177.60000000000002,160.0,-0.04033982811372927,-0.019718043005824804,-0.019962022872280882,-0.026673297997278318,24.405205497388494,223.0
E05013707,Junction,43.272715137481335,40.96609822332693,38.53403288252782,41.73315101343666,-3.557817250785718,99.0,105.0,114.0,63.0,88.8,70.0,-0.018093461349407147,-0.012165994573641092,0.02013859434656684,-0.0033736205254938,41.03392572378899,66.0
E05013708,Laycock,15.497797104768152,14.67879186108301,60.48355624237678,23.865021172820185,53.9897639095928,506.0,512.0,56.0,250.0,314.8,317.0,-0.017935270371269962,0.32736206352702,-0.20744186796824593,0.033994975062501376,28.206809473428724,156.0
E05013709,Mildmay,48.0879623432298,43.65018286576444,37.51741663286769,32.13294695030368,-33.17881360629619,78.0,93.0,123.0,123.0,108.0,86.0,-0.031759530519469004,-0.02982658061030563,-0.03799039604759713,-0.03319216905912392,27.14259423177188,170.0
E05013710,St Mary's & St James',2.158901931484192,1.996586433986109,172.55082422042912,118.8820492185234,5406.597936887059,672.0,675.0,17.0,28.0,283.99999999999994,291.0,-0.025717129468884714,1.4396402194294158,-0.0889340596207755,0.4416630101132519,740.3465559345179,5.0
E05013711,St Peter's & Canalside,9.804393216464582,8.670706862323657,128.571033462873,104.22946614567364,963.0894114960668,602.0,620.0,33.0,31.0,263.4,269.0,-0.040132557858639784,0.7148167863761203,-0.0511187945189715,0.2078551446661697,267.9567987127213,8.0
E05013712,Tollington,42.70666114242064,38.25765539001479,35.302189619090875,30.54613251752323,-28.474547762803965,105.0,127.0,145.0,144.0,133.0,117.0,-0.03600619285825768,-0.01595114921504004,-0.03553016954793664,-0.029162503873744788,26.34443804398244,184.0
E05013713,Tufnell Park,1.1141716001510098,1.0302578381822205,32.64150554060001,277.63552214863216,24818.560310727964,677.0,677.0,179.0,3.0,307.8,307.0,-0.025763011261604407,0.9960198267537075,0.707757543530183,0.5593381196740954,2559.625984299833,1.0
E05013714,Bellingham,26.86830193377632,26.7131250082818,26.18677188290829,26.431719085997926,-1.6248992915684102,269.0,260.0,273.0,199.0,240.0,237.0,-0.0019288730108867336,-0.003972214733891977,0.0023303049950702537,-0.0011902609165694855,26.27478989335258,186.0
E05013715,Blackheath,30.30033209014122,29.69319332237254,23.76429078985264,22.054194295035057,-27.214677946679007,218.0,223.0,319.0,288.0,267.2,273.0,-0.006724235153461766,-0.043569118206030155,-0.018497105714317952,-0.02293015302460329,19.638994599914714,306.0
E05013716,Brockley,35.15920738218291,34.903827779717425,30.95363519013201,28.588522829937745,-18.688375084288428,167.0,160.0,197.0,172.0,173.60000000000002,156.0,-0.002427059150274191,-0.023734998179442246,-0.01967514451752861,-0.015279067282415015,26.47022093125712,179.0
E05013717,Catford South,30.93205282435848,32.60558000843692,30.884262826259736,30.377241421089124,-1.7936455961062174,213.0,190.0,199.0,147.0,179.20000000000002,164.0,0.017718640186903833,-0.010788715623372913,-0.004129716655894788,0.0009334026358787106,30.519277313127695,129.0
E05013718,Crofton Park,24.85648571282472,24.257459015598783,20.438162115066103,18.87621739419955,-24.05918675599281,296.0,301.0,387.0,361.0,341.20000000000005,342.0,-0.008098546838578802,-0.03368369708189911,-0.019679052623157944,-0.02048709884787862,17.02024364302868,377.0
E05013719,Deptford,27.76331707245842,26.38332045224081,27.059362103396484,23.8179915766634,-14.210569599800582,254.0,266.0,257.0,252.0,256.20000000000005,258.0,-0.016850944158735226,0.005073032398419386,-0.031394578078389634,-0.014390829946235159,22.152809598425257,257.0
E05013720,Downham,42.15030752356267,43.936395273976586,42.95831649566853,39.293442489004136,-6.777803537878103,111.0,89.0,96.0,72.0,88.0,68.0,0.013929810060538284,-0.004492431588014045,-0.022046497601333592,-0.004203039709603118,38.4745952796442,74.0
E05013721,Evelyn,28.309309557804752,27.33028640554532,25.51600987012508,21.525660148028248,-23.96260988253697,250.0,253.0,284.0,300.0,277.4,282.0,-0.01166319501573243,-0.013643943250457813,-0.04162399994639776,-0.022310379404196,19.229212658871766,320.0
E05013722,Forest Hill,28.42183795612068,27.559971507294417,24.287685312027868,21.413520977376763,-24.658211722844147,249.0,249.0,309.0,304.0,283.0,290.0,-0.010211960045489854,-0.02496215518109257,-0.030996180281135377,-0.022056765169239267,19.153860351572295,322.0
E05013723,Grove Park,30.248215998038127,31.95545481489343,30.28326769488409,28.06823865749429,-7.2069616954772595,219.0,197.0,212.0,177.0,196.40000000000003,181.0,0.01847040229759478,-0.01069194192530798,-0.01881001606711108,-0.0036771852316080933,27.55595946433301,163.0
E05013724,Hither Green,29.04540787858791,29.864138714156933,28.435659477369384,27.07305946322377,-6.790568834869546,240.0,220.0,234.0,191.0,215.20000000000002,202.0,0.009309059632338412,-0.009754991069469754,-0.01220116850808084,-0.0042156999817373935,26.507191199185236,177.0
E05013725,Ladywell,34.56163799669161,34.47806864638518,31.14545902035453,30.638819593817537,-11.35020974193868,171.0,166.0,195.0,143.0,163.60000000000002,144.0,-0.0008066438409904952,-0.02012571361436022,-0.0040917652340024535,-0.00834137422978439,29.38211124998513,137.0
E05013726,Lee Green,23.41727177601239,24.75222695277868,20.12142622758646,19.3904732523802,-17.195848270237303,338.0,297.0,392.0,346.0,343.80000000000007,347.0,0.01865235611955951,-0.04057971509617131,-0.009208180834432644,-0.010378513270348147,18.404922352445645,340.0
E05013727,Lewisham Central,10.44781802474301,10.31014673182069,9.427579083374011,8.924329977990505,-14.581877700630974,592.0,593.0,617.0,622.0,609.2,618.0,-0.004411781118873304,-0.017738623220157845,-0.013620905988235732,-0.01192377010908896,8.4048095720897,617.0
E05013728,New Cross Gate,23.89048979214286,22.44532731782557,24.06941968683092,21.09769398787066,-11.689989734704804,321.0,335.0,312.0,314.0,319.2,325.0,-0.020584521676798695,0.01407000107281986,-0.03240783663030489,-0.012974119078094573,19.76412952214339,303.0
E05013729,Perry Vale,33.19663646253884,32.13149242946721,29.009334568491727,26.56606909272666,-19.973612017273275,190.0,196.0,226.0,196.0,200.8,185.0,-0.010811773931822755,-0.02023623488414128,-0.021755572291087155,-0.017601193702350398,24.308962757814275,224.0
E05013730,Rushey Green,36.46264858860813,35.86429764961757,36.71649104512293,34.77340904826448,-4.632794395718723,153.0,148.0,131.0,92.0,123.20000000000002,103.0,-0.00550018630690019,0.004707786006118653,-0.013501282558220362,-0.004764560953000633,33.95286531778908,96.0
E05013731,Sydenham,33.06247642582573,34.1167344673886,29.2300358712395,27.19058421920233,-17.759989091551393,192.0,171.0,223.0,188.0,192.40000000000003,176.0,0.010517933358628273,-0.030445160219378375,-0.01791902557126024,-0.01261541747733678,25.518212361217657,205.0
E05013732,Telegraph Hill,30.1986523273729,28.822084963959338,25.671094177720374,22.23201807022079,-26.38076087233513,220.0,233.0,281.0,284.0,260.40000000000003,265.0,-0.015431484113866412,-0.02288923687125477,-0.03531921814595873,-0.024546646377026637,19.634118944714498,307.0
E05013733,Addison,17.735975139983044,17.882103548259614,16.079061176280597,14.860412032297516,-16.2131660931516,458.0,439.0,473.0,472.0,462.80000000000007,475.0,0.002738857266960437,-0.02103217943480784,-0.019511417264708286,-0.012601579810851896,13.947391490725172,463.0
E05013734,Avonmore,10.867717831435929,10.6834643516436,9.455176567334671,8.201052165543322,-24.537494506703293,584.0,586.0,614.0,633.0,610.0,619.0,-0.005683643154641871,-0.024131032702017885,-0.03494962736125762,-0.021588101072639126,7.353230890558982,633.0
E05013735,Brook Green,22.232277023529093,22.10830874993692,19.8642265374288,17.88991810832511,-19.53177765196221,368.0,343.0,399.0,392.0,378.80000000000007,385.0,-0.0018621485577171581,-0.02117911409833917,-0.025831296189736674,-0.016290852948597667,16.479419190414013,392.0
E05013736,College Park & Old Oak,41.980902333890455,41.04002814325772,40.08273272421408,33.446691729853896,-20.32879268806721,114.0,104.0,106.0,109.0,108.4,87.0,-0.007527168541689555,-0.004709326269515257,-0.044239756894285054,-0.01882541723516329,30.414775420191326,132.0
E05013737,Coningham,24.05239262717865,22.773817707883406,20.711562725113662,18.77647004534855,-21.93512580477517,316.0,332.0,378.0,366.0,351.6,353.0,-0.018042891284057228,-0.018804820995948268,-0.024223689957165062,-0.020357134079056854,16.941538595503697,380.0
E05013738,Fulham Reach,26.347384356363257,26.004810982503496,23.395861809762216,14.81183679446816,-43.78251520481236,276.0,275.0,323.0,474.0,364.40000000000003,368.0,-0.004352980182427357,-0.02092250231724957,-0.10799463256466835,-0.04442337168811509,11.801481062266378,520.0
E05013739,Fulham Town,64.12561278106503,62.70120714244524,57.64777728738024,54.0034943468314,-15.784829173940432,46.0,46.0,59.0,41.0,46.60000000000001,31.0,-0.00745975665015175,-0.016665372178880422,-0.016193191489768832,-0.013439440106267,50.47084893416756,49.0
E05013740,Grove,13.503466846173923,13.321148211556444,12.632249419812114,11.90291800914342,-11.852873452894087,538.0,534.0,556.0,549.0,545.2,557.0,-0.004520947089553529,-0.010563775560193722,-0.01475738671094462,-0.00994736978689729,11.322565753195148,533.0
E05013741,Hammersmith Broadway,21.11788803195772,20.695294494542257,19.44736697504288,18.27186875901836,-13.476817703704436,382.0,378.0,407.0,378.0,384.6,397.0,-0.006715383694869348,-0.012361889934438874,-0.015466406425003631,-0.01151456001810395,17.243854538914636,370.0
E05013742,Lillie,18.54126945198828,17.275407920356525,15.235992223504326,13.436988446702,-27.529296300361583,436.0,456.0,492.0,512.0,481.6,497.0,-0.023296039954975867,-0.024811690709583334,-0.03092408405651481,-0.026343938240358005,11.757901125977144,522.0
E05013743,Munster,23.116236615911443,22.226141599031592,17.407415504260673,15.877379067135644,-31.31503483483607,344.0,341.0,452.0,447.0,406.20000000000005,414.0,-0.013003418357972807,-0.047699431070632015,-0.02273773557101988,-0.027813528333208232,13.788806610276103,470.0
E05013744,Palace & Hurlingham,20.03764892418674,19.608611991954227,15.45455301383424,14.434224661014682,-27.964479687077272,405.0,397.0,486.0,489.0,453.20000000000005,471.0,-0.007188734246606043,-0.046497317607773536,-0.016930430334389568,-0.023538827396256384,12.813517174363263,495.0
E05013745,Parsons Green & Sandford,16.94914118785418,17.30568485500588,13.618072309304909,12.66114700378346,-25.299182634359752,478.0,453.0,533.0,533.0,506.0,520.0,0.006963428267556804,-0.04679706913300208,-0.018050046635048944,-0.01929456250016474,11.485924770769595,529.0
E05013746,Ravenscourt,17.292233647704045,17.70085672921543,15.55204083631707,13.650105844661024,-21.06221716201828,465.0,440.0,483.0,502.0,478.40000000000003,493.0,0.007815570894279755,-0.025552108534415807,-0.03208513933241286,-0.016607225657516305,12.553680851197075,504.0
E05013747,Sands End,9.704965032843054,10.22390495593124,8.372013952603536,7.679837289106559,-20.866924681162267,603.0,596.0,634.0,638.0,621.8000000000001,634.0,0.017515287307991345,-0.039178687139617474,-0.021342972877912758,-0.014335457569846296,7.144925225146134,638.0
E05013748,Shepherd's Bush Green,19.62127859603515,19.003653388061267,18.280867579817475,17.358267704022907,-11.53345273059589,413.0,415.0,429.0,405.0,413.40000000000003,421.0,-0.01060449687129772,-0.0077252494373966085,-0.01286308118987578,-0.010397609166190036,16.474417248287917,393.0
E05013749,Walham Green,41.94353284145373,40.70719202897939,36.62820888153203,33.99663758623695,-18.94665212216621,115.0,107.0,132.0,105.0,112.80000000000001,92.0,-0.009923590438338015,-0.020895814151254966,-0.018466626407367515,-0.01642867699898683,31.29430099593892,123.0
E05013750,Wendell Park,20.108437363869648,19.41432665711044,17.385473867210653,15.46789143639434,-23.0776058999658,402.0,405.0,454.0,453.0,433.40000000000003,445.0,-0.011641116824851694,-0.021833376452580433,-0.028794472035091556,-0.02075632177084123,13.92787940827493,464.0
E05013751,West Kensington,126.62063732543996,127.3814317827767,122.08264308509504,23.08488322281332,-81.76846704421442,28.0,27.0,36.0,264.0,123.80000000000001,105.0,0.0019988205349974475,-0.008461551319618565,-0.3405703967242806,-0.1156777091696339,12.484769923971832,506.0
E05013752,White City,24.65846152295696,23.72642303167644,23.247292775237685,21.3087386923736,-13.584476174496022,303.0,318.0,325.0,308.0,312.4,315.0,-0.012761468103801632,-0.004071815084599972,-0.021532647369261637,-0.01278864351922108,19.980596846730673,298.0
E05013753,Wormholt,24.3888061294256,23.33217901709453,23.87527329403996,21.34834294224804,-12.466633959212867,308.0,325.0,316.0,306.0,312.20000000000005,314.0,-0.014655145963311855,0.004612575669837415,-0.02757983812112208,-0.012540802804865506,20.042872633591077,295.0
E05013754,Beddington,11.88127114938383,13.80391772289688,12.633283714251164,12.990090831952047,9.332500442309335,568.0,522.0,555.0,521.0,537.4,544.0,0.05126728991243712,-0.017567372207423326,0.006987279752932007,0.0135623991526486,13.895194877537405,465.0
E05013755,Belmont,87.77872000995725,103.67919992998408,95.17317819668766,89.20739035794256,1.6275816596815726,34.0,31.0,40.0,33.0,34.2,25.0,0.057062820372874024,-0.01697494521368581,-0.016053317837572023,0.008011519107205397,92.83854174035217,32.0
E05013756,Carshalton Central,11.223456058993976,12.0226724716494,11.243025473043645,10.206632212926568,-9.059810460545007,579.0,560.0,580.0,595.0,581.8,590.0,0.023194354218338153,-0.013319748753932159,-0.023887627194272065,-0.00467100724328869,9.970472484803658,578.0
E05013757,Carshalton South & Clockhouse,17.957513765226313,20.04936695194785,17.415150820893185,16.230570153414323,-9.616830227111484,454.0,389.0,451.0,440.0,434.8,449.0,0.03741252130976669,-0.027778289316192972,-0.01745684586348517,-0.0026075379566371515,16.020061698653034,407.0
E05013758,Cheam,6.826315404177492,7.703457429880759,6.171340940432791,6.277178667520392,-8.044409086650832,649.0,637.0,665.0,662.0,655.0,659.0,0.04111757729664767,-0.04338151058814621,0.004260167860216102,0.0006654115229058529,6.298091014724868,655.0
E05013759,Hackbridge,12.215337969953977,13.460779260726996,13.388592985124593,12.688149009294658,3.8706341200190577,562.0,530.0,538.0,529.0,537.6,545.0,0.03289197930167265,-0.0010748504225882582,-0.013343837426942451,0.006157763817380646,13.083642949978186,489.0
E05013760,North Cheam,6.531990060724266,7.492792116661846,6.24361477530851,6.677674520675686,2.230322743866312,654.0,643.0,662.0,656.0,654.2,658.0,0.04680564534635834,-0.035819190609404306,0.01694458199008264,0.009310345575678891,6.994374328496732,639.0
E05013761,St Helier East,12.53940019744164,13.835855605699969,25.42638863469071,24.74907141404876,97.37045651592013,556.0,521.0,286.0,238.0,367.8,373.0,0.03333963100434323,0.12942067073233487,-0.0067271675291451505,0.052011044735844315,31.890432238659,116.0
E05013762,St Helier West,0.7894514614508774,0.7715816254485042,160.31387259062606,161.36673549512713,20340.36186829809,678.0,678.0,20.0,14.0,280.8,285.0,-0.007602912035563292,1.9074874291887256,0.0016378491909345705,0.6338407887813656,1878.7227015213984,2.0
E05013763,South Beddington & Roundshaw,19.15527982010973,20.88293271218616,21.778666767314668,21.15143261944185,10.42090127671488,419.0,375.0,351.0,312.0,353.8,355.0,0.02920288800500348,0.008435115445980301,-0.007279193068226664,0.010119603460919039,22.24353389451559,251.0
E05013764,Stonecot,7.896638706113015,8.799122360434207,8.986201648787155,8.816457274041527,11.64822910305436,633.0,617.0,626.0,624.0,624.8,635.0,0.03673007234182801,0.004216517797882791,-0.004756186106254945,0.012063468011151953,9.361228588603963,595.0
E05013765,Sutton Central,16.96779039061548,17.52577022865063,17.47712478382618,16.38356083717124,-3.4431681438460418,476.0,444.0,448.0,433.0,446.80000000000007,462.0,0.010843542384234128,-0.00055574783244694,-0.016023836816429715,-0.0019120140882141756,16.22753064725482,401.0
E05013766,Sutton North,17.392098037781036,16.868768826187225,15.309431624526963,14.65484116123454,-15.738508779103732,460.0,468.0,489.0,479.0,475.00000000000006,488.0,-0.010132336310084922,-0.019212016746984806,-0.010865130645302368,-0.013403161234124031,13.698711314552979,473.0
E05013767,Sutton South,11.459953612647809,13.077400001042372,13.284482850985883,12.661540346995231,10.48509247909426,575.0,539.0,541.0,532.0,543.8,553.0,0.044991720088468856,0.0031471622641257024,-0.011935097762748814,0.012067928196615249,13.44419664028643,477.0
E05013768,Sutton West & East Cheam,8.733472816949122,10.16477762992556,9.508812126973334,9.203171028708027,5.378137902340036,622.0,597.0,611.0,613.0,611.2,623.0,0.0518899435760003,-0.013253313031434844,-0.008134449663351417,0.010167393627071345,9.680643425203336,586.0
E05013769,The Wrythe,15.744880518302748,16.64336316067018,23.871523015322,24.229633631062764,53.88896475204659,497.0,471.0,317.0,243.0,354.2,358.0,0.018670915910391273,0.07480037104406478,0.003729480105764349,0.03240025568674013,28.417597878317288,152.0
E05013770,Wallington North,13.837537880375915,15.605000434487524,14.300991777663528,13.263557611346036,-4.1479942023781975,530.0,486.0,517.0,515.0,512.6,524.0,0.040882373340759504,-0.017301089922682644,-0.01865103720981376,0.0016434154027543668,13.37290409895543,480.0
E05013771,Wallington South,15.028415816298294,18.439165880469297,16.476276639601252,15.029096561021053,0.0045297171110942,515.0,428.0,467.0,464.0,467.6,478.0,0.07055591686857343,-0.022259599352412174,-0.02272126274585118,0.008525018256770026,15.680729222892031,421.0
E05013772,Worcester Park North,6.513719865513687,7.5836144852155325,6.350227620933847,7.176033400686554,10.167976960130378,655.0,640.0,660.0,647.0,649.8,654.0,0.05199996041897914,-0.03487712542889798,0.03103590546494095,0.01605291348500737,7.770806217202975,627.0
E05013773,Worcester Park South,5.358907560564787,6.032249732007024,5.0370330666997205,5.369658221470376,0.2006129194073223,665.0,659.0,676.0,674.0,669.6,675.0,0.040241915006686835,-0.03541812327557681,0.016115229178364388,0.006979673636491472,5.559684727178857,668.0
E05013774,Barnes,9.612294131467626,9.539900745557336,9.978066635316248,9.30155867758429,-3.232687739611372,605.0,604.0,607.0,612.0,608.0,617.0,-0.0025167730938711053,0.009021705721688367,-0.01739870414472222,-0.003631257172301653,9.133898979789823,602.0
E05013775,East Sheen,6.4310562584854,7.883902407735067,7.55452079915753,7.287043925633045,13.310218924274208,656.0,631.0,647.0,642.0,643.6000000000001,647.0,0.07025264617278482,-0.008499046210740935,-0.008971562892836515,0.017594012356402455,7.9510429928330835,624.0
E05013776,Fulwell & Hampton Hill,11.260215026266026,11.902675309031563,11.61402544163917,11.134268453905444,-1.1185094784317444,578.0,563.0,573.0,571.0,571.2,579.0,0.018667931113344194,-0.0048979125529956535,-0.010491045265800802,0.0010929910981825792,11.195249894151779,541.0
E05013777,"Ham, Petersham & Richmond Riverside",15.670706862846256,15.582191046218586,13.577365471058185,12.716886319128156,-18.84931273088469,500.0,488.0,535.0,527.0,515.4000000000001,530.0,-0.0018863859083779744,-0.027169010190042253,-0.016235106879923578,-0.015096834326114602,11.785512037679995,521.0
E05013778,Hampton,9.487560157276848,9.153881065568086,9.471075266549333,8.460942650739877,-10.82066927132543,609.0,611.0,613.0,631.0,619.0,630.0,-0.01186357747448119,0.006836159739049608,-0.027801680916579197,-0.010943032884003593,8.00802248940804,621.0
E05013779,Hampton North,15.168401774508457,15.37886060839282,18.21468694682651,17.218481674641335,13.515464124758225,511.0,493.0,431.0,411.0,451.4,467.0,0.004603713072890647,0.03442619604047725,-0.013962832849841011,0.008355692087842296,17.94996572764742,350.0
E05013780,Hampton Wick & South Teddington,8.199083880914804,9.324083548106666,9.009327600547223,8.05191477044031,-1.7949457843340566,628.0,608.0,625.0,634.0,625.8000000000001,636.0,0.043791146806392955,-0.006844517053122612,-0.0276968393418765,0.0030832634704646145,8.176813463954606,618.0
E05013781,Heathfield,66.81309247778519,66.80949779608652,73.63823687642001,15.106744790147784,-77.38954412988643,43.0,42.0,48.0,463.0,211.8,199.0,-1.7934340084013733e-05,0.01965448745163112,-0.32699718976852765,-0.10245354555232684,8.799450869034029,611.0
E05013782,Kew,7.697164959194766,7.831717703666417,8.380610195258672,8.68630641890037,12.85072445438512,637.0,633.0,633.0,629.0,632.2,640.0,0.005793312257514227,0.013639960299045795,0.008997002726944814,0.009476758427834945,9.105771917249184,603.0
E05013783,Mortlake & Barnes Common,10.789356312088143,10.887257494696284,10.42733405642712,9.074856879557828,-15.890655410178937,586.0,583.0,600.0,616.0,600.2,610.0,0.0030155197844436987,-0.008595334120774845,-0.03413456521497826,-0.013238126517103136,8.489880723920882,616.0
E05013784,North Richmond,9.34749955528062,10.247543910930244,10.052780857931833,10.14169929185096,8.496386994976405,613.0,594.0,605.0,597.0,601.2,611.0,0.031117390509938225,-0.003830397224178994,0.002203992386793807,0.009830328557517679,10.650077756561323,561.0
E05013785,St Margarets & North Twickenham,0.4721843841460854,0.4929126165109144,6.285896073110348,5.913230283354712,1152.3138167833315,680.0,680.0,661.0,669.0,671.8000000000001,678.0,0.014423819099046886,0.6638702337863058,-0.015162903700677077,0.22104371639489187,16.050215119977324,405.0
E05013786,South Richmond,7.6039229584567485,8.491907972755312,8.029737739621444,7.263005523711637,-4.48344146314578,640.0,623.0,639.0,644.0,638.0,642.0,0.037502591891904524,-0.011129966373304212,-0.024777408484705443,0.0005317390112982897,7.2823361874003485,635.0
E05013787,South Twickenham,5.798092437077602,6.894175559733364,6.370897344026219,5.430334656978526,-6.3427374449455325,661.0,652.0,658.0,673.0,663.4000000000001,668.0,0.059414065278228234,-0.015663354148275244,-0.039148003451458635,0.001534235892831452,5.472119748493801,669.0
E05013788,Teddington,6.851087037558257,6.958011430622839,6.757147275196285,6.159960058301675,-10.087844096385917,648.0,650.0,654.0,665.0,656.4000000000001,662.0,0.005175476157036174,-0.005841455813522467,-0.022867118729053892,-0.007844366128513395,5.92211600544466,662.0
E05013789,Twickenham Riverside,5.430575875588142,6.416258951920825,6.604790222045415,5.521084964855473,1.666657300088436,664.0,654.0,656.0,672.0,663.6000000000001,670.0,0.05717122202767655,0.005808795382709064,-0.04381626799156413,0.006387916472940495,5.699693455274468,665.0
E05013790,West Twickenham,6.902433771891519,7.042768530630729,7.029812662950013,6.513567846625198,-5.633750907540513,646.0,649.0,651.0,658.0,652.4000000000001,656.0,0.00673164974311713,-0.0003681907647352656,-0.018887526111703745,-0.004174689044440627,6.37873770227917,654.0
E05013791,Whitton,15.0841790673134,15.418684424407662,16.35057260306318,11.401604963299915,-24.413487055410418,512.0,492.0,469.0,561.0,519.0,532.0,0.0073379912853126505,0.01180571782672346,-0.08618505631608131,-0.022347115734681733,10.183320652408497,572.0
E05013792,Abbey Road,66.49665013100356,58.14542402199441,62.59705185696301,47.66022680016385,-28.32687555497984,44.0,52.0,53.0,49.0,49.400000000000006,34.0,-0.043748950574886813,0.014863580253697162,-0.06588454782110853,-0.03158997271409939,40.59312563552792,68.0
E05013793,Bayswater,29.60610042961036,29.26286898421759,30.4452389661204,20.96990963101408,-29.170308393464907,230.0,229.0,209.0,316.0,260.0,264.0,-0.003879453234457042,0.007953499149500498,-0.08899807865040898,-0.02830801091178851,18.16517852322411,343.0
E05013794,Church Street,43.77193717573956,40.53897612622031,49.72578936785038,39.325956425470935,-10.157148705615874,93.0,109.0,73.0,71.0,83.4,63.0,-0.02525203726454628,0.041697884189745515,-0.056972403687553075,-0.013508852254117945,36.74051638957504,80.0
E05013795,Harrow Road,36.54832131358182,33.24297457437554,31.15392925838314,24.07450112378412,-34.12966653864421,152.0,184.0,194.0,248.0,205.2,190.0,-0.031103290409165707,-0.012896730481414043,-0.06241399377268897,-0.035471338221089575,20.09708106633898,293.0
E05013796,Hyde Park,22.89141586035896,22.65652828948276,26.13289872885336,18.2983231659016,-20.064694654432504,351.0,333.0,276.0,377.0,342.8,346.0,-0.0034320808746887144,0.028960834724158335,-0.085242609378958,-0.01990461850982946,16.548285567317468,390.0
E05013797,Knightsbridge & Belgravia,21.660953924887018,20.55681707540054,24.70476531329249,18.82088064082759,-13.111487582254494,375.0,384.0,302.0,363.0,357.40000000000003,361.0,-0.01728836591637961,0.037444737992904154,-0.06574635276103213,-0.015196660228169198,17.433617141394397,366.0
E05013798,Lancaster Gate,24.81407303066309,25.123412623730708,27.0796531636514,18.10173671168418,-27.050522139934007,298.0,292.0,256.0,384.0,322.8,328.0,0.004138283173202861,0.015109502568332545,-0.09579003996591196,-0.02551408474145885,15.907358762194074,414.0
E05013799,Little Venice,26.435621895240704,21.80445352803052,21.607028216333887,17.14369291701016,-35.14927326110456,274.0,349.0,355.0,412.0,360.4,364.0,-0.062182012408471765,-0.001817465816336572,-0.05620573294497522,-0.04006840372326118,13.973519738832847,462.0
E05013800,Maida Vale,53.76968209249687,50.75824899511764,54.368215625010734,40.38417889565118,-24.89414606137968,59.0,61.0,65.0,65.0,63.0,45.0,-0.01902850538783929,0.01383595601568044,-0.07163973383617361,-0.025610761069444155,35.47101795388306,89.0
E05013801,Marylebone,17.796113789736715,17.978258158784538,21.30430423070695,14.49249018320907,-18.563736136778893,457.0,436.0,361.0,487.0,445.6,461.0,0.003400114222860795,0.03453204725575332,-0.09182631260803475,-0.017964717043140215,13.23666180188711,485.0
E05013802,Pimlico North,24.62799890852402,23.014017435603986,25.33599219824709,18.990107775437764,-22.89220148996726,304.0,329.0,289.0,358.0,327.6,331.0,-0.022340171339027437,0.019410484109133153,-0.06954070604642593,-0.024156797758773402,16.80457894636621,383.0
E05013803,Pimlico South,20.27388771861445,19.29764815656526,23.6526579371681,18.78196136270705,-7.35885675512343,398.0,406.0,320.0,365.0,370.8,379.0,-0.016315603996436723,0.041537985252789955,-0.05601466407428102,-0.010264094272642596,17.8376472985962,355.0
E05013804,Queen's Park,48.15056614065034,45.53261488951127,39.46552425021349,31.33028909299395,-34.93266724740779,77.0,80.0,109.0,134.0,106.80000000000001,84.0,-0.018462120011340732,-0.02819516195504479,-0.05607686286788971,-0.03424471494475841,26.320847544080593,185.0
E05013805,Regent's Park,259.20043175126887,224.92939365023545,241.4638639912628,188.9878073437337,-27.08815873999463,9.0,10.0,12.0,8.0,9.4,5.0,-0.04617178740969463,0.014287764863680774,-0.05942071435548857,-0.03043491230050081,161.92676181369524,19.0
E05013806,St James's,2.3092715622582567,2.046665011091937,27.95163754991636,22.62145238474814,879.5925587299237,671.0,673.0,241.0,279.0,428.6,441.0,-0.03944127928340213,0.6868330371124145,-0.05151971706775649,0.19862401358708529,55.96742887574372,43.0
E05013807,Vincent Square,17.248123799369477,15.005043508797176,18.044963172970444,13.593031091696698,-21.191248104367123,467.0,503.0,437.0,505.0,483.4,499.0,-0.045377207242941475,0.03758515176804367,-0.06837726674465261,-0.025389774073183474,11.952840641521036,517.0
E05013808,West End,27.004312186191747,26.25654961126904,29.4500120690539,21.535206901795178,-20.25271092515778,265.0,273.0,222.0,299.0,271.6,277.0,-0.009316693790385688,0.02322128208226326,-0.07526798636874743,-0.020454466025623286,19.421027047845932,315.0
E05013809,Westbourne,42.45683760623706,37.95742092618498,42.88686029972659,32.892491357248765,-22.52722244104035,108.0,129.0,97.0,116.0,113.20000000000002,94.0,-0.03665240439650974,0.024720705016412214,-0.06417826218936029,-0.02536998718981927,28.92648568985987,146.0
E05013810,Abbey,176.5903749423138,165.96904822469693,164.1208618613294,152.63865807554092,-13.563432817104044,16.0,14.0,19.0,16.0,16.200000000000003,10.0,-0.020464850133580792,-0.002237132984410972,-0.017969022378246935,-0.013557001832079566,142.56880579296015,21.0
E05013811,Cannon Hill,8.079932502393318,8.129128152418689,16.047703719409988,17.09642779498336,111.59122047021197,631.0,628.0,475.0,415.0,512.8,525.0,0.0020254353120869872,0.14570757764524478,0.015951836463701685,0.05456161647367782,22.297962277989516,248.0
E05013812,Colliers Wood,26.896192210883022,27.10391285836207,25.55768007895675,23.80720207213952,-11.484860438696629,268.0,254.0,283.0,253.0,262.2,267.0,0.0025677511374579964,-0.011679309470798094,-0.017581047436206032,-0.008897535256515376,22.766755265278007,245.0
E05013813,Cricket Green,25.92935443998729,25.98394464103314,27.302636709007125,25.9359491756211,0.0254334740538114,282.0,276.0,253.0,206.0,244.60000000000002,244.0,0.0007012892863857978,0.009950065326277846,-0.012756259053629648,-0.0007016348136553349,25.84508894218376,195.0
E05013814,Figge's Marsh,23.80389856148757,24.165230380850783,25.23686471396625,24.2955534360212,2.065438454392802,325.0,307.0,292.0,241.0,281.20000000000005,288.0,0.005034452663656763,0.008715959114848237,-0.009458103988218891,0.0014307692634287033,24.469858158041973,222.0
E05013815,Graveney,147.79675196781236,155.64046872916728,140.8879646157989,127.46239011222026,-13.758327963811125,21.0,17.0,26.0,24.0,22.400000000000002,15.0,0.017386287949672896,-0.01971970458132366,-0.024725114566793827,-0.009019510399481531,121.81690995240271,25.0
E05013816,Hillside,6.990787430858063,7.13446602718682,6.361236697704725,5.750366008745105,-17.74365812694589,643.0,648.0,659.0,670.0,658.0,664.0,0.006804448663440876,-0.022681732851396186,-0.024923963941412386,-0.013600416043122565,5.369822005710182,670.0
E05013817,Lavender Fields,22.496737230833297,21.04326223805774,22.721687464886624,20.70278086736525,-7.974295761472941,359.0,368.0,335.0,319.0,340.0,340.0,-0.022017289160112585,0.01546627132426237,-0.022994461100835584,-0.009848492978895266,19.7032083291116,305.0
E05013818,Longthornton,17.95422183885595,18.662553059318864,21.17767427519774,19.04114261148535,6.053845064324196,455.0,422.0,364.0,355.0,390.2,400.0,0.012981443004190796,0.02560809912770501,-0.02623606570651016,0.004117825475128549,19.436425153550402,313.0
E05013819,Lower Morden,8.835041632537358,9.188643624264625,87.2695547603137,87.56821357096216,891.1465866608851,619.0,610.0,43.0,34.0,268.0,275.0,0.013166766733224478,0.5686363346596253,0.0008544683543050269,0.19421918991571827,212.69962191310168,13.0
E05013820,Merton Park,15.499111545688152,14.757664380256209,14.8828143093576,14.728508421797883,-4.971918045874376,505.0,510.0,501.0,476.0,493.6,509.0,-0.016207270896440584,0.001690342698094538,-0.002602153792304329,-0.005706360663550125,14.31304620497439,453.0
E05013821,Pollards Hill,19.00568876309908,19.679356427553994,23.13697074920032,21.708559790469444,14.221378983213611,421.0,396.0,328.0,297.0,347.8,352.0,0.011678280252080508,0.03290200673899779,-0.01580505831307666,0.009591742892667213,22.76983910717105,244.0
E05013822,Ravensbury,21.76911401809304,22.059776981931964,21.507620740344365,20.91882272201733,-3.905952696875955,372.0,345.0,357.0,318.0,342.0,345.0,0.004431030485338994,-0.005056886438908226,-0.006915468083104392,-0.0025137746788912083,20.657215242560362,278.0
E05013823,Raynes Park,11.100896152632172,10.621978392638274,11.0588751350132,10.382666446880702,-6.470015536368824,583.0,587.0,588.0,588.0,586.8000000000001,598.0,-0.014592663710503273,0.00809418167656517,-0.015650133104919806,-0.007382871712952636,10.005014605915314,577.0
E05013824,St Helier,3.33260822464698,3.3705650860298784,138.0056555448406,138.84926734644148,4066.384344836984,670.0,669.0,29.0,18.0,280.8,285.0,0.003782189015014259,1.1010618314868612,0.00152472887620414,0.36878958312602655,667.1554677730978,6.0
E05013825,Village,1106.4323069475506,1056.3900462576814,988.8287993540796,319.37656472185824,-71.13455900406946,1.0,1.0,1.0,2.0,1.4000000000000001,1.0,-0.015309342705528417,-0.013131331050163286,-0.24613169489383613,-0.09152412288317595,197.63781542762092,14.0
E05013826,Wandle,25.477900437094487,24.236191653288788,23.614830917490515,22.649619748416672,-11.100917423164065,286.0,303.0,321.0,277.0,292.8,296.0,-0.016516871658974308,-0.005180951431122405,-0.0103787352729513,-0.010692186121016004,21.464368305085095,271.0
E05013827,West Barnes,7.8010072578648115,7.347479142172274,8.888182790854223,8.754154947657298,12.2182643636377,635.0,644.0,627.0,626.0,631.6,639.0,-0.019767208794858382,0.0388071331689932,-0.003791339487074108,0.005082861629020237,8.978908942245104,607.0
E05013828,Wimbledon Park,24.55039621309952,23.720584374514885,22.251495263400567,13.811504964727014,-43.7422319182062,306.0,319.0,343.0,499.0,393.20000000000005,401.0,-0.011396160474625217,-0.01270539640138979,-0.11239354703104543,-0.04549836796902015,10.942697162637897,550.0
E05013829,Wimbledon Town & Dundonald,9.542216208034864,9.104973306210471,8.52496765435189,8.984649552759738,-5.843156800467762,607.0,612.0,632.0,621.0,618.6,629.0,-0.015513402659253717,-0.013078039933960173,0.01321614302717622,-0.00512509985534589,8.756761324362644,612.0
E05013882,Cann Hall,41.77834373233287,42.769685588066245,35.917274925168215,30.11052603279072,-27.92790871341379,117.0,96.0,143.0,153.0,132.40000000000003,116.0,0.00784778645575579,-0.034319494484865154,-0.043128232426828395,-0.023199980151979254,26.776058089772942,174.0
E05013883,Cathall,35.94337597421516,35.25624638722432,30.906447796135897,25.329030455113184,-29.530741705276736,158.0,157.0,198.0,225.0,192.6,177.0,-0.006413377448391211,-0.025991820441975788,-0.04853598337442033,-0.02698039375492911,22.09156702794123,258.0
E05013884,Chapel End,24.96081960036229,26.61791304958013,21.119057151484064,17.557285551158095,-29.66062079586817,294.0,262.0,366.0,402.0,345.20000000000005,348.0,0.02165685543812379,-0.04522705369837332,-0.04512678370997181,-0.02289899399007378,15.637044593708454,423.0
E05013885,Chingford Green,23.95139502349106,26.37808400931036,23.293508361102138,19.93194988636832,-16.781674441845848,319.0,267.0,324.0,332.0,314.8,317.0,0.03269199648546972,-0.02456500690739949,-0.038213403527489476,-0.010028804649806414,18.95232862894268,327.0
E05013886,Endlebury,18.60005969658853,19.846025049880502,18.668011802255613,16.40505810568883,-11.801045946655174,434.0,391.0,425.0,432.0,422.8,433.0,0.021848234782586573,-0.012163870163173107,-0.03178919144937675,-0.007368275609987762,15.809514323328287,417.0
E05013887,Forest,32.255512218050555,34.70268001797069,29.04986209639579,25.256461421279365,-21.698774303929486,204.0,161.0,225.0,228.0,209.2,195.0,0.024675512463136817,-0.03493578551433907,-0.03437809958681537,-0.014879457546005873,23.432540710729434,232.0
E05013888,Grove Green,29.31276331286329,30.091933088204005,22.30249295303333,17.64400307619252,-39.80777967647349,234.0,217.0,341.0,400.0,318.40000000000003,324.0,0.008783047592880955,-0.05815233663616082,-0.05689308646553126,-0.03542079183627037,14.732844546638011,439.0
E05013889,Hale End & Highams Park South,21.793935135746988,24.225465350954256,20.500937819124545,17.142059458028125,-21.344817485891905,371.0,304.0,384.0,413.0,377.0,384.0,0.0358864638359111,-0.03283556064901638,-0.043748086536507524,-0.01356572778320427,16.010458197854128,409.0
E05013890,Hatch Lane & Highams Park North,29.28126904377408,34.24776064554431,28.6779525133741,25.61510784712524,-12.52049967905458,235.0,169.0,231.0,214.0,212.60000000000002,201.0,0.05361212904460455,-0.034875829188168894,-0.027841647489750376,-0.0030351158777715734,25.228736238893962,210.0
E05013891,High Street,10.763186103086976,11.20810429541328,9.24377656060059,7.566375972936069,-29.701336570163303,589.0,578.0,619.0,639.0,612.8000000000001,625.0,0.01359339378996327,-0.03780420384658767,-0.048826768531701426,-0.024345859529441943,6.689095205595838,646.0
E05013892,Higham Hill,36.76124691862303,39.84466649379774,34.668582186844354,29.736713326102635,-19.108529174949744,150.0,113.0,157.0,157.0,146.8,130.0,0.02721177089751503,-0.02744722584421444,-0.03763632647521942,-0.01262392714063961,27.906537817156067,159.0
E05013893,Hoe Street,33.053922463119115,36.03514726746095,31.669323973664333,25.10956449318564,-24.034539255659087,193.0,145.0,190.0,231.0,198.0,183.0,0.029203131836103013,-0.025498530572832245,-0.056373569279471014,-0.01755632267206675,22.98145336677365,239.0
E05013894,Larkswood,25.77605791266093,30.83173028807517,26.343350740849782,23.117904863943814,-10.312488657978472,283.0,206.0,268.0,262.0,256.20000000000005,258.0,0.06151743852159708,-0.030975799706204343,-0.03212479447541361,-0.0005277185533402914,23.056970473752806,236.0
E05013895,Lea Bridge,37.15652047860602,40.131702839015496,459.23927967438925,391.2995485439828,953.1113879979296,146.0,111.0,3.0,1.0,52.400000000000006,38.0,0.026008243205998927,0.6282095131029732,-0.039234101155756984,0.2049945517177384,994.11073429557,3.0
E05013896,Leyton,44.22130605896637,44.58725819065448,60.72898941853516,49.987521515613885,13.039450822548352,91.0,87.0,55.0,45.0,64.6,46.0,0.002750915824693001,0.063743838195645,-0.04749692263158767,0.006332610462916777,51.59045234375252,45.0
E05013897,Leytonstone,32.888758906843634,33.52398724878688,26.049269169701603,21.86144208691346,-33.52913635678591,198.0,178.0,277.0,294.0,248.20000000000005,246.0,0.0063971398691033965,-0.049202622206834135,-0.04287024904051917,-0.0285585771260833,18.913064225191725,328.0
E05013898,Markhouse,20.21245672019784,21.717075209504863,18.65623195811384,15.757403202336382,-22.041128297925443,400.0,351.0,426.0,450.0,415.4,423.0,0.024221946565840646,-0.029926771196683744,-0.041338737527692127,-0.015681187386178408,14.560073781911992,443.0
E05013899,St James,46.37409622530705,48.685020939661705,54.29353800705727,45.2475471969226,-2.429263576180872,83.0,71.0,67.0,53.0,65.4,47.0,0.016342220931760965,0.022046267195764413,-0.0445417282036813,-0.0020510800253853065,44.785415127668664,59.0
E05013900,Upper Walthamstow,29.742027320352467,31.03386020719012,27.014957615581658,22.31469896595253,-24.97250195623825,227.0,203.0,260.0,283.0,251.2,254.0,0.014273496045703826,-0.027356479010433143,-0.0466624803915876,-0.01991515445210564,20.179453593077728,290.0
E05013901,Valley,31.500796059785525,34.60221763815996,31.939675176305503,27.38498451796788,-13.06573819279432,210.0,164.0,186.0,184.0,185.60000000000002,170.0,0.03179670060516959,-0.015886221575718618,-0.037733202039118785,-0.0072742410032226035,26.403345256181805,182.0
E05013902,William Morris,31.789361471678536,35.541818509551625,29.14804651301627,23.495196271545414,-26.091009118011,209.0,154.0,224.0,257.0,220.20000000000002,210.0,0.03789307291229593,-0.038888083835436515,-0.05247122900517265,-0.01782207997610441,21.474838715793034,270.0
E05013903,Wood Street,16.78614095917199,17.33855296281822,15.199068365311655,12.43007158771634,-25.95039194565732,481.0,451.0,494.0,536.0,499.6,517.0,0.010851425558143113,-0.025995812986352784,-0.049035805354611606,-0.02139339759427376,11.15614980595456,544.0
E05013904,Beckton,37.58418553636224,38.71056668457689,32.14943524130816,28.9424104869876,-22.993115125546165,142.0,122.0,185.0,166.0,156.20000000000002,139.0,0.009891682187510131,-0.036462184563547995,-0.025929619260801284,-0.01750004054561305,26.497042626710957,178.0
E05013905,Boleyn,35.19169586777171,34.357470912830415,26.15956958374552,22.952331244405524,-34.77912706836872,166.0,168.0,275.0,270.0,229.8,221.0,-0.0079649943443173,-0.053061266385835415,-0.03217006163995073,-0.031065440790034482,19.60193904067544,308.0
E05013906,Canning Town North,38.30108589376705,37.121813374655424,29.88776578226973,25.76410870877861,-32.732693845185864,136.0,135.0,215.0,210.0,181.2,167.0,-0.010370349813122348,-0.04242487989042987,-0.03643632810821029,-0.029743852603920835,22.153744270431975,256.0
E05013907,Canning Town South,20.090043202434003,19.46233449404252,13.842466313739497,13.086535607332255,-34.86059001731384,403.0,403.0,527.0,519.0,474.20000000000005,486.0,-0.010525315758323828,-0.06587776751939933,-0.013941221123604186,-0.030114768133775782,11.231206794761228,538.0
E05013908,Custom House,38.74737784118497,39.62040173383822,33.09883715506635,29.80886281576976,-23.06869657619613,130.0,114.0,175.0,156.0,146.2,129.0,0.007454680808199665,-0.035330001002093936,-0.025833551075139738,-0.017902957089678,27.234375762895585,169.0
E05013909,East Ham,35.24795496300972,35.87032407502157,27.77140203442044,24.96292695034322,-29.179077264085024,165.0,147.0,245.0,233.0,204.60000000000002,189.0,0.005851323797962937,-0.04989303668124945,-0.02630167017772056,-0.023447794353669022,22.170364437479382,253.0
E05013910,East Ham South,47.04167828541507,46.12434634121383,39.33322803710643,35.3999948747025,-24.747593697825163,81.0,76.0,110.0,87.0,88.2,69.0,-0.006542851719036014,-0.03135225206580061,-0.02599563697075269,-0.021296913585196437,31.78761824219686,119.0
E05013911,Forest Gate North,26.57382076970069,25.62441625855825,20.804056236850908,18.02611644379081,-32.16588385986226,271.0,281.0,376.0,389.0,341.20000000000005,342.0,-0.012053728885277337,-0.040822886549552795,-0.03519723757179849,-0.029357951002209542,15.53093775142154,425.0
E05013912,Forest Gate South,43.64403954661746,43.24010420524391,34.22535238795863,31.71794568955416,-27.32582497164292,95.0,94.0,162.0,130.0,122.19999999999999,101.0,-0.003094641433755263,-0.045683925170470596,-0.018841251273420623,-0.022539939292548827,28.300894104272615,154.0
E05013913,Green Street East,38.75772433300854,35.27390277149415,28.254308172561803,26.089386657098203,-32.685968781508606,128.0,156.0,236.0,203.0,185.2,169.0,-0.030907837264076088,-0.04340912705632827,-0.01973206279816231,-0.031349675706188886,22.248411589727763,250.0
E05013914,Green Street West,43.21440212379932,39.27286319247244,30.7403559882328,28.933608389378936,-33.04637582051741,102.0,116.0,204.0,167.0,151.2,132.0,-0.0313772049536678,-0.04781076867133416,-0.015029039323212978,-0.03140567098273831,24.666765720563806,217.0
E05013915,Little Ilford,50.8933597221092,48.53160502669262,39.08047083200234,33.35981878287559,-34.451529698513205,68.0,72.0,112.0,111.0,94.80000000000001,72.0,-0.015714295519196786,-0.0423936294588122,-0.03879510488831306,-0.032301009955440683,28.309038675981796,153.0
E05013916,Manor Park,42.14135033880218,41.8515790632199,32.40244193316141,29.401617411549257,-30.23095564055207,112.0,99.0,181.0,162.0,143.2,124.0,-0.002297331834825278,-0.04989155463938233,-0.02400325279757387,-0.02539737975726049,25.852889820588356,194.0
E05013917,Maryland,21.662656297720112,21.079263638208367,16.636870076017637,14.573948736636632,-32.72316868097811,374.0,367.0,466.0,482.0,434.2,448.0,-0.009058746356819025,-0.04623092253247574,-0.03255473553960031,-0.029281468142965023,12.561567644453278,503.0
E05013918,Plaistow North,41.150317602228434,40.07698760706871,33.46037095509718,29.71255327848932,-27.795081521119823,120.0,112.0,171.0,158.0,143.8,125.0,-0.008771091165221012,-0.035444689980446475,-0.029261385549670504,-0.024492388898446,26.24782273989979,188.0
E05013919,Plaistow South,32.80106075551039,32.40753978601147,24.456023458821285,22.73248635544193,-30.69588046288105,199.0,193.0,306.0,275.0,249.60000000000002,249.0,-0.004015167507407602,-0.054747236141918454,-0.018104489774335764,-0.025622297807887273,19.965657823535675,300.0
E05013920,Plaistow West & Canning Town East,33.416262299723115,32.431918051666486,26.20121313356729,23.19130419586916,-30.59874863365159,187.0,192.0,272.0,260.0,234.20000000000002,228.0,-0.009917036568631965,-0.04177002277376207,-0.030046436013171363,-0.027244498451855132,20.19964099903414,289.0
E05013921,Plashet,37.91018020037916,35.5836122434343,25.08216992187421,22.33037384867371,-41.09662963709581,137.0,152.0,294.0,282.0,229.40000000000003,220.0,-0.02089020614131265,-0.06755545082129233,-0.02863439376243293,-0.039026683575012634,18.300065212776115,342.0
E05013922,Royal Albert,22.463584215025424,22.81135526013298,14.608703293781002,13.317743465790858,-40.714075998242095,360.0,331.0,507.0,513.0,444.8,460.0,0.005134111607234315,-0.08527169892469288,-0.0228646072598111,-0.03433406485908989,11.183177097196477,542.0
E05013923,Royal Victoria,34.00039983530855,33.993152846200296,24.35170620856316,22.430954465594333,-34.02738034186187,178.0,173.0,307.0,280.0,243.60000000000002,242.0,-7.10531257375191e-05,-0.06453489983757166,-0.020330495138916604,-0.028312149367408595,19.43039443693432,314.0
E05013924,Stratford,24.314201056997813,23.766657704728544,19.30025316678747,16.66507473009152,-31.45950100920473,312.0,317.0,413.0,427.0,379.20000000000005,386.0,-0.007563559104391215,-0.04077833565796418,-0.036035445576515945,-0.028125780112957115,14.449658260500074,450.0
E05013925,Stratford Olympic Park,19.28328122979596,18.9135268944266,14.019080475032396,12.235419910369956,-36.54907707582385,416.0,417.0,525.0,541.0,488.0,502.0,-0.006432915698083463,-0.058133389048344974,-0.033448859859349866,-0.032671721535259435,10.363066816430148,569.0
E05013926,Wall End,43.4673699661953,43.84840660116169,38.03115426023752,34.48818199106631,-20.65730680764014,96.0,90.0,119.0,98.0,100.2,78.0,0.002913515986067372,-0.0280651869913483,-0.024150826251353008,-0.01643416575221131,31.74588755389343,120.0
E05013927,West Ham,44.12349837840252,44.62937483221463,33.62006159116011,28.898365985125167,-34.50572360039728,92.0,86.0,170.0,170.0,137.6,120.0,0.0038071579373886166,-0.055078914287991165,-0.03712769448389408,-0.029466483611498877,24.884331397217526,215.0
E05013928,Alexandra,51.18094704436509,51.14001684988133,41.002348118357176,39.79654742792794,-22.24343290593827,66.0,60.0,104.0,66.0,72.4,56.0,-0.00026664291130840123,-0.04322554319089511,-0.0074345201524744775,-0.01697556875155933,36.53145365885675,83.0
E05013929,Berrylands,17.19788423598824,15.820818514047996,14.71588057119299,14.930306635089586,-13.18521260977864,469.0,483.0,505.0,471.0,479.80000000000007,494.0,-0.027436479429758354,-0.01437556618947844,0.0036230293338850306,-0.012729672095117254,14.00390482157251,461.0
E05013930,Canbury Gardens,6.040462986880702,5.346379315544438,4.057853776415991,4.48522730505565,-25.74696153594307,659.0,665.0,678.0,678.0,671.5999999999999,677.0,-0.03987042663391205,-0.053659721523801274,0.02534971730512381,-0.022726810284196503,3.9981987622478843,675.0
E05013931,Chessington South & Malden Rushett,14.737924923919149,11.601350840413527,11.995551934929338,12.68492959504659,-13.930016196110593,518.0,570.0,565.0,530.0,542.6,551.0,-0.07666902109749951,0.006705253402068179,0.014067715437981576,-0.01863201741914992,11.546423580894894,528.0
E05013932,Coombe Hill,12.53952439392154,10.98549854316727,10.4851090415597,8.986122765582916,-28.33761087510715,555.0,582.0,599.0,620.0,595.2,604.0,-0.04314476910609688,-0.009280671198434232,-0.037834348188495404,-0.030086596164342172,7.7132454789568285,628.0
E05013933,Coombe Vale,10.787670426382848,8.68527177828001,7.986784323457888,8.698537303960066,-19.365933884237847,587.0,619.0,641.0,627.0,620.2,631.0,-0.06970951075821252,-0.01662829317053227,0.021571029489037885,-0.021588924813235637,7.799253395889546,626.0
E05013934,Green Lane & St James,4.523928009439498,4.073447301702751,8.711906746370111,9.068882456042134,100.4647827533786,667.0,667.0,630.0,617.0,639.6,643.0,-0.03435949985010567,0.16420704539338793,0.01009015621143261,0.046645900584904955,11.39075882820891,532.0
E05013935,Hook & Chessington North,12.750547590677424,11.651963266790183,11.493169208840264,12.187059103124462,-4.419327746872283,550.0,569.0,576.0,542.0,555.8,563.0,-0.029586662842510547,-0.0027405995845956044,0.01476336320797822,-0.005854633073042644,11.834458246636931,519.0
E05013936,King George's & Sunray,42.16687270903804,41.62613003857194,34.71787811958364,34.77100940912555,-17.53951105396361,110.0,100.0,156.0,93.0,110.4,89.0,-0.004293028448512093,-0.035643909824479736,0.0003823737805164207,-0.013184854830825135,32.538410180581785,106.0
E05013937,Kingston Gate,8.481144127815744,7.664374727095413,5.832069947898578,6.287916342657539,-25.8600461459562,625.0,638.0,671.0,661.0,651.2,655.0,-0.03319082729650846,-0.05317612874485156,0.018992547404428572,-0.022458136212310482,5.612851883958316,667.0
E05013938,Kingston Town,13.301292303221134,12.151561990459562,11.234683821340964,10.372495571158325,-22.018888580875355,541.0,556.0,581.0,589.0,571.2,579.0,-0.029684974756267857,-0.015567938580761664,-0.019764107035049605,-0.021672340124026374,9.296188465189955,597.0
E05013939,Motspur Park & Old Malden East,1.919468780991689,2.0216074615375663,6.787487737965468,7.38568084863828,284.777336405674,675.0,674.0,653.0,641.0,656.8,663.0,0.017431687952840447,0.2740968595204316,0.02134006742674477,0.1042895383000056,12.128450665443104,513.0
E05013940,New Malden Village,9.498574821746592,8.328436514861485,12.436878734046266,12.76330209134639,34.37070645719756,608.0,626.0,561.0,526.0,569.4,577.0,-0.04287569700186589,0.08350166750042742,0.006497990632819972,0.015707987043793836,13.797721869501705,468.0
E05013941,Norbiton,23.89393381136429,21.079589392754905,20.50257968373228,20.110718942653588,-15.833369668544703,320.0,366.0,383.0,329.0,345.4,349.0,-0.04091264839654596,-0.005535527890330072,-0.004812821780351584,-0.017086999355742538,18.45028136083367,338.0
E05013942,Old Malden,23.56125813491891,23.94680239332638,19.99233943870456,20.389328479921147,-13.462479961105348,335.0,314.0,395.0,325.0,338.8,339.0,0.0054250105354372025,-0.035453393826113455,0.004927721011793285,-0.008366887426294323,19.550506983082183,309.0
E05013943,St Mark's & Seething Wells,3.5893854084439885,3.259123866691255,13.665465444450438,11.415350766705824,218.03078989097523,669.0,670.0,532.0,560.0,598.2,606.0,-0.03166211246256723,0.3320014951879666,-0.043981694349942035,0.08545256279181912,17.200596286532885,371.0
E05013944,Surbiton Hill,12.571968075642271,11.142127704511807,9.605183035019875,10.92648758279007,-13.088487681099505,553.0,580.0,610.0,576.0,579.0,585.0,-0.03944636297011772,-0.029249768760016948,0.032746502457605686,-0.01198320975750966,10.287318868172816,570.0
E05013945,Tolworth,7.13074695183818,6.533294111807791,6.116619804683385,7.029940758350273,-1.4136835056518298,642.0,653.0,667.0,652.0,653.2,657.0,-0.028746951763108264,-0.013093849776219635,0.035404491684631,-0.0021454366182322993,6.9548521842596935,642.0
E05013946,Tudor,6.662486631550409,5.376335012810949,4.063156940832905,4.802349972172184,-27.91955559909855,650.0,664.0,677.0,677.0,669.0,674.0,-0.06899933594938934,-0.05446969059212281,0.042671618430349056,-0.026932469370387697,4.189562873616306,674.0
E05013967,Beam Park,7.679701894564644,7.280119871918463,7.636087537755846,7.223848211036087,-5.935825241487444,639.0,647.0,645.0,646.0,644.6000000000001,649.0,-0.01765345349399383,0.009593332139269828,-0.01377858559827172,-0.007279568984331908,6.964716009334716,641.0
E05013968,Cranham,6.183481308384255,6.354337283282838,6.125773296098101,5.945614514858827,-3.8468102620913815,658.0,657.0,666.0,667.0,663.0,667.0,0.009126792512157422,-0.0072997495736282225,-0.007434999972358192,-0.0018693190112763307,5.890250636411572,663.0
E05013969,Elm Park,21.351468259934016,20.94783118612174,23.957465859786428,19.09380128507453,-10.573825403361104,379.0,373.0,315.0,351.0,353.8,355.0,-0.0063416034795437115,0.027212658214454732,-0.05514997233677621,-0.011426305867288397,18.027588950477746,347.0
E05013970,Emerson Park,6.9172067871462914,7.767302644549864,7.853584588743026,7.266464575636177,5.049115911047855,645.0,635.0,642.0,643.0,641.5999999999999,646.0,0.03939308408795683,0.0022118643631368062,-0.019237597714780952,0.0074557835787708955,7.541420074597937,630.0
E05013971,Gooshays,33.72092985440327,36.04090973527899,38.38517989015119,35.44858505106774,5.123391330322013,182.0,144.0,116.0,86.0,122.80000000000001,102.0,0.022426430188863478,0.012683110970155953,-0.019700387128411156,0.005136384676869425,36.36837326080358,85.0
E05013972,Hacton,7.710703782244609,7.957549011111602,8.217101182200222,7.150773573769585,-7.261726351936542,636.0,629.0,637.0,649.0,640.0,644.0,0.010559217212443794,0.006439938478767004,-0.03415241566724536,-0.005717753325344854,6.94866622935603,643.0
E05013973,Harold Wood,18.474051579178205,19.742440295322453,20.99258339777784,19.06886401106932,3.2197183673640586,438.0,394.0,369.0,353.0,381.4000000000001,391.0,0.02238129166122116,0.01235541633347248,-0.02374171259885649,0.0036649984652790493,19.420871572953263,316.0
E05013974,Havering-atte-Bower,26.964596371638457,27.635419631289675,29.95707189623824,28.28473318309524,4.895815213630689,266.0,247.0,214.0,176.0,215.8,204.0,0.008224809375726894,0.016264276534101008,-0.014258181595725006,0.0034103014380342986,28.770331310431853,148.0
E05013975,Heaton,23.52542373442536,25.787932446450256,27.406198420911835,24.91421013252937,5.903342757103087,336.0,279.0,250.0,235.0,267.0,272.0,0.031081567481184846,0.012246898476610868,-0.0235509632173021,0.006592500913497871,25.746344498787504,202.0
E05013976,Hylands & Harrow Lodge,11.619631043521712,11.870236432314003,12.728577920742008,11.896011128604822,2.378561625992419,573.0,564.0,551.0,550.0,557.6,564.0,0.007138064672247646,0.014061053302353965,-0.016769438694460348,0.0014765597600470877,11.98409672878815,516.0
E05013977,Marshalls & Rise Park,11.114548475860214,12.173294090859285,12.869186305083735,12.133383145322744,9.166676196296644,582.0,554.0,547.0,543.0,553.8000000000001,562.0,0.030794509419361793,0.011180287856865645,-0.014611008978090756,0.00912126276604556,12.696929185128607,497.0
E05013978,Mawneys,16.828678241223262,17.334603767030444,18.24221803954863,17.55486780264671,4.3151907179768125,480.0,452.0,430.0,403.0,433.6,446.0,0.009922320411625885,0.010259038532434372,-0.009555874955611166,0.003541827996149697,17.867959405855334,353.0
E05013979,Rainham & Wennington,19.678402473752367,19.780967085460546,22.420901837202663,21.239031494694743,7.930669285903612,411.0,393.0,339.0,311.0,353.0,354.0,0.0017343368489399769,0.02537119129681331,-0.013447030994758635,0.004552832383664884,21.726942822574877,266.0
E05013980,Rush Green & Crowlands,18.501159680805344,20.195572877841965,22.98210116835892,21.29038336258532,15.07593972432844,437.0,387.0,331.0,309.0,354.6,359.0,0.029640796462309993,0.02618747824908474,-0.018933520230406176,0.012298251493662852,22.632155329415752,247.0
E05013981,St Alban's,6.637752710950392,6.378308192956755,6.662731600069019,6.338836917605162,-4.503267993881485,652.0,656.0,655.0,659.0,656.2,661.0,-0.013202265493206244,0.008763509056576524,-0.012381276023177734,-0.005606677486602485,6.163119308585264,657.0
E05013982,St Andrew's,2.1218473282035863,2.1943678657483248,12.883085679730334,11.88582673183707,460.1640878611156,674.0,672.0,546.0,551.0,598.8000000000001,608.0,0.011265289585066895,0.42476124073636745,-0.01994065302486947,0.13869529243218828,22.754485542570734,246.0
E05013983,St Edward's,10.715740493478863,10.5916225275517,11.3104220812278,10.691509416059407,-0.2261260193283313,590.0,589.0,579.0,578.0,582.8000000000001,593.0,-0.0038759269959622866,0.013218856221559383,-0.013970172372564482,-0.0015424143823224619,10.60930969009294,564.0
E05013984,South Hornchurch,12.92885494852296,12.27956150836702,12.558392988271503,10.187821372720403,-21.20089974492057,545.0,551.0,558.0,596.0,569.2,576.0,-0.017028487035825823,0.004500696199598808,-0.05095498328666037,-0.02116092470762913,9.154567096229393,601.0
E05013985,Squirrels Heath,12.09266333101282,11.815486863898672,11.94993629879239,11.486658653695123,-5.011341676597721,564.0,566.0,569.0,557.0,562.6,571.0,-0.007699477779024688,0.0022655285720256657,-0.009836230422599956,-0.005090059876532993,11.19728068734542,540.0
E05013986,Upminster,6.944107920402115,6.185952059027679,5.853028663863175,7.0010728832558025,0.8203352180965031,644.0,658.0,670.0,653.0,655.5999999999999,660.0,-0.037804408566217806,-0.011003350712417426,0.04579361741539434,-0.0010047139544136312,6.965973106516946,640.0
E05013987,Beckenham Town & Copers Cope,11.435690064909952,11.206213815961428,10.945360024716162,10.688367369098486,-6.535003061202241,576.0,579.0,592.0,579.0,581.0,589.0,-0.006734137696014386,-0.00469948371311002,-0.005922302645492983,-0.0057853080182057965,10.382746619467492,567.0
E05013988,Bickley & Sundridge,14.097528722493962,15.521984719478729,15.270612346761745,15.281797788007736,8.400543732350474,527.0,489.0,490.0,459.0,484.80000000000007,500.0,0.032606262216092086,-0.003260107923642064,0.00018307010028228987,0.009843074797577437,16.048849577163057,406.0
E05013989,Biggin Hill,8.159577598167553,8.763043302370628,9.45119390999517,9.128708155850036,11.877214794796814,629.0,618.0,615.0,614.0,618.0,628.0,0.024068702807503506,0.015234442778243151,-0.008641665054041736,0.010220493510568307,9.604841337388748,588.0
E05013990,Bromley Common & Holwood,14.102914359693353,13.6730223654103,14.348436132685316,13.663211632558165,-3.117814629803572,526.0,527.0,514.0,501.0,513.8000000000001,527.0,-0.010265858358212032,0.009689892906021402,-0.012158979212925747,-0.004244981555038792,13.375662889126042,479.0
E05013991,Bromley Town,10.190105077992504,9.86579696142072,9.441809315585722,8.46662277802534,-16.913292716572244,594.0,602.0,616.0,630.0,614.4000000000001,626.0,-0.010723171153260047,-0.008746781650031732,-0.026885942572923205,-0.015451965125404995,7.832398201823697,625.0
E05013992,Chelsfield,5.108204405593515,5.186858579079621,5.545527027892907,5.541105301952844,8.47461968995015,666.0,666.0,675.0,671.0,669.8000000000001,676.0,0.005106419002339324,0.013462500552831491,-0.00019939712928918052,0.006123174141960545,5.712841366712282,664.0
E05013993,Chislehurst,12.313277100453654,12.499900079315092,11.956274594292124,11.304666997124484,-8.19124019625944,560.0,544.0,568.0,564.0,560.0,568.0,0.005026769142606247,-0.008853463104501635,-0.013912455252814815,-0.005913049738236735,10.97437098473045,547.0
E05013994,Clock House,21.267890266071248,21.409776828661208,20.456538341394864,18.57154531621841,-12.67800856653058,381.0,359.0,385.0,371.0,373.4,382.0,0.0022188723288796286,-0.00906766334958331,-0.0238782844228268,-0.010242358481176828,17.63974731249637,359.0
E05013995,Crystal Palace & Anerley,28.72603881919149,27.97643521832677,27.641724528338216,22.62806665977103,-21.228030073351043,246.0,244.0,247.0,278.0,258.6,263.0,-0.008775082531744749,-0.002404338346378987,-0.04880276600082967,-0.019994062292984466,20.454599694187202,283.0
E05013996,Darwin,15.784296180657725,18.11881039506344,18.68211031734318,18.684515766096546,18.374082393314367,494.0,435.0,424.0,368.0,417.80000000000007,428.0,0.04705176431403024,0.006141935099363449,3.2187646055836794e-05,0.017741962353149843,20.4018830194898,285.0
E05013997,Farnborough & Crofton,5.476145304801471,5.90919630318859,6.526664753560821,6.288449965706763,14.833511817026944,663.0,660.0,657.0,660.0,660.0,665.0,0.025694007177679445,0.020076112377379385,-0.009252292510621762,0.012172609014812355,6.68061604059471,647.0
E05013998,Hayes & Coney Hall,11.12394222450618,10.842296490877487,10.875038529051272,10.924875134564898,-1.7895372514856749,581.0,584.0,594.0,577.0,582.6,592.0,-0.008511872330365988,0.0006032404551874482,0.001143701457304136,-0.0022549768059581345,10.80225270431095,558.0
E05013999,Kelsey & Eden Park,9.859404508994569,11.516516208575274,11.635041344481026,10.427845903541089,5.765473908976353,601.0,572.0,572.0,586.0,583.4,594.0,0.05314979128981023,0.002049928861944439,-0.027013827263514534,0.00939529762941338,10.927001200409416,552.0
E05014000,Mottingham,25.08163084476549,28.628105139087115,31.30091935616401,27.52305286948573,9.73390462458609,293.0,235.0,193.0,183.0,217.39999999999998,205.0,0.04507055271994309,0.018012001559532198,-0.031644379344399565,0.010479391645025241,28.99572069507652,143.0
E05014001,Orpington,12.880218383904754,14.171565693160716,13.826163269817986,12.817117441366731,-0.4899058436530307,547.0,516.0,529.0,525.0,528.4000000000001,541.0,0.03236087234300111,-0.004922813990442698,-0.018766943383476065,0.002890371656360783,13.003422479437717,490.0
E05014002,Penge & Cator,27.668189632591844,27.73289489892716,27.88616764715637,23.674314296909536,-14.434899387048103,256.0,246.0,243.0,255.0,251.0,252.0,0.0007789317187232303,0.001102914268898525,-0.04010850484395878,-0.012742219618779008,22.203949657637896,252.0
E05014003,Petts Wood & Knoll,8.088893270023933,6.957263163515999,6.9026905906435685,6.933033862078975,-14.28946296310246,630.0,651.0,652.0,654.0,648.2,652.0,-0.04899432466834486,-0.0015737397931507857,0.001097158405370946,-0.01649030201870823,6.379939416986757,653.0
E05014004,Plaistow,9.43646065146553,10.234753998702702,10.771128582097829,10.2533076409916,8.656285653024044,610.0,595.0,596.0,594.0,597.8,605.0,0.027439106159043325,0.010268379988110699,-0.012241684623404026,0.008488600507916666,10.695939943063134,560.0
E05014005,Shortlands & Park Langley,11.68297857071574,11.93245880795711,11.38457357255598,11.041973329505748,-5.4866593936645565,570.0,561.0,578.0,574.0,571.4000000000001,581.0,0.007067980530714557,-0.009356567191137422,-0.007609766772181947,-0.003299451144201604,10.861009183127862,554.0
E05014006,St Mary Cray,22.853269104933293,24.60085068190419,24.964898594883906,24.26991754150257,6.198887476730712,352.0,298.0,296.0,242.0,286.0,293.0,0.024866420447372972,0.0029422718395801795,-0.007033438741945952,0.0069250845150024,25.121993648019988,211.0
E05014007,St Paul's Cray,28.653506104329388,30.876812768070323,30.865797889735408,30.32236337561633,5.824268992459485,247.0,205.0,200.0,149.0,190.0,173.0,0.02522274159724258,-7.135743262565164e-05,-0.004430954472855131,0.006906809897253933,31.384082612568573,121.0
E05014008,West Wickham,6.284061130225994,6.385661473093207,5.754465863182095,5.275726554511707,-16.045906537481816,657.0,655.0,673.0,676.0,667.4000000000001,673.0,0.005360527767412471,-0.020600618650365443,-0.02148088268740378,-0.01224032452345225,4.9606517533637176,672.0
E05014009,Balham,18.764924253034497,19.554261859417128,14.521269000423368,13.559058998038614,-27.74253274245984,432.0,401.0,509.0,508.0,471.6,484.0,0.013829374759845914,-0.05777932690935661,-0.016993827301390207,-0.020314593150300302,12.2366558308414,511.0
E05014010,Battersea Park,18.205525590591453,17.894942402737378,20.450910677302293,18.44657727545616,1.3240578178598634,446.0,438.0,386.0,373.0,403.20000000000005,410.0,-0.005719257848475157,0.027061546477317622,-0.02545749467325853,-0.001371735348138688,18.320404790618884,341.0
E05014011,East Putney,22.4348687201488,23.30665622449852,20.31521383225936,25.56896513033072,13.969755960137125,361.0,326.0,389.0,216.0,301.6,302.0,0.012788619424785708,-0.027099816010260347,0.05918772300089237,0.014958842138472575,27.53945288011298,165.0
E05014012,Falconbrook,27.81112020420703,28.331070093597987,25.387894548619265,27.33949462123545,-1.6958165636932394,253.0,239.0,287.0,186.0,230.20000000000002,223.0,0.006193479944544444,-0.021698450399815328,0.018687434379087042,0.0010608213079387196,27.484814202770085,166.0
E05014013,Furzedown,57.10016202395195,61.300387804326434,54.29607904297328,48.06572651025278,-15.822083849621082,55.0,49.0,66.0,48.0,53.2,39.0,0.023941850465986292,-0.02397475860218168,-0.030011108540112463,-0.01001467222543595,45.70664054159876,57.0
E05014014,Lavender,15.268965104385376,15.420112822197986,12.475546886484366,10.588274510476138,-30.65493019277975,508.0,491.0,560.0,581.0,544.2,554.0,0.003288843387994067,-0.04149494350967464,-0.04017645352477639,-0.026127517882152323,9.275464441452579,599.0
E05014015,Nine Elms,8.75471748893941,8.370997544270356,7.750856655374926,7.246179410462492,-17.23114515554367,621.0,625.0,644.0,645.0,636.0,641.0,-0.014828833148780585,-0.015276055987980652,-0.016691384423396127,-0.015598757853385789,6.6983810235625665,645.0
E05014016,Northcote,11.989617201714932,12.45727462030102,9.01478614127126,7.728537963201153,-35.53974382021385,565.0,546.0,624.0,637.0,601.8,612.0,0.012836258831910197,-0.0626398682408712,-0.03775540779480291,-0.029186339067921303,6.664640673384363,648.0
E05014017,Roehampton,21.656441765389623,21.112527557923023,43.67627419402204,31.851884387037032,47.07810605314359,376.0,365.0,94.0,128.0,218.2,208.0,-0.008442944417458742,0.1564878404317327,-0.0758927303063267,0.02405072190264908,35.870916333998856,88.0
E05014018,St Mary's,10.793478802043104,11.22139690499792,20.243154046324545,24.069118794321085,122.99685982396176,585.0,577.0,390.0,249.0,410.0,417.0,0.013044431406584733,0.12524282204657644,0.04422840482354906,0.06083855275890341,32.33751642508732,110.0
E05014019,Shaftesbury & Queenstown,24.72806014569321,24.255202866850315,21.00901322808363,18.79061843408332,-24.010948196613786,302.0,302.0,368.0,364.0,340.0,340.0,-0.006415164912313864,-0.028326969726124362,-0.027512887290461974,-0.020751673976300067,16.920191065400136,381.0
E05014020,South Balham,17.310877580248388,19.20613373895861,17.604641918407115,14.997376608359216,-13.364434940773103,464.0,408.0,446.0,468.0,450.80000000000007,466.0,0.03523819734619926,-0.017262678877546733,-0.03927957177913555,-0.0071013511034943395,14.472377961410283,448.0
E05014021,Southfields,11.67940805774792,12.130996593253812,9.200532600212476,9.94826014284663,-14.822223064232054,571.0,557.0,620.0,603.0,590.8000000000001,603.0,0.012725820385644626,-0.05379922909775181,0.019726113986243465,-0.00711576490862124,9.59931423744464,589.0
E05014022,Thamesfield,9.403405251382049,10.700342440673952,8.789407589688471,9.116602282173002,-3.049990525154629,611.0,585.0,629.0,615.0,611.0,622.0,0.04400883642382447,-0.03858169739626627,0.009179340188327556,0.004868826405295253,9.340709733057604,596.0
E05014023,Tooting Bec,61.142817088904856,64.93430844863201,58.842622676162016,52.69713552102706,-13.813039650425878,49.0,44.0,58.0,44.0,47.800000000000004,33.0,0.020257020110709067,-0.019509115689803846,-0.027199585840748886,-0.008817227139947889,50.414531408390104,50.0
E05014024,Tooting Broadway,98.66383049598376,104.51829396581162,94.68047838198828,85.02302287145929,-13.82554027747762,32.0,30.0,41.0,35.0,34.6,26.0,0.019400353703331152,-0.01957669445106547,-0.02653795199645026,-0.008904764248061525,81.30429417731604,33.0
E05014025,Trinity,12.480308855692106,14.016698809166268,11.162660486416891,10.064392559561616,-19.357824586437395,558.0,518.0,584.0,600.0,572.0,582.0,0.03945765692555825,-0.044513852933536935,-0.025560314258056382,-0.010205503422011689,9.561207460020048,591.0
E05014026,Wandle,6.653978874993863,7.287907308281037,5.680711683722427,5.308923325162231,-20.21430448008256,651.0,646.0,674.0,675.0,664.2,672.0,0.030798570376778134,-0.04860693477502431,-0.01677949694979497,-0.011529287116013717,5.009858783829086,671.0
E05014027,Wandsworth Common,23.82706161276054,26.29438785767648,20.85546548465344,19.578077869538284,-17.832596449688626,323.0,271.0,372.0,339.0,328.8,333.0,0.03338985174183584,-0.04529023520779818,-0.015677208720218938,-0.009192530728727092,18.694610062985653,334.0
E05014028,Wandsworth Town,76.76772599876612,80.64810788043417,76.4668632833383,128.3079295483391,67.13785367356247,38.0,37.0,46.0,22.0,33.0,23.0,0.016572839484388258,-0.010591086491183122,0.1381383449232192,0.04804003263880811,162.23436636427937,18.0
E05014029,West Hill,22.35130644251421,21.55265911282664,18.949502297485584,18.13821657096772,-18.849412146812224,365.0,352.0,420.0,382.0,380.20000000000005,390.0,-0.012055269745488317,-0.0254157477678989,-0.01087952074946108,-0.0161168460876161,16.722923621390574,387.0
E05014030,West Putney,17.829912290867096,18.62616662848264,20.69780859130507,20.11189038358893,12.798594045191797,456.0,423.0,379.0,328.0,382.80000000000007,393.0,0.014669857259395958,0.02131609610661389,-0.007153448405887275,0.009610834986707525,21.09710706313861,273.0
E05014053,Abbey,40.9010388729282,38.44877020936171,37.320553149947344,34.768878319534345,-14.992676769031018,121.0,126.0,125.0,94.0,112.0,91.0,-0.02039865796065965,-0.005938797929796569,-0.017549558809055066,-0.014629004899837095,32.29903539129366,111.0
E05014054,Alibon,23.38466199148128,23.625060254361458,24.95004857677532,23.17451439842412,-0.8986556792384195,339.0,321.0,297.0,261.0,295.8,297.0,0.003415046972861324,0.010973319080021637,-0.01828639022437406,-0.001299341390497033,23.02434711412797,238.0
E05014055,Barking Riverside,24.518773929666988,22.90251357034325,22.453505609888133,20.983105348265,-14.420250341816391,307.0,330.0,337.0,315.0,320.8,327.0,-0.022474414628327777,-0.003952152317519109,-0.016789741300692773,-0.014405436082179887,19.514672101147735,310.0
E05014056,Beam,25.36923576624095,25.612545034710312,27.332465072877884,25.73843411184104,1.4552994382723106,288.0,283.0,252.0,211.0,249.00000000000003,248.0,0.003186740976640179,0.013083432952579965,-0.014910182552108187,0.0004533304590373192,25.79682711125053,198.0
E05014057,Becontree,25.14476622425493,24.21023477904105,26.779223683030946,26.27785292092951,4.506252659376857,291.0,306.0,262.0,201.0,252.20000000000002,256.0,-0.012545409915153516,0.020374969123976072,-0.004713820161111215,0.001038579682570447,26.414594881660516,180.0
E05014058,Chadwell Heath,36.40327481042843,38.777154788583246,35.95797043582116,33.2035164623542,-8.789754121674772,154.0,121.0,142.0,113.0,128.60000000000002,113.0,0.021280787618607633,-0.014982727193043832,-0.01972657895597585,-0.004476172843470683,32.467016054341656,107.0
E05014059,Eastbrook & Rush Green,32.62194165961374,32.59361268067733,33.74721630489391,31.154505650179946,-4.498309833134476,202.0,191.0,166.0,137.0,166.60000000000002,146.0,-0.00028955136505193213,0.006980570373082973,-0.019786392180061174,-0.004365124390676711,30.480449608016503,130.0
E05014060,Eastbury,44.369448903650735,45.01836129376373,45.6272358185141,42.63061658784719,-3.9189856055671615,90.0,85.0,83.0,60.0,75.6,59.0,0.0048514940580624,0.0026904888149681394,-0.016839631413689493,-0.0030992161802196514,41.97409116433862,62.0
E05014061,Gascoigne,36.24622156657232,34.11109416934845,31.110754880756,29.31766720243092,-19.11524585098047,156.0,172.0,196.0,164.0,170.4,152.0,-0.020034086316789712,-0.01824532105879917,-0.014731234104414237,-0.017670213826667707,26.817357107240124,173.0
E05014062,Goresbrook,33.01597244756962,32.38559699345911,34.861854587587786,31.45982900040873,-4.713304900020997,195.0,194.0,153.0,133.0,161.60000000000002,142.0,-0.006405288521368124,0.014844999108928558,-0.025343759876712446,-0.005634683096384004,30.583430430711143,128.0
E05014063,Heath,20.38775684359285,20.129267934780646,20.66186789275988,18.70582466269613,-8.249716699094785,396.0,388.0,381.0,367.0,379.8,388.0,-0.004244199103436208,0.005236663353662907,-0.024557172465354382,-0.007854902738375894,17.982613594512827,349.0
E05014064,Longbridge,25.135148425530005,25.42181477700653,25.688864125757235,25.60076113972855,1.852436700654684,292.0,288.0,280.0,215.0,258.0,261.0,0.003787304665692659,0.0020921736646999367,-0.000858509378425909,0.001673656317322229,25.815713828417234,196.0
E05014065,Mayesbrook,32.25632181051678,32.7117053979849,34.92379166460234,34.46449681690123,6.845712351693188,203.0,189.0,151.0,99.0,148.20000000000002,131.0,0.004683911354891546,0.013173076334689116,-0.0033041766875767653,0.004850937000667965,35.30857181183228,90.0
E05014066,Northbury,147.37371214583592,138.54559739426654,137.1668120176775,127.47650010627108,-13.50119485344526,22.0,22.0,31.0,23.0,24.200000000000003,17.0,-0.020380167463534993,-0.00199834133054555,-0.018149712625529446,-0.013509407139869997,119.09536842945307,27.0
E05014067,Parsloes,59.28931038282598,60.07538800072509,61.38641115905198,57.41385503551774,-3.163226786074228,52.0,50.0,54.0,40.0,47.2,32.0,0.0044000565503186095,0.004326985248368942,-0.016586612611723117,-0.002619856937678522,56.66570497910759,42.0
E05014068,Thames View,8.364781287065258,7.8039849312802625,7.620685577442361,7.131785949031577,-14.740317716857737,627.0,634.0,646.0,650.0,641.4000000000001,645.0,-0.022866407357317042,-0.004742350461013012,-0.01643953379973906,-0.014682763872689705,6.6233651668644296,650.0
E05014069,Valence,34.99155837306866,34.67756815759501,35.5708212299688,34.16966383336013,-2.3488366278110773,169.0,163.0,144.0,101.0,135.60000000000002,119.0,-0.003000096002174435,0.005099487608374531,-0.009996560233658025,-0.0026323895424859764,33.72228605813051,99.0
E05014070,Village,388.1513242512969,370.7207069402693,347.31908185684654,113.2247272502425,-70.82974598408465,5.0,4.0,7.0,30.0,15.2,9.0,-0.015198750809694017,-0.012956347616696728,-0.24438049539648699,-0.09084519794095924,70.3283564180757,37.0
E05014071,Whalebone,29.04889341073824,30.42332504671916,30.75346687008464,29.648034860552503,2.062527619701995,238.0,213.0,202.0,159.0,194.20000000000002,178.0,0.015529073967925466,0.0021609607486665627,-0.009109972024058388,0.002860020897511214,30.074436928843514,133.0
E05014072,Abbey Wood,39.39917259710364,38.5249965940768,32.280467472396495,31.32141763988814,-20.50234668585228,126.0,125.0,183.0,135.0,140.8,122.0,-0.007451274977281819,-0.03475082017557496,-0.0075116931257028785,-0.016571262759519884,28.810837622261136,147.0
E05014073,Blackheath Westcombe,29.52872618315564,28.334003854320144,20.852810229861408,20.55689125682533,-30.38341332667509,231.0,238.0,373.0,322.0,297.20000000000005,298.0,-0.013672643737162593,-0.059472867954489805,-0.003566748157287414,-0.025570753282979936,18.059635929195903,345.0
E05014074,Charlton Hornfair,23.630193260320407,22.38500354559571,17.21245861013596,17.713178592557078,-25.040060411605364,331.0,337.0,456.0,399.0,384.40000000000003,396.0,-0.017882842964404788,-0.05119459884178612,0.007194621915185273,-0.02062760663033521,15.96010672119535,412.0
E05014075,Charlton Village & Riverside,35.72767875170905,33.26522131010251,24.61291178357924,23.04224357795128,-35.50590359344562,159.0,183.0,304.0,268.0,236.40000000000003,235.0,-0.023523328777795394,-0.05846923451513908,-0.016350349405283016,-0.03278097089940583,19.505133382981633,311.0
E05014076,East Greenwich,8.47582225368745,7.706754128083306,6.031443014403553,6.5496052832176135,-22.72601893735828,626.0,636.0,669.0,657.0,649.0,653.0,-0.031209463690517025,-0.04783997342753421,0.020818365202512457,-0.019410357305179593,5.938156463736725,660.0
E05014077,Eltham Page,27.47956118853544,24.21099483188059,21.26572296736452,20.151470492606443,-26.66742254598411,258.0,305.0,362.0,327.0,315.8,320.0,-0.0413333622607065,-0.02560846274920714,-0.013364704336293443,-0.02676884311540236,17.59489836714305,361.0
E05014078,Eltham Park & Progress,18.982871787845028,17.27372600490223,13.831650718832568,14.530566810258884,-23.45432781375583,423.0,457.0,528.0,485.0,475.6,489.0,-0.03096074418580419,-0.04347219837454663,0.012399997806082919,-0.020677648251422636,13.089133274631969,488.0
E05014079,Eltham Town & Avery Hill,30.754428319788644,28.33104737173017,21.946212633026203,21.9713657542308,-28.55869234254785,216.0,240.0,345.0,290.0,276.2,279.0,-0.026987714281405117,-0.049790451008692393,0.0002864083897569092,-0.025497252300113533,19.309560709012413,319.0
E05014080,Greenwich Creekside,4.267922686050445,3.8876364870840137,2.876563287138276,2.685599209727882,-37.07479241585917,668.0,668.0,679.0,679.0,674.6,679.0,-0.03062971671478054,-0.058462424581038674,-0.01702648430677267,-0.03537287520086396,2.2430479097594938,679.0
E05014081,Greenwich Park,23.016656361742687,20.98782970736984,15.44518459377576,14.44066228429694,-37.25994750349752,348.0,372.0,487.0,488.0,436.6,452.0,-0.030290241689850506,-0.059486325555912045,-0.016671781889992854,-0.0354827830452518,12.054162262419162,515.0
E05014082,Greenwich Peninsula,15.51331759945402,14.086199107471986,11.038538863340555,11.937436457065347,-23.050396019188856,504.0,517.0,590.0,547.0,541.0,550.0,-0.031655895041303506,-0.04759086201215945,0.01976445587637321,-0.01982743372569658,10.800000807550463,559.0
E05014083,Kidbrooke Park,23.5224318203486,22.51954753976788,17.998791824877568,19.758723882489065,-16.000505247946563,337.0,334.0,439.0,333.0,355.20000000000005,360.0,-0.01441864120395786,-0.04382642189476649,0.02359671767097371,-0.01154944847591688,18.64376553489334,336.0
E05014084,Kidbrooke Village & Sutcliffe,17.360840047571727,15.58877548576352,13.813524288518389,13.148179323633451,-24.26530463039145,463.0,487.0,531.0,518.0,503.4,519.0,-0.035252291944859016,-0.023890591905366576,-0.012265369230731626,-0.02380275102698574,11.656106740480785,524.0
E05014085,Middle Park & Horn Park,23.198106002505096,21.808498522492584,19.701227444970787,18.92787538384136,-18.4076692218003,342.0,348.0,403.0,360.0,362.6,367.0,-0.020379768274236598,-0.02011862320512392,-0.009961357991531972,-0.016819916490297498,17.388704605480513,368.0
E05014086,"Mottingham, Coldharbour & New Eltham",27.13645496969717,24.823556562217423,21.46106793778755,21.14310543166706,-22.085970863632635,263.0,296.0,358.0,313.0,308.6,309.0,-0.029258423134417066,-0.028690883485929852,-0.003724704027956993,-0.02055800354943464,19.057344469568044,324.0
E05014087,Plumstead & Glyndon,32.18079006612457,30.45448834953829,23.10186467018742,22.82662477344161,-29.06754393991625,205.0,212.0,329.0,272.0,258.0,261.0,-0.018210909935814867,-0.0537647002315097,-0.0029919471869654934,-0.024989185784763352,20.11355619251962,292.0
E05014088,Plumstead Common,30.05145908132181,28.394198048376627,21.64860881032711,21.484827330133943,-28.5065418221652,226.0,237.0,354.0,302.0,284.20000000000005,292.0,-0.018731145113094816,-0.05280351633380109,-0.0018967523297522826,-0.024477137925549397,18.98100165029701,326.0
E05014089,Shooters Hill,20.70273514234793,19.957333887706163,14.918949413799623,14.354417490538069,-30.66414948633637,389.0,390.0,500.0,491.0,452.20000000000005,468.0,-0.012148646958555998,-0.0565320672579841,-0.009597260443264477,-0.026092658219934856,12.576904758412597,501.0
E05014090,Thamesmead Moorings,14.847740440913205,17.14372076113622,13.138318713318004,11.479073734476993,-22.68807647764229,516.0,462.0,542.0,558.0,527.2,539.0,0.04909521405677264,-0.0518284028207352,-0.03318859893659909,-0.01197392923352055,10.808087880134842,557.0
E05014091,West Thamesmead,20.904542527864407,22.34988904829879,16.85773995345057,15.17295032743035,-27.417926954365136,386.0,338.0,461.0,461.0,421.4,430.0,0.02253512306085992,-0.054841170629276736,-0.025980455422927817,-0.019428834330448213,13.755159414646233,471.0
E05014092,Woolwich Arsenal,16.959767111275244,16.026023568638223,11.675301637208625,10.45476781093191,-38.3554753886842,477.0,482.0,571.0,583.0,539.2,548.0,-0.018699626225710198,-0.06138289038831901,-0.027226859632679457,-0.03576979208223622,8.714010078445865,614.0
E05014093,Woolwich Common,35.5334275850707,35.736773873771895,26.451356305228096,24.76623468137658,-30.301588209908388,162.0,151.0,265.0,237.0,210.4,197.0,0.001903931368887557,-0.05839984724687419,-0.016321884257961994,-0.02427260004531621,21.90294376243094,262.0
E05014094,Woolwich Dockyard,14.192415948872798,13.135686088810363,9.490945956449186,8.212562403306553,-42.13414803447317,523.0,537.0,612.0,632.0,587.2,599.0,-0.025461928240936182,-0.06293148119667047,-0.03552206703481087,-0.041305158824139175,6.6509033162956035,649.0
E05014095,Brixton Acre Lane,36.343273632275306,33.468462620613,30.64825341043925,27.77528874427127,-23.575159944851755,155.0,180.0,205.0,181.0,180.4,166.0,-0.027094691271731475,-0.017451508328913845,-0.024306946228246695,-0.02295104860963067,24.730915711612635,216.0
E05014096,Brixton North,38.41671496125543,34.50778318013807,34.95637351438537,31.20793706147029,-18.764691117018835,133.0,165.0,149.0,136.0,143.8,125.0,-0.03513709083062455,0.0025865222844663194,-0.027958800769604997,-0.020169789771921076,28.185074632270883,157.0
E05014097,Brixton Rush Common,35.69905195096891,32.80446919962092,30.563859084976503,26.540145293708623,-25.655882038099065,160.0,187.0,207.0,198.0,190.0,173.0,-0.027792924669263752,-0.014049674417055624,-0.03467450400695937,-0.025505701031092915,23.323826906978148,234.0
E05014098,Brixton Windrush,18.43025262147412,16.59818355164,16.81661162586061,14.207169270466638,-22.913865793065323,439.0,474.0,463.0,492.0,472.00000000000006,485.0,-0.034298087224607476,0.002618205601312873,-0.04127894531158882,-0.024319608978294476,12.56161384125087,502.0
E05014099,Clapham Common & Abbeville,24.18879816267273,20.63348938125938,17.440842133676732,16.90538330414428,-30.11069342737313,315.0,380.0,450.0,418.0,396.20000000000005,405.0,-0.05161182707083434,-0.033061273262523616,-0.007765341457419472,-0.030812813930259142,14.456505972906188,449.0
E05014100,Clapham East,21.058910602901417,18.512035963182537,17.59699003570609,16.233556488777523,-22.913597978136032,383.0,426.0,447.0,439.0,426.80000000000007,437.0,-0.042057529663385274,-0.010087426436709679,-0.019959953780376738,-0.02403496996015723,14.374242255412408,452.0
E05014101,Clapham Park,24.38854012773433,21.159113406430908,18.425012340422835,15.996232572294968,-34.41086474009873,309.0,364.0,428.0,445.0,398.2,407.0,-0.046244137382250194,-0.027292948528040095,-0.034721838953036155,-0.03608630828777548,13.310931717729037,483.0
E05014102,Clapham Town,32.741792513672365,28.43789855320758,26.030839165956188,22.393615083981395,-31.605408974996603,200.0,236.0,279.0,281.0,255.4,257.0,-0.0458902156733797,-0.01753263389797577,-0.036927437823886855,-0.033450095798414105,18.89059423549472,329.0
E05014103,Gipsy Hill,22.508796006620813,19.593841886439822,20.80838571509787,19.11594179625072,-15.073459323955465,358.0,399.0,375.0,350.0,366.40000000000003,370.0,-0.04517793924699309,0.012100776559368809,-0.020985041521612846,-0.018020734736412376,17.454494983900634,363.0
E05014104,Herne Hill & Loughborough Junction,59.48002419460087,54.47973308391988,50.21039519420151,25.120820131006223,-57.765955089698,51.0,57.0,72.0,230.0,128.0,110.0,-0.028846354218359793,-0.016188865001688146,-0.15897279640816508,-0.06800267187607101,17.66473596641359,358.0
E05014105,Kennington,29.656422498287988,25.979830052045354,23.823571901134866,23.051663833555605,-22.27092180492662,229.0,277.0,318.0,267.0,271.6,277.0,-0.043160309613172854,-0.017179709196704307,-0.008200579295047916,-0.022846866034975027,20.535979579722387,281.0
E05014106,Knight's Hill,42.74663610581565,39.17257133115496,37.02069836072295,32.31417128998444,-24.405346867544228,103.0,118.0,126.0,121.0,117.80000000000001,99.0,-0.028685112459143514,-0.011236319571947595,-0.033421559642412446,-0.024447663891167853,28.55261497091419,151.0
E05014107,Myatt's Fields,29.19890233438248,25.56563395921349,25.322986585621685,19.65318734664394,-32.69203368819178,236.0,284.0,290.0,338.0,297.20000000000005,298.0,-0.04332737469410575,-0.0019054787102048554,-0.061402231601884405,-0.03554502833539833,16.399959479779117,395.0
E05014108,Oval,23.819586990325085,19.593128201825017,19.20455151225033,16.4745067000244,-30.836304144501213,324.0,400.0,415.0,431.0,400.20000000000005,408.0,-0.06303539667863789,-0.003998304200229952,-0.03760787095093987,-0.03488052394326924,13.794876539816347,469.0
E05014109,St Martin's,23.05425455677566,21.54500944592139,20.015872027916927,18.03336406095445,-21.77858530821837,346.0,353.0,394.0,388.0,373.80000000000007,383.0,-0.02231593930431952,-0.014615865781732573,-0.0257384599511159,-0.020890088345722663,16.226841176454887,402.0
E05014110,Stockwell East,23.27888956244289,20.2077312623822,20.05664546900406,16.652055882786488,-28.467138270838475,341.0,386.0,393.0,428.0,395.20000000000005,402.0,-0.046065770617896185,-0.0014998187997303791,-0.04544184893426784,-0.031002479450631466,14.225947073688674,457.0
E05014111,Stockwell West & Larkhall,42.64546042677442,36.58850113643249,36.36550002477254,32.02445647007804,-24.905356514870952,106.0,139.0,140.0,126.0,127.4,109.0,-0.04978050337998252,-0.0012219509623183633,-0.03128047998740735,-0.02742764477656941,27.867074057177653,160.0
E05014112,Streatham Common & Vale,33.68234561758337,30.761416648377285,28.18348425048204,24.205289559575245,-28.13656793860808,183.0,208.0,240.0,244.0,223.8,216.0,-0.02978496281766252,-0.017352688779476266,-0.03732675945963837,-0.028154803685592384,20.98436076576738,274.0
E05014113,Streatham Hill East,18.99882437707912,17.35547534805323,15.98714675678169,14.007483958886574,-26.2718382944488,422.0,449.0,477.0,496.0,468.0,480.0,-0.02970618819180737,-0.016290445199268255,-0.03250819955409656,-0.02616827764839073,12.268168188030701,510.0
E05014114,Streatham Hill West & Thornton,24.59554920889085,21.364791968337705,19.31460852621679,16.912131419238676,-31.23905762134704,305.0,361.0,412.0,417.0,382.4,392.0,-0.045855726955174925,-0.019974336870635323,-0.032662311567087654,-0.03283079179763263,14.312340237823602,454.0
E05014115,Streatham St Leonard's,1.2560721845651104,1.2033238033424407,24.921609280321704,23.328855432755464,1757.2862069095663,676.0,676.0,298.0,259.0,433.6000000000001,447.0,-0.014198889352470045,0.8333218522510424,-0.016375500726194203,0.2675824873907927,76.34394256637708,35.0
E05014116,Streatham Wells,19.538133455148408,17.30346051405898,15.23997364721612,12.948668757669404,-33.72617303800145,414.0,454.0,491.0,522.0,480.6,496.0,-0.03967854554468431,-0.02507714874079736,-0.039913802233976114,-0.03488983217315259,10.842004340560988,555.0
E05014117,Vauxhall,21.33902372547653,18.346590356363247,17.04101242920502,15.008666596332125,-29.66563611617635,380.0,429.0,458.0,467.0,440.20000000000005,454.0,-0.049117314891998,-0.014655706385707346,-0.03125008086468195,-0.031674367380795765,12.77759891077102,496.0
E05014118,Waterloo & South Bank,23.36267095576469,21.42667047414192,19.579840226001416,19.38068439674051,-17.044226520862043,340.0,358.0,405.0,347.0,359.40000000000003,363.0,-0.028422610430628437,-0.01786567280504825,-0.0025526256411881887,-0.016280302958954957,17.853605992740313,354.0
E05014119,West Dulwich,25.388477150585768,23.858858991914115,22.89952054740028,21.693918426642107,-14.552108431042384,287.0,316.0,332.0,298.0,306.2,306.0,-0.020500227323377085,-0.008174331166835747,-0.013430004118139216,-0.014034854202784016,20.213700032654977,288.0
