Ward ID,Time Slot,Day Type,Month,Year,Officers
E05009288,06-08,weekday,1,2025,2
E05009288,08-10,weekday,1,2025,4
E05009288,10-12,weekday,1,2025,6
E05009288,12-14,weekday,1,2025,8
E05009288,14-16,weekday,1,2025,9
E05009288,16-18,weekday,1,2025,9
E05009288,18-20,weekday,1,2025,8
E05009288,20-22,weekday,1,2025,6
E05009288,06-08,weekday,2,2025,2
E05009288,08-10,weekday,2,2025,4
E05009288,10-12,weekday,2,2025,6
E05009288,12-14,weekday,2,2025,8
E05009288,14-16,weekday,2,2025,9
E05009288,16-18,weekday,2,2025,9
E05009288,18-20,weekday,2,2025,8
E05009288,20-22,weekday,2,2025,6
E05009288,06-08,weekend,1,2025,1
E05009288,08-10,weekend,1,2025,1
E05009288,10-12,weekend,1,2025,1
E05009288,12-14,weekend,1,2025,4
E05009288,14-16,weekend,1,2025,6
E05009288,16-18,weekend,1,2025,6
E05009288,18-20,weekend,1,2025,4
E05009288,20-22,weekend,1,2025,3
E05009288,06-08,weekend,2,2025,1
E05009288,08-10,weekend,2,2025,2
E05009288,10-12,weekend,2,2025,1
E05009288,12-14,weekend,2,2025,3
E05009288,14-16,weekend,2,2025,6
E05009288,16-18,weekend,2,2025,6
E05009288,18-20,weekend,2,2025,4
E05009288,20-22,weekend,2,2025,3
E05009305,06-08,weekday,1,2025,2
E05009305,08-10,weekday,1,2025,4
E05009305,10-12,weekday,1,2025,6
E05009305,12-14,weekday,1,2025,8
E05009305,14-16,weekday,1,2025,9
E05009305,16-18,weekday,1,2025,9
E05009305,18-20,weekday,1,2025,8
E05009305,20-22,weekday,1,2025,6
E05009305,06-08,weekday,2,2025,2
E05009305,08-10,weekday,2,2025,4
E05009305,10-12,weekday,2,2025,6
E05009305,12-14,weekday,2,2025,8
E05009305,14-16,weekday,2,2025,9
E05009305,16-18,weekday,2,2025,9
E05009305,18-20,weekday,2,2025,8
E05009305,20-22,weekday,2,2025,6
E05009305,06-08,weekend,1,2025,1
E05009305,08-10,weekend,1,2025,1
E05009305,10-12,weekend,1,2025,1
E05009305,12-14,weekend,1,2025,4
E05009305,14-16,weekend,1,2025,6
E05009305,16-18,weekend,1,2025,6
E05009305,18-20,weekend,1,2025,4
E05009305,20-22,weekend,1,2025,3
E05009305,06-08,weekend,2,2025,1
E05009305,08-10,weekend,2,2025,2
E05009305,10-12,weekend,2,2025,1
E05009305,12-14,weekend,2,2025,3
E05009305,14-16,weekend,2,2025,6
E05009305,16-18,weekend,2,2025,6
E05009305,18-20,weekend,2,2025,4
E05009305,20-22,weekend,2,2025,3
E05009308,06-08,weekday,1,2025,1
E05009308,08-10,weekday,1,2025,9
E05009308,10-12,weekday,1,2025,12
E05009308,12-14,weekday,1,2025,15
E05009308,14-16,weekday,1,2025,18
E05009308,16-18,weekday,1,2025,18
E05009308,18-20,weekday,1,2025,15
E05009308,20-22,weekday,1,2025,12
E05009308,06-08,weekday,2,2025,1
E05009308,08-10,weekday,2,2025,9
E05009308,10-12,weekday,2,2025,12
E05009308,12-14,weekday,2,2025,15
E05009308,14-16,weekday,2,2025,18
E05009308,16-18,weekday,2,2025,18
E05009308,18-20,weekday,2,2025,15
E05009308,20-22,weekday,2,2025,12
E05009308,06-08,weekend,1,2025,1
E05009308,08-10,weekend,1,2025,1
E05009308,10-12,weekend,1,2025,1
E05009308,12-14,weekend,1,2025,9
E05009308,14-16,weekend,1,2025,12
E05009308,16-18,weekend,1,2025,12
E05009308,18-20,weekend,1,2025,9
E05009308,20-22,weekend,1,2025,5
E05009308,06-08,weekend,2,2025,1
E05009308,08-10,weekend,2,2025,5
E05009308,10-12,weekend,2,2025,1
E05009308,12-14,weekend,2,2025,8
E05009308,14-16,weekend,2,2025,10
E05009308,16-18,weekend,2,2025,11
E05009308,18-20,weekend,2,2025,9
E05009308,20-22,weekend,2,2025,5
E05009317,06-08,weekday,1,2025,2
E05009317,08-10,weekday,1,2025,4
E05009317,10-12,weekday,1,2025,6
E05009317,12-14,weekday,1,2025,8
E05009317,14-16,weekday,1,2025,9
E05009317,16-18,weekday,1,2025,9
E05009317,18-20,weekday,1,2025,8
E05009317,20-22,weekday,1,2025,6
E05009317,06-08,weekday,2,2025,2
E05009317,08-10,weekday,2,2025,4
E05009317,10-12,weekday,2,2025,6
E05009317,12-14,weekday,2,2025,8
E05009317,14-16,weekday,2,2025,9
E05009317,16-18,weekday,2,2025,9
E05009317,18-20,weekday,2,2025,8
E05009317,20-22,weekday,2,2025,6
E05009317,06-08,weekend,1,2025,1
E05009317,08-10,weekend,1,2025,1
E05009317,10-12,weekend,1,2025,1
E05009317,12-14,weekend,1,2025,4
E05009317,14-16,weekend,1,2025,6
E05009317,16-18,weekend,1,2025,6
E05009317,18-20,weekend,1,2025,4
E05009317,20-22,weekend,1,2025,3
E05009317,06-08,weekend,2,2025,1
E05009317,08-10,weekend,2,2025,2
E05009317,10-12,weekend,2,2025,1
E05009317,12-14,weekend,2,2025,3
E05009317,14-16,weekend,2,2025,6
E05009317,16-18,weekend,2,2025,6
E05009317,18-20,weekend,2,2025,4
E05009317,20-22,weekend,2,2025,3
E05009318,06-08,weekday,1,2025,2
E05009318,08-10,weekday,1,2025,4
E05009318,10-12,weekday,1,2025,6
E05009318,12-14,weekday,1,2025,8
E05009318,14-16,weekday,1,2025,9
E05009318,16-18,weekday,1,2025,9
E05009318,18-20,weekday,1,2025,8
E05009318,20-22,weekday,1,2025,6
E05009318,06-08,weekday,2,2025,2
E05009318,08-10,weekday,2,2025,4
E05009318,10-12,weekday,2,2025,6
E05009318,12-14,weekday,2,2025,8
E05009318,14-16,weekday,2,2025,9
E05009318,16-18,weekday,2,2025,9
E05009318,18-20,weekday,2,2025,8
E05009318,20-22,weekday,2,2025,6
E05009318,06-08,weekend,1,2025,1
E05009318,08-10,weekend,1,2025,1
E05009318,10-12,weekend,1,2025,1
E05009318,12-14,weekend,1,2025,4
E05009318,14-16,weekend,1,2025,6
E05009318,16-18,weekend,1,2025,6
E05009318,18-20,weekend,1,2025,4
E05009318,20-22,weekend,1,2025,3
E05009318,06-08,weekend,2,2025,1
E05009318,08-10,weekend,2,2025,2
E05009318,10-12,weekend,2,2025,1
E05009318,12-14,weekend,2,2025,3
E05009318,14-16,weekend,2,2025,6
E05009318,16-18,weekend,2,2025,6
E05009318,18-20,weekend,2,2025,4
E05009318,20-22,weekend,2,2025,3
E05009319,06-08,weekday,1,2025,2
E05009319,08-10,weekday,1,2025,4
E05009319,10-12,weekday,1,2025,6
E05009319,12-14,weekday,1,2025,8
E05009319,14-16,weekday,1,2025,9
E05009319,16-18,weekday,1,2025,9
E05009319,18-20,weekday,1,2025,8
E05009319,20-22,weekday,1,2025,6
E05009319,06-08,weekday,2,2025,2
E05009319,08-10,weekday,2,2025,4
E05009319,10-12,weekday,2,2025,6
E05009319,12-14,weekday,2,2025,8
E05009319,14-16,weekday,2,2025,9
E05009319,16-18,weekday,2,2025,9
E05009319,18-20,weekday,2,2025,8
E05009319,20-22,weekday,2,2025,6
E05009319,06-08,weekend,1,2025,1
E05009319,08-10,weekend,1,2025,1
E05009319,10-12,weekend,1,2025,1
E05009319,12-14,weekend,1,2025,4
E05009319,14-16,weekend,1,2025,6
E05009319,16-18,weekend,1,2025,6
E05009319,18-20,weekend,1,2025,4
E05009319,20-22,weekend,1,2025,3
E05009319,06-08,weekend,2,2025,1
E05009319,08-10,weekend,2,2025,2
E05009319,10-12,weekend,2,2025,1
E05009319,12-14,weekend,2,2025,3
E05009319,14-16,weekend,2,2025,6
E05009319,16-18,weekend,2,2025,6
E05009319,18-20,weekend,2,2025,4
E05009319,20-22,weekend,2,2025,3
E05009320,06-08,weekday,1,2025,2
E05009320,08-10,weekday,1,2025,4
E05009320,10-12,weekday,1,2025,6
E05009320,12-14,weekday,1,2025,8
E05009320,14-16,weekday,1,2025,9
E05009320,16-18,weekday,1,2025,9
E05009320,18-20,weekday,1,2025,8
E05009320,20-22,weekday,1,2025,6
E05009320,06-08,weekday,2,2025,2
E05009320,08-10,weekday,2,2025,4
E05009320,10-12,weekday,2,2025,6
E05009320,12-14,weekday,2,2025,8
E05009320,14-16,weekday,2,2025,9
E05009320,16-18,weekday,2,2025,9
E05009320,18-20,weekday,2,2025,8
E05009320,20-22,weekday,2,2025,6
E05009320,06-08,weekend,1,2025,1
E05009320,08-10,weekend,1,2025,1
E05009320,10-12,weekend,1,2025,1
E05009320,12-14,weekend,1,2025,4
E05009320,14-16,weekend,1,2025,6
E05009320,16-18,weekend,1,2025,6
E05009320,18-20,weekend,1,2025,4
E05009320,20-22,weekend,1,2025,3
E05009320,06-08,weekend,2,2025,1
E05009320,08-10,weekend,2,2025,2
E05009320,10-12,weekend,2,2025,1
E05009320,12-14,weekend,2,2025,3
E05009320,14-16,weekend,2,2025,6
E05009320,16-18,weekend,2,2025,6
E05009320,18-20,weekend,2,2025,4
E05009320,20-22,weekend,2,2025,3
E05009321,06-08,weekday,1,2025,2
E05009321,08-10,weekday,1,2025,4
E05009321,10-12,weekday,1,2025,6
E05009321,12-14,weekday,1,2025,8
E05009321,14-16,weekday,1,2025,9
E05009321,16-18,weekday,1,2025,9
E05009321,18-20,weekday,1,2025,8
E05009321,20-22,weekday,1,2025,6
E05009321,06-08,weekday,2,2025,2
E05009321,08-10,weekday,2,2025,4
E05009321,10-12,weekday,2,2025,6
E05009321,12-14,weekday,2,2025,8
E05009321,14-16,weekday,2,2025,9
E05009321,16-18,weekday,2,2025,9
E05009321,18-20,weekday,2,2025,8
E05009321,20-22,weekday,2,2025,6
E05009321,06-08,weekend,1,2025,1
E05009321,08-10,weekend,1,2025,1
E05009321,10-12,weekend,1,2025,1
E05009321,12-14,weekend,1,2025,4
E05009321,14-16,weekend,1,2025,6
E05009321,16-18,weekend,1,2025,6
E05009321,18-20,weekend,1,2025,4
E05009321,20-22,weekend,1,2025,3
E05009321,06-08,weekend,2,2025,1
E05009321,08-10,weekend,2,2025,2
E05009321,10-12,weekend,2,2025,1
E05009321,12-14,weekend,2,2025,3
E05009321,14-16,weekend,2,2025,6
E05009321,16-18,weekend,2,2025,6
E05009321,18-20,weekend,2,2025,4
E05009321,20-22,weekend,2,2025,3
E05009322,06-08,weekday,1,2025,2
E05009322,08-10,weekday,1,2025,4
E05009322,10-12,weekday,1,2025,6
E05009322,12-14,weekday,1,2025,8
E05009322,14-16,weekday,1,2025,9
E05009322,16-18,weekday,1,2025,9
E05009322,18-20,weekday,1,2025,8
E05009322,20-22,weekday,1,2025,6
E05009322,06-08,weekday,2,2025,2
E05009322,08-10,weekday,2,2025,4
E05009322,10-12,weekday,2,2025,6
E05009322,12-14,weekday,2,2025,8
E05009322,14-16,weekday,2,2025,9
E05009322,16-18,weekday,2,2025,9
E05009322,18-20,weekday,2,2025,8
E05009322,20-22,weekday,2,2025,6
E05009322,06-08,weekend,1,2025,1
E05009322,08-10,weekend,1,2025,1
E05009322,10-12,weekend,1,2025,1
E05009322,12-14,weekend,1,2025,4
E05009322,14-16,weekend,1,2025,6
E05009322,16-18,weekend,1,2025,6
E05009322,18-20,weekend,1,2025,4
E05009322,20-22,weekend,1,2025,3
E05009322,06-08,weekend,2,2025,1
E05009322,08-10,weekend,2,2025,2
E05009322,10-12,weekend,2,2025,1
E05009322,12-14,weekend,2,2025,3
E05009322,14-16,weekend,2,2025,6
E05009322,16-18,weekend,2,2025,6
E05009322,18-20,weekend,2,2025,4
E05009322,20-22,weekend,2,2025,3
E05009323,06-08,weekday,1,2025,2
E05009323,08-10,weekday,1,2025,4
E05009323,10-12,weekday,1,2025,6
E05009323,12-14,weekday,1,2025,8
E05009323,14-16,weekday,1,2025,9
E05009323,16-18,weekday,1,2025,9
E05009323,18-20,weekday,1,2025,8
E05009323,20-22,weekday,1,2025,6
E05009323,06-08,weekday,2,2025,2
E05009323,08-10,weekday,2,2025,4
E05009323,10-12,weekday,2,2025,6
E05009323,12-14,weekday,2,2025,8
E05009323,14-16,weekday,2,2025,9
E05009323,16-18,weekday,2,2025,9
E05009323,18-20,weekday,2,2025,8
E05009323,20-22,weekday,2,2025,6
E05009323,06-08,weekend,1,2025,1
E05009323,08-10,weekend,1,2025,1
E05009323,10-12,weekend,1,2025,1
E05009323,12-14,weekend,1,2025,4
E05009323,14-16,weekend,1,2025,6
E05009323,16-18,weekend,1,2025,6
E05009323,18-20,weekend,1,2025,4
E05009323,20-22,weekend,1,2025,3
E05009323,06-08,weekend,2,2025,1
E05009323,08-10,weekend,2,2025,2
E05009323,10-12,weekend,2,2025,1
E05009323,12-14,weekend,2,2025,3
E05009323,14-16,weekend,2,2025,6
E05009323,16-18,weekend,2,2025,6
E05009323,18-20,weekend,2,2025,4
E05009323,20-22,weekend,2,2025,3
E05009324,06-08,weekday,1,2025,2
E05009324,08-10,weekday,1,2025,4
E05009324,10-12,weekday,1,2025,6
E05009324,12-14,weekday,1,2025,8
E05009324,14-16,weekday,1,2025,9
E05009324,16-18,weekday,1,2025,9
E05009324,18-20,weekday,1,2025,8
E05009324,20-22,weekday,1,2025,6
E05009324,06-08,weekday,2,2025,2
E05009324,08-10,weekday,2,2025,4
E05009324,10-12,weekday,2,2025,6
E05009324,12-14,weekday,2,2025,8
E05009324,14-16,weekday,2,2025,9
E05009324,16-18,weekday,2,2025,9
E05009324,18-20,weekday,2,2025,8
E05009324,20-22,weekday,2,2025,6
E05009324,06-08,weekend,1,2025,1
E05009324,08-10,weekend,1,2025,1
E05009324,10-12,weekend,1,2025,1
E05009324,12-14,weekend,1,2025,4
E05009324,14-16,weekend,1,2025,6
E05009324,16-18,weekend,1,2025,6
E05009324,18-20,weekend,1,2025,4
E05009324,20-22,weekend,1,2025,3
E05009324,06-08,weekend,2,2025,1
E05009324,08-10,weekend,2,2025,2
E05009324,10-12,weekend,2,2025,1
E05009324,12-14,weekend,2,2025,3
E05009324,14-16,weekend,2,2025,6
E05009324,16-18,weekend,2,2025,6
E05009324,18-20,weekend,2,2025,4
E05009324,20-22,weekend,2,2025,3
E05009325,06-08,weekday,1,2025,2
E05009325,08-10,weekday,1,2025,4
E05009325,10-12,weekday,1,2025,6
E05009325,12-14,weekday,1,2025,8
E05009325,14-16,weekday,1,2025,9
E05009325,16-18,weekday,1,2025,9
E05009325,18-20,weekday,1,2025,8
E05009325,20-22,weekday,1,2025,6
E05009325,06-08,weekday,2,2025,2
E05009325,08-10,weekday,2,2025,4
E05009325,10-12,weekday,2,2025,6
E05009325,12-14,weekday,2,2025,8
E05009325,14-16,weekday,2,2025,9
E05009325,16-18,weekday,2,2025,9
E05009325,18-20,weekday,2,2025,8
E05009325,20-22,weekday,2,2025,6
E05009325,06-08,weekend,1,2025,1
E05009325,08-10,weekend,1,2025,1
E05009325,10-12,weekend,1,2025,1
E05009325,12-14,weekend,1,2025,4
E05009325,14-16,weekend,1,2025,6
E05009325,16-18,weekend,1,2025,6
E05009325,18-20,weekend,1,2025,4
E05009325,20-22,weekend,1,2025,3
E05009325,06-08,weekend,2,2025,1
E05009325,08-10,weekend,2,2025,2
E05009325,10-12,weekend,2,2025,1
E05009325,12-14,weekend,2,2025,3
E05009325,14-16,weekend,2,2025,6
E05009325,16-18,weekend,2,2025,6
E05009325,18-20,weekend,2,2025,4
E05009325,20-22,weekend,2,2025,3
E05009326,06-08,weekday,1,2025,2
E05009326,08-10,weekday,1,2025,4
E05009326,10-12,weekday,1,2025,6
E05009326,12-14,weekday,1,2025,8
E05009326,14-16,weekday,1,2025,9
E05009326,16-18,weekday,1,2025,9
E05009326,18-20,weekday,1,2025,8
E05009326,20-22,weekday,1,2025,6
E05009326,06-08,weekday,2,2025,2
E05009326,08-10,weekday,2,2025,4
E05009326,10-12,weekday,2,2025,6
E05009326,12-14,weekday,2,2025,8
E05009326,14-16,weekday,2,2025,9
E05009326,16-18,weekday,2,2025,9
E05009326,18-20,weekday,2,2025,8
E05009326,20-22,weekday,2,2025,6
E05009326,06-08,weekend,1,2025,1
E05009326,08-10,weekend,1,2025,1
E05009326,10-12,weekend,1,2025,1
E05009326,12-14,weekend,1,2025,4
E05009326,14-16,weekend,1,2025,6
E05009326,16-18,weekend,1,2025,6
E05009326,18-20,weekend,1,2025,4
E05009326,20-22,weekend,1,2025,3
E05009326,06-08,weekend,2,2025,1
E05009326,08-10,weekend,2,2025,2
E05009326,10-12,weekend,2,2025,1
E05009326,12-14,weekend,2,2025,3
E05009326,14-16,weekend,2,2025,6
E05009326,16-18,weekend,2,2025,6
E05009326,18-20,weekend,2,2025,4
E05009326,20-22,weekend,2,2025,3
E05009327,06-08,weekday,1,2025,2
E05009327,08-10,weekday,1,2025,4
E05009327,10-12,weekday,1,2025,6
E05009327,12-14,weekday,1,2025,8
E05009327,14-16,weekday,1,2025,9
E05009327,16-18,weekday,1,2025,9
E05009327,18-20,weekday,1,2025,8
E05009327,20-22,weekday,1,2025,6
E05009327,06-08,weekday,2,2025,2
E05009327,08-10,weekday,2,2025,4
E05009327,10-12,weekday,2,2025,6
E05009327,12-14,weekday,2,2025,8
E05009327,14-16,weekday,2,2025,9
E05009327,16-18,weekday,2,2025,9
E05009327,18-20,weekday,2,2025,8
E05009327,20-22,weekday,2,2025,6
E05009327,06-08,weekend,1,2025,1
E05009327,08-10,weekend,1,2025,1
E05009327,10-12,weekend,1,2025,1
E05009327,12-14,weekend,1,2025,4
E05009327,14-16,weekend,1,2025,6
E05009327,16-18,weekend,1,2025,6
E05009327,18-20,weekend,1,2025,4
E05009327,20-22,weekend,1,2025,3
E05009327,06-08,weekend,2,2025,1
E05009327,08-10,weekend,2,2025,2
E05009327,10-12,weekend,2,2025,1
E05009327,12-14,weekend,2,2025,3
E05009327,14-16,weekend,2,2025,6
E05009327,16-18,weekend,2,2025,6
E05009327,18-20,weekend,2,2025,4
E05009327,20-22,weekend,2,2025,3
E05009328,06-08,weekday,1,2025,2
E05009328,08-10,weekday,1,2025,4
E05009328,10-12,weekday,1,2025,6
E05009328,12-14,weekday,1,2025,8
E05009328,14-16,weekday,1,2025,9
E05009328,16-18,weekday,1,2025,9
E05009328,18-20,weekday,1,2025,8
E05009328,20-22,weekday,1,2025,6
E05009328,06-08,weekday,2,2025,2
E05009328,08-10,weekday,2,2025,4
E05009328,10-12,weekday,2,2025,6
E05009328,12-14,weekday,2,2025,8
E05009328,14-16,weekday,2,2025,9
E05009328,16-18,weekday,2,2025,9
E05009328,18-20,weekday,2,2025,8
E05009328,20-22,weekday,2,2025,6
E05009328,06-08,weekend,1,2025,1
E05009328,08-10,weekend,1,2025,1
E05009328,10-12,weekend,1,2025,1
E05009328,12-14,weekend,1,2025,4
E05009328,14-16,weekend,1,2025,6
E05009328,16-18,weekend,1,2025,6
E05009328,18-20,weekend,1,2025,4
E05009328,20-22,weekend,1,2025,3
E05009328,06-08,weekend,2,2025,1
E05009328,08-10,weekend,2,2025,2
E05009328,10-12,weekend,2,2025,1
E05009328,12-14,weekend,2,2025,3
E05009328,14-16,weekend,2,2025,6
E05009328,16-18,weekend,2,2025,6
E05009328,18-20,weekend,2,2025,4
E05009328,20-22,weekend,2,2025,3
E05009329,06-08,weekday,1,2025,2
E05009329,08-10,weekday,1,2025,4
E05009329,10-12,weekday,1,2025,6
E05009329,12-14,weekday,1,2025,8
E05009329,14-16,weekday,1,2025,9
E05009329,16-18,weekday,1,2025,9
E05009329,18-20,weekday,1,2025,8
E05009329,20-22,weekday,1,2025,6
E05009329,06-08,weekday,2,2025,2
E05009329,08-10,weekday,2,2025,4
E05009329,10-12,weekday,2,2025,6
E05009329,12-14,weekday,2,2025,8
E05009329,14-16,weekday,2,2025,9
E05009329,16-18,weekday,2,2025,9
E05009329,18-20,weekday,2,2025,8
E05009329,20-22,weekday,2,2025,6
E05009329,06-08,weekend,1,2025,1
E05009329,08-10,weekend,1,2025,1
E05009329,10-12,weekend,1,2025,1
E05009329,12-14,weekend,1,2025,4
E05009329,14-16,weekend,1,2025,6
E05009329,16-18,weekend,1,2025,6
E05009329,18-20,weekend,1,2025,4
E05009329,20-22,weekend,1,2025,3
E05009329,06-08,weekend,2,2025,1
E05009329,08-10,weekend,2,2025,2
E05009329,10-12,weekend,2,2025,1
E05009329,12-14,weekend,2,2025,3
E05009329,14-16,weekend,2,2025,6
E05009329,16-18,weekend,2,2025,6
E05009329,18-20,weekend,2,2025,4
E05009329,20-22,weekend,2,2025,3
E05009330,06-08,weekday,1,2025,2
E05009330,08-10,weekday,1,2025,4
E05009330,10-12,weekday,1,2025,6
E05009330,12-14,weekday,1,2025,8
E05009330,14-16,weekday,1,2025,9
E05009330,16-18,weekday,1,2025,9
E05009330,18-20,weekday,1,2025,8
E05009330,20-22,weekday,1,2025,6
E05009330,06-08,weekday,2,2025,2
E05009330,08-10,weekday,2,2025,4
E05009330,10-12,weekday,2,2025,6
E05009330,12-14,weekday,2,2025,8
E05009330,14-16,weekday,2,2025,9
E05009330,16-18,weekday,2,2025,9
E05009330,18-20,weekday,2,2025,8
E05009330,20-22,weekday,2,2025,6
E05009330,06-08,weekend,1,2025,1
E05009330,08-10,weekend,1,2025,1
E05009330,10-12,weekend,1,2025,1
E05009330,12-14,weekend,1,2025,4
E05009330,14-16,weekend,1,2025,6
E05009330,16-18,weekend,1,2025,6
E05009330,18-20,weekend,1,2025,4
E05009330,20-22,weekend,1,2025,3
E05009330,06-08,weekend,2,2025,1
E05009330,08-10,weekend,2,2025,2
E05009330,10-12,weekend,2,2025,1
E05009330,12-14,weekend,2,2025,3
E05009330,14-16,weekend,2,2025,6
E05009330,16-18,weekend,2,2025,6
E05009330,18-20,weekend,2,2025,4
E05009330,20-22,weekend,2,2025,3
E05009331,06-08,weekday,1,2025,2
E05009331,08-10,weekday,1,2025,4
E05009331,10-12,weekday,1,2025,6
E05009331,12-14,weekday,1,2025,8
E05009331,14-16,weekday,1,2025,9
E05009331,16-18,weekday,1,2025,9
E05009331,18-20,weekday,1,2025,8
E05009331,20-22,weekday,1,2025,6
E05009331,06-08,weekday,2,2025,2
E05009331,08-10,weekday,2,2025,4
E05009331,10-12,weekday,2,2025,6
E05009331,12-14,weekday,2,2025,8
E05009331,14-16,weekday,2,2025,9
E05009331,16-18,weekday,2,2025,9
E05009331,18-20,weekday,2,2025,8
E05009331,20-22,weekday,2,2025,6
E05009331,06-08,weekend,1,2025,1
E05009331,08-10,weekend,1,2025,1
E05009331,10-12,weekend,1,2025,1
E05009331,12-14,weekend,1,2025,4
E05009331,14-16,weekend,1,2025,6
E05009331,16-18,weekend,1,2025,6
E05009331,18-20,weekend,1,2025,4
E05009331,20-22,weekend,1,2025,3
E05009331,06-08,weekend,2,2025,1
E05009331,08-10,weekend,2,2025,2
E05009331,10-12,weekend,2,2025,1
E05009331,12-14,weekend,2,2025,3
E05009331,14-16,weekend,2,2025,6
E05009331,16-18,weekend,2,2025,6
E05009331,18-20,weekend,2,2025,4
E05009331,20-22,weekend,2,2025,3
E05009332,06-08,weekday,1,2025,2
E05009332,08-10,weekday,1,2025,4
E05009332,10-12,weekday,1,2025,6
E05009332,12-14,weekday,1,2025,8
E05009332,14-16,weekday,1,2025,9
E05009332,16-18,weekday,1,2025,9
E05009332,18-20,weekday,1,2025,8
E05009332,20-22,weekday,1,2025,6
E05009332,06-08,weekday,2,2025,2
E05009332,08-10,weekday,2,2025,4
E05009332,10-12,weekday,2,2025,6
E05009332,12-14,weekday,2,2025,8
E05009332,14-16,weekday,2,2025,9
E05009332,16-18,weekday,2,2025,9
E05009332,18-20,weekday,2,2025,8
E05009332,20-22,weekday,2,2025,6
E05009332,06-08,weekend,1,2025,1
E05009332,08-10,weekend,1,2025,1
E05009332,10-12,weekend,1,2025,1
E05009332,12-14,weekend,1,2025,4
E05009332,14-16,weekend,1,2025,6
E05009332,16-18,weekend,1,2025,6
E05009332,18-20,weekend,1,2025,4
E05009332,20-22,weekend,1,2025,3
E05009332,06-08,weekend,2,2025,1
E05009332,08-10,weekend,2,2025,2
E05009332,10-12,weekend,2,2025,1
E05009332,12-14,weekend,2,2025,3
E05009332,14-16,weekend,2,2025,6
E05009332,16-18,weekend,2,2025,6
E05009332,18-20,weekend,2,2025,4
E05009332,20-22,weekend,2,2025,3
E05009333,06-08,weekday,1,2025,2
E05009333,08-10,weekday,1,2025,4
E05009333,10-12,weekday,1,2025,6
E05009333,12-14,weekday,1,2025,8
E05009333,14-16,weekday,1,2025,9
E05009333,16-18,weekday,1,2025,9
E05009333,18-20,weekday,1,2025,8
E05009333,20-22,weekday,1,2025,6
E05009333,06-08,weekday,2,2025,2
E05009333,08-10,weekday,2,2025,4
E05009333,10-12,weekday,2,2025,6
E05009333,12-14,weekday,2,2025,8
E05009333,14-16,weekday,2,2025,9
E05009333,16-18,weekday,2,2025,9
E05009333,18-20,weekday,2,2025,8
E05009333,20-22,weekday,2,2025,6
E05009333,06-08,weekend,1,2025,1
E05009333,08-10,weekend,1,2025,1
E05009333,10-12,weekend,1,2025,1
E05009333,12-14,weekend,1,2025,4
E05009333,14-16,weekend,1,2025,6
E05009333,16-18,weekend,1,2025,6
E05009333,18-20,weekend,1,2025,4
E05009333,20-22,weekend,1,2025,3
E05009333,06-08,weekend,2,2025,1
E05009333,08-10,weekend,2,2025,2
E05009333,10-12,weekend,2,2025,1
E05009333,12-14,weekend,2,2025,3
E05009333,14-16,weekend,2,2025,6
E05009333,16-18,weekend,2,2025,6
E05009333,18-20,weekend,2,2025,4
E05009333,20-22,weekend,2,2025,3
E05009334,06-08,weekday,1,2025,2
E05009334,08-10,weekday,1,2025,4
E05009334,10-12,weekday,1,2025,6
E05009334,12-14,weekday,1,2025,8
E05009334,14-16,weekday,1,2025,9
E05009334,16-18,weekday,1,2025,9
E05009334,18-20,weekday,1,2025,8
E05009334,20-22,weekday,1,2025,6
E05009334,06-08,weekday,2,2025,2
E05009334,08-10,weekday,2,2025,4
E05009334,10-12,weekday,2,2025,6
E05009334,12-14,weekday,2,2025,8
E05009334,14-16,weekday,2,2025,9
E05009334,16-18,weekday,2,2025,9
E05009334,18-20,weekday,2,2025,8
E05009334,20-22,weekday,2,2025,6
E05009334,06-08,weekend,1,2025,1
E05009334,08-10,weekend,1,2025,1
E05009334,10-12,weekend,1,2025,1
E05009334,12-14,weekend,1,2025,4
E05009334,14-16,weekend,1,2025,6
E05009334,16-18,weekend,1,2025,6
E05009334,18-20,weekend,1,2025,4
E05009334,20-22,weekend,1,2025,3
E05009334,06-08,weekend,2,2025,1
E05009334,08-10,weekend,2,2025,2
E05009334,10-12,weekend,2,2025,1
E05009334,12-14,weekend,2,2025,3
E05009334,14-16,weekend,2,2025,6
E05009334,16-18,weekend,2,2025,6
E05009334,18-20,weekend,2,2025,4
E05009334,20-22,weekend,2,2025,3
E05009335,06-08,weekday,1,2025,4
E05009335,08-10,weekday,1,2025,7
E05009335,10-12,weekday,1,2025,9
E05009335,12-14,weekday,1,2025,12
E05009335,14-16,weekday,1,2025,14
E05009335,16-18,weekday,1,2025,14
E05009335,18-20,weekday,1,2025,12
E05009335,20-22,weekday,1,2025,9
E05009335,06-08,weekday,2,2025,4
E05009335,08-10,weekday,2,2025,7
E05009335,10-12,weekday,2,2025,9
E05009335,12-14,weekday,2,2025,12
E05009335,14-16,weekday,2,2025,14
E05009335,16-18,weekday,2,2025,14
E05009335,18-20,weekday,2,2025,12
E05009335,20-22,weekday,2,2025,9
E05009335,06-08,weekend,1,2025,1
E05009335,08-10,weekend,1,2025,1
E05009335,10-12,weekend,1,2025,1
E05009335,12-14,weekend,1,2025,7
E05009335,14-16,weekend,1,2025,9
E05009335,16-18,weekend,1,2025,9
E05009335,18-20,weekend,1,2025,7
E05009335,20-22,weekend,1,2025,5
E05009335,06-08,weekend,2,2025,2
E05009335,08-10,weekend,2,2025,4
E05009335,10-12,weekend,2,2025,1
E05009335,12-14,weekend,2,2025,6
E05009335,14-16,weekend,2,2025,9
E05009335,16-18,weekend,2,2025,9
E05009335,18-20,weekend,2,2025,7
E05009335,20-22,weekend,2,2025,2
E05009336,06-08,weekday,1,2025,2
E05009336,08-10,weekday,1,2025,4
E05009336,10-12,weekday,1,2025,6
E05009336,12-14,weekday,1,2025,8
E05009336,14-16,weekday,1,2025,9
E05009336,16-18,weekday,1,2025,9
E05009336,18-20,weekday,1,2025,8
E05009336,20-22,weekday,1,2025,6
E05009336,06-08,weekday,2,2025,2
E05009336,08-10,weekday,2,2025,4
E05009336,10-12,weekday,2,2025,6
E05009336,12-14,weekday,2,2025,8
E05009336,14-16,weekday,2,2025,9
E05009336,16-18,weekday,2,2025,9
E05009336,18-20,weekday,2,2025,8
E05009336,20-22,weekday,2,2025,6
E05009336,06-08,weekend,1,2025,1
E05009336,08-10,weekend,1,2025,1
E05009336,10-12,weekend,1,2025,1
E05009336,12-14,weekend,1,2025,4
E05009336,14-16,weekend,1,2025,6
E05009336,16-18,weekend,1,2025,6
E05009336,18-20,weekend,1,2025,4
E05009336,20-22,weekend,1,2025,3
E05009336,06-08,weekend,2,2025,1
E05009336,08-10,weekend,2,2025,2
E05009336,10-12,weekend,2,2025,1
E05009336,12-14,weekend,2,2025,3
E05009336,14-16,weekend,2,2025,6
E05009336,16-18,weekend,2,2025,6
E05009336,18-20,weekend,2,2025,4
E05009336,20-22,weekend,2,2025,3
E05009367,06-08,weekday,1,2025,2
E05009367,08-10,weekday,1,2025,4
E05009367,10-12,weekday,1,2025,6
E05009367,12-14,weekday,1,2025,8
E05009367,14-16,weekday,1,2025,9
E05009367,16-18,weekday,1,2025,9
E05009367,18-20,weekday,1,2025,8
E05009367,20-22,weekday,1,2025,6
E05009367,06-08,weekday,2,2025,2
E05009367,08-10,weekday,2,2025,4
E05009367,10-12,weekday,2,2025,6
E05009367,12-14,weekday,2,2025,8
E05009367,14-16,weekday,2,2025,9
E05009367,16-18,weekday,2,2025,9
E05009367,18-20,weekday,2,2025,8
E05009367,20-22,weekday,2,2025,6
E05009367,06-08,weekend,1,2025,1
E05009367,08-10,weekend,1,2025,1
E05009367,10-12,weekend,1,2025,1
E05009367,12-14,weekend,1,2025,4
E05009367,14-16,weekend,1,2025,6
E05009367,16-18,weekend,1,2025,6
E05009367,18-20,weekend,1,2025,4
E05009367,20-22,weekend,1,2025,3
E05009367,06-08,weekend,2,2025,1
E05009367,08-10,weekend,2,2025,2
E05009367,10-12,weekend,2,2025,1
E05009367,12-14,weekend,2,2025,3
E05009367,14-16,weekend,2,2025,6
E05009367,16-18,weekend,2,2025,6
E05009367,18-20,weekend,2,2025,4
E05009367,20-22,weekend,2,2025,3
E05009368,06-08,weekday,1,2025,2
E05009368,08-10,weekday,1,2025,4
E05009368,10-12,weekday,1,2025,6
E05009368,12-14,weekday,1,2025,8
E05009368,14-16,weekday,1,2025,9
E05009368,16-18,weekday,1,2025,9
E05009368,18-20,weekday,1,2025,8
E05009368,20-22,weekday,1,2025,6
E05009368,06-08,weekday,2,2025,2
E05009368,08-10,weekday,2,2025,4
E05009368,10-12,weekday,2,2025,6
E05009368,12-14,weekday,2,2025,8
E05009368,14-16,weekday,2,2025,9
E05009368,16-18,weekday,2,2025,9
E05009368,18-20,weekday,2,2025,8
E05009368,20-22,weekday,2,2025,6
E05009368,06-08,weekend,1,2025,1
E05009368,08-10,weekend,1,2025,1
E05009368,10-12,weekend,1,2025,1
E05009368,12-14,weekend,1,2025,4
E05009368,14-16,weekend,1,2025,6
E05009368,16-18,weekend,1,2025,6
E05009368,18-20,weekend,1,2025,4
E05009368,20-22,weekend,1,2025,3
E05009368,06-08,weekend,2,2025,1
E05009368,08-10,weekend,2,2025,2
E05009368,10-12,weekend,2,2025,1
E05009368,12-14,weekend,2,2025,3
E05009368,14-16,weekend,2,2025,6
E05009368,16-18,weekend,2,2025,6
E05009368,18-20,weekend,2,2025,4
E05009368,20-22,weekend,2,2025,3
E05009369,06-08,weekday,1,2025,2
E05009369,08-10,weekday,1,2025,4
E05009369,10-12,weekday,1,2025,6
E05009369,12-14,weekday,1,2025,8
E05009369,14-16,weekday,1,2025,9
E05009369,16-18,weekday,1,2025,9
E05009369,18-20,weekday,1,2025,8
E05009369,20-22,weekday,1,2025,6
E05009369,06-08,weekday,2,2025,2
E05009369,08-10,weekday,2,2025,4
E05009369,10-12,weekday,2,2025,6
E05009369,12-14,weekday,2,2025,8
E05009369,14-16,weekday,2,2025,9
E05009369,16-18,weekday,2,2025,9
E05009369,18-20,weekday,2,2025,8
E05009369,20-22,weekday,2,2025,6
E05009369,06-08,weekend,1,2025,1
E05009369,08-10,weekend,1,2025,1
E05009369,10-12,weekend,1,2025,1
E05009369,12-14,weekend,1,2025,4
E05009369,14-16,weekend,1,2025,6
E05009369,16-18,weekend,1,2025,6
E05009369,18-20,weekend,1,2025,4
E05009369,20-22,weekend,1,2025,3
E05009369,06-08,weekend,2,2025,1
E05009369,08-10,weekend,2,2025,2
E05009369,10-12,weekend,2,2025,1
E05009369,12-14,weekend,2,2025,3
E05009369,14-16,weekend,2,2025,6
E05009369,16-18,weekend,2,2025,6
E05009369,18-20,weekend,2,2025,4
E05009369,20-22,weekend,2,2025,3
E05009370,06-08,weekday,1,2025,4
E05009370,08-10,weekday,1,2025,7
E05009370,10-12,weekday,1,2025,9
E05009370,12-14,weekday,1,2025,12
E05009370,14-16,weekday,1,2025,14
E05009370,16-18,weekday,1,2025,14
E05009370,18-20,weekday,1,2025,12
E05009370,20-22,weekday,1,2025,9
E05009370,06-08,weekday,2,2025,4
E05009370,08-10,weekday,2,2025,7
E05009370,10-12,weekday,2,2025,9
E05009370,12-14,weekday,2,2025,12
E05009370,14-16,weekday,2,2025,14
E05009370,16-18,weekday,2,2025,14
E05009370,18-20,weekday,2,2025,12
E05009370,20-22,weekday,2,2025,9
E05009370,06-08,weekend,1,2025,1
E05009370,08-10,weekend,1,2025,1
E05009370,10-12,weekend,1,2025,1
E05009370,12-14,weekend,1,2025,7
E05009370,14-16,weekend,1,2025,9
E05009370,16-18,weekend,1,2025,9
E05009370,18-20,weekend,1,2025,7
E05009370,20-22,weekend,1,2025,5
E05009370,06-08,weekend,2,2025,2
E05009370,08-10,weekend,2,2025,4
E05009370,10-12,weekend,2,2025,1
E05009370,12-14,weekend,2,2025,6
E05009370,14-16,weekend,2,2025,9
E05009370,16-18,weekend,2,2025,9
E05009370,18-20,weekend,2,2025,7
E05009370,20-22,weekend,2,2025,2
E05009371,06-08,weekday,1,2025,2
E05009371,08-10,weekday,1,2025,4
E05009371,10-12,weekday,1,2025,6
E05009371,12-14,weekday,1,2025,8
E05009371,14-16,weekday,1,2025,9
E05009371,16-18,weekday,1,2025,9
E05009371,18-20,weekday,1,2025,8
E05009371,20-22,weekday,1,2025,6
E05009371,06-08,weekday,2,2025,2
E05009371,08-10,weekday,2,2025,4
E05009371,10-12,weekday,2,2025,6
E05009371,12-14,weekday,2,2025,8
E05009371,14-16,weekday,2,2025,9
E05009371,16-18,weekday,2,2025,9
E05009371,18-20,weekday,2,2025,8
E05009371,20-22,weekday,2,2025,6
E05009371,06-08,weekend,1,2025,1
E05009371,08-10,weekend,1,2025,1
E05009371,10-12,weekend,1,2025,1
E05009371,12-14,weekend,1,2025,4
E05009371,14-16,weekend,1,2025,6
E05009371,16-18,weekend,1,2025,6
E05009371,18-20,weekend,1,2025,4
E05009371,20-22,weekend,1,2025,3
E05009371,06-08,weekend,2,2025,1
E05009371,08-10,weekend,2,2025,2
E05009371,10-12,weekend,2,2025,1
E05009371,12-14,weekend,2,2025,3
E05009371,14-16,weekend,2,2025,6
E05009371,16-18,weekend,2,2025,6
E05009371,18-20,weekend,2,2025,4
E05009371,20-22,weekend,2,2025,3
E05009372,06-08,weekday,1,2025,2
E05009372,08-10,weekday,1,2025,4
E05009372,10-12,weekday,1,2025,6
E05009372,12-14,weekday,1,2025,8
E05009372,14-16,weekday,1,2025,9
E05009372,16-18,weekday,1,2025,9
E05009372,18-20,weekday,1,2025,8
E05009372,20-22,weekday,1,2025,6
E05009372,06-08,weekday,2,2025,2
E05009372,08-10,weekday,2,2025,4
E05009372,10-12,weekday,2,2025,6
E05009372,12-14,weekday,2,2025,8
E05009372,14-16,weekday,2,2025,9
E05009372,16-18,weekday,2,2025,9
E05009372,18-20,weekday,2,2025,8
E05009372,20-22,weekday,2,2025,6
E05009372,06-08,weekend,1,2025,1
E05009372,08-10,weekend,1,2025,1
E05009372,10-12,weekend,1,2025,1
E05009372,12-14,weekend,1,2025,4
E05009372,14-16,weekend,1,2025,6
E05009372,16-18,weekend,1,2025,6
E05009372,18-20,weekend,1,2025,4
E05009372,20-22,weekend,1,2025,3
E05009372,06-08,weekend,2,2025,1
E05009372,08-10,weekend,2,2025,2
E05009372,10-12,weekend,2,2025,1
E05009372,12-14,weekend,2,2025,3
E05009372,14-16,weekend,2,2025,6
E05009372,16-18,weekend,2,2025,6
E05009372,18-20,weekend,2,2025,4
E05009372,20-22,weekend,2,2025,3
E05009373,06-08,weekday,1,2025,2
E05009373,08-10,weekday,1,2025,4
E05009373,10-12,weekday,1,2025,6
E05009373,12-14,weekday,1,2025,8
E05009373,14-16,weekday,1,2025,9
E05009373,16-18,weekday,1,2025,9
E05009373,18-20,weekday,1,2025,8
E05009373,20-22,weekday,1,2025,6
E05009373,06-08,weekday,2,2025,2
E05009373,08-10,weekday,2,2025,4
E05009373,10-12,weekday,2,2025,6
E05009373,12-14,weekday,2,2025,8
E05009373,14-16,weekday,2,2025,9
E05009373,16-18,weekday,2,2025,9
E05009373,18-20,weekday,2,2025,8
E05009373,20-22,weekday,2,2025,6
E05009373,06-08,weekend,1,2025,1
E05009373,08-10,weekend,1,2025,1
E05009373,10-12,weekend,1,2025,1
E05009373,12-14,weekend,1,2025,4
E05009373,14-16,weekend,1,2025,6
E05009373,16-18,weekend,1,2025,6
E05009373,18-20,weekend,1,2025,4
E05009373,20-22,weekend,1,2025,3
E05009373,06-08,weekend,2,2025,1
E05009373,08-10,weekend,2,2025,2
E05009373,10-12,weekend,2,2025,1
E05009373,12-14,weekend,2,2025,3
E05009373,14-16,weekend,2,2025,6
E05009373,16-18,weekend,2,2025,6
E05009373,18-20,weekend,2,2025,4
E05009373,20-22,weekend,2,2025,3
E05009374,06-08,weekday,1,2025,2
E05009374,08-10,weekday,1,2025,4
E05009374,10-12,weekday,1,2025,6
E05009374,12-14,weekday,1,2025,8
E05009374,14-16,weekday,1,2025,9
E05009374,16-18,weekday,1,2025,9
E05009374,18-20,weekday,1,2025,8
E05009374,20-22,weekday,1,2025,6
E05009374,06-08,weekday,2,2025,2
E05009374,08-10,weekday,2,2025,4
E05009374,10-12,weekday,2,2025,6
E05009374,12-14,weekday,2,2025,8
E05009374,14-16,weekday,2,2025,9
E05009374,16-18,weekday,2,2025,9
E05009374,18-20,weekday,2,2025,8
E05009374,20-22,weekday,2,2025,6
E05009374,06-08,weekend,1,2025,1
E05009374,08-10,weekend,1,2025,1
E05009374,10-12,weekend,1,2025,1
E05009374,12-14,weekend,1,2025,4
E05009374,14-16,weekend,1,2025,6
E05009374,16-18,weekend,1,2025,6
E05009374,18-20,weekend,1,2025,4
E05009374,20-22,weekend,1,2025,3
E05009374,06-08,weekend,2,2025,1
E05009374,08-10,weekend,2,2025,2
E05009374,10-12,weekend,2,2025,1
E05009374,12-14,weekend,2,2025,3
E05009374,14-16,weekend,2,2025,6
E05009374,16-18,weekend,2,2025,6
E05009374,18-20,weekend,2,2025,4
E05009374,20-22,weekend,2,2025,3
E05009375,06-08,weekday,1,2025,2
E05009375,08-10,weekday,1,2025,4
E05009375,10-12,weekday,1,2025,6
E05009375,12-14,weekday,1,2025,8
E05009375,14-16,weekday,1,2025,9
E05009375,16-18,weekday,1,2025,9
E05009375,18-20,weekday,1,2025,8
E05009375,20-22,weekday,1,2025,6
E05009375,06-08,weekday,2,2025,2
E05009375,08-10,weekday,2,2025,4
E05009375,10-12,weekday,2,2025,6
E05009375,12-14,weekday,2,2025,8
E05009375,14-16,weekday,2,2025,9
E05009375,16-18,weekday,2,2025,9
E05009375,18-20,weekday,2,2025,8
E05009375,20-22,weekday,2,2025,6
E05009375,06-08,weekend,1,2025,1
E05009375,08-10,weekend,1,2025,1
E05009375,10-12,weekend,1,2025,1
E05009375,12-14,weekend,1,2025,4
E05009375,14-16,weekend,1,2025,6
E05009375,16-18,weekend,1,2025,6
E05009375,18-20,weekend,1,2025,4
E05009375,20-22,weekend,1,2025,3
E05009375,06-08,weekend,2,2025,1
E05009375,08-10,weekend,2,2025,2
E05009375,10-12,weekend,2,2025,1
E05009375,12-14,weekend,2,2025,3
E05009375,14-16,weekend,2,2025,6
E05009375,16-18,weekend,2,2025,6
E05009375,18-20,weekend,2,2025,4
E05009375,20-22,weekend,2,2025,3
E05009376,06-08,weekday,1,2025,2
E05009376,08-10,weekday,1,2025,4
E05009376,10-12,weekday,1,2025,6
E05009376,12-14,weekday,1,2025,8
E05009376,14-16,weekday,1,2025,9
E05009376,16-18,weekday,1,2025,9
E05009376,18-20,weekday,1,2025,8
E05009376,20-22,weekday,1,2025,6
E05009376,06-08,weekday,2,2025,2
E05009376,08-10,weekday,2,2025,4
E05009376,10-12,weekday,2,2025,6
E05009376,12-14,weekday,2,2025,8
E05009376,14-16,weekday,2,2025,9
E05009376,16-18,weekday,2,2025,9
E05009376,18-20,weekday,2,2025,8
E05009376,20-22,weekday,2,2025,6
E05009376,06-08,weekend,1,2025,1
E05009376,08-10,weekend,1,2025,1
E05009376,10-12,weekend,1,2025,1
E05009376,12-14,weekend,1,2025,4
E05009376,14-16,weekend,1,2025,6
E05009376,16-18,weekend,1,2025,6
E05009376,18-20,weekend,1,2025,4
E05009376,20-22,weekend,1,2025,3
E05009376,06-08,weekend,2,2025,1
E05009376,08-10,weekend,2,2025,2
E05009376,10-12,weekend,2,2025,1
E05009376,12-14,weekend,2,2025,3
E05009376,14-16,weekend,2,2025,6
E05009376,16-18,weekend,2,2025,6
E05009376,18-20,weekend,2,2025,4
E05009376,20-22,weekend,2,2025,3
E05009377,06-08,weekday,1,2025,2
E05009377,08-10,weekday,1,2025,4
E05009377,10-12,weekday,1,2025,6
E05009377,12-14,weekday,1,2025,8
E05009377,14-16,weekday,1,2025,9
E05009377,16-18,weekday,1,2025,9
E05009377,18-20,weekday,1,2025,8
E05009377,20-22,weekday,1,2025,6
E05009377,06-08,weekday,2,2025,2
E05009377,08-10,weekday,2,2025,4
E05009377,10-12,weekday,2,2025,6
E05009377,12-14,weekday,2,2025,8
E05009377,14-16,weekday,2,2025,9
E05009377,16-18,weekday,2,2025,9
E05009377,18-20,weekday,2,2025,8
E05009377,20-22,weekday,2,2025,6
E05009377,06-08,weekend,1,2025,1
E05009377,08-10,weekend,1,2025,1
E05009377,10-12,weekend,1,2025,1
E05009377,12-14,weekend,1,2025,4
E05009377,14-16,weekend,1,2025,6
E05009377,16-18,weekend,1,2025,6
E05009377,18-20,weekend,1,2025,4
E05009377,20-22,weekend,1,2025,3
E05009377,06-08,weekend,2,2025,1
E05009377,08-10,weekend,2,2025,2
E05009377,10-12,weekend,2,2025,1
E05009377,12-14,weekend,2,2025,3
E05009377,14-16,weekend,2,2025,6
E05009377,16-18,weekend,2,2025,6
E05009377,18-20,weekend,2,2025,4
E05009377,20-22,weekend,2,2025,3
E05009378,06-08,weekday,1,2025,4
E05009378,08-10,weekday,1,2025,7
E05009378,10-12,weekday,1,2025,9
E05009378,12-14,weekday,1,2025,12
E05009378,14-16,weekday,1,2025,14
E05009378,16-18,weekday,1,2025,14
E05009378,18-20,weekday,1,2025,12
E05009378,20-22,weekday,1,2025,9
E05009378,06-08,weekday,2,2025,4
E05009378,08-10,weekday,2,2025,7
E05009378,10-12,weekday,2,2025,9
E05009378,12-14,weekday,2,2025,12
E05009378,14-16,weekday,2,2025,14
E05009378,16-18,weekday,2,2025,14
E05009378,18-20,weekday,2,2025,12
E05009378,20-22,weekday,2,2025,9
E05009378,06-08,weekend,1,2025,1
E05009378,08-10,weekend,1,2025,1
E05009378,10-12,weekend,1,2025,1
E05009378,12-14,weekend,1,2025,7
E05009378,14-16,weekend,1,2025,9
E05009378,16-18,weekend,1,2025,9
E05009378,18-20,weekend,1,2025,7
E05009378,20-22,weekend,1,2025,5
E05009378,06-08,weekend,2,2025,2
E05009378,08-10,weekend,2,2025,4
E05009378,10-12,weekend,2,2025,1
E05009378,12-14,weekend,2,2025,6
E05009378,14-16,weekend,2,2025,9
E05009378,16-18,weekend,2,2025,9
E05009378,18-20,weekend,2,2025,7
E05009378,20-22,weekend,2,2025,2
E05009379,06-08,weekday,1,2025,2
E05009379,08-10,weekday,1,2025,4
E05009379,10-12,weekday,1,2025,6
E05009379,12-14,weekday,1,2025,8
E05009379,14-16,weekday,1,2025,9
E05009379,16-18,weekday,1,2025,9
E05009379,18-20,weekday,1,2025,8
E05009379,20-22,weekday,1,2025,6
E05009379,06-08,weekday,2,2025,2
E05009379,08-10,weekday,2,2025,4
E05009379,10-12,weekday,2,2025,6
E05009379,12-14,weekday,2,2025,8
E05009379,14-16,weekday,2,2025,9
E05009379,16-18,weekday,2,2025,9
E05009379,18-20,weekday,2,2025,8
E05009379,20-22,weekday,2,2025,6
E05009379,06-08,weekend,1,2025,1
E05009379,08-10,weekend,1,2025,1
E05009379,10-12,weekend,1,2025,1
E05009379,12-14,weekend,1,2025,4
E05009379,14-16,weekend,1,2025,6
E05009379,16-18,weekend,1,2025,6
E05009379,18-20,weekend,1,2025,4
E05009379,20-22,weekend,1,2025,3
E05009379,06-08,weekend,2,2025,1
E05009379,08-10,weekend,2,2025,2
E05009379,10-12,weekend,2,2025,1
E05009379,12-14,weekend,2,2025,3
E05009379,14-16,weekend,2,2025,6
E05009379,16-18,weekend,2,2025,6
E05009379,18-20,weekend,2,2025,4
E05009379,20-22,weekend,2,2025,3
E05009380,06-08,weekday,1,2025,2
E05009380,08-10,weekday,1,2025,4
E05009380,10-12,weekday,1,2025,6
E05009380,12-14,weekday,1,2025,8
E05009380,14-16,weekday,1,2025,9
E05009380,16-18,weekday,1,2025,9
E05009380,18-20,weekday,1,2025,8
E05009380,20-22,weekday,1,2025,6
E05009380,06-08,weekday,2,2025,2
E05009380,08-10,weekday,2,2025,4
E05009380,10-12,weekday,2,2025,6
E05009380,12-14,weekday,2,2025,8
E05009380,14-16,weekday,2,2025,9
E05009380,16-18,weekday,2,2025,9
E05009380,18-20,weekday,2,2025,8
E05009380,20-22,weekday,2,2025,6
E05009380,06-08,weekend,1,2025,1
E05009380,08-10,weekend,1,2025,1
E05009380,10-12,weekend,1,2025,1
E05009380,12-14,weekend,1,2025,4
E05009380,14-16,weekend,1,2025,6
E05009380,16-18,weekend,1,2025,6
E05009380,18-20,weekend,1,2025,4
E05009380,20-22,weekend,1,2025,3
E05009380,06-08,weekend,2,2025,1
E05009380,08-10,weekend,2,2025,2
E05009380,10-12,weekend,2,2025,1
E05009380,12-14,weekend,2,2025,3
E05009380,14-16,weekend,2,2025,6
E05009380,16-18,weekend,2,2025,6
E05009380,18-20,weekend,2,2025,4
E05009380,20-22,weekend,2,2025,3
E05009381,06-08,weekday,1,2025,2
E05009381,08-10,weekday,1,2025,4
E05009381,10-12,weekday,1,2025,6
E05009381,12-14,weekday,1,2025,8
E05009381,14-16,weekday,1,2025,9
E05009381,16-18,weekday,1,2025,9
E05009381,18-20,weekday,1,2025,8
E05009381,20-22,weekday,1,2025,6
E05009381,06-08,weekday,2,2025,2
E05009381,08-10,weekday,2,2025,4
E05009381,10-12,weekday,2,2025,6
E05009381,12-14,weekday,2,2025,8
E05009381,14-16,weekday,2,2025,9
E05009381,16-18,weekday,2,2025,9
E05009381,18-20,weekday,2,2025,8
E05009381,20-22,weekday,2,2025,6
E05009381,06-08,weekend,1,2025,1
E05009381,08-10,weekend,1,2025,1
E05009381,10-12,weekend,1,2025,1
E05009381,12-14,weekend,1,2025,4
E05009381,14-16,weekend,1,2025,6
E05009381,16-18,weekend,1,2025,6
E05009381,18-20,weekend,1,2025,4
E05009381,20-22,weekend,1,2025,3
E05009381,06-08,weekend,2,2025,1
E05009381,08-10,weekend,2,2025,2
E05009381,10-12,weekend,2,2025,1
E05009381,12-14,weekend,2,2025,3
E05009381,14-16,weekend,2,2025,6
E05009381,16-18,weekend,2,2025,6
E05009381,18-20,weekend,2,2025,4
E05009381,20-22,weekend,2,2025,3
E05009382,06-08,weekday,1,2025,2
E05009382,08-10,weekday,1,2025,4
E05009382,10-12,weekday,1,2025,6
E05009382,12-14,weekday,1,2025,8
E05009382,14-16,weekday,1,2025,9
E05009382,16-18,weekday,1,2025,9
E05009382,18-20,weekday,1,2025,8
E05009382,20-22,weekday,1,2025,6
E05009382,06-08,weekday,2,2025,2
E05009382,08-10,weekday,2,2025,4
E05009382,10-12,weekday,2,2025,6
E05009382,12-14,weekday,2,2025,8
E05009382,14-16,weekday,2,2025,9
E05009382,16-18,weekday,2,2025,9
E05009382,18-20,weekday,2,2025,8
E05009382,20-22,weekday,2,2025,6
E05009382,06-08,weekend,1,2025,1
E05009382,08-10,weekend,1,2025,1
E05009382,10-12,weekend,1,2025,1
E05009382,12-14,weekend,1,2025,4
E05009382,14-16,weekend,1,2025,6
E05009382,16-18,weekend,1,2025,6
E05009382,18-20,weekend,1,2025,4
E05009382,20-22,weekend,1,2025,3
E05009382,06-08,weekend,2,2025,1
E05009382,08-10,weekend,2,2025,2
E05009382,10-12,weekend,2,2025,1
E05009382,12-14,weekend,2,2025,3
E05009382,14-16,weekend,2,2025,6
E05009382,16-18,weekend,2,2025,6
E05009382,18-20,weekend,2,2025,4
E05009382,20-22,weekend,2,2025,3
E05009383,06-08,weekday,1,2025,2
E05009383,08-10,weekday,1,2025,4
E05009383,10-12,weekday,1,2025,6
E05009383,12-14,weekday,1,2025,8
E05009383,14-16,weekday,1,2025,9
E05009383,16-18,weekday,1,2025,9
E05009383,18-20,weekday,1,2025,8
E05009383,20-22,weekday,1,2025,6
E05009383,06-08,weekday,2,2025,2
E05009383,08-10,weekday,2,2025,4
E05009383,10-12,weekday,2,2025,6
E05009383,12-14,weekday,2,2025,8
E05009383,14-16,weekday,2,2025,9
E05009383,16-18,weekday,2,2025,9
E05009383,18-20,weekday,2,2025,8
E05009383,20-22,weekday,2,2025,6
E05009383,06-08,weekend,1,2025,1
E05009383,08-10,weekend,1,2025,1
E05009383,10-12,weekend,1,2025,1
E05009383,12-14,weekend,1,2025,4
E05009383,14-16,weekend,1,2025,6
E05009383,16-18,weekend,1,2025,6
E05009383,18-20,weekend,1,2025,4
E05009383,20-22,weekend,1,2025,3
E05009383,06-08,weekend,2,2025,1
E05009383,08-10,weekend,2,2025,2
E05009383,10-12,weekend,2,2025,1
E05009383,12-14,weekend,2,2025,3
E05009383,14-16,weekend,2,2025,6
E05009383,16-18,weekend,2,2025,6
E05009383,18-20,weekend,2,2025,4
E05009383,20-22,weekend,2,2025,3
E05009384,06-08,weekday,1,2025,2
E05009384,08-10,weekday,1,2025,4
E05009384,10-12,weekday,1,2025,6
E05009384,12-14,weekday,1,2025,8
E05009384,14-16,weekday,1,2025,9
E05009384,16-18,weekday,1,2025,9
E05009384,18-20,weekday,1,2025,8
E05009384,20-22,weekday,1,2025,6
E05009384,06-08,weekday,2,2025,2
E05009384,08-10,weekday,2,2025,4
E05009384,10-12,weekday,2,2025,6
E05009384,12-14,weekday,2,2025,8
E05009384,14-16,weekday,2,2025,9
E05009384,16-18,weekday,2,2025,9
E05009384,18-20,weekday,2,2025,8
E05009384,20-22,weekday,2,2025,6
E05009384,06-08,weekend,1,2025,1
E05009384,08-10,weekend,1,2025,1
E05009384,10-12,weekend,1,2025,1
E05009384,12-14,weekend,1,2025,4
E05009384,14-16,weekend,1,2025,6
E05009384,16-18,weekend,1,2025,6
E05009384,18-20,weekend,1,2025,4
E05009384,20-22,weekend,1,2025,3
E05009384,06-08,weekend,2,2025,1
E05009384,08-10,weekend,2,2025,2
E05009384,10-12,weekend,2,2025,1
E05009384,12-14,weekend,2,2025,3
E05009384,14-16,weekend,2,2025,6
E05009384,16-18,weekend,2,2025,6
E05009384,18-20,weekend,2,2025,4
E05009384,20-22,weekend,2,2025,3
E05009385,06-08,weekday,1,2025,2
E05009385,08-10,weekday,1,2025,4
E05009385,10-12,weekday,1,2025,6
E05009385,12-14,weekday,1,2025,8
E05009385,14-16,weekday,1,2025,9
E05009385,16-18,weekday,1,2025,9
E05009385,18-20,weekday,1,2025,8
E05009385,20-22,weekday,1,2025,6
E05009385,06-08,weekday,2,2025,2
E05009385,08-10,weekday,2,2025,4
E05009385,10-12,weekday,2,2025,6
E05009385,12-14,weekday,2,2025,8
E05009385,14-16,weekday,2,2025,9
E05009385,16-18,weekday,2,2025,9
E05009385,18-20,weekday,2,2025,8
E05009385,20-22,weekday,2,2025,6
E05009385,06-08,weekend,1,2025,1
E05009385,08-10,weekend,1,2025,1
E05009385,10-12,weekend,1,2025,1
E05009385,12-14,weekend,1,2025,4
E05009385,14-16,weekend,1,2025,6
E05009385,16-18,weekend,1,2025,6
E05009385,18-20,weekend,1,2025,4
E05009385,20-22,weekend,1,2025,3
E05009385,06-08,weekend,2,2025,1
E05009385,08-10,weekend,2,2025,2
E05009385,10-12,weekend,2,2025,1
E05009385,12-14,weekend,2,2025,3
E05009385,14-16,weekend,2,2025,6
E05009385,16-18,weekend,2,2025,6
E05009385,18-20,weekend,2,2025,4
E05009385,20-22,weekend,2,2025,3
E05009386,06-08,weekday,1,2025,2
E05009386,08-10,weekday,1,2025,4
E05009386,10-12,weekday,1,2025,6
E05009386,12-14,weekday,1,2025,8
E05009386,14-16,weekday,1,2025,9
E05009386,16-18,weekday,1,2025,9
E05009386,18-20,weekday,1,2025,8
E05009386,20-22,weekday,1,2025,6
E05009386,06-08,weekday,2,2025,2
E05009386,08-10,weekday,2,2025,4
E05009386,10-12,weekday,2,2025,6
E05009386,12-14,weekday,2,2025,8
E05009386,14-16,weekday,2,2025,9
E05009386,16-18,weekday,2,2025,9
E05009386,18-20,weekday,2,2025,8
E05009386,20-22,weekday,2,2025,6
E05009386,06-08,weekend,1,2025,1
E05009386,08-10,weekend,1,2025,1
E05009386,10-12,weekend,1,2025,1
E05009386,12-14,weekend,1,2025,4
E05009386,14-16,weekend,1,2025,6
E05009386,16-18,weekend,1,2025,6
E05009386,18-20,weekend,1,2025,4
E05009386,20-22,weekend,1,2025,3
E05009386,06-08,weekend,2,2025,1
E05009386,08-10,weekend,2,2025,2
E05009386,10-12,weekend,2,2025,1
E05009386,12-14,weekend,2,2025,3
E05009386,14-16,weekend,2,2025,6
E05009386,16-18,weekend,2,2025,6
E05009386,18-20,weekend,2,2025,4
E05009386,20-22,weekend,2,2025,3
E05009387,06-08,weekday,1,2025,2
E05009387,08-10,weekday,1,2025,4
E05009387,10-12,weekday,1,2025,6
E05009387,12-14,weekday,1,2025,8
E05009387,14-16,weekday,1,2025,9
E05009387,16-18,weekday,1,2025,9
E05009387,18-20,weekday,1,2025,8
E05009387,20-22,weekday,1,2025,6
E05009387,06-08,weekday,2,2025,2
E05009387,08-10,weekday,2,2025,4
E05009387,10-12,weekday,2,2025,6
E05009387,12-14,weekday,2,2025,8
E05009387,14-16,weekday,2,2025,9
E05009387,16-18,weekday,2,2025,9
E05009387,18-20,weekday,2,2025,8
E05009387,20-22,weekday,2,2025,6
E05009387,06-08,weekend,1,2025,1
E05009387,08-10,weekend,1,2025,1
E05009387,10-12,weekend,1,2025,1
E05009387,12-14,weekend,1,2025,4
E05009387,14-16,weekend,1,2025,6
E05009387,16-18,weekend,1,2025,6
E05009387,18-20,weekend,1,2025,4
E05009387,20-22,weekend,1,2025,3
E05009387,06-08,weekend,2,2025,1
E05009387,08-10,weekend,2,2025,2
E05009387,10-12,weekend,2,2025,1
E05009387,12-14,weekend,2,2025,3
E05009387,14-16,weekend,2,2025,6
E05009387,16-18,weekend,2,2025,6
E05009387,18-20,weekend,2,2025,4
E05009387,20-22,weekend,2,2025,3
E05009388,06-08,weekday,1,2025,2
E05009388,08-10,weekday,1,2025,4
E05009388,10-12,weekday,1,2025,6
E05009388,12-14,weekday,1,2025,8
E05009388,14-16,weekday,1,2025,9
E05009388,16-18,weekday,1,2025,9
E05009388,18-20,weekday,1,2025,8
E05009388,20-22,weekday,1,2025,6
E05009388,06-08,weekday,2,2025,2
E05009388,08-10,weekday,2,2025,4
E05009388,10-12,weekday,2,2025,6
E05009388,12-14,weekday,2,2025,8
E05009388,14-16,weekday,2,2025,9
E05009388,16-18,weekday,2,2025,9
E05009388,18-20,weekday,2,2025,8
E05009388,20-22,weekday,2,2025,6
E05009388,06-08,weekend,1,2025,1
E05009388,08-10,weekend,1,2025,1
E05009388,10-12,weekend,1,2025,1
E05009388,12-14,weekend,1,2025,4
E05009388,14-16,weekend,1,2025,6
E05009388,16-18,weekend,1,2025,6
E05009388,18-20,weekend,1,2025,4
E05009388,20-22,weekend,1,2025,3
E05009388,06-08,weekend,2,2025,1
E05009388,08-10,weekend,2,2025,2
E05009388,10-12,weekend,2,2025,1
E05009388,12-14,weekend,2,2025,3
E05009388,14-16,weekend,2,2025,6
E05009388,16-18,weekend,2,2025,6
E05009388,18-20,weekend,2,2025,4
E05009388,20-22,weekend,2,2025,3
E05009389,06-08,weekday,1,2025,2
E05009389,08-10,weekday,1,2025,4
E05009389,10-12,weekday,1,2025,6
E05009389,12-14,weekday,1,2025,8
E05009389,14-16,weekday,1,2025,9
E05009389,16-18,weekday,1,2025,9
E05009389,18-20,weekday,1,2025,8
E05009389,20-22,weekday,1,2025,6
E05009389,06-08,weekday,2,2025,2
E05009389,08-10,weekday,2,2025,4
E05009389,10-12,weekday,2,2025,6
E05009389,12-14,weekday,2,2025,8
E05009389,14-16,weekday,2,2025,9
E05009389,16-18,weekday,2,2025,9
E05009389,18-20,weekday,2,2025,8
E05009389,20-22,weekday,2,2025,6
E05009389,06-08,weekend,1,2025,1
E05009389,08-10,weekend,1,2025,1
E05009389,10-12,weekend,1,2025,1
E05009389,12-14,weekend,1,2025,4
E05009389,14-16,weekend,1,2025,6
E05009389,16-18,weekend,1,2025,6
E05009389,18-20,weekend,1,2025,4
E05009389,20-22,weekend,1,2025,3
E05009389,06-08,weekend,2,2025,1
E05009389,08-10,weekend,2,2025,2
E05009389,10-12,weekend,2,2025,1
E05009389,12-14,weekend,2,2025,3
E05009389,14-16,weekend,2,2025,6
E05009389,16-18,weekend,2,2025,6
E05009389,18-20,weekend,2,2025,4
E05009389,20-22,weekend,2,2025,3
E05009390,06-08,weekday,1,2025,2
E05009390,08-10,weekday,1,2025,4
E05009390,10-12,weekday,1,2025,6
E05009390,12-14,weekday,1,2025,8
E05009390,14-16,weekday,1,2025,9
E05009390,16-18,weekday,1,2025,9
E05009390,18-20,weekday,1,2025,8
E05009390,20-22,weekday,1,2025,6
E05009390,06-08,weekday,2,2025,2
E05009390,08-10,weekday,2,2025,4
E05009390,10-12,weekday,2,2025,6
E05009390,12-14,weekday,2,2025,8
E05009390,14-16,weekday,2,2025,9
E05009390,16-18,weekday,2,2025,9
E05009390,18-20,weekday,2,2025,8
E05009390,20-22,weekday,2,2025,6
E05009390,06-08,weekend,1,2025,1
E05009390,08-10,weekend,1,2025,1
E05009390,10-12,weekend,1,2025,1
E05009390,12-14,weekend,1,2025,4
E05009390,14-16,weekend,1,2025,6
E05009390,16-18,weekend,1,2025,6
E05009390,18-20,weekend,1,2025,4
E05009390,20-22,weekend,1,2025,3
E05009390,06-08,weekend,2,2025,1
E05009390,08-10,weekend,2,2025,2
E05009390,10-12,weekend,2,2025,1
E05009390,12-14,weekend,2,2025,3
E05009390,14-16,weekend,2,2025,6
E05009390,16-18,weekend,2,2025,6
E05009390,18-20,weekend,2,2025,4
E05009390,20-22,weekend,2,2025,3
E05009391,06-08,weekday,1,2025,2
E05009391,08-10,weekday,1,2025,4
E05009391,10-12,weekday,1,2025,6
E05009391,12-14,weekday,1,2025,8
E05009391,14-16,weekday,1,2025,9
E05009391,16-18,weekday,1,2025,9
E05009391,18-20,weekday,1,2025,8
E05009391,20-22,weekday,1,2025,6
E05009391,06-08,weekday,2,2025,2
E05009391,08-10,weekday,2,2025,4
E05009391,10-12,weekday,2,2025,6
E05009391,12-14,weekday,2,2025,8
E05009391,14-16,weekday,2,2025,9
E05009391,16-18,weekday,2,2025,9
E05009391,18-20,weekday,2,2025,8
E05009391,20-22,weekday,2,2025,6
E05009391,06-08,weekend,1,2025,1
E05009391,08-10,weekend,1,2025,1
E05009391,10-12,weekend,1,2025,1
E05009391,12-14,weekend,1,2025,4
E05009391,14-16,weekend,1,2025,6
E05009391,16-18,weekend,1,2025,6
E05009391,18-20,weekend,1,2025,4
E05009391,20-22,weekend,1,2025,3
E05009391,06-08,weekend,2,2025,1
E05009391,08-10,weekend,2,2025,2
E05009391,10-12,weekend,2,2025,1
E05009391,12-14,weekend,2,2025,3
E05009391,14-16,weekend,2,2025,6
E05009391,16-18,weekend,2,2025,6
E05009391,18-20,weekend,2,2025,4
E05009391,20-22,weekend,2,2025,3
E05009392,06-08,weekday,1,2025,4
E05009392,08-10,weekday,1,2025,7
E05009392,10-12,weekday,1,2025,9
E05009392,12-14,weekday,1,2025,12
E05009392,14-16,weekday,1,2025,14
E05009392,16-18,weekday,1,2025,14
E05009392,18-20,weekday,1,2025,12
E05009392,20-22,weekday,1,2025,9
E05009392,06-08,weekday,2,2025,4
E05009392,08-10,weekday,2,2025,7
E05009392,10-12,weekday,2,2025,9
E05009392,12-14,weekday,2,2025,12
E05009392,14-16,weekday,2,2025,14
E05009392,16-18,weekday,2,2025,14
E05009392,18-20,weekday,2,2025,12
E05009392,20-22,weekday,2,2025,9
E05009392,06-08,weekend,1,2025,1
E05009392,08-10,weekend,1,2025,1
E05009392,10-12,weekend,1,2025,1
E05009392,12-14,weekend,1,2025,7
E05009392,14-16,weekend,1,2025,9
E05009392,16-18,weekend,1,2025,9
E05009392,18-20,weekend,1,2025,7
E05009392,20-22,weekend,1,2025,5
E05009392,06-08,weekend,2,2025,2
E05009392,08-10,weekend,2,2025,4
E05009392,10-12,weekend,2,2025,1
E05009392,12-14,weekend,2,2025,6
E05009392,14-16,weekend,2,2025,9
E05009392,16-18,weekend,2,2025,9
E05009392,18-20,weekend,2,2025,7
E05009392,20-22,weekend,2,2025,2
E05009393,06-08,weekday,1,2025,2
E05009393,08-10,weekday,1,2025,4
E05009393,10-12,weekday,1,2025,6
E05009393,12-14,weekday,1,2025,8
E05009393,14-16,weekday,1,2025,9
E05009393,16-18,weekday,1,2025,9
E05009393,18-20,weekday,1,2025,8
E05009393,20-22,weekday,1,2025,6
E05009393,06-08,weekday,2,2025,2
E05009393,08-10,weekday,2,2025,4
E05009393,10-12,weekday,2,2025,6
E05009393,12-14,weekday,2,2025,8
E05009393,14-16,weekday,2,2025,9
E05009393,16-18,weekday,2,2025,9
E05009393,18-20,weekday,2,2025,8
E05009393,20-22,weekday,2,2025,6
E05009393,06-08,weekend,1,2025,1
E05009393,08-10,weekend,1,2025,1
E05009393,10-12,weekend,1,2025,1
E05009393,12-14,weekend,1,2025,4
E05009393,14-16,weekend,1,2025,6
E05009393,16-18,weekend,1,2025,6
E05009393,18-20,weekend,1,2025,4
E05009393,20-22,weekend,1,2025,3
E05009393,06-08,weekend,2,2025,1
E05009393,08-10,weekend,2,2025,2
E05009393,10-12,weekend,2,2025,1
E05009393,12-14,weekend,2,2025,3
E05009393,14-16,weekend,2,2025,6
E05009393,16-18,weekend,2,2025,6
E05009393,18-20,weekend,2,2025,4
E05009393,20-22,weekend,2,2025,3
E05009394,06-08,weekday,1,2025,2
E05009394,08-10,weekday,1,2025,4
E05009394,10-12,weekday,1,2025,6
E05009394,12-14,weekday,1,2025,8
E05009394,14-16,weekday,1,2025,9
E05009394,16-18,weekday,1,2025,9
E05009394,18-20,weekday,1,2025,8
E05009394,20-22,weekday,1,2025,6
E05009394,06-08,weekday,2,2025,2
E05009394,08-10,weekday,2,2025,4
E05009394,10-12,weekday,2,2025,6
E05009394,12-14,weekday,2,2025,8
E05009394,14-16,weekday,2,2025,9
E05009394,16-18,weekday,2,2025,9
E05009394,18-20,weekday,2,2025,8
E05009394,20-22,weekday,2,2025,6
E05009394,06-08,weekend,1,2025,1
E05009394,08-10,weekend,1,2025,1
E05009394,10-12,weekend,1,2025,1
E05009394,12-14,weekend,1,2025,4
E05009394,14-16,weekend,1,2025,6
E05009394,16-18,weekend,1,2025,6
E05009394,18-20,weekend,1,2025,4
E05009394,20-22,weekend,1,2025,3
E05009394,06-08,weekend,2,2025,1
E05009394,08-10,weekend,2,2025,2
E05009394,10-12,weekend,2,2025,1
E05009394,12-14,weekend,2,2025,3
E05009394,14-16,weekend,2,2025,6
E05009394,16-18,weekend,2,2025,6
E05009394,18-20,weekend,2,2025,4
E05009394,20-22,weekend,2,2025,3
E05009395,06-08,weekday,1,2025,4
E05009395,08-10,weekday,1,2025,7
E05009395,10-12,weekday,1,2025,9
E05009395,12-14,weekday,1,2025,12
E05009395,14-16,weekday,1,2025,14
E05009395,16-18,weekday,1,2025,14
E05009395,18-20,weekday,1,2025,12
E05009395,20-22,weekday,1,2025,9
E05009395,06-08,weekday,2,2025,4
E05009395,08-10,weekday,2,2025,7
E05009395,10-12,weekday,2,2025,9
E05009395,12-14,weekday,2,2025,12
E05009395,14-16,weekday,2,2025,14
E05009395,16-18,weekday,2,2025,14
E05009395,18-20,weekday,2,2025,12
E05009395,20-22,weekday,2,2025,9
E05009395,06-08,weekend,1,2025,1
E05009395,08-10,weekend,1,2025,1
E05009395,10-12,weekend,1,2025,1
E05009395,12-14,weekend,1,2025,7
E05009395,14-16,weekend,1,2025,9
E05009395,16-18,weekend,1,2025,9
E05009395,18-20,weekend,1,2025,7
E05009395,20-22,weekend,1,2025,5
E05009395,06-08,weekend,2,2025,2
E05009395,08-10,weekend,2,2025,4
E05009395,10-12,weekend,2,2025,1
E05009395,12-14,weekend,2,2025,6
E05009395,14-16,weekend,2,2025,9
E05009395,16-18,weekend,2,2025,9
E05009395,18-20,weekend,2,2025,7
E05009395,20-22,weekend,2,2025,2
E05009396,06-08,weekday,1,2025,2
E05009396,08-10,weekday,1,2025,4
E05009396,10-12,weekday,1,2025,6
E05009396,12-14,weekday,1,2025,8
E05009396,14-16,weekday,1,2025,9
E05009396,16-18,weekday,1,2025,9
E05009396,18-20,weekday,1,2025,8
E05009396,20-22,weekday,1,2025,6
E05009396,06-08,weekday,2,2025,2
E05009396,08-10,weekday,2,2025,4
E05009396,10-12,weekday,2,2025,6
E05009396,12-14,weekday,2,2025,8
E05009396,14-16,weekday,2,2025,9
E05009396,16-18,weekday,2,2025,9
E05009396,18-20,weekday,2,2025,8
E05009396,20-22,weekday,2,2025,6
E05009396,06-08,weekend,1,2025,1
E05009396,08-10,weekend,1,2025,1
E05009396,10-12,weekend,1,2025,1
E05009396,12-14,weekend,1,2025,4
E05009396,14-16,weekend,1,2025,6
E05009396,16-18,weekend,1,2025,6
E05009396,18-20,weekend,1,2025,4
E05009396,20-22,weekend,1,2025,3
E05009396,06-08,weekend,2,2025,1
E05009396,08-10,weekend,2,2025,2
E05009396,10-12,weekend,2,2025,1
E05009396,12-14,weekend,2,2025,3
E05009396,14-16,weekend,2,2025,6
E05009396,16-18,weekend,2,2025,6
E05009396,18-20,weekend,2,2025,4
E05009396,20-22,weekend,2,2025,3
E05009397,06-08,weekday,1,2025,2
E05009397,08-10,weekday,1,2025,4
E05009397,10-12,weekday,1,2025,6
E05009397,12-14,weekday,1,2025,8
E05009397,14-16,weekday,1,2025,9
E05009397,16-18,weekday,1,2025,9
E05009397,18-20,weekday,1,2025,8
E05009397,20-22,weekday,1,2025,6
E05009397,06-08,weekday,2,2025,2
E05009397,08-10,weekday,2,2025,4
E05009397,10-12,weekday,2,2025,6
E05009397,12-14,weekday,2,2025,8
E05009397,14-16,weekday,2,2025,9
E05009397,16-18,weekday,2,2025,9
E05009397,18-20,weekday,2,2025,8
E05009397,20-22,weekday,2,2025,6
E05009397,06-08,weekend,1,2025,1
E05009397,08-10,weekend,1,2025,1
E05009397,10-12,weekend,1,2025,1
E05009397,12-14,weekend,1,2025,4
E05009397,14-16,weekend,1,2025,6
E05009397,16-18,weekend,1,2025,6
E05009397,18-20,weekend,1,2025,4
E05009397,20-22,weekend,1,2025,3
E05009397,06-08,weekend,2,2025,1
E05009397,08-10,weekend,2,2025,2
E05009397,10-12,weekend,2,2025,1
E05009397,12-14,weekend,2,2025,3
E05009397,14-16,weekend,2,2025,6
E05009397,16-18,weekend,2,2025,6
E05009397,18-20,weekend,2,2025,4
E05009397,20-22,weekend,2,2025,3
E05009398,06-08,weekday,1,2025,2
E05009398,08-10,weekday,1,2025,4
E05009398,10-12,weekday,1,2025,6
E05009398,12-14,weekday,1,2025,8
E05009398,14-16,weekday,1,2025,9
E05009398,16-18,weekday,1,2025,9
E05009398,18-20,weekday,1,2025,8
E05009398,20-22,weekday,1,2025,6
E05009398,06-08,weekday,2,2025,2
E05009398,08-10,weekday,2,2025,4
E05009398,10-12,weekday,2,2025,6
E05009398,12-14,weekday,2,2025,8
E05009398,14-16,weekday,2,2025,9
E05009398,16-18,weekday,2,2025,9
E05009398,18-20,weekday,2,2025,8
E05009398,20-22,weekday,2,2025,6
E05009398,06-08,weekend,1,2025,1
E05009398,08-10,weekend,1,2025,1
E05009398,10-12,weekend,1,2025,1
E05009398,12-14,weekend,1,2025,4
E05009398,14-16,weekend,1,2025,6
E05009398,16-18,weekend,1,2025,6
E05009398,18-20,weekend,1,2025,4
E05009398,20-22,weekend,1,2025,3
E05009398,06-08,weekend,2,2025,1
E05009398,08-10,weekend,2,2025,2
E05009398,10-12,weekend,2,2025,1
E05009398,12-14,weekend,2,2025,3
E05009398,14-16,weekend,2,2025,6
E05009398,16-18,weekend,2,2025,6
E05009398,18-20,weekend,2,2025,4
E05009398,20-22,weekend,2,2025,3
E05009399,06-08,weekday,1,2025,2
E05009399,08-10,weekday,1,2025,4
E05009399,10-12,weekday,1,2025,6
E05009399,12-14,weekday,1,2025,8
E05009399,14-16,weekday,1,2025,9
E05009399,16-18,weekday,1,2025,9
E05009399,18-20,weekday,1,2025,8
E05009399,20-22,weekday,1,2025,6
E05009399,06-08,weekday,2,2025,2
E05009399,08-10,weekday,2,2025,4
E05009399,10-12,weekday,2,2025,6
E05009399,12-14,weekday,2,2025,8
E05009399,14-16,weekday,2,2025,9
E05009399,16-18,weekday,2,2025,9
E05009399,18-20,weekday,2,2025,8
E05009399,20-22,weekday,2,2025,6
E05009399,06-08,weekend,1,2025,1
E05009399,08-10,weekend,1,2025,1
E05009399,10-12,weekend,1,2025,1
E05009399,12-14,weekend,1,2025,4
E05009399,14-16,weekend,1,2025,6
E05009399,16-18,weekend,1,2025,6
E05009399,18-20,weekend,1,2025,4
E05009399,20-22,weekend,1,2025,3
E05009399,06-08,weekend,2,2025,1
E05009399,08-10,weekend,2,2025,2
E05009399,10-12,weekend,2,2025,1
E05009399,12-14,weekend,2,2025,3
E05009399,14-16,weekend,2,2025,6
E05009399,16-18,weekend,2,2025,6
E05009399,18-20,weekend,2,2025,4
E05009399,20-22,weekend,2,2025,3
E05009400,06-08,weekday,1,2025,2
E05009400,08-10,weekday,1,2025,4
E05009400,10-12,weekday,1,2025,6
E05009400,12-14,weekday,1,2025,8
E05009400,14-16,weekday,1,2025,9
E05009400,16-18,weekday,1,2025,9
E05009400,18-20,weekday,1,2025,8
E05009400,20-22,weekday,1,2025,6
E05009400,06-08,weekday,2,2025,2
E05009400,08-10,weekday,2,2025,4
E05009400,10-12,weekday,2,2025,6
E05009400,12-14,weekday,2,2025,8
E05009400,14-16,weekday,2,2025,9
E05009400,16-18,weekday,2,2025,9
E05009400,18-20,weekday,2,2025,8
E05009400,20-22,weekday,2,2025,6
E05009400,06-08,weekend,1,2025,1
E05009400,08-10,weekend,1,2025,1
E05009400,10-12,weekend,1,2025,1
E05009400,12-14,weekend,1,2025,4
E05009400,14-16,weekend,1,2025,6
E05009400,16-18,weekend,1,2025,6
E05009400,18-20,weekend,1,2025,4
E05009400,20-22,weekend,1,2025,3
E05009400,06-08,weekend,2,2025,1
E05009400,08-10,weekend,2,2025,2
E05009400,10-12,weekend,2,2025,1
E05009400,12-14,weekend,2,2025,3
E05009400,14-16,weekend,2,2025,6
E05009400,16-18,weekend,2,2025,6
E05009400,18-20,weekend,2,2025,4
E05009400,20-22,weekend,2,2025,3
E05009401,06-08,weekday,1,2025,2
E05009401,08-10,weekday,1,2025,4
E05009401,10-12,weekday,1,2025,6
E05009401,12-14,weekday,1,2025,8
E05009401,14-16,weekday,1,2025,9
E05009401,16-18,weekday,1,2025,9
E05009401,18-20,weekday,1,2025,8
E05009401,20-22,weekday,1,2025,6
E05009401,06-08,weekday,2,2025,2
E05009401,08-10,weekday,2,2025,4
E05009401,10-12,weekday,2,2025,6
E05009401,12-14,weekday,2,2025,8
E05009401,14-16,weekday,2,2025,9
E05009401,16-18,weekday,2,2025,9
E05009401,18-20,weekday,2,2025,8
E05009401,20-22,weekday,2,2025,6
E05009401,06-08,weekend,1,2025,1
E05009401,08-10,weekend,1,2025,1
E05009401,10-12,weekend,1,2025,1
E05009401,12-14,weekend,1,2025,4
E05009401,14-16,weekend,1,2025,6
E05009401,16-18,weekend,1,2025,6
E05009401,18-20,weekend,1,2025,4
E05009401,20-22,weekend,1,2025,3
E05009401,06-08,weekend,2,2025,1
E05009401,08-10,weekend,2,2025,2
E05009401,10-12,weekend,2,2025,1
E05009401,12-14,weekend,2,2025,3
E05009401,14-16,weekend,2,2025,6
E05009401,16-18,weekend,2,2025,6
E05009401,18-20,weekend,2,2025,4
E05009401,20-22,weekend,2,2025,3
E05009402,06-08,weekday,1,2025,2
E05009402,08-10,weekday,1,2025,4
E05009402,10-12,weekday,1,2025,6
E05009402,12-14,weekday,1,2025,8
E05009402,14-16,weekday,1,2025,9
E05009402,16-18,weekday,1,2025,9
E05009402,18-20,weekday,1,2025,8
E05009402,20-22,weekday,1,2025,6
E05009402,06-08,weekday,2,2025,2
E05009402,08-10,weekday,2,2025,4
E05009402,10-12,weekday,2,2025,6
E05009402,12-14,weekday,2,2025,8
E05009402,14-16,weekday,2,2025,9
E05009402,16-18,weekday,2,2025,9
E05009402,18-20,weekday,2,2025,8
E05009402,20-22,weekday,2,2025,6
E05009402,06-08,weekend,1,2025,1
E05009402,08-10,weekend,1,2025,1
E05009402,10-12,weekend,1,2025,1
E05009402,12-14,weekend,1,2025,4
E05009402,14-16,weekend,1,2025,6
E05009402,16-18,weekend,1,2025,6
E05009402,18-20,weekend,1,2025,4
E05009402,20-22,weekend,1,2025,3
E05009402,06-08,weekend,2,2025,1
E05009402,08-10,weekend,2,2025,2
E05009402,10-12,weekend,2,2025,1
E05009402,12-14,weekend,2,2025,3
E05009402,14-16,weekend,2,2025,6
E05009402,16-18,weekend,2,2025,6
E05009402,18-20,weekend,2,2025,4
E05009402,20-22,weekend,2,2025,3
E05009403,06-08,weekday,1,2025,2
E05009403,08-10,weekday,1,2025,4
E05009403,10-12,weekday,1,2025,6
E05009403,12-14,weekday,1,2025,8
E05009403,14-16,weekday,1,2025,9
E05009403,16-18,weekday,1,2025,9
E05009403,18-20,weekday,1,2025,8
E05009403,20-22,weekday,1,2025,6
E05009403,06-08,weekday,2,2025,2
E05009403,08-10,weekday,2,2025,4
E05009403,10-12,weekday,2,2025,6
E05009403,12-14,weekday,2,2025,8
E05009403,14-16,weekday,2,2025,9
E05009403,16-18,weekday,2,2025,9
E05009403,18-20,weekday,2,2025,8
E05009403,20-22,weekday,2,2025,6
E05009403,06-08,weekend,1,2025,1
E05009403,08-10,weekend,1,2025,1
E05009403,10-12,weekend,1,2025,1
E05009403,12-14,weekend,1,2025,4
E05009403,14-16,weekend,1,2025,6
E05009403,16-18,weekend,1,2025,6
E05009403,18-20,weekend,1,2025,4
E05009403,20-22,weekend,1,2025,3
E05009403,06-08,weekend,2,2025,1
E05009403,08-10,weekend,2,2025,2
E05009403,10-12,weekend,2,2025,1
E05009403,12-14,weekend,2,2025,3
E05009403,14-16,weekend,2,2025,6
E05009403,16-18,weekend,2,2025,6
E05009403,18-20,weekend,2,2025,4
E05009403,20-22,weekend,2,2025,3
E05009404,06-08,weekday,1,2025,2
E05009404,08-10,weekday,1,2025,4
E05009404,10-12,weekday,1,2025,6
E05009404,12-14,weekday,1,2025,8
E05009404,14-16,weekday,1,2025,9
E05009404,16-18,weekday,1,2025,9
E05009404,18-20,weekday,1,2025,8
E05009404,20-22,weekday,1,2025,6
E05009404,06-08,weekday,2,2025,2
E05009404,08-10,weekday,2,2025,4
E05009404,10-12,weekday,2,2025,6
E05009404,12-14,weekday,2,2025,8
E05009404,14-16,weekday,2,2025,9
E05009404,16-18,weekday,2,2025,9
E05009404,18-20,weekday,2,2025,8
E05009404,20-22,weekday,2,2025,6
E05009404,06-08,weekend,1,2025,1
E05009404,08-10,weekend,1,2025,1
E05009404,10-12,weekend,1,2025,1
E05009404,12-14,weekend,1,2025,4
E05009404,14-16,weekend,1,2025,6
E05009404,16-18,weekend,1,2025,6
E05009404,18-20,weekend,1,2025,4
E05009404,20-22,weekend,1,2025,3
E05009404,06-08,weekend,2,2025,1
E05009404,08-10,weekend,2,2025,2
E05009404,10-12,weekend,2,2025,1
E05009404,12-14,weekend,2,2025,3
E05009404,14-16,weekend,2,2025,6
E05009404,16-18,weekend,2,2025,6
E05009404,18-20,weekend,2,2025,4
E05009404,20-22,weekend,2,2025,3
E05009405,06-08,weekday,1,2025,2
E05009405,08-10,weekday,1,2025,4
E05009405,10-12,weekday,1,2025,6
E05009405,12-14,weekday,1,2025,8
E05009405,14-16,weekday,1,2025,9
E05009405,16-18,weekday,1,2025,9
E05009405,18-20,weekday,1,2025,8
E05009405,20-22,weekday,1,2025,6
E05009405,06-08,weekday,2,2025,2
E05009405,08-10,weekday,2,2025,4
E05009405,10-12,weekday,2,2025,6
E05009405,12-14,weekday,2,2025,8
E05009405,14-16,weekday,2,2025,9
E05009405,16-18,weekday,2,2025,9
E05009405,18-20,weekday,2,2025,8
E05009405,20-22,weekday,2,2025,6
E05009405,06-08,weekend,1,2025,1
E05009405,08-10,weekend,1,2025,1
E05009405,10-12,weekend,1,2025,1
E05009405,12-14,weekend,1,2025,4
E05009405,14-16,weekend,1,2025,6
E05009405,16-18,weekend,1,2025,6
E05009405,18-20,weekend,1,2025,4
E05009405,20-22,weekend,1,2025,3
E05009405,06-08,weekend,2,2025,1
E05009405,08-10,weekend,2,2025,2
E05009405,10-12,weekend,2,2025,1
E05009405,12-14,weekend,2,2025,3
E05009405,14-16,weekend,2,2025,6
E05009405,16-18,weekend,2,2025,6
E05009405,18-20,weekend,2,2025,4
E05009405,20-22,weekend,2,2025,3
E05011095,06-08,weekday,1,2025,2
E05011095,08-10,weekday,1,2025,4
E05011095,10-12,weekday,1,2025,6
E05011095,12-14,weekday,1,2025,8
E05011095,14-16,weekday,1,2025,9
E05011095,16-18,weekday,1,2025,9
E05011095,18-20,weekday,1,2025,8
E05011095,20-22,weekday,1,2025,6
E05011095,06-08,weekday,2,2025,2
E05011095,08-10,weekday,2,2025,4
E05011095,10-12,weekday,2,2025,6
E05011095,12-14,weekday,2,2025,8
E05011095,14-16,weekday,2,2025,9
E05011095,16-18,weekday,2,2025,9
E05011095,18-20,weekday,2,2025,8
E05011095,20-22,weekday,2,2025,6
E05011095,06-08,weekend,1,2025,1
E05011095,08-10,weekend,1,2025,1
E05011095,10-12,weekend,1,2025,1
E05011095,12-14,weekend,1,2025,4
E05011095,14-16,weekend,1,2025,6
E05011095,16-18,weekend,1,2025,6
E05011095,18-20,weekend,1,2025,4
E05011095,20-22,weekend,1,2025,3
E05011095,06-08,weekend,2,2025,1
E05011095,08-10,weekend,2,2025,2
E05011095,10-12,weekend,2,2025,1
E05011095,12-14,weekend,2,2025,3
E05011095,14-16,weekend,2,2025,6
E05011095,16-18,weekend,2,2025,6
E05011095,18-20,weekend,2,2025,4
E05011095,20-22,weekend,2,2025,3
E05011096,06-08,weekday,1,2025,2
E05011096,08-10,weekday,1,2025,4
E05011096,10-12,weekday,1,2025,6
E05011096,12-14,weekday,1,2025,8
E05011096,14-16,weekday,1,2025,9
E05011096,16-18,weekday,1,2025,9
E05011096,18-20,weekday,1,2025,8
E05011096,20-22,weekday,1,2025,6
E05011096,06-08,weekday,2,2025,2
E05011096,08-10,weekday,2,2025,4
E05011096,10-12,weekday,2,2025,6
E05011096,12-14,weekday,2,2025,8
E05011096,14-16,weekday,2,2025,9
E05011096,16-18,weekday,2,2025,9
E05011096,18-20,weekday,2,2025,8
E05011096,20-22,weekday,2,2025,6
E05011096,06-08,weekend,1,2025,1
E05011096,08-10,weekend,1,2025,1
E05011096,10-12,weekend,1,2025,1
E05011096,12-14,weekend,1,2025,4
E05011096,14-16,weekend,1,2025,6
E05011096,16-18,weekend,1,2025,6
E05011096,18-20,weekend,1,2025,4
E05011096,20-22,weekend,1,2025,3
E05011096,06-08,weekend,2,2025,1
E05011096,08-10,weekend,2,2025,2
E05011096,10-12,weekend,2,2025,1
E05011096,12-14,weekend,2,2025,3
E05011096,14-16,weekend,2,2025,6
E05011096,16-18,weekend,2,2025,6
E05011096,18-20,weekend,2,2025,4
E05011096,20-22,weekend,2,2025,3
E05011097,06-08,weekday,1,2025,2
E05011097,08-10,weekday,1,2025,4
E05011097,10-12,weekday,1,2025,6
E05011097,12-14,weekday,1,2025,8
E05011097,14-16,weekday,1,2025,9
E05011097,16-18,weekday,1,2025,9
E05011097,18-20,weekday,1,2025,8
E05011097,20-22,weekday,1,2025,6
E05011097,06-08,weekday,2,2025,2
E05011097,08-10,weekday,2,2025,4
E05011097,10-12,weekday,2,2025,6
E05011097,12-14,weekday,2,2025,8
E05011097,14-16,weekday,2,2025,9
E05011097,16-18,weekday,2,2025,9
E05011097,18-20,weekday,2,2025,8
E05011097,20-22,weekday,2,2025,6
E05011097,06-08,weekend,1,2025,1
E05011097,08-10,weekend,1,2025,1
E05011097,10-12,weekend,1,2025,1
E05011097,12-14,weekend,1,2025,4
E05011097,14-16,weekend,1,2025,6
E05011097,16-18,weekend,1,2025,6
E05011097,18-20,weekend,1,2025,4
E05011097,20-22,weekend,1,2025,3
E05011097,06-08,weekend,2,2025,1
E05011097,08-10,weekend,2,2025,2
E05011097,10-12,weekend,2,2025,1
E05011097,12-14,weekend,2,2025,3
E05011097,14-16,weekend,2,2025,6
E05011097,16-18,weekend,2,2025,6
E05011097,18-20,weekend,2,2025,4
E05011097,20-22,weekend,2,2025,3
E05011098,06-08,weekday,1,2025,4
E05011098,08-10,weekday,1,2025,7
E05011098,10-12,weekday,1,2025,9
E05011098,12-14,weekday,1,2025,12
E05011098,14-16,weekday,1,2025,14
E05011098,16-18,weekday,1,2025,14
E05011098,18-20,weekday,1,2025,12
E05011098,20-22,weekday,1,2025,9
E05011098,06-08,weekday,2,2025,4
E05011098,08-10,weekday,2,2025,7
E05011098,10-12,weekday,2,2025,9
E05011098,12-14,weekday,2,2025,12
E05011098,14-16,weekday,2,2025,14
E05011098,16-18,weekday,2,2025,14
E05011098,18-20,weekday,2,2025,12
E05011098,20-22,weekday,2,2025,9
E05011098,06-08,weekend,1,2025,1
E05011098,08-10,weekend,1,2025,1
E05011098,10-12,weekend,1,2025,1
E05011098,12-14,weekend,1,2025,7
E05011098,14-16,weekend,1,2025,9
E05011098,16-18,weekend,1,2025,9
E05011098,18-20,weekend,1,2025,7
E05011098,20-22,weekend,1,2025,5
E05011098,06-08,weekend,2,2025,2
E05011098,08-10,weekend,2,2025,4
E05011098,10-12,weekend,2,2025,1
E05011098,12-14,weekend,2,2025,6
E05011098,14-16,weekend,2,2025,9
E05011098,16-18,weekend,2,2025,9
E05011098,18-20,weekend,2,2025,7
E05011098,20-22,weekend,2,2025,2
E05011099,06-08,weekday,1,2025,2
E05011099,08-10,weekday,1,2025,4
E05011099,10-12,weekday,1,2025,6
E05011099,12-14,weekday,1,2025,8
E05011099,14-16,weekday,1,2025,9
E05011099,16-18,weekday,1,2025,9
E05011099,18-20,weekday,1,2025,8
E05011099,20-22,weekday,1,2025,6
E05011099,06-08,weekday,2,2025,2
E05011099,08-10,weekday,2,2025,4
E05011099,10-12,weekday,2,2025,6
E05011099,12-14,weekday,2,2025,8
E05011099,14-16,weekday,2,2025,9
E05011099,16-18,weekday,2,2025,9
E05011099,18-20,weekday,2,2025,8
E05011099,20-22,weekday,2,2025,6
E05011099,06-08,weekend,1,2025,1
E05011099,08-10,weekend,1,2025,1
E05011099,10-12,weekend,1,2025,1
E05011099,12-14,weekend,1,2025,4
E05011099,14-16,weekend,1,2025,6
E05011099,16-18,weekend,1,2025,6
E05011099,18-20,weekend,1,2025,4
E05011099,20-22,weekend,1,2025,3
E05011099,06-08,weekend,2,2025,1
E05011099,08-10,weekend,2,2025,2
E05011099,10-12,weekend,2,2025,1
E05011099,12-14,weekend,2,2025,3
E05011099,14-16,weekend,2,2025,6
E05011099,16-18,weekend,2,2025,6
E05011099,18-20,weekend,2,2025,4
E05011099,20-22,weekend,2,2025,3
E05011100,06-08,weekday,1,2025,2
E05011100,08-10,weekday,1,2025,4
E05011100,10-12,weekday,1,2025,6
E05011100,12-14,weekday,1,2025,8
E05011100,14-16,weekday,1,2025,9
E05011100,16-18,weekday,1,2025,9
E05011100,18-20,weekday,1,2025,8
E05011100,20-22,weekday,1,2025,6
E05011100,06-08,weekday,2,2025,2
E05011100,08-10,weekday,2,2025,4
E05011100,10-12,weekday,2,2025,6
E05011100,12-14,weekday,2,2025,8
E05011100,14-16,weekday,2,2025,9
E05011100,16-18,weekday,2,2025,9
E05011100,18-20,weekday,2,2025,8
E05011100,20-22,weekday,2,2025,6
E05011100,06-08,weekend,1,2025,1
E05011100,08-10,weekend,1,2025,1
E05011100,10-12,weekend,1,2025,1
E05011100,12-14,weekend,1,2025,4
E05011100,14-16,weekend,1,2025,6
E05011100,16-18,weekend,1,2025,6
E05011100,18-20,weekend,1,2025,4
E05011100,20-22,weekend,1,2025,3
E05011100,06-08,weekend,2,2025,1
E05011100,08-10,weekend,2,2025,2
E05011100,10-12,weekend,2,2025,1
E05011100,12-14,weekend,2,2025,3
E05011100,14-16,weekend,2,2025,6
E05011100,16-18,weekend,2,2025,6
E05011100,18-20,weekend,2,2025,4
E05011100,20-22,weekend,2,2025,3
E05011101,06-08,weekday,1,2025,2
E05011101,08-10,weekday,1,2025,4
E05011101,10-12,weekday,1,2025,6
E05011101,12-14,weekday,1,2025,8
E05011101,14-16,weekday,1,2025,9
E05011101,16-18,weekday,1,2025,9
E05011101,18-20,weekday,1,2025,8
E05011101,20-22,weekday,1,2025,6
E05011101,06-08,weekday,2,2025,2
E05011101,08-10,weekday,2,2025,4
E05011101,10-12,weekday,2,2025,6
E05011101,12-14,weekday,2,2025,8
E05011101,14-16,weekday,2,2025,9
E05011101,16-18,weekday,2,2025,9
E05011101,18-20,weekday,2,2025,8
E05011101,20-22,weekday,2,2025,6
E05011101,06-08,weekend,1,2025,1
E05011101,08-10,weekend,1,2025,1
E05011101,10-12,weekend,1,2025,1
E05011101,12-14,weekend,1,2025,4
E05011101,14-16,weekend,1,2025,6
E05011101,16-18,weekend,1,2025,6
E05011101,18-20,weekend,1,2025,4
E05011101,20-22,weekend,1,2025,3
E05011101,06-08,weekend,2,2025,1
E05011101,08-10,weekend,2,2025,1
E05011101,10-12,weekend,2,2025,1
E05011101,12-14,weekend,2,2025,4
E05011101,14-16,weekend,2,2025,6
E05011101,16-18,weekend,2,2025,6
E05011101,18-20,weekend,2,2025,4
E05011101,20-22,weekend,2,2025,3
E05011102,06-08,weekday,1,2025,2
E05011102,08-10,weekday,1,2025,4
E05011102,10-12,weekday,1,2025,6
E05011102,12-14,weekday,1,2025,8
E05011102,14-16,weekday,1,2025,9
E05011102,16-18,weekday,1,2025,9
E05011102,18-20,weekday,1,2025,8
E05011102,20-22,weekday,1,2025,6
E05011102,06-08,weekday,2,2025,2
E05011102,08-10,weekday,2,2025,4
E05011102,10-12,weekday,2,2025,6
E05011102,12-14,weekday,2,2025,8
E05011102,14-16,weekday,2,2025,9
E05011102,16-18,weekday,2,2025,9
E05011102,18-20,weekday,2,2025,8
E05011102,20-22,weekday,2,2025,6
E05011102,06-08,weekend,1,2025,1
E05011102,08-10,weekend,1,2025,1
E05011102,10-12,weekend,1,2025,1
E05011102,12-14,weekend,1,2025,4
E05011102,14-16,weekend,1,2025,6
E05011102,16-18,weekend,1,2025,6
E05011102,18-20,weekend,1,2025,4
E05011102,20-22,weekend,1,2025,3
E05011102,06-08,weekend,2,2025,1
E05011102,08-10,weekend,2,2025,2
E05011102,10-12,weekend,2,2025,1
E05011102,12-14,weekend,2,2025,3
E05011102,14-16,weekend,2,2025,6
E05011102,16-18,weekend,2,2025,6
E05011102,18-20,weekend,2,2025,4
E05011102,20-22,weekend,2,2025,3
E05011103,06-08,weekday,1,2025,2
E05011103,08-10,weekday,1,2025,4
E05011103,10-12,weekday,1,2025,6
E05011103,12-14,weekday,1,2025,8
E05011103,14-16,weekday,1,2025,9
E05011103,16-18,weekday,1,2025,9
E05011103,18-20,weekday,1,2025,8
E05011103,20-22,weekday,1,2025,6
E05011103,06-08,weekday,2,2025,2
E05011103,08-10,weekday,2,2025,4
E05011103,10-12,weekday,2,2025,6
E05011103,12-14,weekday,2,2025,8
E05011103,14-16,weekday,2,2025,9
E05011103,16-18,weekday,2,2025,9
E05011103,18-20,weekday,2,2025,8
E05011103,20-22,weekday,2,2025,6
E05011103,06-08,weekend,1,2025,1
E05011103,08-10,weekend,1,2025,1
E05011103,10-12,weekend,1,2025,1
E05011103,12-14,weekend,1,2025,4
E05011103,14-16,weekend,1,2025,6
E05011103,16-18,weekend,1,2025,6
E05011103,18-20,weekend,1,2025,4
E05011103,20-22,weekend,1,2025,3
E05011103,06-08,weekend,2,2025,1
E05011103,08-10,weekend,2,2025,2
E05011103,10-12,weekend,2,2025,1
E05011103,12-14,weekend,2,2025,3
E05011103,14-16,weekend,2,2025,6
E05011103,16-18,weekend,2,2025,6
E05011103,18-20,weekend,2,2025,4
E05011103,20-22,weekend,2,2025,3
E05011104,06-08,weekday,1,2025,2
E05011104,08-10,weekday,1,2025,4
E05011104,10-12,weekday,1,2025,6
E05011104,12-14,weekday,1,2025,8
E05011104,14-16,weekday,1,2025,9
E05011104,16-18,weekday,1,2025,9
E05011104,18-20,weekday,1,2025,8
E05011104,20-22,weekday,1,2025,6
E05011104,06-08,weekday,2,2025,2
E05011104,08-10,weekday,2,2025,4
E05011104,10-12,weekday,2,2025,6
E05011104,12-14,weekday,2,2025,8
E05011104,14-16,weekday,2,2025,9
E05011104,16-18,weekday,2,2025,9
E05011104,18-20,weekday,2,2025,8
E05011104,20-22,weekday,2,2025,6
E05011104,06-08,weekend,1,2025,1
E05011104,08-10,weekend,1,2025,1
E05011104,10-12,weekend,1,2025,1
E05011104,12-14,weekend,1,2025,4
E05011104,14-16,weekend,1,2025,6
E05011104,16-18,weekend,1,2025,6
E05011104,18-20,weekend,1,2025,4
E05011104,20-22,weekend,1,2025,3
E05011104,06-08,weekend,2,2025,1
E05011104,08-10,weekend,2,2025,2
E05011104,10-12,weekend,2,2025,1
E05011104,12-14,weekend,2,2025,3
E05011104,14-16,weekend,2,2025,6
E05011104,16-18,weekend,2,2025,6
E05011104,18-20,weekend,2,2025,4
E05011104,20-22,weekend,2,2025,3
E05011105,06-08,weekday,1,2025,2
E05011105,08-10,weekday,1,2025,4
E05011105,10-12,weekday,1,2025,6
E05011105,12-14,weekday,1,2025,8
E05011105,14-16,weekday,1,2025,9
E05011105,16-18,weekday,1,2025,9
E05011105,18-20,weekday,1,2025,8
E05011105,20-22,weekday,1,2025,6
E05011105,06-08,weekday,2,2025,2
E05011105,08-10,weekday,2,2025,4
E05011105,10-12,weekday,2,2025,6
E05011105,12-14,weekday,2,2025,8
E05011105,14-16,weekday,2,2025,9
E05011105,16-18,weekday,2,2025,9
E05011105,18-20,weekday,2,2025,8
E05011105,20-22,weekday,2,2025,6
E05011105,06-08,weekend,1,2025,1
E05011105,08-10,weekend,1,2025,1
E05011105,10-12,weekend,1,2025,1
E05011105,12-14,weekend,1,2025,4
E05011105,14-16,weekend,1,2025,6
E05011105,16-18,weekend,1,2025,6
E05011105,18-20,weekend,1,2025,4
E05011105,20-22,weekend,1,2025,3
E05011105,06-08,weekend,2,2025,1
E05011105,08-10,weekend,2,2025,2
E05011105,10-12,weekend,2,2025,1
E05011105,12-14,weekend,2,2025,3
E05011105,14-16,weekend,2,2025,6
E05011105,16-18,weekend,2,2025,6
E05011105,18-20,weekend,2,2025,4
E05011105,20-22,weekend,2,2025,3
E05011106,06-08,weekday,1,2025,2
E05011106,08-10,weekday,1,2025,4
E05011106,10-12,weekday,1,2025,6
E05011106,12-14,weekday,1,2025,8
E05011106,14-16,weekday,1,2025,9
E05011106,16-18,weekday,1,2025,9
E05011106,18-20,weekday,1,2025,8
E05011106,20-22,weekday,1,2025,6
E05011106,06-08,weekday,2,2025,2
E05011106,08-10,weekday,2,2025,4
E05011106,10-12,weekday,2,2025,6
E05011106,12-14,weekday,2,2025,8
E05011106,14-16,weekday,2,2025,9
E05011106,16-18,weekday,2,2025,9
E05011106,18-20,weekday,2,2025,8
E05011106,20-22,weekday,2,2025,6
E05011106,06-08,weekend,1,2025,1
E05011106,08-10,weekend,1,2025,1
E05011106,10-12,weekend,1,2025,1
E05011106,12-14,weekend,1,2025,4
E05011106,14-16,weekend,1,2025,6
E05011106,16-18,weekend,1,2025,6
E05011106,18-20,weekend,1,2025,4
E05011106,20-22,weekend,1,2025,3
E05011106,06-08,weekend,2,2025,1
E05011106,08-10,weekend,2,2025,2
E05011106,10-12,weekend,2,2025,1
E05011106,12-14,weekend,2,2025,3
E05011106,14-16,weekend,2,2025,6
E05011106,16-18,weekend,2,2025,6
E05011106,18-20,weekend,2,2025,4
E05011106,20-22,weekend,2,2025,3
E05011107,06-08,weekday,1,2025,2
E05011107,08-10,weekday,1,2025,4
E05011107,10-12,weekday,1,2025,6
E05011107,12-14,weekday,1,2025,8
E05011107,14-16,weekday,1,2025,9
E05011107,16-18,weekday,1,2025,9
E05011107,18-20,weekday,1,2025,8
E05011107,20-22,weekday,1,2025,6
E05011107,06-08,weekday,2,2025,2
E05011107,08-10,weekday,2,2025,4
E05011107,10-12,weekday,2,2025,6
E05011107,12-14,weekday,2,2025,8
E05011107,14-16,weekday,2,2025,9
E05011107,16-18,weekday,2,2025,9
E05011107,18-20,weekday,2,2025,8
E05011107,20-22,weekday,2,2025,6
E05011107,06-08,weekend,1,2025,1
E05011107,08-10,weekend,1,2025,1
E05011107,10-12,weekend,1,2025,1
E05011107,12-14,weekend,1,2025,4
E05011107,14-16,weekend,1,2025,6
E05011107,16-18,weekend,1,2025,6
E05011107,18-20,weekend,1,2025,4
E05011107,20-22,weekend,1,2025,3
E05011107,06-08,weekend,2,2025,1
E05011107,08-10,weekend,2,2025,2
E05011107,10-12,weekend,2,2025,1
E05011107,12-14,weekend,2,2025,3
E05011107,14-16,weekend,2,2025,6
E05011107,16-18,weekend,2,2025,6
E05011107,18-20,weekend,2,2025,4
E05011107,20-22,weekend,2,2025,3
E05011108,06-08,weekday,1,2025,2
E05011108,08-10,weekday,1,2025,4
E05011108,10-12,weekday,1,2025,6
E05011108,12-14,weekday,1,2025,8
E05011108,14-16,weekday,1,2025,9
E05011108,16-18,weekday,1,2025,9
E05011108,18-20,weekday,1,2025,8
E05011108,20-22,weekday,1,2025,6
E05011108,06-08,weekday,2,2025,2
E05011108,08-10,weekday,2,2025,4
E05011108,10-12,weekday,2,2025,6
E05011108,12-14,weekday,2,2025,8
E05011108,14-16,weekday,2,2025,9
E05011108,16-18,weekday,2,2025,9
E05011108,18-20,weekday,2,2025,8
E05011108,20-22,weekday,2,2025,6
E05011108,06-08,weekend,1,2025,1
E05011108,08-10,weekend,1,2025,1
E05011108,10-12,weekend,1,2025,1
E05011108,12-14,weekend,1,2025,4
E05011108,14-16,weekend,1,2025,6
E05011108,16-18,weekend,1,2025,6
E05011108,18-20,weekend,1,2025,4
E05011108,20-22,weekend,1,2025,3
E05011108,06-08,weekend,2,2025,1
E05011108,08-10,weekend,2,2025,2
E05011108,10-12,weekend,2,2025,1
E05011108,12-14,weekend,2,2025,3
E05011108,14-16,weekend,2,2025,6
E05011108,16-18,weekend,2,2025,6
E05011108,18-20,weekend,2,2025,4
E05011108,20-22,weekend,2,2025,3
E05011109,06-08,weekday,1,2025,2
E05011109,08-10,weekday,1,2025,4
E05011109,10-12,weekday,1,2025,6
E05011109,12-14,weekday,1,2025,8
E05011109,14-16,weekday,1,2025,9
E05011109,16-18,weekday,1,2025,9
E05011109,18-20,weekday,1,2025,8
E05011109,20-22,weekday,1,2025,6
E05011109,06-08,weekday,2,2025,2
E05011109,08-10,weekday,2,2025,4
E05011109,10-12,weekday,2,2025,6
E05011109,12-14,weekday,2,2025,8
E05011109,14-16,weekday,2,2025,9
E05011109,16-18,weekday,2,2025,9
E05011109,18-20,weekday,2,2025,8
E05011109,20-22,weekday,2,2025,6
E05011109,06-08,weekend,1,2025,1
E05011109,08-10,weekend,1,2025,1
E05011109,10-12,weekend,1,2025,1
E05011109,12-14,weekend,1,2025,4
E05011109,14-16,weekend,1,2025,6
E05011109,16-18,weekend,1,2025,6
E05011109,18-20,weekend,1,2025,4
E05011109,20-22,weekend,1,2025,3
E05011109,06-08,weekend,2,2025,1
E05011109,08-10,weekend,2,2025,2
E05011109,10-12,weekend,2,2025,1
E05011109,12-14,weekend,2,2025,3
E05011109,14-16,weekend,2,2025,6
E05011109,16-18,weekend,2,2025,6
E05011109,18-20,weekend,2,2025,4
E05011109,20-22,weekend,2,2025,3
E05011110,06-08,weekday,1,2025,2
E05011110,08-10,weekday,1,2025,4
E05011110,10-12,weekday,1,2025,6
E05011110,12-14,weekday,1,2025,8
E05011110,14-16,weekday,1,2025,9
E05011110,16-18,weekday,1,2025,9
E05011110,18-20,weekday,1,2025,8
E05011110,20-22,weekday,1,2025,6
E05011110,06-08,weekday,2,2025,2
E05011110,08-10,weekday,2,2025,4
E05011110,10-12,weekday,2,2025,6
E05011110,12-14,weekday,2,2025,8
E05011110,14-16,weekday,2,2025,9
E05011110,16-18,weekday,2,2025,9
E05011110,18-20,weekday,2,2025,8
E05011110,20-22,weekday,2,2025,6
E05011110,06-08,weekend,1,2025,1
E05011110,08-10,weekend,1,2025,1
E05011110,10-12,weekend,1,2025,1
E05011110,12-14,weekend,1,2025,4
E05011110,14-16,weekend,1,2025,6
E05011110,16-18,weekend,1,2025,6
E05011110,18-20,weekend,1,2025,4
E05011110,20-22,weekend,1,2025,3
E05011110,06-08,weekend,2,2025,1
E05011110,08-10,weekend,2,2025,2
E05011110,10-12,weekend,2,2025,1
E05011110,12-14,weekend,2,2025,3
E05011110,14-16,weekend,2,2025,6
E05011110,16-18,weekend,2,2025,6
E05011110,18-20,weekend,2,2025,4
E05011110,20-22,weekend,2,2025,3
E05011111,06-08,weekday,1,2025,2
E05011111,08-10,weekday,1,2025,4
E05011111,10-12,weekday,1,2025,6
E05011111,12-14,weekday,1,2025,8
E05011111,14-16,weekday,1,2025,9
E05011111,16-18,weekday,1,2025,9
E05011111,18-20,weekday,1,2025,8
E05011111,20-22,weekday,1,2025,6
E05011111,06-08,weekday,2,2025,2
E05011111,08-10,weekday,2,2025,4
E05011111,10-12,weekday,2,2025,6
E05011111,12-14,weekday,2,2025,8
E05011111,14-16,weekday,2,2025,9
E05011111,16-18,weekday,2,2025,9
E05011111,18-20,weekday,2,2025,8
E05011111,20-22,weekday,2,2025,6
E05011111,06-08,weekend,1,2025,1
E05011111,08-10,weekend,1,2025,1
E05011111,10-12,weekend,1,2025,1
E05011111,12-14,weekend,1,2025,4
E05011111,14-16,weekend,1,2025,6
E05011111,16-18,weekend,1,2025,6
E05011111,18-20,weekend,1,2025,4
E05011111,20-22,weekend,1,2025,3
E05011111,06-08,weekend,2,2025,1
E05011111,08-10,weekend,2,2025,2
E05011111,10-12,weekend,2,2025,1
E05011111,12-14,weekend,2,2025,3
E05011111,14-16,weekend,2,2025,6
E05011111,16-18,weekend,2,2025,6
E05011111,18-20,weekend,2,2025,4
E05011111,20-22,weekend,2,2025,3
E05011112,06-08,weekday,1,2025,2
E05011112,08-10,weekday,1,2025,4
E05011112,10-12,weekday,1,2025,6
E05011112,12-14,weekday,1,2025,8
E05011112,14-16,weekday,1,2025,9
E05011112,16-18,weekday,1,2025,9
E05011112,18-20,weekday,1,2025,8
E05011112,20-22,weekday,1,2025,6
E05011112,06-08,weekday,2,2025,2
E05011112,08-10,weekday,2,2025,4
E05011112,10-12,weekday,2,2025,6
E05011112,12-14,weekday,2,2025,8
E05011112,14-16,weekday,2,2025,9
E05011112,16-18,weekday,2,2025,9
E05011112,18-20,weekday,2,2025,8
E05011112,20-22,weekday,2,2025,6
E05011112,06-08,weekend,1,2025,1
E05011112,08-10,weekend,1,2025,1
E05011112,10-12,weekend,1,2025,1
E05011112,12-14,weekend,1,2025,4
E05011112,14-16,weekend,1,2025,6
E05011112,16-18,weekend,1,2025,6
E05011112,18-20,weekend,1,2025,4
E05011112,20-22,weekend,1,2025,3
E05011112,06-08,weekend,2,2025,1
E05011112,08-10,weekend,2,2025,2
E05011112,10-12,weekend,2,2025,1
E05011112,12-14,weekend,2,2025,3
E05011112,14-16,weekend,2,2025,6
E05011112,16-18,weekend,2,2025,6
E05011112,18-20,weekend,2,2025,4
E05011112,20-22,weekend,2,2025,3
E05011113,06-08,weekday,1,2025,2
E05011113,08-10,weekday,1,2025,4
E05011113,10-12,weekday,1,2025,6
E05011113,12-14,weekday,1,2025,8
E05011113,14-16,weekday,1,2025,9
E05011113,16-18,weekday,1,2025,9
E05011113,18-20,weekday,1,2025,8
E05011113,20-22,weekday,1,2025,6
E05011113,06-08,weekday,2,2025,2
E05011113,08-10,weekday,2,2025,4
E05011113,10-12,weekday,2,2025,6
E05011113,12-14,weekday,2,2025,8
E05011113,14-16,weekday,2,2025,9
E05011113,16-18,weekday,2,2025,9
E05011113,18-20,weekday,2,2025,8
E05011113,20-22,weekday,2,2025,6
E05011113,06-08,weekend,1,2025,1
E05011113,08-10,weekend,1,2025,1
E05011113,10-12,weekend,1,2025,1
E05011113,12-14,weekend,1,2025,4
E05011113,14-16,weekend,1,2025,6
E05011113,16-18,weekend,1,2025,6
E05011113,18-20,weekend,1,2025,4
E05011113,20-22,weekend,1,2025,3
E05011113,06-08,weekend,2,2025,1
E05011113,08-10,weekend,2,2025,2
E05011113,10-12,weekend,2,2025,1
E05011113,12-14,weekend,2,2025,3
E05011113,14-16,weekend,2,2025,6
E05011113,16-18,weekend,2,2025,6
E05011113,18-20,weekend,2,2025,4
E05011113,20-22,weekend,2,2025,3
E05011114,06-08,weekday,1,2025,2
E05011114,08-10,weekday,1,2025,4
E05011114,10-12,weekday,1,2025,6
E05011114,12-14,weekday,1,2025,8
E05011114,14-16,weekday,1,2025,9
E05011114,16-18,weekday,1,2025,9
E05011114,18-20,weekday,1,2025,8
E05011114,20-22,weekday,1,2025,6
E05011114,06-08,weekday,2,2025,2
E05011114,08-10,weekday,2,2025,4
E05011114,10-12,weekday,2,2025,6
E05011114,12-14,weekday,2,2025,8
E05011114,14-16,weekday,2,2025,9
E05011114,16-18,weekday,2,2025,9
E05011114,18-20,weekday,2,2025,8
E05011114,20-22,weekday,2,2025,6
E05011114,06-08,weekend,1,2025,1
E05011114,08-10,weekend,1,2025,1
E05011114,10-12,weekend,1,2025,1
E05011114,12-14,weekend,1,2025,4
E05011114,14-16,weekend,1,2025,6
E05011114,16-18,weekend,1,2025,6
E05011114,18-20,weekend,1,2025,4
E05011114,20-22,weekend,1,2025,3
E05011114,06-08,weekend,2,2025,1
E05011114,08-10,weekend,2,2025,2
E05011114,10-12,weekend,2,2025,1
E05011114,12-14,weekend,2,2025,3
E05011114,14-16,weekend,2,2025,6
E05011114,16-18,weekend,2,2025,6
E05011114,18-20,weekend,2,2025,4
E05011114,20-22,weekend,2,2025,3
E05011115,06-08,weekday,1,2025,2
E05011115,08-10,weekday,1,2025,4
E05011115,10-12,weekday,1,2025,6
E05011115,12-14,weekday,1,2025,8
E05011115,14-16,weekday,1,2025,9
E05011115,16-18,weekday,1,2025,9
E05011115,18-20,weekday,1,2025,8
E05011115,20-22,weekday,1,2025,6
E05011115,06-08,weekday,2,2025,2
E05011115,08-10,weekday,2,2025,4
E05011115,10-12,weekday,2,2025,6
E05011115,12-14,weekday,2,2025,8
E05011115,14-16,weekday,2,2025,9
E05011115,16-18,weekday,2,2025,9
E05011115,18-20,weekday,2,2025,8
E05011115,20-22,weekday,2,2025,6
E05011115,06-08,weekend,1,2025,1
E05011115,08-10,weekend,1,2025,1
E05011115,10-12,weekend,1,2025,1
E05011115,12-14,weekend,1,2025,4
E05011115,14-16,weekend,1,2025,6
E05011115,16-18,weekend,1,2025,6
E05011115,18-20,weekend,1,2025,4
E05011115,20-22,weekend,1,2025,3
E05011115,06-08,weekend,2,2025,1
E05011115,08-10,weekend,2,2025,2
E05011115,10-12,weekend,2,2025,1
E05011115,12-14,weekend,2,2025,3
E05011115,14-16,weekend,2,2025,6
E05011115,16-18,weekend,2,2025,6
E05011115,18-20,weekend,2,2025,4
E05011115,20-22,weekend,2,2025,3
E05011116,06-08,weekday,1,2025,2
E05011116,08-10,weekday,1,2025,4
E05011116,10-12,weekday,1,2025,6
E05011116,12-14,weekday,1,2025,8
E05011116,14-16,weekday,1,2025,9
E05011116,16-18,weekday,1,2025,9
E05011116,18-20,weekday,1,2025,8
E05011116,20-22,weekday,1,2025,6
E05011116,06-08,weekday,2,2025,2
E05011116,08-10,weekday,2,2025,4
E05011116,10-12,weekday,2,2025,6
E05011116,12-14,weekday,2,2025,8
E05011116,14-16,weekday,2,2025,9
E05011116,16-18,weekday,2,2025,9
E05011116,18-20,weekday,2,2025,8
E05011116,20-22,weekday,2,2025,6
E05011116,06-08,weekend,1,2025,1
E05011116,08-10,weekend,1,2025,1
E05011116,10-12,weekend,1,2025,1
E05011116,12-14,weekend,1,2025,4
E05011116,14-16,weekend,1,2025,6
E05011116,16-18,weekend,1,2025,6
E05011116,18-20,weekend,1,2025,4
E05011116,20-22,weekend,1,2025,3
E05011116,06-08,weekend,2,2025,1
E05011116,08-10,weekend,2,2025,2
E05011116,10-12,weekend,2,2025,1
E05011116,12-14,weekend,2,2025,3
E05011116,14-16,weekend,2,2025,6
E05011116,16-18,weekend,2,2025,6
E05011116,18-20,weekend,2,2025,4
E05011116,20-22,weekend,2,2025,3
E05011117,06-08,weekday,1,2025,2
E05011117,08-10,weekday,1,2025,4
E05011117,10-12,weekday,1,2025,6
E05011117,12-14,weekday,1,2025,8
E05011117,14-16,weekday,1,2025,9
E05011117,16-18,weekday,1,2025,9
E05011117,18-20,weekday,1,2025,8
E05011117,20-22,weekday,1,2025,6
E05011117,06-08,weekday,2,2025,2
E05011117,08-10,weekday,2,2025,4
E05011117,10-12,weekday,2,2025,6
E05011117,12-14,weekday,2,2025,8
E05011117,14-16,weekday,2,2025,9
E05011117,16-18,weekday,2,2025,9
E05011117,18-20,weekday,2,2025,8
E05011117,20-22,weekday,2,2025,6
E05011117,06-08,weekend,1,2025,1
E05011117,08-10,weekend,1,2025,1
E05011117,10-12,weekend,1,2025,1
E05011117,12-14,weekend,1,2025,4
E05011117,14-16,weekend,1,2025,6
E05011117,16-18,weekend,1,2025,6
E05011117,18-20,weekend,1,2025,4
E05011117,20-22,weekend,1,2025,3
E05011117,06-08,weekend,2,2025,1
E05011117,08-10,weekend,2,2025,2
E05011117,10-12,weekend,2,2025,1
E05011117,12-14,weekend,2,2025,3
E05011117,14-16,weekend,2,2025,6
E05011117,16-18,weekend,2,2025,6
E05011117,18-20,weekend,2,2025,4
E05011117,20-22,weekend,2,2025,3
E05011217,06-08,weekday,1,2025,2
E05011217,08-10,weekday,1,2025,4
E05011217,10-12,weekday,1,2025,6
E05011217,12-14,weekday,1,2025,8
E05011217,14-16,weekday,1,2025,9
E05011217,16-18,weekday,1,2025,9
E05011217,18-20,weekday,1,2025,8
E05011217,20-22,weekday,1,2025,6
E05011217,06-08,weekday,2,2025,2
E05011217,08-10,weekday,2,2025,4
E05011217,10-12,weekday,2,2025,6
E05011217,12-14,weekday,2,2025,8
E05011217,14-16,weekday,2,2025,9
E05011217,16-18,weekday,2,2025,9
E05011217,18-20,weekday,2,2025,8
E05011217,20-22,weekday,2,2025,6
E05011217,06-08,weekend,1,2025,1
E05011217,08-10,weekend,1,2025,1
E05011217,10-12,weekend,1,2025,1
E05011217,12-14,weekend,1,2025,4
E05011217,14-16,weekend,1,2025,6
E05011217,16-18,weekend,1,2025,6
E05011217,18-20,weekend,1,2025,4
E05011217,20-22,weekend,1,2025,3
E05011217,06-08,weekend,2,2025,1
E05011217,08-10,weekend,2,2025,1
E05011217,10-12,weekend,2,2025,1
E05011217,12-14,weekend,2,2025,4
E05011217,14-16,weekend,2,2025,6
E05011217,16-18,weekend,2,2025,6
E05011217,18-20,weekend,2,2025,4
E05011217,20-22,weekend,2,2025,3
E05011218,06-08,weekday,1,2025,2
E05011218,08-10,weekday,1,2025,4
E05011218,10-12,weekday,1,2025,6
E05011218,12-14,weekday,1,2025,8
E05011218,14-16,weekday,1,2025,9
E05011218,16-18,weekday,1,2025,9
E05011218,18-20,weekday,1,2025,8
E05011218,20-22,weekday,1,2025,6
E05011218,06-08,weekday,2,2025,2
E05011218,08-10,weekday,2,2025,4
E05011218,10-12,weekday,2,2025,6
E05011218,12-14,weekday,2,2025,8
E05011218,14-16,weekday,2,2025,9
E05011218,16-18,weekday,2,2025,9
E05011218,18-20,weekday,2,2025,8
E05011218,20-22,weekday,2,2025,6
E05011218,06-08,weekend,1,2025,1
E05011218,08-10,weekend,1,2025,1
E05011218,10-12,weekend,1,2025,1
E05011218,12-14,weekend,1,2025,4
E05011218,14-16,weekend,1,2025,6
E05011218,16-18,weekend,1,2025,6
E05011218,18-20,weekend,1,2025,4
E05011218,20-22,weekend,1,2025,3
E05011218,06-08,weekend,2,2025,1
E05011218,08-10,weekend,2,2025,2
E05011218,10-12,weekend,2,2025,1
E05011218,12-14,weekend,2,2025,3
E05011218,14-16,weekend,2,2025,6
E05011218,16-18,weekend,2,2025,6
E05011218,18-20,weekend,2,2025,4
E05011218,20-22,weekend,2,2025,3
E05011219,06-08,weekday,1,2025,2
E05011219,08-10,weekday,1,2025,4
E05011219,10-12,weekday,1,2025,6
E05011219,12-14,weekday,1,2025,8
E05011219,14-16,weekday,1,2025,9
E05011219,16-18,weekday,1,2025,9
E05011219,18-20,weekday,1,2025,8
E05011219,20-22,weekday,1,2025,6
E05011219,06-08,weekday,2,2025,2
E05011219,08-10,weekday,2,2025,4
E05011219,10-12,weekday,2,2025,6
E05011219,12-14,weekday,2,2025,8
E05011219,14-16,weekday,2,2025,9
E05011219,16-18,weekday,2,2025,9
E05011219,18-20,weekday,2,2025,8
E05011219,20-22,weekday,2,2025,6
E05011219,06-08,weekend,1,2025,1
E05011219,08-10,weekend,1,2025,1
E05011219,10-12,weekend,1,2025,1
E05011219,12-14,weekend,1,2025,4
E05011219,14-16,weekend,1,2025,6
E05011219,16-18,weekend,1,2025,6
E05011219,18-20,weekend,1,2025,4
E05011219,20-22,weekend,1,2025,3
E05011219,06-08,weekend,2,2025,1
E05011219,08-10,weekend,2,2025,1
E05011219,10-12,weekend,2,2025,1
E05011219,12-14,weekend,2,2025,4
E05011219,14-16,weekend,2,2025,6
E05011219,16-18,weekend,2,2025,6
E05011219,18-20,weekend,2,2025,4
E05011219,20-22,weekend,2,2025,3
E05011220,06-08,weekday,1,2025,2
E05011220,08-10,weekday,1,2025,4
E05011220,10-12,weekday,1,2025,6
E05011220,12-14,weekday,1,2025,8
E05011220,14-16,weekday,1,2025,9
E05011220,16-18,weekday,1,2025,9
E05011220,18-20,weekday,1,2025,8
E05011220,20-22,weekday,1,2025,6
E05011220,06-08,weekday,2,2025,2
E05011220,08-10,weekday,2,2025,4
E05011220,10-12,weekday,2,2025,6
E05011220,12-14,weekday,2,2025,8
E05011220,14-16,weekday,2,2025,9
E05011220,16-18,weekday,2,2025,9
E05011220,18-20,weekday,2,2025,8
E05011220,20-22,weekday,2,2025,6
E05011220,06-08,weekend,1,2025,1
E05011220,08-10,weekend,1,2025,1
E05011220,10-12,weekend,1,2025,1
E05011220,12-14,weekend,1,2025,4
E05011220,14-16,weekend,1,2025,6
E05011220,16-18,weekend,1,2025,6
E05011220,18-20,weekend,1,2025,4
E05011220,20-22,weekend,1,2025,3
E05011220,06-08,weekend,2,2025,1
E05011220,08-10,weekend,2,2025,2
E05011220,10-12,weekend,2,2025,1
E05011220,12-14,weekend,2,2025,3
E05011220,14-16,weekend,2,2025,6
E05011220,16-18,weekend,2,2025,6
E05011220,18-20,weekend,2,2025,4
E05011220,20-22,weekend,2,2025,3
E05011221,06-08,weekday,1,2025,2
E05011221,08-10,weekday,1,2025,4
E05011221,10-12,weekday,1,2025,6
E05011221,12-14,weekday,1,2025,8
E05011221,14-16,weekday,1,2025,9
E05011221,16-18,weekday,1,2025,9
E05011221,18-20,weekday,1,2025,8
E05011221,20-22,weekday,1,2025,6
E05011221,06-08,weekday,2,2025,2
E05011221,08-10,weekday,2,2025,4
E05011221,10-12,weekday,2,2025,6
E05011221,12-14,weekday,2,2025,8
E05011221,14-16,weekday,2,2025,9
E05011221,16-18,weekday,2,2025,9
E05011221,18-20,weekday,2,2025,8
E05011221,20-22,weekday,2,2025,6
E05011221,06-08,weekend,1,2025,1
E05011221,08-10,weekend,1,2025,1
E05011221,10-12,weekend,1,2025,1
E05011221,12-14,weekend,1,2025,4
E05011221,14-16,weekend,1,2025,6
E05011221,16-18,weekend,1,2025,6
E05011221,18-20,weekend,1,2025,4
E05011221,20-22,weekend,1,2025,3
E05011221,06-08,weekend,2,2025,1
E05011221,08-10,weekend,2,2025,2
E05011221,10-12,weekend,2,2025,1
E05011221,12-14,weekend,2,2025,3
E05011221,14-16,weekend,2,2025,6
E05011221,16-18,weekend,2,2025,6
E05011221,18-20,weekend,2,2025,4
E05011221,20-22,weekend,2,2025,3
E05011222,06-08,weekday,1,2025,2
E05011222,08-10,weekday,1,2025,4
E05011222,10-12,weekday,1,2025,6
E05011222,12-14,weekday,1,2025,8
E05011222,14-16,weekday,1,2025,9
E05011222,16-18,weekday,1,2025,9
E05011222,18-20,weekday,1,2025,8
E05011222,20-22,weekday,1,2025,6
E05011222,06-08,weekday,2,2025,2
E05011222,08-10,weekday,2,2025,4
E05011222,10-12,weekday,2,2025,6
E05011222,12-14,weekday,2,2025,8
E05011222,14-16,weekday,2,2025,9
E05011222,16-18,weekday,2,2025,9
E05011222,18-20,weekday,2,2025,8
E05011222,20-22,weekday,2,2025,6
E05011222,06-08,weekend,1,2025,1
E05011222,08-10,weekend,1,2025,1
E05011222,10-12,weekend,1,2025,1
E05011222,12-14,weekend,1,2025,4
E05011222,14-16,weekend,1,2025,6
E05011222,16-18,weekend,1,2025,6
E05011222,18-20,weekend,1,2025,4
E05011222,20-22,weekend,1,2025,3
E05011222,06-08,weekend,2,2025,1
E05011222,08-10,weekend,2,2025,2
E05011222,10-12,weekend,2,2025,1
E05011222,12-14,weekend,2,2025,3
E05011222,14-16,weekend,2,2025,6
E05011222,16-18,weekend,2,2025,6
E05011222,18-20,weekend,2,2025,4
E05011222,20-22,weekend,2,2025,3
E05011223,06-08,weekday,1,2025,2
E05011223,08-10,weekday,1,2025,4
E05011223,10-12,weekday,1,2025,6
E05011223,12-14,weekday,1,2025,8
E05011223,14-16,weekday,1,2025,9
E05011223,16-18,weekday,1,2025,9
E05011223,18-20,weekday,1,2025,8
E05011223,20-22,weekday,1,2025,6
E05011223,06-08,weekday,2,2025,2
E05011223,08-10,weekday,2,2025,4
E05011223,10-12,weekday,2,2025,6
E05011223,12-14,weekday,2,2025,8
E05011223,14-16,weekday,2,2025,9
E05011223,16-18,weekday,2,2025,9
E05011223,18-20,weekday,2,2025,8
E05011223,20-22,weekday,2,2025,6
E05011223,06-08,weekend,1,2025,1
E05011223,08-10,weekend,1,2025,1
E05011223,10-12,weekend,1,2025,1
E05011223,12-14,weekend,1,2025,4
E05011223,14-16,weekend,1,2025,6
E05011223,16-18,weekend,1,2025,6
E05011223,18-20,weekend,1,2025,4
E05011223,20-22,weekend,1,2025,3
E05011223,06-08,weekend,2,2025,1
E05011223,08-10,weekend,2,2025,2
E05011223,10-12,weekend,2,2025,1
E05011223,12-14,weekend,2,2025,3
E05011223,14-16,weekend,2,2025,6
E05011223,16-18,weekend,2,2025,6
E05011223,18-20,weekend,2,2025,4
E05011223,20-22,weekend,2,2025,3
E05011224,06-08,weekday,1,2025,2
E05011224,08-10,weekday,1,2025,4
E05011224,10-12,weekday,1,2025,6
E05011224,12-14,weekday,1,2025,8
E05011224,14-16,weekday,1,2025,9
E05011224,16-18,weekday,1,2025,9
E05011224,18-20,weekday,1,2025,8
E05011224,20-22,weekday,1,2025,6
E05011224,06-08,weekday,2,2025,2
E05011224,08-10,weekday,2,2025,4
E05011224,10-12,weekday,2,2025,6
E05011224,12-14,weekday,2,2025,8
E05011224,14-16,weekday,2,2025,9
E05011224,16-18,weekday,2,2025,9
E05011224,18-20,weekday,2,2025,8
E05011224,20-22,weekday,2,2025,6
E05011224,06-08,weekend,1,2025,1
E05011224,08-10,weekend,1,2025,1
E05011224,10-12,weekend,1,2025,1
E05011224,12-14,weekend,1,2025,4
E05011224,14-16,weekend,1,2025,6
E05011224,16-18,weekend,1,2025,6
E05011224,18-20,weekend,1,2025,4
E05011224,20-22,weekend,1,2025,3
E05011224,06-08,weekend,2,2025,1
E05011224,08-10,weekend,2,2025,2
E05011224,10-12,weekend,2,2025,1
E05011224,12-14,weekend,2,2025,3
E05011224,14-16,weekend,2,2025,6
E05011224,16-18,weekend,2,2025,6
E05011224,18-20,weekend,2,2025,4
E05011224,20-22,weekend,2,2025,3
E05011225,06-08,weekday,1,2025,2
E05011225,08-10,weekday,1,2025,4
E05011225,10-12,weekday,1,2025,6
E05011225,12-14,weekday,1,2025,8
E05011225,14-16,weekday,1,2025,9
E05011225,16-18,weekday,1,2025,9
E05011225,18-20,weekday,1,2025,8
E05011225,20-22,weekday,1,2025,6
E05011225,06-08,weekday,2,2025,2
E05011225,08-10,weekday,2,2025,4
E05011225,10-12,weekday,2,2025,6
E05011225,12-14,weekday,2,2025,8
E05011225,14-16,weekday,2,2025,9
E05011225,16-18,weekday,2,2025,9
E05011225,18-20,weekday,2,2025,8
E05011225,20-22,weekday,2,2025,6
E05011225,06-08,weekend,1,2025,1
E05011225,08-10,weekend,1,2025,1
E05011225,10-12,weekend,1,2025,1
E05011225,12-14,weekend,1,2025,4
E05011225,14-16,weekend,1,2025,6
E05011225,16-18,weekend,1,2025,6
E05011225,18-20,weekend,1,2025,4
E05011225,20-22,weekend,1,2025,3
E05011225,06-08,weekend,2,2025,1
E05011225,08-10,weekend,2,2025,1
E05011225,10-12,weekend,2,2025,1
E05011225,12-14,weekend,2,2025,4
E05011225,14-16,weekend,2,2025,6
E05011225,16-18,weekend,2,2025,6
E05011225,18-20,weekend,2,2025,4
E05011225,20-22,weekend,2,2025,3
E05011226,06-08,weekday,1,2025,2
E05011226,08-10,weekday,1,2025,4
E05011226,10-12,weekday,1,2025,6
E05011226,12-14,weekday,1,2025,8
E05011226,14-16,weekday,1,2025,9
E05011226,16-18,weekday,1,2025,9
E05011226,18-20,weekday,1,2025,8
E05011226,20-22,weekday,1,2025,6
E05011226,06-08,weekday,2,2025,2
E05011226,08-10,weekday,2,2025,4
E05011226,10-12,weekday,2,2025,6
E05011226,12-14,weekday,2,2025,8
E05011226,14-16,weekday,2,2025,9
E05011226,16-18,weekday,2,2025,9
E05011226,18-20,weekday,2,2025,8
E05011226,20-22,weekday,2,2025,6
E05011226,06-08,weekend,1,2025,1
E05011226,08-10,weekend,1,2025,1
E05011226,10-12,weekend,1,2025,1
E05011226,12-14,weekend,1,2025,4
E05011226,14-16,weekend,1,2025,6
E05011226,16-18,weekend,1,2025,6
E05011226,18-20,weekend,1,2025,4
E05011226,20-22,weekend,1,2025,3
E05011226,06-08,weekend,2,2025,1
E05011226,08-10,weekend,2,2025,2
E05011226,10-12,weekend,2,2025,1
E05011226,12-14,weekend,2,2025,3
E05011226,14-16,weekend,2,2025,6
E05011226,16-18,weekend,2,2025,6
E05011226,18-20,weekend,2,2025,4
E05011226,20-22,weekend,2,2025,3
E05011227,06-08,weekday,1,2025,2
E05011227,08-10,weekday,1,2025,4
E05011227,10-12,weekday,1,2025,6
E05011227,12-14,weekday,1,2025,8
E05011227,14-16,weekday,1,2025,9
E05011227,16-18,weekday,1,2025,9
E05011227,18-20,weekday,1,2025,8
E05011227,20-22,weekday,1,2025,6
E05011227,06-08,weekday,2,2025,2
E05011227,08-10,weekday,2,2025,4
E05011227,10-12,weekday,2,2025,6
E05011227,12-14,weekday,2,2025,8
E05011227,14-16,weekday,2,2025,9
E05011227,16-18,weekday,2,2025,9
E05011227,18-20,weekday,2,2025,8
E05011227,20-22,weekday,2,2025,6
E05011227,06-08,weekend,1,2025,1
E05011227,08-10,weekend,1,2025,1
E05011227,10-12,weekend,1,2025,1
E05011227,12-14,weekend,1,2025,4
E05011227,14-16,weekend,1,2025,6
E05011227,16-18,weekend,1,2025,6
E05011227,18-20,weekend,1,2025,4
E05011227,20-22,weekend,1,2025,3
E05011227,06-08,weekend,2,2025,1
E05011227,08-10,weekend,2,2025,2
E05011227,10-12,weekend,2,2025,1
E05011227,12-14,weekend,2,2025,3
E05011227,14-16,weekend,2,2025,6
E05011227,16-18,weekend,2,2025,6
E05011227,18-20,weekend,2,2025,4
E05011227,20-22,weekend,2,2025,3
E05011228,06-08,weekday,1,2025,2
E05011228,08-10,weekday,1,2025,4
E05011228,10-12,weekday,1,2025,6
E05011228,12-14,weekday,1,2025,8
E05011228,14-16,weekday,1,2025,9
E05011228,16-18,weekday,1,2025,9
E05011228,18-20,weekday,1,2025,8
E05011228,20-22,weekday,1,2025,6
E05011228,06-08,weekday,2,2025,2
E05011228,08-10,weekday,2,2025,4
E05011228,10-12,weekday,2,2025,6
E05011228,12-14,weekday,2,2025,8
E05011228,14-16,weekday,2,2025,9
E05011228,16-18,weekday,2,2025,9
E05011228,18-20,weekday,2,2025,8
E05011228,20-22,weekday,2,2025,6
E05011228,06-08,weekend,1,2025,1
E05011228,08-10,weekend,1,2025,1
E05011228,10-12,weekend,1,2025,1
E05011228,12-14,weekend,1,2025,4
E05011228,14-16,weekend,1,2025,6
E05011228,16-18,weekend,1,2025,6
E05011228,18-20,weekend,1,2025,4
E05011228,20-22,weekend,1,2025,3
E05011228,06-08,weekend,2,2025,1
E05011228,08-10,weekend,2,2025,1
E05011228,10-12,weekend,2,2025,1
E05011228,12-14,weekend,2,2025,4
E05011228,14-16,weekend,2,2025,6
E05011228,16-18,weekend,2,2025,6
E05011228,18-20,weekend,2,2025,4
E05011228,20-22,weekend,2,2025,3
E05011229,06-08,weekday,1,2025,2
E05011229,08-10,weekday,1,2025,4
E05011229,10-12,weekday,1,2025,6
E05011229,12-14,weekday,1,2025,8
E05011229,14-16,weekday,1,2025,9
E05011229,16-18,weekday,1,2025,9
E05011229,18-20,weekday,1,2025,8
E05011229,20-22,weekday,1,2025,6
E05011229,06-08,weekday,2,2025,2
E05011229,08-10,weekday,2,2025,4
E05011229,10-12,weekday,2,2025,6
E05011229,12-14,weekday,2,2025,8
E05011229,14-16,weekday,2,2025,9
E05011229,16-18,weekday,2,2025,9
E05011229,18-20,weekday,2,2025,8
E05011229,20-22,weekday,2,2025,6
E05011229,06-08,weekend,1,2025,1
E05011229,08-10,weekend,1,2025,1
E05011229,10-12,weekend,1,2025,1
E05011229,12-14,weekend,1,2025,4
E05011229,14-16,weekend,1,2025,6
E05011229,16-18,weekend,1,2025,6
E05011229,18-20,weekend,1,2025,4
E05011229,20-22,weekend,1,2025,3
E05011229,06-08,weekend,2,2025,1
E05011229,08-10,weekend,2,2025,1
E05011229,10-12,weekend,2,2025,1
E05011229,12-14,weekend,2,2025,4
E05011229,14-16,weekend,2,2025,6
E05011229,16-18,weekend,2,2025,6
E05011229,18-20,weekend,2,2025,4
E05011229,20-22,weekend,2,2025,3
E05011230,06-08,weekday,1,2025,2
E05011230,08-10,weekday,1,2025,4
E05011230,10-12,weekday,1,2025,6
E05011230,12-14,weekday,1,2025,8
E05011230,14-16,weekday,1,2025,9
E05011230,16-18,weekday,1,2025,9
E05011230,18-20,weekday,1,2025,8
E05011230,20-22,weekday,1,2025,6
E05011230,06-08,weekday,2,2025,2
E05011230,08-10,weekday,2,2025,4
E05011230,10-12,weekday,2,2025,6
E05011230,12-14,weekday,2,2025,8
E05011230,14-16,weekday,2,2025,9
E05011230,16-18,weekday,2,2025,9
E05011230,18-20,weekday,2,2025,8
E05011230,20-22,weekday,2,2025,6
E05011230,06-08,weekend,1,2025,1
E05011230,08-10,weekend,1,2025,1
E05011230,10-12,weekend,1,2025,1
E05011230,12-14,weekend,1,2025,4
E05011230,14-16,weekend,1,2025,6
E05011230,16-18,weekend,1,2025,6
E05011230,18-20,weekend,1,2025,4
E05011230,20-22,weekend,1,2025,3
E05011230,06-08,weekend,2,2025,1
E05011230,08-10,weekend,2,2025,1
E05011230,10-12,weekend,2,2025,1
E05011230,12-14,weekend,2,2025,4
E05011230,14-16,weekend,2,2025,6
E05011230,16-18,weekend,2,2025,6
E05011230,18-20,weekend,2,2025,4
E05011230,20-22,weekend,2,2025,3
E05011231,06-08,weekday,1,2025,2
E05011231,08-10,weekday,1,2025,4
E05011231,10-12,weekday,1,2025,6
E05011231,12-14,weekday,1,2025,8
E05011231,14-16,weekday,1,2025,9
E05011231,16-18,weekday,1,2025,9
E05011231,18-20,weekday,1,2025,8
E05011231,20-22,weekday,1,2025,6
E05011231,06-08,weekday,2,2025,2
E05011231,08-10,weekday,2,2025,4
E05011231,10-12,weekday,2,2025,6
E05011231,12-14,weekday,2,2025,8
E05011231,14-16,weekday,2,2025,9
E05011231,16-18,weekday,2,2025,9
E05011231,18-20,weekday,2,2025,8
E05011231,20-22,weekday,2,2025,6
E05011231,06-08,weekend,1,2025,1
E05011231,08-10,weekend,1,2025,1
E05011231,10-12,weekend,1,2025,1
E05011231,12-14,weekend,1,2025,4
E05011231,14-16,weekend,1,2025,6
E05011231,16-18,weekend,1,2025,6
E05011231,18-20,weekend,1,2025,4
E05011231,20-22,weekend,1,2025,3
E05011231,06-08,weekend,2,2025,1
E05011231,08-10,weekend,2,2025,2
E05011231,10-12,weekend,2,2025,1
E05011231,12-14,weekend,2,2025,3
E05011231,14-16,weekend,2,2025,6
E05011231,16-18,weekend,2,2025,6
E05011231,18-20,weekend,2,2025,4
E05011231,20-22,weekend,2,2025,3
E05011232,06-08,weekday,1,2025,2
E05011232,08-10,weekday,1,2025,4
E05011232,10-12,weekday,1,2025,6
E05011232,12-14,weekday,1,2025,8
E05011232,14-16,weekday,1,2025,9
E05011232,16-18,weekday,1,2025,9
E05011232,18-20,weekday,1,2025,8
E05011232,20-22,weekday,1,2025,6
E05011232,06-08,weekday,2,2025,2
E05011232,08-10,weekday,2,2025,4
E05011232,10-12,weekday,2,2025,6
E05011232,12-14,weekday,2,2025,8
E05011232,14-16,weekday,2,2025,9
E05011232,16-18,weekday,2,2025,9
E05011232,18-20,weekday,2,2025,8
E05011232,20-22,weekday,2,2025,6
E05011232,06-08,weekend,1,2025,1
E05011232,08-10,weekend,1,2025,1
E05011232,10-12,weekend,1,2025,1
E05011232,12-14,weekend,1,2025,4
E05011232,14-16,weekend,1,2025,6
E05011232,16-18,weekend,1,2025,6
E05011232,18-20,weekend,1,2025,4
E05011232,20-22,weekend,1,2025,3
E05011232,06-08,weekend,2,2025,1
E05011232,08-10,weekend,2,2025,1
E05011232,10-12,weekend,2,2025,1
E05011232,12-14,weekend,2,2025,4
E05011232,14-16,weekend,2,2025,6
E05011232,16-18,weekend,2,2025,6
E05011232,18-20,weekend,2,2025,4
E05011232,20-22,weekend,2,2025,3
E05011233,06-08,weekday,1,2025,2
E05011233,08-10,weekday,1,2025,4
E05011233,10-12,weekday,1,2025,6
E05011233,12-14,weekday,1,2025,8
E05011233,14-16,weekday,1,2025,9
E05011233,16-18,weekday,1,2025,9
E05011233,18-20,weekday,1,2025,8
E05011233,20-22,weekday,1,2025,6
E05011233,06-08,weekday,2,2025,2
E05011233,08-10,weekday,2,2025,4
E05011233,10-12,weekday,2,2025,6
E05011233,12-14,weekday,2,2025,8
E05011233,14-16,weekday,2,2025,9
E05011233,16-18,weekday,2,2025,9
E05011233,18-20,weekday,2,2025,8
E05011233,20-22,weekday,2,2025,6
E05011233,06-08,weekend,1,2025,1
E05011233,08-10,weekend,1,2025,1
E05011233,10-12,weekend,1,2025,1
E05011233,12-14,weekend,1,2025,4
E05011233,14-16,weekend,1,2025,6
E05011233,16-18,weekend,1,2025,6
E05011233,18-20,weekend,1,2025,4
E05011233,20-22,weekend,1,2025,3
E05011233,06-08,weekend,2,2025,1
E05011233,08-10,weekend,2,2025,1
E05011233,10-12,weekend,2,2025,1
E05011233,12-14,weekend,2,2025,4
E05011233,14-16,weekend,2,2025,6
E05011233,16-18,weekend,2,2025,6
E05011233,18-20,weekend,2,2025,4
E05011233,20-22,weekend,2,2025,3
E05011234,06-08,weekday,1,2025,2
E05011234,08-10,weekday,1,2025,4
E05011234,10-12,weekday,1,2025,6
E05011234,12-14,weekday,1,2025,8
E05011234,14-16,weekday,1,2025,9
E05011234,16-18,weekday,1,2025,9
E05011234,18-20,weekday,1,2025,8
E05011234,20-22,weekday,1,2025,6
E05011234,06-08,weekday,2,2025,2
E05011234,08-10,weekday,2,2025,4
E05011234,10-12,weekday,2,2025,6
E05011234,12-14,weekday,2,2025,8
E05011234,14-16,weekday,2,2025,9
E05011234,16-18,weekday,2,2025,9
E05011234,18-20,weekday,2,2025,8
E05011234,20-22,weekday,2,2025,6
E05011234,06-08,weekend,1,2025,1
E05011234,08-10,weekend,1,2025,1
E05011234,10-12,weekend,1,2025,1
E05011234,12-14,weekend,1,2025,4
E05011234,14-16,weekend,1,2025,6
E05011234,16-18,weekend,1,2025,6
E05011234,18-20,weekend,1,2025,4
E05011234,20-22,weekend,1,2025,3
E05011234,06-08,weekend,2,2025,1
E05011234,08-10,weekend,2,2025,2
E05011234,10-12,weekend,2,2025,1
E05011234,12-14,weekend,2,2025,3
E05011234,14-16,weekend,2,2025,6
E05011234,16-18,weekend,2,2025,6
E05011234,18-20,weekend,2,2025,4
E05011234,20-22,weekend,2,2025,3
E05011235,06-08,weekday,1,2025,2
E05011235,08-10,weekday,1,2025,4
E05011235,10-12,weekday,1,2025,6
E05011235,12-14,weekday,1,2025,8
E05011235,14-16,weekday,1,2025,9
E05011235,16-18,weekday,1,2025,9
E05011235,18-20,weekday,1,2025,8
E05011235,20-22,weekday,1,2025,6
E05011235,06-08,weekday,2,2025,2
E05011235,08-10,weekday,2,2025,4
E05011235,10-12,weekday,2,2025,6
E05011235,12-14,weekday,2,2025,8
E05011235,14-16,weekday,2,2025,9
E05011235,16-18,weekday,2,2025,9
E05011235,18-20,weekday,2,2025,8
E05011235,20-22,weekday,2,2025,6
E05011235,06-08,weekend,1,2025,1
E05011235,08-10,weekend,1,2025,1
E05011235,10-12,weekend,1,2025,1
E05011235,12-14,weekend,1,2025,4
E05011235,14-16,weekend,1,2025,6
E05011235,16-18,weekend,1,2025,6
E05011235,18-20,weekend,1,2025,4
E05011235,20-22,weekend,1,2025,3
E05011235,06-08,weekend,2,2025,1
E05011235,08-10,weekend,2,2025,1
E05011235,10-12,weekend,2,2025,1
E05011235,12-14,weekend,2,2025,4
E05011235,14-16,weekend,2,2025,6
E05011235,16-18,weekend,2,2025,6
E05011235,18-20,weekend,2,2025,4
E05011235,20-22,weekend,2,2025,3
E05011236,06-08,weekday,1,2025,2
E05011236,08-10,weekday,1,2025,4
E05011236,10-12,weekday,1,2025,6
E05011236,12-14,weekday,1,2025,8
E05011236,14-16,weekday,1,2025,9
E05011236,16-18,weekday,1,2025,9
E05011236,18-20,weekday,1,2025,8
E05011236,20-22,weekday,1,2025,6
E05011236,06-08,weekday,2,2025,2
E05011236,08-10,weekday,2,2025,4
E05011236,10-12,weekday,2,2025,6
E05011236,12-14,weekday,2,2025,8
E05011236,14-16,weekday,2,2025,9
E05011236,16-18,weekday,2,2025,9
E05011236,18-20,weekday,2,2025,8
E05011236,20-22,weekday,2,2025,6
E05011236,06-08,weekend,1,2025,1
E05011236,08-10,weekend,1,2025,1
E05011236,10-12,weekend,1,2025,1
E05011236,12-14,weekend,1,2025,4
E05011236,14-16,weekend,1,2025,6
E05011236,16-18,weekend,1,2025,6
E05011236,18-20,weekend,1,2025,4
E05011236,20-22,weekend,1,2025,3
E05011236,06-08,weekend,2,2025,1
E05011236,08-10,weekend,2,2025,1
E05011236,10-12,weekend,2,2025,1
E05011236,12-14,weekend,2,2025,4
E05011236,14-16,weekend,2,2025,6
E05011236,16-18,weekend,2,2025,6
E05011236,18-20,weekend,2,2025,4
E05011236,20-22,weekend,2,2025,3
E05011237,06-08,weekday,1,2025,2
E05011237,08-10,weekday,1,2025,4
E05011237,10-12,weekday,1,2025,6
E05011237,12-14,weekday,1,2025,8
E05011237,14-16,weekday,1,2025,9
E05011237,16-18,weekday,1,2025,9
E05011237,18-20,weekday,1,2025,8
E05011237,20-22,weekday,1,2025,6
E05011237,06-08,weekday,2,2025,2
E05011237,08-10,weekday,2,2025,4
E05011237,10-12,weekday,2,2025,6
E05011237,12-14,weekday,2,2025,8
E05011237,14-16,weekday,2,2025,9
E05011237,16-18,weekday,2,2025,9
E05011237,18-20,weekday,2,2025,8
E05011237,20-22,weekday,2,2025,6
E05011237,06-08,weekend,1,2025,1
E05011237,08-10,weekend,1,2025,1
E05011237,10-12,weekend,1,2025,1
E05011237,12-14,weekend,1,2025,4
E05011237,14-16,weekend,1,2025,6
E05011237,16-18,weekend,1,2025,6
E05011237,18-20,weekend,1,2025,4
E05011237,20-22,weekend,1,2025,3
E05011237,06-08,weekend,2,2025,1
E05011237,08-10,weekend,2,2025,2
E05011237,10-12,weekend,2,2025,1
E05011237,12-14,weekend,2,2025,3
E05011237,14-16,weekend,2,2025,6
E05011237,16-18,weekend,2,2025,6
E05011237,18-20,weekend,2,2025,4
E05011237,20-22,weekend,2,2025,3
E05011238,06-08,weekday,1,2025,2
E05011238,08-10,weekday,1,2025,4
E05011238,10-12,weekday,1,2025,6
E05011238,12-14,weekday,1,2025,8
E05011238,14-16,weekday,1,2025,9
E05011238,16-18,weekday,1,2025,9
E05011238,18-20,weekday,1,2025,8
E05011238,20-22,weekday,1,2025,6
E05011238,06-08,weekday,2,2025,2
E05011238,08-10,weekday,2,2025,4
E05011238,10-12,weekday,2,2025,6
E05011238,12-14,weekday,2,2025,8
E05011238,14-16,weekday,2,2025,9
E05011238,16-18,weekday,2,2025,9
E05011238,18-20,weekday,2,2025,8
E05011238,20-22,weekday,2,2025,6
E05011238,06-08,weekend,1,2025,1
E05011238,08-10,weekend,1,2025,1
E05011238,10-12,weekend,1,2025,1
E05011238,12-14,weekend,1,2025,4
E05011238,14-16,weekend,1,2025,6
E05011238,16-18,weekend,1,2025,6
E05011238,18-20,weekend,1,2025,4
E05011238,20-22,weekend,1,2025,3
E05011238,06-08,weekend,2,2025,1
E05011238,08-10,weekend,2,2025,2
E05011238,10-12,weekend,2,2025,1
E05011238,12-14,weekend,2,2025,3
E05011238,14-16,weekend,2,2025,6
E05011238,16-18,weekend,2,2025,6
E05011238,18-20,weekend,2,2025,4
E05011238,20-22,weekend,2,2025,3
E05011239,06-08,weekday,1,2025,2
E05011239,08-10,weekday,1,2025,4
E05011239,10-12,weekday,1,2025,6
E05011239,12-14,weekday,1,2025,8
E05011239,14-16,weekday,1,2025,9
E05011239,16-18,weekday,1,2025,9
E05011239,18-20,weekday,1,2025,8
E05011239,20-22,weekday,1,2025,6
E05011239,06-08,weekday,2,2025,2
E05011239,08-10,weekday,2,2025,4
E05011239,10-12,weekday,2,2025,6
E05011239,12-14,weekday,2,2025,8
E05011239,14-16,weekday,2,2025,9
E05011239,16-18,weekday,2,2025,9
E05011239,18-20,weekday,2,2025,8
E05011239,20-22,weekday,2,2025,6
E05011239,06-08,weekend,1,2025,1
E05011239,08-10,weekend,1,2025,1
E05011239,10-12,weekend,1,2025,1
E05011239,12-14,weekend,1,2025,4
E05011239,14-16,weekend,1,2025,6
E05011239,16-18,weekend,1,2025,6
E05011239,18-20,weekend,1,2025,4
E05011239,20-22,weekend,1,2025,3
E05011239,06-08,weekend,2,2025,1
E05011239,08-10,weekend,2,2025,2
E05011239,10-12,weekend,2,2025,1
E05011239,12-14,weekend,2,2025,3
E05011239,14-16,weekend,2,2025,6
E05011239,16-18,weekend,2,2025,6
E05011239,18-20,weekend,2,2025,4
E05011239,20-22,weekend,2,2025,3
E05011240,06-08,weekday,1,2025,2
E05011240,08-10,weekday,1,2025,4
E05011240,10-12,weekday,1,2025,6
E05011240,12-14,weekday,1,2025,8
E05011240,14-16,weekday,1,2025,9
E05011240,16-18,weekday,1,2025,9
E05011240,18-20,weekday,1,2025,8
E05011240,20-22,weekday,1,2025,6
E05011240,06-08,weekday,2,2025,2
E05011240,08-10,weekday,2,2025,4
E05011240,10-12,weekday,2,2025,6
E05011240,12-14,weekday,2,2025,8
E05011240,14-16,weekday,2,2025,9
E05011240,16-18,weekday,2,2025,9
E05011240,18-20,weekday,2,2025,8
E05011240,20-22,weekday,2,2025,6
E05011240,06-08,weekend,1,2025,1
E05011240,08-10,weekend,1,2025,1
E05011240,10-12,weekend,1,2025,1
E05011240,12-14,weekend,1,2025,4
E05011240,14-16,weekend,1,2025,6
E05011240,16-18,weekend,1,2025,6
E05011240,18-20,weekend,1,2025,4
E05011240,20-22,weekend,1,2025,3
E05011240,06-08,weekend,2,2025,1
E05011240,08-10,weekend,2,2025,2
E05011240,10-12,weekend,2,2025,1
E05011240,12-14,weekend,2,2025,3
E05011240,14-16,weekend,2,2025,6
E05011240,16-18,weekend,2,2025,6
E05011240,18-20,weekend,2,2025,4
E05011240,20-22,weekend,2,2025,3
E05011241,06-08,weekday,1,2025,2
E05011241,08-10,weekday,1,2025,4
E05011241,10-12,weekday,1,2025,6
E05011241,12-14,weekday,1,2025,8
E05011241,14-16,weekday,1,2025,9
E05011241,16-18,weekday,1,2025,9
E05011241,18-20,weekday,1,2025,8
E05011241,20-22,weekday,1,2025,6
E05011241,06-08,weekday,2,2025,2
E05011241,08-10,weekday,2,2025,4
E05011241,10-12,weekday,2,2025,6
E05011241,12-14,weekday,2,2025,8
E05011241,14-16,weekday,2,2025,9
E05011241,16-18,weekday,2,2025,9
E05011241,18-20,weekday,2,2025,8
E05011241,20-22,weekday,2,2025,6
E05011241,06-08,weekend,1,2025,1
E05011241,08-10,weekend,1,2025,1
E05011241,10-12,weekend,1,2025,1
E05011241,12-14,weekend,1,2025,4
E05011241,14-16,weekend,1,2025,6
E05011241,16-18,weekend,1,2025,6
E05011241,18-20,weekend,1,2025,4
E05011241,20-22,weekend,1,2025,3
E05011241,06-08,weekend,2,2025,1
E05011241,08-10,weekend,2,2025,2
E05011241,10-12,weekend,2,2025,1
E05011241,12-14,weekend,2,2025,3
E05011241,14-16,weekend,2,2025,6
E05011241,16-18,weekend,2,2025,6
E05011241,18-20,weekend,2,2025,4
E05011241,20-22,weekend,2,2025,3
E05011242,06-08,weekday,1,2025,2
E05011242,08-10,weekday,1,2025,4
E05011242,10-12,weekday,1,2025,6
E05011242,12-14,weekday,1,2025,8
E05011242,14-16,weekday,1,2025,9
E05011242,16-18,weekday,1,2025,9
E05011242,18-20,weekday,1,2025,8
E05011242,20-22,weekday,1,2025,6
E05011242,06-08,weekday,2,2025,2
E05011242,08-10,weekday,2,2025,4
E05011242,10-12,weekday,2,2025,6
E05011242,12-14,weekday,2,2025,8
E05011242,14-16,weekday,2,2025,9
E05011242,16-18,weekday,2,2025,9
E05011242,18-20,weekday,2,2025,8
E05011242,20-22,weekday,2,2025,6
E05011242,06-08,weekend,1,2025,1
E05011242,08-10,weekend,1,2025,1
E05011242,10-12,weekend,1,2025,1
E05011242,12-14,weekend,1,2025,4
E05011242,14-16,weekend,1,2025,6
E05011242,16-18,weekend,1,2025,6
E05011242,18-20,weekend,1,2025,4
E05011242,20-22,weekend,1,2025,3
E05011242,06-08,weekend,2,2025,1
E05011242,08-10,weekend,2,2025,1
E05011242,10-12,weekend,2,2025,1
E05011242,12-14,weekend,2,2025,4
E05011242,14-16,weekend,2,2025,6
E05011242,16-18,weekend,2,2025,6
E05011242,18-20,weekend,2,2025,4
E05011242,20-22,weekend,2,2025,3
E05011243,06-08,weekday,1,2025,2
E05011243,08-10,weekday,1,2025,4
E05011243,10-12,weekday,1,2025,6
E05011243,12-14,weekday,1,2025,8
E05011243,14-16,weekday,1,2025,9
E05011243,16-18,weekday,1,2025,9
E05011243,18-20,weekday,1,2025,8
E05011243,20-22,weekday,1,2025,6
E05011243,06-08,weekday,2,2025,2
E05011243,08-10,weekday,2,2025,4
E05011243,10-12,weekday,2,2025,6
E05011243,12-14,weekday,2,2025,8
E05011243,14-16,weekday,2,2025,9
E05011243,16-18,weekday,2,2025,9
E05011243,18-20,weekday,2,2025,8
E05011243,20-22,weekday,2,2025,6
E05011243,06-08,weekend,1,2025,1
E05011243,08-10,weekend,1,2025,1
E05011243,10-12,weekend,1,2025,1
E05011243,12-14,weekend,1,2025,4
E05011243,14-16,weekend,1,2025,6
E05011243,16-18,weekend,1,2025,6
E05011243,18-20,weekend,1,2025,4
E05011243,20-22,weekend,1,2025,3
E05011243,06-08,weekend,2,2025,1
E05011243,08-10,weekend,2,2025,2
E05011243,10-12,weekend,2,2025,1
E05011243,12-14,weekend,2,2025,3
E05011243,14-16,weekend,2,2025,6
E05011243,16-18,weekend,2,2025,6
E05011243,18-20,weekend,2,2025,4
E05011243,20-22,weekend,2,2025,3
E05011244,06-08,weekday,1,2025,2
E05011244,08-10,weekday,1,2025,4
E05011244,10-12,weekday,1,2025,6
E05011244,12-14,weekday,1,2025,8
E05011244,14-16,weekday,1,2025,9
E05011244,16-18,weekday,1,2025,9
E05011244,18-20,weekday,1,2025,8
E05011244,20-22,weekday,1,2025,6
E05011244,06-08,weekday,2,2025,2
E05011244,08-10,weekday,2,2025,4
E05011244,10-12,weekday,2,2025,6
E05011244,12-14,weekday,2,2025,8
E05011244,14-16,weekday,2,2025,9
E05011244,16-18,weekday,2,2025,9
E05011244,18-20,weekday,2,2025,8
E05011244,20-22,weekday,2,2025,6
E05011244,06-08,weekend,1,2025,1
E05011244,08-10,weekend,1,2025,1
E05011244,10-12,weekend,1,2025,1
E05011244,12-14,weekend,1,2025,4
E05011244,14-16,weekend,1,2025,6
E05011244,16-18,weekend,1,2025,6
E05011244,18-20,weekend,1,2025,4
E05011244,20-22,weekend,1,2025,3
E05011244,06-08,weekend,2,2025,1
E05011244,08-10,weekend,2,2025,2
E05011244,10-12,weekend,2,2025,1
E05011244,12-14,weekend,2,2025,3
E05011244,14-16,weekend,2,2025,6
E05011244,16-18,weekend,2,2025,6
E05011244,18-20,weekend,2,2025,4
E05011244,20-22,weekend,2,2025,3
E05011245,06-08,weekday,1,2025,2
E05011245,08-10,weekday,1,2025,4
E05011245,10-12,weekday,1,2025,6
E05011245,12-14,weekday,1,2025,8
E05011245,14-16,weekday,1,2025,9
E05011245,16-18,weekday,1,2025,9
E05011245,18-20,weekday,1,2025,8
E05011245,20-22,weekday,1,2025,6
E05011245,06-08,weekday,2,2025,2
E05011245,08-10,weekday,2,2025,4
E05011245,10-12,weekday,2,2025,6
E05011245,12-14,weekday,2,2025,8
E05011245,14-16,weekday,2,2025,9
E05011245,16-18,weekday,2,2025,9
E05011245,18-20,weekday,2,2025,8
E05011245,20-22,weekday,2,2025,6
E05011245,06-08,weekend,1,2025,1
E05011245,08-10,weekend,1,2025,1
E05011245,10-12,weekend,1,2025,1
E05011245,12-14,weekend,1,2025,4
E05011245,14-16,weekend,1,2025,6
E05011245,16-18,weekend,1,2025,6
E05011245,18-20,weekend,1,2025,4
E05011245,20-22,weekend,1,2025,3
E05011245,06-08,weekend,2,2025,1
E05011245,08-10,weekend,2,2025,2
E05011245,10-12,weekend,2,2025,1
E05011245,12-14,weekend,2,2025,3
E05011245,14-16,weekend,2,2025,6
E05011245,16-18,weekend,2,2025,6
E05011245,18-20,weekend,2,2025,4
E05011245,20-22,weekend,2,2025,3
E05011246,06-08,weekday,1,2025,2
E05011246,08-10,weekday,1,2025,4
E05011246,10-12,weekday,1,2025,6
E05011246,12-14,weekday,1,2025,8
E05011246,14-16,weekday,1,2025,9
E05011246,16-18,weekday,1,2025,9
E05011246,18-20,weekday,1,2025,8
E05011246,20-22,weekday,1,2025,6
E05011246,06-08,weekday,2,2025,2
E05011246,08-10,weekday,2,2025,4
E05011246,10-12,weekday,2,2025,6
E05011246,12-14,weekday,2,2025,8
E05011246,14-16,weekday,2,2025,9
E05011246,16-18,weekday,2,2025,9
E05011246,18-20,weekday,2,2025,8
E05011246,20-22,weekday,2,2025,6
E05011246,06-08,weekend,1,2025,1
E05011246,08-10,weekend,1,2025,1
E05011246,10-12,weekend,1,2025,1
E05011246,12-14,weekend,1,2025,4
E05011246,14-16,weekend,1,2025,6
E05011246,16-18,weekend,1,2025,6
E05011246,18-20,weekend,1,2025,4
E05011246,20-22,weekend,1,2025,3
E05011246,06-08,weekend,2,2025,1
E05011246,08-10,weekend,2,2025,2
E05011246,10-12,weekend,2,2025,1
E05011246,12-14,weekend,2,2025,3
E05011246,14-16,weekend,2,2025,6
E05011246,16-18,weekend,2,2025,6
E05011246,18-20,weekend,2,2025,4
E05011246,20-22,weekend,2,2025,3
E05011247,06-08,weekday,1,2025,2
E05011247,08-10,weekday,1,2025,4
E05011247,10-12,weekday,1,2025,6
E05011247,12-14,weekday,1,2025,8
E05011247,14-16,weekday,1,2025,9
E05011247,16-18,weekday,1,2025,9
E05011247,18-20,weekday,1,2025,8
E05011247,20-22,weekday,1,2025,6
E05011247,06-08,weekday,2,2025,2
E05011247,08-10,weekday,2,2025,4
E05011247,10-12,weekday,2,2025,6
E05011247,12-14,weekday,2,2025,8
E05011247,14-16,weekday,2,2025,9
E05011247,16-18,weekday,2,2025,9
E05011247,18-20,weekday,2,2025,8
E05011247,20-22,weekday,2,2025,6
E05011247,06-08,weekend,1,2025,1
E05011247,08-10,weekend,1,2025,1
E05011247,10-12,weekend,1,2025,1
E05011247,12-14,weekend,1,2025,4
E05011247,14-16,weekend,1,2025,6
E05011247,16-18,weekend,1,2025,6
E05011247,18-20,weekend,1,2025,4
E05011247,20-22,weekend,1,2025,3
E05011247,06-08,weekend,2,2025,1
E05011247,08-10,weekend,2,2025,2
E05011247,10-12,weekend,2,2025,1
E05011247,12-14,weekend,2,2025,3
E05011247,14-16,weekend,2,2025,6
E05011247,16-18,weekend,2,2025,6
E05011247,18-20,weekend,2,2025,4
E05011247,20-22,weekend,2,2025,3
E05011248,06-08,weekday,1,2025,2
E05011248,08-10,weekday,1,2025,4
E05011248,10-12,weekday,1,2025,6
E05011248,12-14,weekday,1,2025,8
E05011248,14-16,weekday,1,2025,9
E05011248,16-18,weekday,1,2025,9
E05011248,18-20,weekday,1,2025,8
E05011248,20-22,weekday,1,2025,6
E05011248,06-08,weekday,2,2025,2
E05011248,08-10,weekday,2,2025,4
E05011248,10-12,weekday,2,2025,6
E05011248,12-14,weekday,2,2025,8
E05011248,14-16,weekday,2,2025,9
E05011248,16-18,weekday,2,2025,9
E05011248,18-20,weekday,2,2025,8
E05011248,20-22,weekday,2,2025,6
E05011248,06-08,weekend,1,2025,1
E05011248,08-10,weekend,1,2025,1
E05011248,10-12,weekend,1,2025,1
E05011248,12-14,weekend,1,2025,4
E05011248,14-16,weekend,1,2025,6
E05011248,16-18,weekend,1,2025,6
E05011248,18-20,weekend,1,2025,4
E05011248,20-22,weekend,1,2025,3
E05011248,06-08,weekend,2,2025,1
E05011248,08-10,weekend,2,2025,2
E05011248,10-12,weekend,2,2025,1
E05011248,12-14,weekend,2,2025,3
E05011248,14-16,weekend,2,2025,6
E05011248,16-18,weekend,2,2025,6
E05011248,18-20,weekend,2,2025,4
E05011248,20-22,weekend,2,2025,3
E05011249,06-08,weekday,1,2025,2
E05011249,08-10,weekday,1,2025,4
E05011249,10-12,weekday,1,2025,6
E05011249,12-14,weekday,1,2025,8
E05011249,14-16,weekday,1,2025,9
E05011249,16-18,weekday,1,2025,9
E05011249,18-20,weekday,1,2025,8
E05011249,20-22,weekday,1,2025,6
E05011249,06-08,weekday,2,2025,2
E05011249,08-10,weekday,2,2025,4
E05011249,10-12,weekday,2,2025,6
E05011249,12-14,weekday,2,2025,8
E05011249,14-16,weekday,2,2025,9
E05011249,16-18,weekday,2,2025,9
E05011249,18-20,weekday,2,2025,8
E05011249,20-22,weekday,2,2025,6
E05011249,06-08,weekend,1,2025,1
E05011249,08-10,weekend,1,2025,1
E05011249,10-12,weekend,1,2025,1
E05011249,12-14,weekend,1,2025,4
E05011249,14-16,weekend,1,2025,6
E05011249,16-18,weekend,1,2025,6
E05011249,18-20,weekend,1,2025,4
E05011249,20-22,weekend,1,2025,3
E05011249,06-08,weekend,2,2025,1
E05011249,08-10,weekend,2,2025,2
E05011249,10-12,weekend,2,2025,1
E05011249,12-14,weekend,2,2025,3
E05011249,14-16,weekend,2,2025,6
E05011249,16-18,weekend,2,2025,6
E05011249,18-20,weekend,2,2025,4
E05011249,20-22,weekend,2,2025,3
E05011250,06-08,weekday,1,2025,2
E05011250,08-10,weekday,1,2025,4
E05011250,10-12,weekday,1,2025,6
E05011250,12-14,weekday,1,2025,8
E05011250,14-16,weekday,1,2025,9
E05011250,16-18,weekday,1,2025,9
E05011250,18-20,weekday,1,2025,8
E05011250,20-22,weekday,1,2025,6
E05011250,06-08,weekday,2,2025,2
E05011250,08-10,weekday,2,2025,4
E05011250,10-12,weekday,2,2025,6
E05011250,12-14,weekday,2,2025,8
E05011250,14-16,weekday,2,2025,9
E05011250,16-18,weekday,2,2025,9
E05011250,18-20,weekday,2,2025,8
E05011250,20-22,weekday,2,2025,6
E05011250,06-08,weekend,1,2025,1
E05011250,08-10,weekend,1,2025,1
E05011250,10-12,weekend,1,2025,1
E05011250,12-14,weekend,1,2025,4
E05011250,14-16,weekend,1,2025,6
E05011250,16-18,weekend,1,2025,6
E05011250,18-20,weekend,1,2025,4
E05011250,20-22,weekend,1,2025,3
E05011250,06-08,weekend,2,2025,1
E05011250,08-10,weekend,2,2025,2
E05011250,10-12,weekend,2,2025,1
E05011250,12-14,weekend,2,2025,3
E05011250,14-16,weekend,2,2025,6
E05011250,16-18,weekend,2,2025,6
E05011250,18-20,weekend,2,2025,4
E05011250,20-22,weekend,2,2025,3
E05011251,06-08,weekday,1,2025,2
E05011251,08-10,weekday,1,2025,4
E05011251,10-12,weekday,1,2025,6
E05011251,12-14,weekday,1,2025,8
E05011251,14-16,weekday,1,2025,9
E05011251,16-18,weekday,1,2025,9
E05011251,18-20,weekday,1,2025,8
E05011251,20-22,weekday,1,2025,6
E05011251,06-08,weekday,2,2025,2
E05011251,08-10,weekday,2,2025,4
E05011251,10-12,weekday,2,2025,6
E05011251,12-14,weekday,2,2025,8
E05011251,14-16,weekday,2,2025,9
E05011251,16-18,weekday,2,2025,9
E05011251,18-20,weekday,2,2025,8
E05011251,20-22,weekday,2,2025,6
E05011251,06-08,weekend,1,2025,1
E05011251,08-10,weekend,1,2025,1
E05011251,10-12,weekend,1,2025,1
E05011251,12-14,weekend,1,2025,4
E05011251,14-16,weekend,1,2025,6
E05011251,16-18,weekend,1,2025,6
E05011251,18-20,weekend,1,2025,4
E05011251,20-22,weekend,1,2025,3
E05011251,06-08,weekend,2,2025,1
E05011251,08-10,weekend,2,2025,2
E05011251,10-12,weekend,2,2025,1
E05011251,12-14,weekend,2,2025,3
E05011251,14-16,weekend,2,2025,6
E05011251,16-18,weekend,2,2025,6
E05011251,18-20,weekend,2,2025,4
E05011251,20-22,weekend,2,2025,3
E05011252,06-08,weekday,1,2025,2
E05011252,08-10,weekday,1,2025,4
E05011252,10-12,weekday,1,2025,6
E05011252,12-14,weekday,1,2025,8
E05011252,14-16,weekday,1,2025,9
E05011252,16-18,weekday,1,2025,9
E05011252,18-20,weekday,1,2025,8
E05011252,20-22,weekday,1,2025,6
E05011252,06-08,weekday,2,2025,2
E05011252,08-10,weekday,2,2025,4
E05011252,10-12,weekday,2,2025,6
E05011252,12-14,weekday,2,2025,8
E05011252,14-16,weekday,2,2025,9
E05011252,16-18,weekday,2,2025,9
E05011252,18-20,weekday,2,2025,8
E05011252,20-22,weekday,2,2025,6
E05011252,06-08,weekend,1,2025,1
E05011252,08-10,weekend,1,2025,1
E05011252,10-12,weekend,1,2025,1
E05011252,12-14,weekend,1,2025,4
E05011252,14-16,weekend,1,2025,6
E05011252,16-18,weekend,1,2025,6
E05011252,18-20,weekend,1,2025,4
E05011252,20-22,weekend,1,2025,3
E05011252,06-08,weekend,2,2025,1
E05011252,08-10,weekend,2,2025,1
E05011252,10-12,weekend,2,2025,1
E05011252,12-14,weekend,2,2025,4
E05011252,14-16,weekend,2,2025,6
E05011252,16-18,weekend,2,2025,6
E05011252,18-20,weekend,2,2025,4
E05011252,20-22,weekend,2,2025,3
E05011253,06-08,weekday,1,2025,2
E05011253,08-10,weekday,1,2025,4
E05011253,10-12,weekday,1,2025,6
E05011253,12-14,weekday,1,2025,8
E05011253,14-16,weekday,1,2025,9
E05011253,16-18,weekday,1,2025,9
E05011253,18-20,weekday,1,2025,8
E05011253,20-22,weekday,1,2025,6
E05011253,06-08,weekday,2,2025,2
E05011253,08-10,weekday,2,2025,4
E05011253,10-12,weekday,2,2025,6
E05011253,12-14,weekday,2,2025,8
E05011253,14-16,weekday,2,2025,9
E05011253,16-18,weekday,2,2025,9
E05011253,18-20,weekday,2,2025,8
E05011253,20-22,weekday,2,2025,6
E05011253,06-08,weekend,1,2025,1
E05011253,08-10,weekend,1,2025,1
E05011253,10-12,weekend,1,2025,1
E05011253,12-14,weekend,1,2025,4
E05011253,14-16,weekend,1,2025,6
E05011253,16-18,weekend,1,2025,6
E05011253,18-20,weekend,1,2025,4
E05011253,20-22,weekend,1,2025,3
E05011253,06-08,weekend,2,2025,1
E05011253,08-10,weekend,2,2025,2
E05011253,10-12,weekend,2,2025,1
E05011253,12-14,weekend,2,2025,3
E05011253,14-16,weekend,2,2025,6
E05011253,16-18,weekend,2,2025,6
E05011253,18-20,weekend,2,2025,4
E05011253,20-22,weekend,2,2025,3
E05011254,06-08,weekday,1,2025,2
E05011254,08-10,weekday,1,2025,4
E05011254,10-12,weekday,1,2025,6
E05011254,12-14,weekday,1,2025,8
E05011254,14-16,weekday,1,2025,9
E05011254,16-18,weekday,1,2025,9
E05011254,18-20,weekday,1,2025,8
E05011254,20-22,weekday,1,2025,6
E05011254,06-08,weekday,2,2025,2
E05011254,08-10,weekday,2,2025,4
E05011254,10-12,weekday,2,2025,6
E05011254,12-14,weekday,2,2025,8
E05011254,14-16,weekday,2,2025,9
E05011254,16-18,weekday,2,2025,9
E05011254,18-20,weekday,2,2025,8
E05011254,20-22,weekday,2,2025,6
E05011254,06-08,weekend,1,2025,1
E05011254,08-10,weekend,1,2025,1
E05011254,10-12,weekend,1,2025,1
E05011254,12-14,weekend,1,2025,4
E05011254,14-16,weekend,1,2025,6
E05011254,16-18,weekend,1,2025,6
E05011254,18-20,weekend,1,2025,4
E05011254,20-22,weekend,1,2025,3
E05011254,06-08,weekend,2,2025,1
E05011254,08-10,weekend,2,2025,2
E05011254,10-12,weekend,2,2025,1
E05011254,12-14,weekend,2,2025,3
E05011254,14-16,weekend,2,2025,6
E05011254,16-18,weekend,2,2025,6
E05011254,18-20,weekend,2,2025,4
E05011254,20-22,weekend,2,2025,3
E05011255,06-08,weekday,1,2025,2
E05011255,08-10,weekday,1,2025,4
E05011255,10-12,weekday,1,2025,6
E05011255,12-14,weekday,1,2025,8
E05011255,14-16,weekday,1,2025,9
E05011255,16-18,weekday,1,2025,9
E05011255,18-20,weekday,1,2025,8
E05011255,20-22,weekday,1,2025,6
E05011255,06-08,weekday,2,2025,2
E05011255,08-10,weekday,2,2025,4
E05011255,10-12,weekday,2,2025,6
E05011255,12-14,weekday,2,2025,8
E05011255,14-16,weekday,2,2025,9
E05011255,16-18,weekday,2,2025,9
E05011255,18-20,weekday,2,2025,8
E05011255,20-22,weekday,2,2025,6
E05011255,06-08,weekend,1,2025,1
E05011255,08-10,weekend,1,2025,1
E05011255,10-12,weekend,1,2025,1
E05011255,12-14,weekend,1,2025,4
E05011255,14-16,weekend,1,2025,6
E05011255,16-18,weekend,1,2025,6
E05011255,18-20,weekend,1,2025,4
E05011255,20-22,weekend,1,2025,3
E05011255,06-08,weekend,2,2025,1
E05011255,08-10,weekend,2,2025,2
E05011255,10-12,weekend,2,2025,1
E05011255,12-14,weekend,2,2025,3
E05011255,14-16,weekend,2,2025,6
E05011255,16-18,weekend,2,2025,6
E05011255,18-20,weekend,2,2025,4
E05011255,20-22,weekend,2,2025,3
E05011462,06-08,weekday,1,2025,2
E05011462,08-10,weekday,1,2025,4
E05011462,10-12,weekday,1,2025,6
E05011462,12-14,weekday,1,2025,8
E05011462,14-16,weekday,1,2025,9
E05011462,16-18,weekday,1,2025,9
E05011462,18-20,weekday,1,2025,8
E05011462,20-22,weekday,1,2025,6
E05011462,06-08,weekday,2,2025,2
E05011462,08-10,weekday,2,2025,4
E05011462,10-12,weekday,2,2025,6
E05011462,12-14,weekday,2,2025,8
E05011462,14-16,weekday,2,2025,9
E05011462,16-18,weekday,2,2025,9
E05011462,18-20,weekday,2,2025,8
E05011462,20-22,weekday,2,2025,6
E05011462,06-08,weekend,1,2025,1
E05011462,08-10,weekend,1,2025,1
E05011462,10-12,weekend,1,2025,1
E05011462,12-14,weekend,1,2025,4
E05011462,14-16,weekend,1,2025,6
E05011462,16-18,weekend,1,2025,6
E05011462,18-20,weekend,1,2025,4
E05011462,20-22,weekend,1,2025,3
E05011462,06-08,weekend,2,2025,1
E05011462,08-10,weekend,2,2025,2
E05011462,10-12,weekend,2,2025,1
E05011462,12-14,weekend,2,2025,3
E05011462,14-16,weekend,2,2025,6
E05011462,16-18,weekend,2,2025,6
E05011462,18-20,weekend,2,2025,4
E05011462,20-22,weekend,2,2025,3
E05011463,06-08,weekday,1,2025,2
E05011463,08-10,weekday,1,2025,4
E05011463,10-12,weekday,1,2025,6
E05011463,12-14,weekday,1,2025,8
E05011463,14-16,weekday,1,2025,9
E05011463,16-18,weekday,1,2025,9
E05011463,18-20,weekday,1,2025,8
E05011463,20-22,weekday,1,2025,6
E05011463,06-08,weekday,2,2025,2
E05011463,08-10,weekday,2,2025,4
E05011463,10-12,weekday,2,2025,6
E05011463,12-14,weekday,2,2025,8
E05011463,14-16,weekday,2,2025,9
E05011463,16-18,weekday,2,2025,9
E05011463,18-20,weekday,2,2025,8
E05011463,20-22,weekday,2,2025,6
E05011463,06-08,weekend,1,2025,1
E05011463,08-10,weekend,1,2025,1
E05011463,10-12,weekend,1,2025,1
E05011463,12-14,weekend,1,2025,4
E05011463,14-16,weekend,1,2025,6
E05011463,16-18,weekend,1,2025,6
E05011463,18-20,weekend,1,2025,4
E05011463,20-22,weekend,1,2025,3
E05011463,06-08,weekend,2,2025,1
E05011463,08-10,weekend,2,2025,2
E05011463,10-12,weekend,2,2025,1
E05011463,12-14,weekend,2,2025,3
E05011463,14-16,weekend,2,2025,6
E05011463,16-18,weekend,2,2025,6
E05011463,18-20,weekend,2,2025,4
E05011463,20-22,weekend,2,2025,3
E05011464,06-08,weekday,1,2025,2
E05011464,08-10,weekday,1,2025,4
E05011464,10-12,weekday,1,2025,6
E05011464,12-14,weekday,1,2025,8
E05011464,14-16,weekday,1,2025,9
E05011464,16-18,weekday,1,2025,9
E05011464,18-20,weekday,1,2025,8
E05011464,20-22,weekday,1,2025,6
E05011464,06-08,weekday,2,2025,2
E05011464,08-10,weekday,2,2025,4
E05011464,10-12,weekday,2,2025,6
E05011464,12-14,weekday,2,2025,8
E05011464,14-16,weekday,2,2025,9
E05011464,16-18,weekday,2,2025,9
E05011464,18-20,weekday,2,2025,8
E05011464,20-22,weekday,2,2025,6
E05011464,06-08,weekend,1,2025,1
E05011464,08-10,weekend,1,2025,1
E05011464,10-12,weekend,1,2025,1
E05011464,12-14,weekend,1,2025,4
E05011464,14-16,weekend,1,2025,6
E05011464,16-18,weekend,1,2025,6
E05011464,18-20,weekend,1,2025,4
E05011464,20-22,weekend,1,2025,3
E05011464,06-08,weekend,2,2025,1
E05011464,08-10,weekend,2,2025,2
E05011464,10-12,weekend,2,2025,1
E05011464,12-14,weekend,2,2025,3
E05011464,14-16,weekend,2,2025,6
E05011464,16-18,weekend,2,2025,6
E05011464,18-20,weekend,2,2025,4
E05011464,20-22,weekend,2,2025,3
E05011465,06-08,weekday,1,2025,2
E05011465,08-10,weekday,1,2025,4
E05011465,10-12,weekday,1,2025,6
E05011465,12-14,weekday,1,2025,8
E05011465,14-16,weekday,1,2025,9
E05011465,16-18,weekday,1,2025,9
E05011465,18-20,weekday,1,2025,8
E05011465,20-22,weekday,1,2025,6
E05011465,06-08,weekday,2,2025,2
E05011465,08-10,weekday,2,2025,4
E05011465,10-12,weekday,2,2025,6
E05011465,12-14,weekday,2,2025,8
E05011465,14-16,weekday,2,2025,9
E05011465,16-18,weekday,2,2025,9
E05011465,18-20,weekday,2,2025,8
E05011465,20-22,weekday,2,2025,6
E05011465,06-08,weekend,1,2025,1
E05011465,08-10,weekend,1,2025,1
E05011465,10-12,weekend,1,2025,1
E05011465,12-14,weekend,1,2025,4
E05011465,14-16,weekend,1,2025,6
E05011465,16-18,weekend,1,2025,6
E05011465,18-20,weekend,1,2025,4
E05011465,20-22,weekend,1,2025,3
E05011465,06-08,weekend,2,2025,1
E05011465,08-10,weekend,2,2025,2
E05011465,10-12,weekend,2,2025,1
E05011465,12-14,weekend,2,2025,3
E05011465,14-16,weekend,2,2025,6
E05011465,16-18,weekend,2,2025,6
E05011465,18-20,weekend,2,2025,4
E05011465,20-22,weekend,2,2025,3
E05011466,06-08,weekday,1,2025,2
E05011466,08-10,weekday,1,2025,4
E05011466,10-12,weekday,1,2025,6
E05011466,12-14,weekday,1,2025,8
E05011466,14-16,weekday,1,2025,9
E05011466,16-18,weekday,1,2025,9
E05011466,18-20,weekday,1,2025,8
E05011466,20-22,weekday,1,2025,6
E05011466,06-08,weekday,2,2025,2
E05011466,08-10,weekday,2,2025,4
E05011466,10-12,weekday,2,2025,6
E05011466,12-14,weekday,2,2025,8
E05011466,14-16,weekday,2,2025,9
E05011466,16-18,weekday,2,2025,9
E05011466,18-20,weekday,2,2025,8
E05011466,20-22,weekday,2,2025,6
E05011466,06-08,weekend,1,2025,1
E05011466,08-10,weekend,1,2025,1
E05011466,10-12,weekend,1,2025,1
E05011466,12-14,weekend,1,2025,4
E05011466,14-16,weekend,1,2025,6
E05011466,16-18,weekend,1,2025,6
E05011466,18-20,weekend,1,2025,4
E05011466,20-22,weekend,1,2025,3
E05011466,06-08,weekend,2,2025,1
E05011466,08-10,weekend,2,2025,2
E05011466,10-12,weekend,2,2025,1
E05011466,12-14,weekend,2,2025,3
E05011466,14-16,weekend,2,2025,6
E05011466,16-18,weekend,2,2025,6
E05011466,18-20,weekend,2,2025,4
E05011466,20-22,weekend,2,2025,3
E05011467,06-08,weekday,1,2025,2
E05011467,08-10,weekday,1,2025,4
E05011467,10-12,weekday,1,2025,6
E05011467,12-14,weekday,1,2025,8
E05011467,14-16,weekday,1,2025,9
E05011467,16-18,weekday,1,2025,9
E05011467,18-20,weekday,1,2025,8
E05011467,20-22,weekday,1,2025,6
E05011467,06-08,weekday,2,2025,2
E05011467,08-10,weekday,2,2025,4
E05011467,10-12,weekday,2,2025,6
E05011467,12-14,weekday,2,2025,8
E05011467,14-16,weekday,2,2025,9
E05011467,16-18,weekday,2,2025,9
E05011467,18-20,weekday,2,2025,8
E05011467,20-22,weekday,2,2025,6
E05011467,06-08,weekend,1,2025,1
E05011467,08-10,weekend,1,2025,1
E05011467,10-12,weekend,1,2025,1
E05011467,12-14,weekend,1,2025,4
E05011467,14-16,weekend,1,2025,6
E05011467,16-18,weekend,1,2025,6
E05011467,18-20,weekend,1,2025,4
E05011467,20-22,weekend,1,2025,3
E05011467,06-08,weekend,2,2025,1
E05011467,08-10,weekend,2,2025,2
E05011467,10-12,weekend,2,2025,1
E05011467,12-14,weekend,2,2025,3
E05011467,14-16,weekend,2,2025,6
E05011467,16-18,weekend,2,2025,6
E05011467,18-20,weekend,2,2025,4
E05011467,20-22,weekend,2,2025,3
E05011468,06-08,weekday,1,2025,2
E05011468,08-10,weekday,1,2025,4
E05011468,10-12,weekday,1,2025,6
E05011468,12-14,weekday,1,2025,8
E05011468,14-16,weekday,1,2025,9
E05011468,16-18,weekday,1,2025,9
E05011468,18-20,weekday,1,2025,8
E05011468,20-22,weekday,1,2025,6
E05011468,06-08,weekday,2,2025,2
E05011468,08-10,weekday,2,2025,4
E05011468,10-12,weekday,2,2025,6
E05011468,12-14,weekday,2,2025,8
E05011468,14-16,weekday,2,2025,9
E05011468,16-18,weekday,2,2025,9
E05011468,18-20,weekday,2,2025,8
E05011468,20-22,weekday,2,2025,6
E05011468,06-08,weekend,1,2025,1
E05011468,08-10,weekend,1,2025,1
E05011468,10-12,weekend,1,2025,1
E05011468,12-14,weekend,1,2025,4
E05011468,14-16,weekend,1,2025,6
E05011468,16-18,weekend,1,2025,6
E05011468,18-20,weekend,1,2025,4
E05011468,20-22,weekend,1,2025,3
E05011468,06-08,weekend,2,2025,1
E05011468,08-10,weekend,2,2025,2
E05011468,10-12,weekend,2,2025,1
E05011468,12-14,weekend,2,2025,3
E05011468,14-16,weekend,2,2025,6
E05011468,16-18,weekend,2,2025,6
E05011468,18-20,weekend,2,2025,4
E05011468,20-22,weekend,2,2025,3
E05011469,06-08,weekday,1,2025,2
E05011469,08-10,weekday,1,2025,4
E05011469,10-12,weekday,1,2025,6
E05011469,12-14,weekday,1,2025,8
E05011469,14-16,weekday,1,2025,9
E05011469,16-18,weekday,1,2025,9
E05011469,18-20,weekday,1,2025,8
E05011469,20-22,weekday,1,2025,6
E05011469,06-08,weekday,2,2025,2
E05011469,08-10,weekday,2,2025,4
E05011469,10-12,weekday,2,2025,6
E05011469,12-14,weekday,2,2025,8
E05011469,14-16,weekday,2,2025,9
E05011469,16-18,weekday,2,2025,9
E05011469,18-20,weekday,2,2025,8
E05011469,20-22,weekday,2,2025,6
E05011469,06-08,weekend,1,2025,1
E05011469,08-10,weekend,1,2025,1
E05011469,10-12,weekend,1,2025,1
E05011469,12-14,weekend,1,2025,4
E05011469,14-16,weekend,1,2025,6
E05011469,16-18,weekend,1,2025,6
E05011469,18-20,weekend,1,2025,4
E05011469,20-22,weekend,1,2025,3
E05011469,06-08,weekend,2,2025,1
E05011469,08-10,weekend,2,2025,1
E05011469,10-12,weekend,2,2025,1
E05011469,12-14,weekend,2,2025,4
E05011469,14-16,weekend,2,2025,6
E05011469,16-18,weekend,2,2025,6
E05011469,18-20,weekend,2,2025,4
E05011469,20-22,weekend,2,2025,3
E05011470,06-08,weekday,1,2025,2
E05011470,08-10,weekday,1,2025,4
E05011470,10-12,weekday,1,2025,6
E05011470,12-14,weekday,1,2025,8
E05011470,14-16,weekday,1,2025,9
E05011470,16-18,weekday,1,2025,9
E05011470,18-20,weekday,1,2025,8
E05011470,20-22,weekday,1,2025,6
E05011470,06-08,weekday,2,2025,2
E05011470,08-10,weekday,2,2025,4
E05011470,10-12,weekday,2,2025,6
E05011470,12-14,weekday,2,2025,8
E05011470,14-16,weekday,2,2025,9
E05011470,16-18,weekday,2,2025,9
E05011470,18-20,weekday,2,2025,8
E05011470,20-22,weekday,2,2025,6
E05011470,06-08,weekend,1,2025,1
E05011470,08-10,weekend,1,2025,1
E05011470,10-12,weekend,1,2025,1
E05011470,12-14,weekend,1,2025,4
E05011470,14-16,weekend,1,2025,6
E05011470,16-18,weekend,1,2025,6
E05011470,18-20,weekend,1,2025,4
E05011470,20-22,weekend,1,2025,3
E05011470,06-08,weekend,2,2025,1
E05011470,08-10,weekend,2,2025,1
E05011470,10-12,weekend,2,2025,1
E05011470,12-14,weekend,2,2025,4
E05011470,14-16,weekend,2,2025,6
E05011470,16-18,weekend,2,2025,6
E05011470,18-20,weekend,2,2025,4
E05011470,20-22,weekend,2,2025,3
E05011471,06-08,weekday,1,2025,2
E05011471,08-10,weekday,1,2025,4
E05011471,10-12,weekday,1,2025,6
E05011471,12-14,weekday,1,2025,8
E05011471,14-16,weekday,1,2025,9
E05011471,16-18,weekday,1,2025,9
E05011471,18-20,weekday,1,2025,8
E05011471,20-22,weekday,1,2025,6
E05011471,06-08,weekday,2,2025,2
E05011471,08-10,weekday,2,2025,4
E05011471,10-12,weekday,2,2025,6
E05011471,12-14,weekday,2,2025,8
E05011471,14-16,weekday,2,2025,9
E05011471,16-18,weekday,2,2025,9
E05011471,18-20,weekday,2,2025,8
E05011471,20-22,weekday,2,2025,6
E05011471,06-08,weekend,1,2025,1
E05011471,08-10,weekend,1,2025,1
E05011471,10-12,weekend,1,2025,1
E05011471,12-14,weekend,1,2025,4
E05011471,14-16,weekend,1,2025,6
E05011471,16-18,weekend,1,2025,6
E05011471,18-20,weekend,1,2025,4
E05011471,20-22,weekend,1,2025,3
E05011471,06-08,weekend,2,2025,1
E05011471,08-10,weekend,2,2025,2
E05011471,10-12,weekend,2,2025,1
E05011471,12-14,weekend,2,2025,3
E05011471,14-16,weekend,2,2025,6
E05011471,16-18,weekend,2,2025,6
E05011471,18-20,weekend,2,2025,4
E05011471,20-22,weekend,2,2025,3
E05011472,06-08,weekday,1,2025,2
E05011472,08-10,weekday,1,2025,4
E05011472,10-12,weekday,1,2025,6
E05011472,12-14,weekday,1,2025,8
E05011472,14-16,weekday,1,2025,9
E05011472,16-18,weekday,1,2025,9
E05011472,18-20,weekday,1,2025,8
E05011472,20-22,weekday,1,2025,6
E05011472,06-08,weekday,2,2025,2
E05011472,08-10,weekday,2,2025,4
E05011472,10-12,weekday,2,2025,6
E05011472,12-14,weekday,2,2025,8
E05011472,14-16,weekday,2,2025,9
E05011472,16-18,weekday,2,2025,9
E05011472,18-20,weekday,2,2025,8
E05011472,20-22,weekday,2,2025,6
E05011472,06-08,weekend,1,2025,1
E05011472,08-10,weekend,1,2025,1
E05011472,10-12,weekend,1,2025,1
E05011472,12-14,weekend,1,2025,4
E05011472,14-16,weekend,1,2025,6
E05011472,16-18,weekend,1,2025,6
E05011472,18-20,weekend,1,2025,4
E05011472,20-22,weekend,1,2025,3
E05011472,06-08,weekend,2,2025,1
E05011472,08-10,weekend,2,2025,2
E05011472,10-12,weekend,2,2025,1
E05011472,12-14,weekend,2,2025,3
E05011472,14-16,weekend,2,2025,6
E05011472,16-18,weekend,2,2025,6
E05011472,18-20,weekend,2,2025,4
E05011472,20-22,weekend,2,2025,3
E05011473,06-08,weekday,1,2025,2
E05011473,08-10,weekday,1,2025,4
E05011473,10-12,weekday,1,2025,6
E05011473,12-14,weekday,1,2025,8
E05011473,14-16,weekday,1,2025,9
E05011473,16-18,weekday,1,2025,9
E05011473,18-20,weekday,1,2025,8
E05011473,20-22,weekday,1,2025,6
E05011473,06-08,weekday,2,2025,2
E05011473,08-10,weekday,2,2025,4
E05011473,10-12,weekday,2,2025,6
E05011473,12-14,weekday,2,2025,8
E05011473,14-16,weekday,2,2025,9
E05011473,16-18,weekday,2,2025,9
E05011473,18-20,weekday,2,2025,8
E05011473,20-22,weekday,2,2025,6
E05011473,06-08,weekend,1,2025,1
E05011473,08-10,weekend,1,2025,1
E05011473,10-12,weekend,1,2025,1
E05011473,12-14,weekend,1,2025,4
E05011473,14-16,weekend,1,2025,6
E05011473,16-18,weekend,1,2025,6
E05011473,18-20,weekend,1,2025,4
E05011473,20-22,weekend,1,2025,3
E05011473,06-08,weekend,2,2025,1
E05011473,08-10,weekend,2,2025,1
E05011473,10-12,weekend,2,2025,1
E05011473,12-14,weekend,2,2025,4
E05011473,14-16,weekend,2,2025,6
E05011473,16-18,weekend,2,2025,6
E05011473,18-20,weekend,2,2025,4
E05011473,20-22,weekend,2,2025,3
E05011474,06-08,weekday,1,2025,2
E05011474,08-10,weekday,1,2025,4
E05011474,10-12,weekday,1,2025,6
E05011474,12-14,weekday,1,2025,8
E05011474,14-16,weekday,1,2025,9
E05011474,16-18,weekday,1,2025,9
E05011474,18-20,weekday,1,2025,8
E05011474,20-22,weekday,1,2025,6
E05011474,06-08,weekday,2,2025,2
E05011474,08-10,weekday,2,2025,4
E05011474,10-12,weekday,2,2025,6
E05011474,12-14,weekday,2,2025,8
E05011474,14-16,weekday,2,2025,9
E05011474,16-18,weekday,2,2025,9
E05011474,18-20,weekday,2,2025,8
E05011474,20-22,weekday,2,2025,6
E05011474,06-08,weekend,1,2025,1
E05011474,08-10,weekend,1,2025,1
E05011474,10-12,weekend,1,2025,1
E05011474,12-14,weekend,1,2025,4
E05011474,14-16,weekend,1,2025,6
E05011474,16-18,weekend,1,2025,6
E05011474,18-20,weekend,1,2025,4
E05011474,20-22,weekend,1,2025,3
E05011474,06-08,weekend,2,2025,1
E05011474,08-10,weekend,2,2025,1
E05011474,10-12,weekend,2,2025,1
E05011474,12-14,weekend,2,2025,4
E05011474,14-16,weekend,2,2025,6
E05011474,16-18,weekend,2,2025,6
E05011474,18-20,weekend,2,2025,4
E05011474,20-22,weekend,2,2025,3
E05011475,06-08,weekday,1,2025,2
E05011475,08-10,weekday,1,2025,4
E05011475,10-12,weekday,1,2025,6
E05011475,12-14,weekday,1,2025,8
E05011475,14-16,weekday,1,2025,9
E05011475,16-18,weekday,1,2025,9
E05011475,18-20,weekday,1,2025,8
E05011475,20-22,weekday,1,2025,6
E05011475,06-08,weekday,2,2025,2
E05011475,08-10,weekday,2,2025,4
E05011475,10-12,weekday,2,2025,6
E05011475,12-14,weekday,2,2025,8
E05011475,14-16,weekday,2,2025,9
E05011475,16-18,weekday,2,2025,9
E05011475,18-20,weekday,2,2025,8
E05011475,20-22,weekday,2,2025,6
E05011475,06-08,weekend,1,2025,1
E05011475,08-10,weekend,1,2025,1
E05011475,10-12,weekend,1,2025,1
E05011475,12-14,weekend,1,2025,4
E05011475,14-16,weekend,1,2025,6
E05011475,16-18,weekend,1,2025,6
E05011475,18-20,weekend,1,2025,4
E05011475,20-22,weekend,1,2025,3
E05011475,06-08,weekend,2,2025,1
E05011475,08-10,weekend,2,2025,2
E05011475,10-12,weekend,2,2025,1
E05011475,12-14,weekend,2,2025,3
E05011475,14-16,weekend,2,2025,6
E05011475,16-18,weekend,2,2025,6
E05011475,18-20,weekend,2,2025,4
E05011475,20-22,weekend,2,2025,3
E05011476,06-08,weekday,1,2025,2
E05011476,08-10,weekday,1,2025,4
E05011476,10-12,weekday,1,2025,6
E05011476,12-14,weekday,1,2025,8
E05011476,14-16,weekday,1,2025,9
E05011476,16-18,weekday,1,2025,9
E05011476,18-20,weekday,1,2025,8
E05011476,20-22,weekday,1,2025,6
E05011476,06-08,weekday,2,2025,2
E05011476,08-10,weekday,2,2025,4
E05011476,10-12,weekday,2,2025,6
E05011476,12-14,weekday,2,2025,8
E05011476,14-16,weekday,2,2025,9
E05011476,16-18,weekday,2,2025,9
E05011476,18-20,weekday,2,2025,8
E05011476,20-22,weekday,2,2025,6
E05011476,06-08,weekend,1,2025,1
E05011476,08-10,weekend,1,2025,1
E05011476,10-12,weekend,1,2025,1
E05011476,12-14,weekend,1,2025,4
E05011476,14-16,weekend,1,2025,6
E05011476,16-18,weekend,1,2025,6
E05011476,18-20,weekend,1,2025,4
E05011476,20-22,weekend,1,2025,3
E05011476,06-08,weekend,2,2025,1
E05011476,08-10,weekend,2,2025,1
E05011476,10-12,weekend,2,2025,1
E05011476,12-14,weekend,2,2025,4
E05011476,14-16,weekend,2,2025,6
E05011476,16-18,weekend,2,2025,6
E05011476,18-20,weekend,2,2025,4
E05011476,20-22,weekend,2,2025,3
E05011477,06-08,weekday,1,2025,2
E05011477,08-10,weekday,1,2025,4
E05011477,10-12,weekday,1,2025,6
E05011477,12-14,weekday,1,2025,8
E05011477,14-16,weekday,1,2025,9
E05011477,16-18,weekday,1,2025,9
E05011477,18-20,weekday,1,2025,8
E05011477,20-22,weekday,1,2025,6
E05011477,06-08,weekday,2,2025,2
E05011477,08-10,weekday,2,2025,4
E05011477,10-12,weekday,2,2025,6
E05011477,12-14,weekday,2,2025,8
E05011477,14-16,weekday,2,2025,9
E05011477,16-18,weekday,2,2025,9
E05011477,18-20,weekday,2,2025,8
E05011477,20-22,weekday,2,2025,6
E05011477,06-08,weekend,1,2025,1
E05011477,08-10,weekend,1,2025,1
E05011477,10-12,weekend,1,2025,1
E05011477,12-14,weekend,1,2025,4
E05011477,14-16,weekend,1,2025,6
E05011477,16-18,weekend,1,2025,6
E05011477,18-20,weekend,1,2025,4
E05011477,20-22,weekend,1,2025,3
E05011477,06-08,weekend,2,2025,1
E05011477,08-10,weekend,2,2025,2
E05011477,10-12,weekend,2,2025,1
E05011477,12-14,weekend,2,2025,3
E05011477,14-16,weekend,2,2025,6
E05011477,16-18,weekend,2,2025,6
E05011477,18-20,weekend,2,2025,4
E05011477,20-22,weekend,2,2025,3
E05011478,06-08,weekday,1,2025,2
E05011478,08-10,weekday,1,2025,4
E05011478,10-12,weekday,1,2025,6
E05011478,12-14,weekday,1,2025,8
E05011478,14-16,weekday,1,2025,9
E05011478,16-18,weekday,1,2025,9
E05011478,18-20,weekday,1,2025,8
E05011478,20-22,weekday,1,2025,6
E05011478,06-08,weekday,2,2025,2
E05011478,08-10,weekday,2,2025,4
E05011478,10-12,weekday,2,2025,6
E05011478,12-14,weekday,2,2025,8
E05011478,14-16,weekday,2,2025,9
E05011478,16-18,weekday,2,2025,9
E05011478,18-20,weekday,2,2025,8
E05011478,20-22,weekday,2,2025,6
E05011478,06-08,weekend,1,2025,1
E05011478,08-10,weekend,1,2025,1
E05011478,10-12,weekend,1,2025,1
E05011478,12-14,weekend,1,2025,4
E05011478,14-16,weekend,1,2025,6
E05011478,16-18,weekend,1,2025,6
E05011478,18-20,weekend,1,2025,4
E05011478,20-22,weekend,1,2025,3
E05011478,06-08,weekend,2,2025,1
E05011478,08-10,weekend,2,2025,2
E05011478,10-12,weekend,2,2025,1
E05011478,12-14,weekend,2,2025,3
E05011478,14-16,weekend,2,2025,6
E05011478,16-18,weekend,2,2025,6
E05011478,18-20,weekend,2,2025,4
E05011478,20-22,weekend,2,2025,3
E05011479,06-08,weekday,1,2025,2
E05011479,08-10,weekday,1,2025,4
E05011479,10-12,weekday,1,2025,6
E05011479,12-14,weekday,1,2025,8
E05011479,14-16,weekday,1,2025,9
E05011479,16-18,weekday,1,2025,9
E05011479,18-20,weekday,1,2025,8
E05011479,20-22,weekday,1,2025,6
E05011479,06-08,weekday,2,2025,2
E05011479,08-10,weekday,2,2025,4
E05011479,10-12,weekday,2,2025,6
E05011479,12-14,weekday,2,2025,8
E05011479,14-16,weekday,2,2025,9
E05011479,16-18,weekday,2,2025,9
E05011479,18-20,weekday,2,2025,8
E05011479,20-22,weekday,2,2025,6
E05011479,06-08,weekend,1,2025,1
E05011479,08-10,weekend,1,2025,1
E05011479,10-12,weekend,1,2025,1
E05011479,12-14,weekend,1,2025,4
E05011479,14-16,weekend,1,2025,6
E05011479,16-18,weekend,1,2025,6
E05011479,18-20,weekend,1,2025,4
E05011479,20-22,weekend,1,2025,3
E05011479,06-08,weekend,2,2025,1
E05011479,08-10,weekend,2,2025,2
E05011479,10-12,weekend,2,2025,1
E05011479,12-14,weekend,2,2025,3
E05011479,14-16,weekend,2,2025,6
E05011479,16-18,weekend,2,2025,6
E05011479,18-20,weekend,2,2025,4
E05011479,20-22,weekend,2,2025,3
E05011480,06-08,weekday,1,2025,2
E05011480,08-10,weekday,1,2025,4
E05011480,10-12,weekday,1,2025,6
E05011480,12-14,weekday,1,2025,8
E05011480,14-16,weekday,1,2025,9
E05011480,16-18,weekday,1,2025,9
E05011480,18-20,weekday,1,2025,8
E05011480,20-22,weekday,1,2025,6
E05011480,06-08,weekday,2,2025,2
E05011480,08-10,weekday,2,2025,4
E05011480,10-12,weekday,2,2025,6
E05011480,12-14,weekday,2,2025,8
E05011480,14-16,weekday,2,2025,9
E05011480,16-18,weekday,2,2025,9
E05011480,18-20,weekday,2,2025,8
E05011480,20-22,weekday,2,2025,6
E05011480,06-08,weekend,1,2025,1
E05011480,08-10,weekend,1,2025,1
E05011480,10-12,weekend,1,2025,1
E05011480,12-14,weekend,1,2025,4
E05011480,14-16,weekend,1,2025,6
E05011480,16-18,weekend,1,2025,6
E05011480,18-20,weekend,1,2025,4
E05011480,20-22,weekend,1,2025,3
E05011480,06-08,weekend,2,2025,1
E05011480,08-10,weekend,2,2025,1
E05011480,10-12,weekend,2,2025,1
E05011480,12-14,weekend,2,2025,4
E05011480,14-16,weekend,2,2025,6
E05011480,16-18,weekend,2,2025,6
E05011480,18-20,weekend,2,2025,4
E05011480,20-22,weekend,2,2025,3
E05011481,06-08,weekday,1,2025,2
E05011481,08-10,weekday,1,2025,4
E05011481,10-12,weekday,1,2025,6
E05011481,12-14,weekday,1,2025,8
E05011481,14-16,weekday,1,2025,9
E05011481,16-18,weekday,1,2025,9
E05011481,18-20,weekday,1,2025,8
E05011481,20-22,weekday,1,2025,6
E05011481,06-08,weekday,2,2025,2
E05011481,08-10,weekday,2,2025,4
E05011481,10-12,weekday,2,2025,6
E05011481,12-14,weekday,2,2025,8
E05011481,14-16,weekday,2,2025,9
E05011481,16-18,weekday,2,2025,9
E05011481,18-20,weekday,2,2025,8
E05011481,20-22,weekday,2,2025,6
E05011481,06-08,weekend,1,2025,1
E05011481,08-10,weekend,1,2025,1
E05011481,10-12,weekend,1,2025,1
E05011481,12-14,weekend,1,2025,4
E05011481,14-16,weekend,1,2025,6
E05011481,16-18,weekend,1,2025,6
E05011481,18-20,weekend,1,2025,4
E05011481,20-22,weekend,1,2025,3
E05011481,06-08,weekend,2,2025,1
E05011481,08-10,weekend,2,2025,1
E05011481,10-12,weekend,2,2025,1
E05011481,12-14,weekend,2,2025,4
E05011481,14-16,weekend,2,2025,6
E05011481,16-18,weekend,2,2025,6
E05011481,18-20,weekend,2,2025,4
E05011481,20-22,weekend,2,2025,3
E05011482,06-08,weekday,1,2025,2
E05011482,08-10,weekday,1,2025,4
E05011482,10-12,weekday,1,2025,6
E05011482,12-14,weekday,1,2025,8
E05011482,14-16,weekday,1,2025,9
E05011482,16-18,weekday,1,2025,9
E05011482,18-20,weekday,1,2025,8
E05011482,20-22,weekday,1,2025,6
E05011482,06-08,weekday,2,2025,2
E05011482,08-10,weekday,2,2025,4
E05011482,10-12,weekday,2,2025,6
E05011482,12-14,weekday,2,2025,8
E05011482,14-16,weekday,2,2025,9
E05011482,16-18,weekday,2,2025,9
E05011482,18-20,weekday,2,2025,8
E05011482,20-22,weekday,2,2025,6
E05011482,06-08,weekend,1,2025,1
E05011482,08-10,weekend,1,2025,1
E05011482,10-12,weekend,1,2025,1
E05011482,12-14,weekend,1,2025,4
E05011482,14-16,weekend,1,2025,6
E05011482,16-18,weekend,1,2025,6
E05011482,18-20,weekend,1,2025,4
E05011482,20-22,weekend,1,2025,3
E05011482,06-08,weekend,2,2025,1
E05011482,08-10,weekend,2,2025,1
E05011482,10-12,weekend,2,2025,1
E05011482,12-14,weekend,2,2025,4
E05011482,14-16,weekend,2,2025,6
E05011482,16-18,weekend,2,2025,6
E05011482,18-20,weekend,2,2025,4
E05011482,20-22,weekend,2,2025,3
E05011483,06-08,weekday,1,2025,2
E05011483,08-10,weekday,1,2025,4
E05011483,10-12,weekday,1,2025,6
E05011483,12-14,weekday,1,2025,8
E05011483,14-16,weekday,1,2025,9
E05011483,16-18,weekday,1,2025,9
E05011483,18-20,weekday,1,2025,8
E05011483,20-22,weekday,1,2025,6
E05011483,06-08,weekday,2,2025,2
E05011483,08-10,weekday,2,2025,4
E05011483,10-12,weekday,2,2025,6
E05011483,12-14,weekday,2,2025,8
E05011483,14-16,weekday,2,2025,9
E05011483,16-18,weekday,2,2025,9
E05011483,18-20,weekday,2,2025,8
E05011483,20-22,weekday,2,2025,6
E05011483,06-08,weekend,1,2025,1
E05011483,08-10,weekend,1,2025,1
E05011483,10-12,weekend,1,2025,1
E05011483,12-14,weekend,1,2025,4
E05011483,14-16,weekend,1,2025,6
E05011483,16-18,weekend,1,2025,6
E05011483,18-20,weekend,1,2025,4
E05011483,20-22,weekend,1,2025,3
E05011483,06-08,weekend,2,2025,1
E05011483,08-10,weekend,2,2025,1
E05011483,10-12,weekend,2,2025,1
E05011483,12-14,weekend,2,2025,4
E05011483,14-16,weekend,2,2025,6
E05011483,16-18,weekend,2,2025,6
E05011483,18-20,weekend,2,2025,4
E05011483,20-22,weekend,2,2025,3
E05011484,06-08,weekday,1,2025,2
E05011484,08-10,weekday,1,2025,4
E05011484,10-12,weekday,1,2025,6
E05011484,12-14,weekday,1,2025,8
E05011484,14-16,weekday,1,2025,9
E05011484,16-18,weekday,1,2025,9
E05011484,18-20,weekday,1,2025,8
E05011484,20-22,weekday,1,2025,6
E05011484,06-08,weekday,2,2025,2
E05011484,08-10,weekday,2,2025,4
E05011484,10-12,weekday,2,2025,6
E05011484,12-14,weekday,2,2025,8
E05011484,14-16,weekday,2,2025,9
E05011484,16-18,weekday,2,2025,9
E05011484,18-20,weekday,2,2025,8
E05011484,20-22,weekday,2,2025,6
E05011484,06-08,weekend,1,2025,1
E05011484,08-10,weekend,1,2025,1
E05011484,10-12,weekend,1,2025,1
E05011484,12-14,weekend,1,2025,4
E05011484,14-16,weekend,1,2025,6
E05011484,16-18,weekend,1,2025,6
E05011484,18-20,weekend,1,2025,4
E05011484,20-22,weekend,1,2025,3
E05011484,06-08,weekend,2,2025,1
E05011484,08-10,weekend,2,2025,2
E05011484,10-12,weekend,2,2025,1
E05011484,12-14,weekend,2,2025,3
E05011484,14-16,weekend,2,2025,6
E05011484,16-18,weekend,2,2025,6
E05011484,18-20,weekend,2,2025,4
E05011484,20-22,weekend,2,2025,3
E05011485,06-08,weekday,1,2025,2
E05011485,08-10,weekday,1,2025,4
E05011485,10-12,weekday,1,2025,6
E05011485,12-14,weekday,1,2025,8
E05011485,14-16,weekday,1,2025,9
E05011485,16-18,weekday,1,2025,9
E05011485,18-20,weekday,1,2025,8
E05011485,20-22,weekday,1,2025,6
E05011485,06-08,weekday,2,2025,2
E05011485,08-10,weekday,2,2025,4
E05011485,10-12,weekday,2,2025,6
E05011485,12-14,weekday,2,2025,8
E05011485,14-16,weekday,2,2025,9
E05011485,16-18,weekday,2,2025,9
E05011485,18-20,weekday,2,2025,8
E05011485,20-22,weekday,2,2025,6
E05011485,06-08,weekend,1,2025,1
E05011485,08-10,weekend,1,2025,1
E05011485,10-12,weekend,1,2025,1
E05011485,12-14,weekend,1,2025,4
E05011485,14-16,weekend,1,2025,6
E05011485,16-18,weekend,1,2025,6
E05011485,18-20,weekend,1,2025,4
E05011485,20-22,weekend,1,2025,3
E05011485,06-08,weekend,2,2025,1
E05011485,08-10,weekend,2,2025,2
E05011485,10-12,weekend,2,2025,1
E05011485,12-14,weekend,2,2025,3
E05011485,14-16,weekend,2,2025,6
E05011485,16-18,weekend,2,2025,6
E05011485,18-20,weekend,2,2025,4
E05011485,20-22,weekend,2,2025,3
E05011486,06-08,weekday,1,2025,2
E05011486,08-10,weekday,1,2025,4
E05011486,10-12,weekday,1,2025,6
E05011486,12-14,weekday,1,2025,8
E05011486,14-16,weekday,1,2025,9
E05011486,16-18,weekday,1,2025,9
E05011486,18-20,weekday,1,2025,8
E05011486,20-22,weekday,1,2025,6
E05011486,06-08,weekday,2,2025,2
E05011486,08-10,weekday,2,2025,4
E05011486,10-12,weekday,2,2025,6
E05011486,12-14,weekday,2,2025,8
E05011486,14-16,weekday,2,2025,9
E05011486,16-18,weekday,2,2025,9
E05011486,18-20,weekday,2,2025,8
E05011486,20-22,weekday,2,2025,6
E05011486,06-08,weekend,1,2025,1
E05011486,08-10,weekend,1,2025,1
E05011486,10-12,weekend,1,2025,1
E05011486,12-14,weekend,1,2025,4
E05011486,14-16,weekend,1,2025,6
E05011486,16-18,weekend,1,2025,6
E05011486,18-20,weekend,1,2025,4
E05011486,20-22,weekend,1,2025,3
E05011486,06-08,weekend,2,2025,1
E05011486,08-10,weekend,2,2025,2
E05011486,10-12,weekend,2,2025,1
E05011486,12-14,weekend,2,2025,3
E05011486,14-16,weekend,2,2025,6
E05011486,16-18,weekend,2,2025,6
E05011486,18-20,weekend,2,2025,4
E05011486,20-22,weekend,2,2025,3
E05011487,06-08,weekday,1,2025,2
E05011487,08-10,weekday,1,2025,4
E05011487,10-12,weekday,1,2025,6
E05011487,12-14,weekday,1,2025,8
E05011487,14-16,weekday,1,2025,9
E05011487,16-18,weekday,1,2025,9
E05011487,18-20,weekday,1,2025,8
E05011487,20-22,weekday,1,2025,6
E05011487,06-08,weekday,2,2025,2
E05011487,08-10,weekday,2,2025,4
E05011487,10-12,weekday,2,2025,6
E05011487,12-14,weekday,2,2025,8
E05011487,14-16,weekday,2,2025,9
E05011487,16-18,weekday,2,2025,9
E05011487,18-20,weekday,2,2025,8
E05011487,20-22,weekday,2,2025,6
E05011487,06-08,weekend,1,2025,1
E05011487,08-10,weekend,1,2025,1
E05011487,10-12,weekend,1,2025,1
E05011487,12-14,weekend,1,2025,4
E05011487,14-16,weekend,1,2025,6
E05011487,16-18,weekend,1,2025,6
E05011487,18-20,weekend,1,2025,4
E05011487,20-22,weekend,1,2025,3
E05011487,06-08,weekend,2,2025,1
E05011487,08-10,weekend,2,2025,1
E05011487,10-12,weekend,2,2025,1
E05011487,12-14,weekend,2,2025,4
E05011487,14-16,weekend,2,2025,6
E05011487,16-18,weekend,2,2025,6
E05011487,18-20,weekend,2,2025,4
E05011487,20-22,weekend,2,2025,3
E05011488,06-08,weekday,1,2025,2
E05011488,08-10,weekday,1,2025,4
E05011488,10-12,weekday,1,2025,6
E05011488,12-14,weekday,1,2025,8
E05011488,14-16,weekday,1,2025,9
E05011488,16-18,weekday,1,2025,9
E05011488,18-20,weekday,1,2025,8
E05011488,20-22,weekday,1,2025,6
E05011488,06-08,weekday,2,2025,2
E05011488,08-10,weekday,2,2025,4
E05011488,10-12,weekday,2,2025,6
E05011488,12-14,weekday,2,2025,8
E05011488,14-16,weekday,2,2025,9
E05011488,16-18,weekday,2,2025,9
E05011488,18-20,weekday,2,2025,8
E05011488,20-22,weekday,2,2025,6
E05011488,06-08,weekend,1,2025,1
E05011488,08-10,weekend,1,2025,1
E05011488,10-12,weekend,1,2025,1
E05011488,12-14,weekend,1,2025,4
E05011488,14-16,weekend,1,2025,6
E05011488,16-18,weekend,1,2025,6
E05011488,18-20,weekend,1,2025,4
E05011488,20-22,weekend,1,2025,3
E05011488,06-08,weekend,2,2025,1
E05011488,08-10,weekend,2,2025,2
E05011488,10-12,weekend,2,2025,1
E05011488,12-14,weekend,2,2025,3
E05011488,14-16,weekend,2,2025,6
E05011488,16-18,weekend,2,2025,6
E05011488,18-20,weekend,2,2025,4
E05011488,20-22,weekend,2,2025,3
E05011489,06-08,weekday,1,2025,2
E05011489,08-10,weekday,1,2025,4
E05011489,10-12,weekday,1,2025,6
E05011489,12-14,weekday,1,2025,8
E05011489,14-16,weekday,1,2025,9
E05011489,16-18,weekday,1,2025,9
E05011489,18-20,weekday,1,2025,8
E05011489,20-22,weekday,1,2025,6
E05011489,06-08,weekday,2,2025,2
E05011489,08-10,weekday,2,2025,4
E05011489,10-12,weekday,2,2025,6
E05011489,12-14,weekday,2,2025,8
E05011489,14-16,weekday,2,2025,9
E05011489,16-18,weekday,2,2025,9
E05011489,18-20,weekday,2,2025,8
E05011489,20-22,weekday,2,2025,6
E05011489,06-08,weekend,1,2025,1
E05011489,08-10,weekend,1,2025,1
E05011489,10-12,weekend,1,2025,1
E05011489,12-14,weekend,1,2025,4
E05011489,14-16,weekend,1,2025,6
E05011489,16-18,weekend,1,2025,6
E05011489,18-20,weekend,1,2025,4
E05011489,20-22,weekend,1,2025,3
E05011489,06-08,weekend,2,2025,1
E05011489,08-10,weekend,2,2025,2
E05011489,10-12,weekend,2,2025,1
E05011489,12-14,weekend,2,2025,3
E05011489,14-16,weekend,2,2025,6
E05011489,16-18,weekend,2,2025,6
E05011489,18-20,weekend,2,2025,4
E05011489,20-22,weekend,2,2025,3
E05013496,06-08,weekday,1,2025,2
E05013496,08-10,weekday,1,2025,4
E05013496,10-12,weekday,1,2025,6
E05013496,12-14,weekday,1,2025,8
E05013496,14-16,weekday,1,2025,9
E05013496,16-18,weekday,1,2025,9
E05013496,18-20,weekday,1,2025,8
E05013496,20-22,weekday,1,2025,6
E05013496,06-08,weekday,2,2025,2
E05013496,08-10,weekday,2,2025,4
E05013496,10-12,weekday,2,2025,6
E05013496,12-14,weekday,2,2025,8
E05013496,14-16,weekday,2,2025,9
E05013496,16-18,weekday,2,2025,9
E05013496,18-20,weekday,2,2025,8
E05013496,20-22,weekday,2,2025,6
E05013496,06-08,weekend,1,2025,1
E05013496,08-10,weekend,1,2025,1
E05013496,10-12,weekend,1,2025,1
E05013496,12-14,weekend,1,2025,4
E05013496,14-16,weekend,1,2025,6
E05013496,16-18,weekend,1,2025,6
E05013496,18-20,weekend,1,2025,4
E05013496,20-22,weekend,1,2025,3
E05013496,06-08,weekend,2,2025,1
E05013496,08-10,weekend,2,2025,2
E05013496,10-12,weekend,2,2025,1
E05013496,12-14,weekend,2,2025,3
E05013496,14-16,weekend,2,2025,6
E05013496,16-18,weekend,2,2025,6
E05013496,18-20,weekend,2,2025,4
E05013496,20-22,weekend,2,2025,3
E05013497,06-08,weekday,1,2025,2
E05013497,08-10,weekday,1,2025,4
E05013497,10-12,weekday,1,2025,6
E05013497,12-14,weekday,1,2025,8
E05013497,14-16,weekday,1,2025,9
E05013497,16-18,weekday,1,2025,9
E05013497,18-20,weekday,1,2025,8
E05013497,20-22,weekday,1,2025,6
E05013497,06-08,weekday,2,2025,2
E05013497,08-10,weekday,2,2025,4
E05013497,10-12,weekday,2,2025,6
E05013497,12-14,weekday,2,2025,8
E05013497,14-16,weekday,2,2025,9
E05013497,16-18,weekday,2,2025,9
E05013497,18-20,weekday,2,2025,8
E05013497,20-22,weekday,2,2025,6
E05013497,06-08,weekend,1,2025,1
E05013497,08-10,weekend,1,2025,1
E05013497,10-12,weekend,1,2025,1
E05013497,12-14,weekend,1,2025,4
E05013497,14-16,weekend,1,2025,6
E05013497,16-18,weekend,1,2025,6
E05013497,18-20,weekend,1,2025,4
E05013497,20-22,weekend,1,2025,3
E05013497,06-08,weekend,2,2025,1
E05013497,08-10,weekend,2,2025,2
E05013497,10-12,weekend,2,2025,1
E05013497,12-14,weekend,2,2025,3
E05013497,14-16,weekend,2,2025,6
E05013497,16-18,weekend,2,2025,6
E05013497,18-20,weekend,2,2025,4
E05013497,20-22,weekend,2,2025,3
E05013498,06-08,weekday,1,2025,2
E05013498,08-10,weekday,1,2025,4
E05013498,10-12,weekday,1,2025,6
E05013498,12-14,weekday,1,2025,8
E05013498,14-16,weekday,1,2025,9
E05013498,16-18,weekday,1,2025,9
E05013498,18-20,weekday,1,2025,8
E05013498,20-22,weekday,1,2025,6
E05013498,06-08,weekday,2,2025,2
E05013498,08-10,weekday,2,2025,4
E05013498,10-12,weekday,2,2025,6
E05013498,12-14,weekday,2,2025,8
E05013498,14-16,weekday,2,2025,9
E05013498,16-18,weekday,2,2025,9
E05013498,18-20,weekday,2,2025,8
E05013498,20-22,weekday,2,2025,6
E05013498,06-08,weekend,1,2025,1
E05013498,08-10,weekend,1,2025,1
E05013498,10-12,weekend,1,2025,1
E05013498,12-14,weekend,1,2025,4
E05013498,14-16,weekend,1,2025,6
E05013498,16-18,weekend,1,2025,6
E05013498,18-20,weekend,1,2025,4
E05013498,20-22,weekend,1,2025,3
E05013498,06-08,weekend,2,2025,1
E05013498,08-10,weekend,2,2025,2
E05013498,10-12,weekend,2,2025,1
E05013498,12-14,weekend,2,2025,3
E05013498,14-16,weekend,2,2025,6
E05013498,16-18,weekend,2,2025,6
E05013498,18-20,weekend,2,2025,4
E05013498,20-22,weekend,2,2025,3
E05013499,06-08,weekday,1,2025,2
E05013499,08-10,weekday,1,2025,4
E05013499,10-12,weekday,1,2025,6
E05013499,12-14,weekday,1,2025,8
E05013499,14-16,weekday,1,2025,9
E05013499,16-18,weekday,1,2025,9
E05013499,18-20,weekday,1,2025,8
E05013499,20-22,weekday,1,2025,6
E05013499,06-08,weekday,2,2025,2
E05013499,08-10,weekday,2,2025,4
E05013499,10-12,weekday,2,2025,6
E05013499,12-14,weekday,2,2025,8
E05013499,14-16,weekday,2,2025,9
E05013499,16-18,weekday,2,2025,9
E05013499,18-20,weekday,2,2025,8
E05013499,20-22,weekday,2,2025,6
E05013499,06-08,weekend,1,2025,1
E05013499,08-10,weekend,1,2025,1
E05013499,10-12,weekend,1,2025,1
E05013499,12-14,weekend,1,2025,4
E05013499,14-16,weekend,1,2025,6
E05013499,16-18,weekend,1,2025,6
E05013499,18-20,weekend,1,2025,4
E05013499,20-22,weekend,1,2025,3
E05013499,06-08,weekend,2,2025,1
E05013499,08-10,weekend,2,2025,2
E05013499,10-12,weekend,2,2025,1
E05013499,12-14,weekend,2,2025,3
E05013499,14-16,weekend,2,2025,6
E05013499,16-18,weekend,2,2025,6
E05013499,18-20,weekend,2,2025,4
E05013499,20-22,weekend,2,2025,3
E05013500,06-08,weekday,1,2025,2
E05013500,08-10,weekday,1,2025,4
E05013500,10-12,weekday,1,2025,6
E05013500,12-14,weekday,1,2025,8
E05013500,14-16,weekday,1,2025,9
E05013500,16-18,weekday,1,2025,9
E05013500,18-20,weekday,1,2025,8
E05013500,20-22,weekday,1,2025,6
E05013500,06-08,weekday,2,2025,2
E05013500,08-10,weekday,2,2025,4
E05013500,10-12,weekday,2,2025,6
E05013500,12-14,weekday,2,2025,8
E05013500,14-16,weekday,2,2025,9
E05013500,16-18,weekday,2,2025,9
E05013500,18-20,weekday,2,2025,8
E05013500,20-22,weekday,2,2025,6
E05013500,06-08,weekend,1,2025,1
E05013500,08-10,weekend,1,2025,1
E05013500,10-12,weekend,1,2025,1
E05013500,12-14,weekend,1,2025,4
E05013500,14-16,weekend,1,2025,6
E05013500,16-18,weekend,1,2025,6
E05013500,18-20,weekend,1,2025,4
E05013500,20-22,weekend,1,2025,3
E05013500,06-08,weekend,2,2025,1
E05013500,08-10,weekend,2,2025,2
E05013500,10-12,weekend,2,2025,1
E05013500,12-14,weekend,2,2025,3
E05013500,14-16,weekend,2,2025,6
E05013500,16-18,weekend,2,2025,6
E05013500,18-20,weekend,2,2025,4
E05013500,20-22,weekend,2,2025,3
E05013501,06-08,weekday,1,2025,2
E05013501,08-10,weekday,1,2025,4
E05013501,10-12,weekday,1,2025,6
E05013501,12-14,weekday,1,2025,8
E05013501,14-16,weekday,1,2025,9
E05013501,16-18,weekday,1,2025,9
E05013501,18-20,weekday,1,2025,8
E05013501,20-22,weekday,1,2025,6
E05013501,06-08,weekday,2,2025,2
E05013501,08-10,weekday,2,2025,4
E05013501,10-12,weekday,2,2025,6
E05013501,12-14,weekday,2,2025,8
E05013501,14-16,weekday,2,2025,9
E05013501,16-18,weekday,2,2025,9
E05013501,18-20,weekday,2,2025,8
E05013501,20-22,weekday,2,2025,6
E05013501,06-08,weekend,1,2025,1
E05013501,08-10,weekend,1,2025,1
E05013501,10-12,weekend,1,2025,1
E05013501,12-14,weekend,1,2025,4
E05013501,14-16,weekend,1,2025,6
E05013501,16-18,weekend,1,2025,6
E05013501,18-20,weekend,1,2025,4
E05013501,20-22,weekend,1,2025,3
E05013501,06-08,weekend,2,2025,1
E05013501,08-10,weekend,2,2025,2
E05013501,10-12,weekend,2,2025,1
E05013501,12-14,weekend,2,2025,3
E05013501,14-16,weekend,2,2025,6
E05013501,16-18,weekend,2,2025,6
E05013501,18-20,weekend,2,2025,4
E05013501,20-22,weekend,2,2025,3
E05013502,06-08,weekday,1,2025,2
E05013502,08-10,weekday,1,2025,4
E05013502,10-12,weekday,1,2025,6
E05013502,12-14,weekday,1,2025,8
E05013502,14-16,weekday,1,2025,9
E05013502,16-18,weekday,1,2025,9
E05013502,18-20,weekday,1,2025,8
E05013502,20-22,weekday,1,2025,6
E05013502,06-08,weekday,2,2025,2
E05013502,08-10,weekday,2,2025,4
E05013502,10-12,weekday,2,2025,6
E05013502,12-14,weekday,2,2025,8
E05013502,14-16,weekday,2,2025,9
E05013502,16-18,weekday,2,2025,9
E05013502,18-20,weekday,2,2025,8
E05013502,20-22,weekday,2,2025,6
E05013502,06-08,weekend,1,2025,1
E05013502,08-10,weekend,1,2025,1
E05013502,10-12,weekend,1,2025,1
E05013502,12-14,weekend,1,2025,4
E05013502,14-16,weekend,1,2025,6
E05013502,16-18,weekend,1,2025,6
E05013502,18-20,weekend,1,2025,4
E05013502,20-22,weekend,1,2025,3
E05013502,06-08,weekend,2,2025,1
E05013502,08-10,weekend,2,2025,2
E05013502,10-12,weekend,2,2025,1
E05013502,12-14,weekend,2,2025,3
E05013502,14-16,weekend,2,2025,6
E05013502,16-18,weekend,2,2025,6
E05013502,18-20,weekend,2,2025,4
E05013502,20-22,weekend,2,2025,3
E05013503,06-08,weekday,1,2025,2
E05013503,08-10,weekday,1,2025,4
E05013503,10-12,weekday,1,2025,6
E05013503,12-14,weekday,1,2025,8
E05013503,14-16,weekday,1,2025,9
E05013503,16-18,weekday,1,2025,9
E05013503,18-20,weekday,1,2025,8
E05013503,20-22,weekday,1,2025,6
E05013503,06-08,weekday,2,2025,2
E05013503,08-10,weekday,2,2025,4
E05013503,10-12,weekday,2,2025,6
E05013503,12-14,weekday,2,2025,8
E05013503,14-16,weekday,2,2025,9
E05013503,16-18,weekday,2,2025,9
E05013503,18-20,weekday,2,2025,8
E05013503,20-22,weekday,2,2025,6
E05013503,06-08,weekend,1,2025,1
E05013503,08-10,weekend,1,2025,1
E05013503,10-12,weekend,1,2025,1
E05013503,12-14,weekend,1,2025,4
E05013503,14-16,weekend,1,2025,6
E05013503,16-18,weekend,1,2025,6
E05013503,18-20,weekend,1,2025,4
E05013503,20-22,weekend,1,2025,3
E05013503,06-08,weekend,2,2025,1
E05013503,08-10,weekend,2,2025,2
E05013503,10-12,weekend,2,2025,1
E05013503,12-14,weekend,2,2025,3
E05013503,14-16,weekend,2,2025,6
E05013503,16-18,weekend,2,2025,6
E05013503,18-20,weekend,2,2025,4
E05013503,20-22,weekend,2,2025,3
E05013504,06-08,weekday,1,2025,2
E05013504,08-10,weekday,1,2025,4
E05013504,10-12,weekday,1,2025,6
E05013504,12-14,weekday,1,2025,8
E05013504,14-16,weekday,1,2025,9
E05013504,16-18,weekday,1,2025,9
E05013504,18-20,weekday,1,2025,8
E05013504,20-22,weekday,1,2025,6
E05013504,06-08,weekday,2,2025,2
E05013504,08-10,weekday,2,2025,4
E05013504,10-12,weekday,2,2025,6
E05013504,12-14,weekday,2,2025,8
E05013504,14-16,weekday,2,2025,9
E05013504,16-18,weekday,2,2025,9
E05013504,18-20,weekday,2,2025,8
E05013504,20-22,weekday,2,2025,6
E05013504,06-08,weekend,1,2025,1
E05013504,08-10,weekend,1,2025,1
E05013504,10-12,weekend,1,2025,1
E05013504,12-14,weekend,1,2025,4
E05013504,14-16,weekend,1,2025,6
E05013504,16-18,weekend,1,2025,6
E05013504,18-20,weekend,1,2025,4
E05013504,20-22,weekend,1,2025,3
E05013504,06-08,weekend,2,2025,1
E05013504,08-10,weekend,2,2025,2
E05013504,10-12,weekend,2,2025,1
E05013504,12-14,weekend,2,2025,3
E05013504,14-16,weekend,2,2025,6
E05013504,16-18,weekend,2,2025,6
E05013504,18-20,weekend,2,2025,4
E05013504,20-22,weekend,2,2025,3
E05013505,06-08,weekday,1,2025,2
E05013505,08-10,weekday,1,2025,4
E05013505,10-12,weekday,1,2025,6
E05013505,12-14,weekday,1,2025,8
E05013505,14-16,weekday,1,2025,9
E05013505,16-18,weekday,1,2025,9
E05013505,18-20,weekday,1,2025,8
E05013505,20-22,weekday,1,2025,6
E05013505,06-08,weekday,2,2025,2
E05013505,08-10,weekday,2,2025,4
E05013505,10-12,weekday,2,2025,6
E05013505,12-14,weekday,2,2025,8
E05013505,14-16,weekday,2,2025,9
E05013505,16-18,weekday,2,2025,9
E05013505,18-20,weekday,2,2025,8
E05013505,20-22,weekday,2,2025,6
E05013505,06-08,weekend,1,2025,1
E05013505,08-10,weekend,1,2025,1
E05013505,10-12,weekend,1,2025,1
E05013505,12-14,weekend,1,2025,4
E05013505,14-16,weekend,1,2025,6
E05013505,16-18,weekend,1,2025,6
E05013505,18-20,weekend,1,2025,4
E05013505,20-22,weekend,1,2025,3
E05013505,06-08,weekend,2,2025,1
E05013505,08-10,weekend,2,2025,2
E05013505,10-12,weekend,2,2025,1
E05013505,12-14,weekend,2,2025,3
E05013505,14-16,weekend,2,2025,6
E05013505,16-18,weekend,2,2025,6
E05013505,18-20,weekend,2,2025,4
E05013505,20-22,weekend,2,2025,3
E05013506,06-08,weekday,1,2025,2
E05013506,08-10,weekday,1,2025,4
E05013506,10-12,weekday,1,2025,6
E05013506,12-14,weekday,1,2025,8
E05013506,14-16,weekday,1,2025,9
E05013506,16-18,weekday,1,2025,9
E05013506,18-20,weekday,1,2025,8
E05013506,20-22,weekday,1,2025,6
E05013506,06-08,weekday,2,2025,2
E05013506,08-10,weekday,2,2025,4
E05013506,10-12,weekday,2,2025,6
E05013506,12-14,weekday,2,2025,8
E05013506,14-16,weekday,2,2025,9
E05013506,16-18,weekday,2,2025,9
E05013506,18-20,weekday,2,2025,8
E05013506,20-22,weekday,2,2025,6
E05013506,06-08,weekend,1,2025,1
E05013506,08-10,weekend,1,2025,1
E05013506,10-12,weekend,1,2025,1
E05013506,12-14,weekend,1,2025,4
E05013506,14-16,weekend,1,2025,6
E05013506,16-18,weekend,1,2025,6
E05013506,18-20,weekend,1,2025,4
E05013506,20-22,weekend,1,2025,3
E05013506,06-08,weekend,2,2025,1
E05013506,08-10,weekend,2,2025,2
E05013506,10-12,weekend,2,2025,1
E05013506,12-14,weekend,2,2025,3
E05013506,14-16,weekend,2,2025,6
E05013506,16-18,weekend,2,2025,6
E05013506,18-20,weekend,2,2025,4
E05013506,20-22,weekend,2,2025,3
E05013507,06-08,weekday,1,2025,2
E05013507,08-10,weekday,1,2025,4
E05013507,10-12,weekday,1,2025,6
E05013507,12-14,weekday,1,2025,8
E05013507,14-16,weekday,1,2025,9
E05013507,16-18,weekday,1,2025,9
E05013507,18-20,weekday,1,2025,8
E05013507,20-22,weekday,1,2025,6
E05013507,06-08,weekday,2,2025,2
E05013507,08-10,weekday,2,2025,4
E05013507,10-12,weekday,2,2025,6
E05013507,12-14,weekday,2,2025,8
E05013507,14-16,weekday,2,2025,9
E05013507,16-18,weekday,2,2025,9
E05013507,18-20,weekday,2,2025,8
E05013507,20-22,weekday,2,2025,6
E05013507,06-08,weekend,1,2025,1
E05013507,08-10,weekend,1,2025,1
E05013507,10-12,weekend,1,2025,1
E05013507,12-14,weekend,1,2025,4
E05013507,14-16,weekend,1,2025,6
E05013507,16-18,weekend,1,2025,6
E05013507,18-20,weekend,1,2025,4
E05013507,20-22,weekend,1,2025,3
E05013507,06-08,weekend,2,2025,1
E05013507,08-10,weekend,2,2025,2
E05013507,10-12,weekend,2,2025,1
E05013507,12-14,weekend,2,2025,3
E05013507,14-16,weekend,2,2025,6
E05013507,16-18,weekend,2,2025,6
E05013507,18-20,weekend,2,2025,4
E05013507,20-22,weekend,2,2025,3
E05013508,06-08,weekday,1,2025,2
E05013508,08-10,weekday,1,2025,4
E05013508,10-12,weekday,1,2025,6
E05013508,12-14,weekday,1,2025,8
E05013508,14-16,weekday,1,2025,9
E05013508,16-18,weekday,1,2025,9
E05013508,18-20,weekday,1,2025,8
E05013508,20-22,weekday,1,2025,6
E05013508,06-08,weekday,2,2025,2
E05013508,08-10,weekday,2,2025,4
E05013508,10-12,weekday,2,2025,6
E05013508,12-14,weekday,2,2025,8
E05013508,14-16,weekday,2,2025,9
E05013508,16-18,weekday,2,2025,9
E05013508,18-20,weekday,2,2025,8
E05013508,20-22,weekday,2,2025,6
E05013508,06-08,weekend,1,2025,1
E05013508,08-10,weekend,1,2025,1
E05013508,10-12,weekend,1,2025,1
E05013508,12-14,weekend,1,2025,4
E05013508,14-16,weekend,1,2025,6
E05013508,16-18,weekend,1,2025,6
E05013508,18-20,weekend,1,2025,4
E05013508,20-22,weekend,1,2025,3
E05013508,06-08,weekend,2,2025,1
E05013508,08-10,weekend,2,2025,2
E05013508,10-12,weekend,2,2025,1
E05013508,12-14,weekend,2,2025,3
E05013508,14-16,weekend,2,2025,6
E05013508,16-18,weekend,2,2025,6
E05013508,18-20,weekend,2,2025,4
E05013508,20-22,weekend,2,2025,3
E05013509,06-08,weekday,1,2025,2
E05013509,08-10,weekday,1,2025,4
E05013509,10-12,weekday,1,2025,6
E05013509,12-14,weekday,1,2025,8
E05013509,14-16,weekday,1,2025,9
E05013509,16-18,weekday,1,2025,9
E05013509,18-20,weekday,1,2025,8
E05013509,20-22,weekday,1,2025,6
E05013509,06-08,weekday,2,2025,2
E05013509,08-10,weekday,2,2025,4
E05013509,10-12,weekday,2,2025,6
E05013509,12-14,weekday,2,2025,8
E05013509,14-16,weekday,2,2025,9
E05013509,16-18,weekday,2,2025,9
E05013509,18-20,weekday,2,2025,8
E05013509,20-22,weekday,2,2025,6
E05013509,06-08,weekend,1,2025,1
E05013509,08-10,weekend,1,2025,1
E05013509,10-12,weekend,1,2025,1
E05013509,12-14,weekend,1,2025,4
E05013509,14-16,weekend,1,2025,6
E05013509,16-18,weekend,1,2025,6
E05013509,18-20,weekend,1,2025,4
E05013509,20-22,weekend,1,2025,3
E05013509,06-08,weekend,2,2025,1
E05013509,08-10,weekend,2,2025,2
E05013509,10-12,weekend,2,2025,1
E05013509,12-14,weekend,2,2025,3
E05013509,14-16,weekend,2,2025,6
E05013509,16-18,weekend,2,2025,6
E05013509,18-20,weekend,2,2025,4
E05013509,20-22,weekend,2,2025,3
E05013510,06-08,weekday,1,2025,2
E05013510,08-10,weekday,1,2025,4
E05013510,10-12,weekday,1,2025,6
E05013510,12-14,weekday,1,2025,8
E05013510,14-16,weekday,1,2025,9
E05013510,16-18,weekday,1,2025,9
E05013510,18-20,weekday,1,2025,8
E05013510,20-22,weekday,1,2025,6
E05013510,06-08,weekday,2,2025,2
E05013510,08-10,weekday,2,2025,4
E05013510,10-12,weekday,2,2025,6
E05013510,12-14,weekday,2,2025,8
E05013510,14-16,weekday,2,2025,9
E05013510,16-18,weekday,2,2025,9
E05013510,18-20,weekday,2,2025,8
E05013510,20-22,weekday,2,2025,6
E05013510,06-08,weekend,1,2025,1
E05013510,08-10,weekend,1,2025,1
E05013510,10-12,weekend,1,2025,1
E05013510,12-14,weekend,1,2025,4
E05013510,14-16,weekend,1,2025,6
E05013510,16-18,weekend,1,2025,6
E05013510,18-20,weekend,1,2025,4
E05013510,20-22,weekend,1,2025,3
E05013510,06-08,weekend,2,2025,1
E05013510,08-10,weekend,2,2025,2
E05013510,10-12,weekend,2,2025,1
E05013510,12-14,weekend,2,2025,3
E05013510,14-16,weekend,2,2025,6
E05013510,16-18,weekend,2,2025,6
E05013510,18-20,weekend,2,2025,4
E05013510,20-22,weekend,2,2025,3
E05013511,06-08,weekday,1,2025,2
E05013511,08-10,weekday,1,2025,4
E05013511,10-12,weekday,1,2025,6
E05013511,12-14,weekday,1,2025,8
E05013511,14-16,weekday,1,2025,9
E05013511,16-18,weekday,1,2025,9
E05013511,18-20,weekday,1,2025,8
E05013511,20-22,weekday,1,2025,6
E05013511,06-08,weekday,2,2025,2
E05013511,08-10,weekday,2,2025,4
E05013511,10-12,weekday,2,2025,6
E05013511,12-14,weekday,2,2025,8
E05013511,14-16,weekday,2,2025,9
E05013511,16-18,weekday,2,2025,9
E05013511,18-20,weekday,2,2025,8
E05013511,20-22,weekday,2,2025,6
E05013511,06-08,weekend,1,2025,1
E05013511,08-10,weekend,1,2025,1
E05013511,10-12,weekend,1,2025,1
E05013511,12-14,weekend,1,2025,4
E05013511,14-16,weekend,1,2025,6
E05013511,16-18,weekend,1,2025,6
E05013511,18-20,weekend,1,2025,4
E05013511,20-22,weekend,1,2025,3
E05013511,06-08,weekend,2,2025,1
E05013511,08-10,weekend,2,2025,1
E05013511,10-12,weekend,2,2025,1
E05013511,12-14,weekend,2,2025,4
E05013511,14-16,weekend,2,2025,6
E05013511,16-18,weekend,2,2025,6
E05013511,18-20,weekend,2,2025,4
E05013511,20-22,weekend,2,2025,3
E05013512,06-08,weekday,1,2025,2
E05013512,08-10,weekday,1,2025,4
E05013512,10-12,weekday,1,2025,6
E05013512,12-14,weekday,1,2025,8
E05013512,14-16,weekday,1,2025,9
E05013512,16-18,weekday,1,2025,9
E05013512,18-20,weekday,1,2025,8
E05013512,20-22,weekday,1,2025,6
E05013512,06-08,weekday,2,2025,2
E05013512,08-10,weekday,2,2025,4
E05013512,10-12,weekday,2,2025,6
E05013512,12-14,weekday,2,2025,8
E05013512,14-16,weekday,2,2025,9
E05013512,16-18,weekday,2,2025,9
E05013512,18-20,weekday,2,2025,8
E05013512,20-22,weekday,2,2025,6
E05013512,06-08,weekend,1,2025,1
E05013512,08-10,weekend,1,2025,1
E05013512,10-12,weekend,1,2025,1
E05013512,12-14,weekend,1,2025,4
E05013512,14-16,weekend,1,2025,6
E05013512,16-18,weekend,1,2025,6
E05013512,18-20,weekend,1,2025,4
E05013512,20-22,weekend,1,2025,3
E05013512,06-08,weekend,2,2025,1
E05013512,08-10,weekend,2,2025,2
E05013512,10-12,weekend,2,2025,1
E05013512,12-14,weekend,2,2025,3
E05013512,14-16,weekend,2,2025,6
E05013512,16-18,weekend,2,2025,6
E05013512,18-20,weekend,2,2025,4
E05013512,20-22,weekend,2,2025,3
E05013513,06-08,weekday,1,2025,2
E05013513,08-10,weekday,1,2025,4
E05013513,10-12,weekday,1,2025,6
E05013513,12-14,weekday,1,2025,8
E05013513,14-16,weekday,1,2025,9
E05013513,16-18,weekday,1,2025,9
E05013513,18-20,weekday,1,2025,8
E05013513,20-22,weekday,1,2025,6
E05013513,06-08,weekday,2,2025,2
E05013513,08-10,weekday,2,2025,4
E05013513,10-12,weekday,2,2025,6
E05013513,12-14,weekday,2,2025,8
E05013513,14-16,weekday,2,2025,9
E05013513,16-18,weekday,2,2025,9
E05013513,18-20,weekday,2,2025,8
E05013513,20-22,weekday,2,2025,6
E05013513,06-08,weekend,1,2025,1
E05013513,08-10,weekend,1,2025,1
E05013513,10-12,weekend,1,2025,1
E05013513,12-14,weekend,1,2025,4
E05013513,14-16,weekend,1,2025,6
E05013513,16-18,weekend,1,2025,6
E05013513,18-20,weekend,1,2025,4
E05013513,20-22,weekend,1,2025,3
E05013513,06-08,weekend,2,2025,1
E05013513,08-10,weekend,2,2025,2
E05013513,10-12,weekend,2,2025,1
E05013513,12-14,weekend,2,2025,3
E05013513,14-16,weekend,2,2025,6
E05013513,16-18,weekend,2,2025,6
E05013513,18-20,weekend,2,2025,4
E05013513,20-22,weekend,2,2025,3
E05013514,06-08,weekday,1,2025,2
E05013514,08-10,weekday,1,2025,4
E05013514,10-12,weekday,1,2025,6
E05013514,12-14,weekday,1,2025,8
E05013514,14-16,weekday,1,2025,9
E05013514,16-18,weekday,1,2025,9
E05013514,18-20,weekday,1,2025,8
E05013514,20-22,weekday,1,2025,6
E05013514,06-08,weekday,2,2025,2
E05013514,08-10,weekday,2,2025,4
E05013514,10-12,weekday,2,2025,6
E05013514,12-14,weekday,2,2025,8
E05013514,14-16,weekday,2,2025,9
E05013514,16-18,weekday,2,2025,9
E05013514,18-20,weekday,2,2025,8
E05013514,20-22,weekday,2,2025,6
E05013514,06-08,weekend,1,2025,1
E05013514,08-10,weekend,1,2025,1
E05013514,10-12,weekend,1,2025,1
E05013514,12-14,weekend,1,2025,4
E05013514,14-16,weekend,1,2025,6
E05013514,16-18,weekend,1,2025,6
E05013514,18-20,weekend,1,2025,4
E05013514,20-22,weekend,1,2025,3
E05013514,06-08,weekend,2,2025,1
E05013514,08-10,weekend,2,2025,2
E05013514,10-12,weekend,2,2025,1
E05013514,12-14,weekend,2,2025,3
E05013514,14-16,weekend,2,2025,6
E05013514,16-18,weekend,2,2025,6
E05013514,18-20,weekend,2,2025,4
E05013514,20-22,weekend,2,2025,3
E05013515,06-08,weekday,1,2025,2
E05013515,08-10,weekday,1,2025,4
E05013515,10-12,weekday,1,2025,6
E05013515,12-14,weekday,1,2025,8
E05013515,14-16,weekday,1,2025,9
E05013515,16-18,weekday,1,2025,9
E05013515,18-20,weekday,1,2025,8
E05013515,20-22,weekday,1,2025,6
E05013515,06-08,weekday,2,2025,2
E05013515,08-10,weekday,2,2025,4
E05013515,10-12,weekday,2,2025,6
E05013515,12-14,weekday,2,2025,8
E05013515,14-16,weekday,2,2025,9
E05013515,16-18,weekday,2,2025,9
E05013515,18-20,weekday,2,2025,8
E05013515,20-22,weekday,2,2025,6
E05013515,06-08,weekend,1,2025,1
E05013515,08-10,weekend,1,2025,1
E05013515,10-12,weekend,1,2025,1
E05013515,12-14,weekend,1,2025,4
E05013515,14-16,weekend,1,2025,6
E05013515,16-18,weekend,1,2025,6
E05013515,18-20,weekend,1,2025,4
E05013515,20-22,weekend,1,2025,3
E05013515,06-08,weekend,2,2025,1
E05013515,08-10,weekend,2,2025,2
E05013515,10-12,weekend,2,2025,1
E05013515,12-14,weekend,2,2025,3
E05013515,14-16,weekend,2,2025,6
E05013515,16-18,weekend,2,2025,6
E05013515,18-20,weekend,2,2025,4
E05013515,20-22,weekend,2,2025,3
E05013516,06-08,weekday,1,2025,2
E05013516,08-10,weekday,1,2025,4
E05013516,10-12,weekday,1,2025,6
E05013516,12-14,weekday,1,2025,8
E05013516,14-16,weekday,1,2025,9
E05013516,16-18,weekday,1,2025,9
E05013516,18-20,weekday,1,2025,8
E05013516,20-22,weekday,1,2025,6
E05013516,06-08,weekday,2,2025,2
E05013516,08-10,weekday,2,2025,4
E05013516,10-12,weekday,2,2025,6
E05013516,12-14,weekday,2,2025,8
E05013516,14-16,weekday,2,2025,9
E05013516,16-18,weekday,2,2025,9
E05013516,18-20,weekday,2,2025,8
E05013516,20-22,weekday,2,2025,6
E05013516,06-08,weekend,1,2025,1
E05013516,08-10,weekend,1,2025,1
E05013516,10-12,weekend,1,2025,1
E05013516,12-14,weekend,1,2025,4
E05013516,14-16,weekend,1,2025,6
E05013516,16-18,weekend,1,2025,6
E05013516,18-20,weekend,1,2025,4
E05013516,20-22,weekend,1,2025,3
E05013516,06-08,weekend,2,2025,1
E05013516,08-10,weekend,2,2025,2
E05013516,10-12,weekend,2,2025,1
E05013516,12-14,weekend,2,2025,3
E05013516,14-16,weekend,2,2025,6
E05013516,16-18,weekend,2,2025,6
E05013516,18-20,weekend,2,2025,4
E05013516,20-22,weekend,2,2025,3
E05013517,06-08,weekday,1,2025,2
E05013517,08-10,weekday,1,2025,4
E05013517,10-12,weekday,1,2025,6
E05013517,12-14,weekday,1,2025,8
E05013517,14-16,weekday,1,2025,9
E05013517,16-18,weekday,1,2025,9
E05013517,18-20,weekday,1,2025,8
E05013517,20-22,weekday,1,2025,6
E05013517,06-08,weekday,2,2025,2
E05013517,08-10,weekday,2,2025,4
E05013517,10-12,weekday,2,2025,6
E05013517,12-14,weekday,2,2025,8
E05013517,14-16,weekday,2,2025,9
E05013517,16-18,weekday,2,2025,9
E05013517,18-20,weekday,2,2025,8
E05013517,20-22,weekday,2,2025,6
E05013517,06-08,weekend,1,2025,1
E05013517,08-10,weekend,1,2025,1
E05013517,10-12,weekend,1,2025,1
E05013517,12-14,weekend,1,2025,4
E05013517,14-16,weekend,1,2025,6
E05013517,16-18,weekend,1,2025,6
E05013517,18-20,weekend,1,2025,4
E05013517,20-22,weekend,1,2025,3
E05013517,06-08,weekend,2,2025,1
E05013517,08-10,weekend,2,2025,2
E05013517,10-12,weekend,2,2025,1
E05013517,12-14,weekend,2,2025,3
E05013517,14-16,weekend,2,2025,6
E05013517,16-18,weekend,2,2025,6
E05013517,18-20,weekend,2,2025,4
E05013517,20-22,weekend,2,2025,3
E05013518,06-08,weekday,1,2025,2
E05013518,08-10,weekday,1,2025,4
E05013518,10-12,weekday,1,2025,6
E05013518,12-14,weekday,1,2025,8
E05013518,14-16,weekday,1,2025,9
E05013518,16-18,weekday,1,2025,9
E05013518,18-20,weekday,1,2025,8
E05013518,20-22,weekday,1,2025,6
E05013518,06-08,weekday,2,2025,2
E05013518,08-10,weekday,2,2025,4
E05013518,10-12,weekday,2,2025,6
E05013518,12-14,weekday,2,2025,8
E05013518,14-16,weekday,2,2025,9
E05013518,16-18,weekday,2,2025,9
E05013518,18-20,weekday,2,2025,8
E05013518,20-22,weekday,2,2025,6
E05013518,06-08,weekend,1,2025,1
E05013518,08-10,weekend,1,2025,1
E05013518,10-12,weekend,1,2025,1
E05013518,12-14,weekend,1,2025,4
E05013518,14-16,weekend,1,2025,6
E05013518,16-18,weekend,1,2025,6
E05013518,18-20,weekend,1,2025,4
E05013518,20-22,weekend,1,2025,3
E05013518,06-08,weekend,2,2025,1
E05013518,08-10,weekend,2,2025,2
E05013518,10-12,weekend,2,2025,1
E05013518,12-14,weekend,2,2025,3
E05013518,14-16,weekend,2,2025,6
E05013518,16-18,weekend,2,2025,6
E05013518,18-20,weekend,2,2025,4
E05013518,20-22,weekend,2,2025,3
E05013519,06-08,weekday,1,2025,2
E05013519,08-10,weekday,1,2025,4
E05013519,10-12,weekday,1,2025,6
E05013519,12-14,weekday,1,2025,8
E05013519,14-16,weekday,1,2025,9
E05013519,16-18,weekday,1,2025,9
E05013519,18-20,weekday,1,2025,8
E05013519,20-22,weekday,1,2025,6
E05013519,06-08,weekday,2,2025,2
E05013519,08-10,weekday,2,2025,4
E05013519,10-12,weekday,2,2025,6
E05013519,12-14,weekday,2,2025,8
E05013519,14-16,weekday,2,2025,9
E05013519,16-18,weekday,2,2025,9
E05013519,18-20,weekday,2,2025,8
E05013519,20-22,weekday,2,2025,6
E05013519,06-08,weekend,1,2025,1
E05013519,08-10,weekend,1,2025,1
E05013519,10-12,weekend,1,2025,1
E05013519,12-14,weekend,1,2025,4
E05013519,14-16,weekend,1,2025,6
E05013519,16-18,weekend,1,2025,6
E05013519,18-20,weekend,1,2025,4
E05013519,20-22,weekend,1,2025,3
E05013519,06-08,weekend,2,2025,1
E05013519,08-10,weekend,2,2025,2
E05013519,10-12,weekend,2,2025,1
E05013519,12-14,weekend,2,2025,3
E05013519,14-16,weekend,2,2025,6
E05013519,16-18,weekend,2,2025,6
E05013519,18-20,weekend,2,2025,4
E05013519,20-22,weekend,2,2025,3
E05013520,06-08,weekday,1,2025,2
E05013520,08-10,weekday,1,2025,4
E05013520,10-12,weekday,1,2025,6
E05013520,12-14,weekday,1,2025,8
E05013520,14-16,weekday,1,2025,9
E05013520,16-18,weekday,1,2025,9
E05013520,18-20,weekday,1,2025,8
E05013520,20-22,weekday,1,2025,6
E05013520,06-08,weekday,2,2025,2
E05013520,08-10,weekday,2,2025,4
E05013520,10-12,weekday,2,2025,6
E05013520,12-14,weekday,2,2025,8
E05013520,14-16,weekday,2,2025,9
E05013520,16-18,weekday,2,2025,9
E05013520,18-20,weekday,2,2025,8
E05013520,20-22,weekday,2,2025,6
E05013520,06-08,weekend,1,2025,1
E05013520,08-10,weekend,1,2025,1
E05013520,10-12,weekend,1,2025,1
E05013520,12-14,weekend,1,2025,4
E05013520,14-16,weekend,1,2025,6
E05013520,16-18,weekend,1,2025,6
E05013520,18-20,weekend,1,2025,4
E05013520,20-22,weekend,1,2025,3
E05013520,06-08,weekend,2,2025,1
E05013520,08-10,weekend,2,2025,2
E05013520,10-12,weekend,2,2025,1
E05013520,12-14,weekend,2,2025,3
E05013520,14-16,weekend,2,2025,6
E05013520,16-18,weekend,2,2025,6
E05013520,18-20,weekend,2,2025,4
E05013520,20-22,weekend,2,2025,3
E05013521,06-08,weekday,1,2025,2
E05013521,08-10,weekday,1,2025,4
E05013521,10-12,weekday,1,2025,6
E05013521,12-14,weekday,1,2025,8
E05013521,14-16,weekday,1,2025,9
E05013521,16-18,weekday,1,2025,9
E05013521,18-20,weekday,1,2025,8
E05013521,20-22,weekday,1,2025,6
E05013521,06-08,weekday,2,2025,2
E05013521,08-10,weekday,2,2025,4
E05013521,10-12,weekday,2,2025,6
E05013521,12-14,weekday,2,2025,8
E05013521,14-16,weekday,2,2025,9
E05013521,16-18,weekday,2,2025,9
E05013521,18-20,weekday,2,2025,8
E05013521,20-22,weekday,2,2025,6
E05013521,06-08,weekend,1,2025,1
E05013521,08-10,weekend,1,2025,1
E05013521,10-12,weekend,1,2025,1
E05013521,12-14,weekend,1,2025,4
E05013521,14-16,weekend,1,2025,6
E05013521,16-18,weekend,1,2025,6
E05013521,18-20,weekend,1,2025,4
E05013521,20-22,weekend,1,2025,3
E05013521,06-08,weekend,2,2025,1
E05013521,08-10,weekend,2,2025,1
E05013521,10-12,weekend,2,2025,1
E05013521,12-14,weekend,2,2025,4
E05013521,14-16,weekend,2,2025,6
E05013521,16-18,weekend,2,2025,6
E05013521,18-20,weekend,2,2025,4
E05013521,20-22,weekend,2,2025,3
E05013522,06-08,weekday,1,2025,2
E05013522,08-10,weekday,1,2025,4
E05013522,10-12,weekday,1,2025,6
E05013522,12-14,weekday,1,2025,8
E05013522,14-16,weekday,1,2025,9
E05013522,16-18,weekday,1,2025,9
E05013522,18-20,weekday,1,2025,8
E05013522,20-22,weekday,1,2025,6
E05013522,06-08,weekday,2,2025,2
E05013522,08-10,weekday,2,2025,4
E05013522,10-12,weekday,2,2025,6
E05013522,12-14,weekday,2,2025,8
E05013522,14-16,weekday,2,2025,9
E05013522,16-18,weekday,2,2025,9
E05013522,18-20,weekday,2,2025,8
E05013522,20-22,weekday,2,2025,6
E05013522,06-08,weekend,1,2025,1
E05013522,08-10,weekend,1,2025,1
E05013522,10-12,weekend,1,2025,1
E05013522,12-14,weekend,1,2025,4
E05013522,14-16,weekend,1,2025,6
E05013522,16-18,weekend,1,2025,6
E05013522,18-20,weekend,1,2025,4
E05013522,20-22,weekend,1,2025,3
E05013522,06-08,weekend,2,2025,1
E05013522,08-10,weekend,2,2025,2
E05013522,10-12,weekend,2,2025,1
E05013522,12-14,weekend,2,2025,3
E05013522,14-16,weekend,2,2025,6
E05013522,16-18,weekend,2,2025,6
E05013522,18-20,weekend,2,2025,4
E05013522,20-22,weekend,2,2025,3
E05013523,06-08,weekday,1,2025,2
E05013523,08-10,weekday,1,2025,4
E05013523,10-12,weekday,1,2025,6
E05013523,12-14,weekday,1,2025,8
E05013523,14-16,weekday,1,2025,9
E05013523,16-18,weekday,1,2025,9
E05013523,18-20,weekday,1,2025,8
E05013523,20-22,weekday,1,2025,6
E05013523,06-08,weekday,2,2025,2
E05013523,08-10,weekday,2,2025,4
E05013523,10-12,weekday,2,2025,6
E05013523,12-14,weekday,2,2025,8
E05013523,14-16,weekday,2,2025,9
E05013523,16-18,weekday,2,2025,9
E05013523,18-20,weekday,2,2025,8
E05013523,20-22,weekday,2,2025,6
E05013523,06-08,weekend,1,2025,1
E05013523,08-10,weekend,1,2025,1
E05013523,10-12,weekend,1,2025,1
E05013523,12-14,weekend,1,2025,4
E05013523,14-16,weekend,1,2025,6
E05013523,16-18,weekend,1,2025,6
E05013523,18-20,weekend,1,2025,4
E05013523,20-22,weekend,1,2025,3
E05013523,06-08,weekend,2,2025,1
E05013523,08-10,weekend,2,2025,2
E05013523,10-12,weekend,2,2025,1
E05013523,12-14,weekend,2,2025,3
E05013523,14-16,weekend,2,2025,6
E05013523,16-18,weekend,2,2025,6
E05013523,18-20,weekend,2,2025,4
E05013523,20-22,weekend,2,2025,3
E05013524,06-08,weekday,1,2025,2
E05013524,08-10,weekday,1,2025,4
E05013524,10-12,weekday,1,2025,6
E05013524,12-14,weekday,1,2025,8
E05013524,14-16,weekday,1,2025,9
E05013524,16-18,weekday,1,2025,9
E05013524,18-20,weekday,1,2025,8
E05013524,20-22,weekday,1,2025,6
E05013524,06-08,weekday,2,2025,2
E05013524,08-10,weekday,2,2025,4
E05013524,10-12,weekday,2,2025,6
E05013524,12-14,weekday,2,2025,8
E05013524,14-16,weekday,2,2025,9
E05013524,16-18,weekday,2,2025,9
E05013524,18-20,weekday,2,2025,8
E05013524,20-22,weekday,2,2025,6
E05013524,06-08,weekend,1,2025,1
E05013524,08-10,weekend,1,2025,1
E05013524,10-12,weekend,1,2025,1
E05013524,12-14,weekend,1,2025,4
E05013524,14-16,weekend,1,2025,6
E05013524,16-18,weekend,1,2025,6
E05013524,18-20,weekend,1,2025,4
E05013524,20-22,weekend,1,2025,3
E05013524,06-08,weekend,2,2025,1
E05013524,08-10,weekend,2,2025,2
E05013524,10-12,weekend,2,2025,1
E05013524,12-14,weekend,2,2025,3
E05013524,14-16,weekend,2,2025,6
E05013524,16-18,weekend,2,2025,6
E05013524,18-20,weekend,2,2025,4
E05013524,20-22,weekend,2,2025,3
E05013525,06-08,weekday,1,2025,2
E05013525,08-10,weekday,1,2025,4
E05013525,10-12,weekday,1,2025,6
E05013525,12-14,weekday,1,2025,8
E05013525,14-16,weekday,1,2025,9
E05013525,16-18,weekday,1,2025,9
E05013525,18-20,weekday,1,2025,8
E05013525,20-22,weekday,1,2025,6
E05013525,06-08,weekday,2,2025,2
E05013525,08-10,weekday,2,2025,4
E05013525,10-12,weekday,2,2025,6
E05013525,12-14,weekday,2,2025,8
E05013525,14-16,weekday,2,2025,9
E05013525,16-18,weekday,2,2025,9
E05013525,18-20,weekday,2,2025,8
E05013525,20-22,weekday,2,2025,6
E05013525,06-08,weekend,1,2025,1
E05013525,08-10,weekend,1,2025,1
E05013525,10-12,weekend,1,2025,1
E05013525,12-14,weekend,1,2025,4
E05013525,14-16,weekend,1,2025,6
E05013525,16-18,weekend,1,2025,6
E05013525,18-20,weekend,1,2025,4
E05013525,20-22,weekend,1,2025,3
E05013525,06-08,weekend,2,2025,1
E05013525,08-10,weekend,2,2025,2
E05013525,10-12,weekend,2,2025,1
E05013525,12-14,weekend,2,2025,3
E05013525,14-16,weekend,2,2025,6
E05013525,16-18,weekend,2,2025,6
E05013525,18-20,weekend,2,2025,4
E05013525,20-22,weekend,2,2025,3
E05013526,06-08,weekday,1,2025,2
E05013526,08-10,weekday,1,2025,4
E05013526,10-12,weekday,1,2025,6
E05013526,12-14,weekday,1,2025,8
E05013526,14-16,weekday,1,2025,9
E05013526,16-18,weekday,1,2025,9
E05013526,18-20,weekday,1,2025,8
E05013526,20-22,weekday,1,2025,6
E05013526,06-08,weekday,2,2025,2
E05013526,08-10,weekday,2,2025,4
E05013526,10-12,weekday,2,2025,6
E05013526,12-14,weekday,2,2025,8
E05013526,14-16,weekday,2,2025,9
E05013526,16-18,weekday,2,2025,9
E05013526,18-20,weekday,2,2025,8
E05013526,20-22,weekday,2,2025,6
E05013526,06-08,weekend,1,2025,1
E05013526,08-10,weekend,1,2025,1
E05013526,10-12,weekend,1,2025,1
E05013526,12-14,weekend,1,2025,4
E05013526,14-16,weekend,1,2025,6
E05013526,16-18,weekend,1,2025,6
E05013526,18-20,weekend,1,2025,4
E05013526,20-22,weekend,1,2025,3
E05013526,06-08,weekend,2,2025,1
E05013526,08-10,weekend,2,2025,2
E05013526,10-12,weekend,2,2025,1
E05013526,12-14,weekend,2,2025,3
E05013526,14-16,weekend,2,2025,6
E05013526,16-18,weekend,2,2025,6
E05013526,18-20,weekend,2,2025,4
E05013526,20-22,weekend,2,2025,3
E05013527,06-08,weekday,1,2025,2
E05013527,08-10,weekday,1,2025,4
E05013527,10-12,weekday,1,2025,6
E05013527,12-14,weekday,1,2025,8
E05013527,14-16,weekday,1,2025,9
E05013527,16-18,weekday,1,2025,9
E05013527,18-20,weekday,1,2025,8
E05013527,20-22,weekday,1,2025,6
E05013527,06-08,weekday,2,2025,2
E05013527,08-10,weekday,2,2025,4
E05013527,10-12,weekday,2,2025,6
E05013527,12-14,weekday,2,2025,8
E05013527,14-16,weekday,2,2025,9
E05013527,16-18,weekday,2,2025,9
E05013527,18-20,weekday,2,2025,8
E05013527,20-22,weekday,2,2025,6
E05013527,06-08,weekend,1,2025,1
E05013527,08-10,weekend,1,2025,1
E05013527,10-12,weekend,1,2025,1
E05013527,12-14,weekend,1,2025,4
E05013527,14-16,weekend,1,2025,6
E05013527,16-18,weekend,1,2025,6
E05013527,18-20,weekend,1,2025,4
E05013527,20-22,weekend,1,2025,3
E05013527,06-08,weekend,2,2025,1
E05013527,08-10,weekend,2,2025,2
E05013527,10-12,weekend,2,2025,1
E05013527,12-14,weekend,2,2025,3
E05013527,14-16,weekend,2,2025,6
E05013527,16-18,weekend,2,2025,6
E05013527,18-20,weekend,2,2025,4
E05013527,20-22,weekend,2,2025,3
E05013528,06-08,weekday,1,2025,2
E05013528,08-10,weekday,1,2025,4
E05013528,10-12,weekday,1,2025,6
E05013528,12-14,weekday,1,2025,8
E05013528,14-16,weekday,1,2025,9
E05013528,16-18,weekday,1,2025,9
E05013528,18-20,weekday,1,2025,8
E05013528,20-22,weekday,1,2025,6
E05013528,06-08,weekday,2,2025,2
E05013528,08-10,weekday,2,2025,4
E05013528,10-12,weekday,2,2025,6
E05013528,12-14,weekday,2,2025,8
E05013528,14-16,weekday,2,2025,9
E05013528,16-18,weekday,2,2025,9
E05013528,18-20,weekday,2,2025,8
E05013528,20-22,weekday,2,2025,6
E05013528,06-08,weekend,1,2025,1
E05013528,08-10,weekend,1,2025,1
E05013528,10-12,weekend,1,2025,1
E05013528,12-14,weekend,1,2025,4
E05013528,14-16,weekend,1,2025,6
E05013528,16-18,weekend,1,2025,6
E05013528,18-20,weekend,1,2025,4
E05013528,20-22,weekend,1,2025,3
E05013528,06-08,weekend,2,2025,1
E05013528,08-10,weekend,2,2025,2
E05013528,10-12,weekend,2,2025,1
E05013528,12-14,weekend,2,2025,3
E05013528,14-16,weekend,2,2025,6
E05013528,16-18,weekend,2,2025,6
E05013528,18-20,weekend,2,2025,4
E05013528,20-22,weekend,2,2025,3
E05013529,06-08,weekday,1,2025,2
E05013529,08-10,weekday,1,2025,4
E05013529,10-12,weekday,1,2025,6
E05013529,12-14,weekday,1,2025,8
E05013529,14-16,weekday,1,2025,9
E05013529,16-18,weekday,1,2025,9
E05013529,18-20,weekday,1,2025,8
E05013529,20-22,weekday,1,2025,6
E05013529,06-08,weekday,2,2025,2
E05013529,08-10,weekday,2,2025,4
E05013529,10-12,weekday,2,2025,6
E05013529,12-14,weekday,2,2025,8
E05013529,14-16,weekday,2,2025,9
E05013529,16-18,weekday,2,2025,9
E05013529,18-20,weekday,2,2025,8
E05013529,20-22,weekday,2,2025,6
E05013529,06-08,weekend,1,2025,1
E05013529,08-10,weekend,1,2025,1
E05013529,10-12,weekend,1,2025,1
E05013529,12-14,weekend,1,2025,4
E05013529,14-16,weekend,1,2025,6
E05013529,16-18,weekend,1,2025,6
E05013529,18-20,weekend,1,2025,4
E05013529,20-22,weekend,1,2025,3
E05013529,06-08,weekend,2,2025,1
E05013529,08-10,weekend,2,2025,2
E05013529,10-12,weekend,2,2025,1
E05013529,12-14,weekend,2,2025,3
E05013529,14-16,weekend,2,2025,6
E05013529,16-18,weekend,2,2025,6
E05013529,18-20,weekend,2,2025,4
E05013529,20-22,weekend,2,2025,3
E05013530,06-08,weekday,1,2025,2
E05013530,08-10,weekday,1,2025,4
E05013530,10-12,weekday,1,2025,6
E05013530,12-14,weekday,1,2025,8
E05013530,14-16,weekday,1,2025,9
E05013530,16-18,weekday,1,2025,9
E05013530,18-20,weekday,1,2025,8
E05013530,20-22,weekday,1,2025,6
E05013530,06-08,weekday,2,2025,2
E05013530,08-10,weekday,2,2025,4
E05013530,10-12,weekday,2,2025,6
E05013530,12-14,weekday,2,2025,8
E05013530,14-16,weekday,2,2025,9
E05013530,16-18,weekday,2,2025,9
E05013530,18-20,weekday,2,2025,8
E05013530,20-22,weekday,2,2025,6
E05013530,06-08,weekend,1,2025,1
E05013530,08-10,weekend,1,2025,1
E05013530,10-12,weekend,1,2025,1
E05013530,12-14,weekend,1,2025,4
E05013530,14-16,weekend,1,2025,6
E05013530,16-18,weekend,1,2025,6
E05013530,18-20,weekend,1,2025,4
E05013530,20-22,weekend,1,2025,3
E05013530,06-08,weekend,2,2025,1
E05013530,08-10,weekend,2,2025,2
E05013530,10-12,weekend,2,2025,1
E05013530,12-14,weekend,2,2025,3
E05013530,14-16,weekend,2,2025,6
E05013530,16-18,weekend,2,2025,6
E05013530,18-20,weekend,2,2025,4
E05013530,20-22,weekend,2,2025,3
E05013531,06-08,weekday,1,2025,2
E05013531,08-10,weekday,1,2025,4
E05013531,10-12,weekday,1,2025,6
E05013531,12-14,weekday,1,2025,8
E05013531,14-16,weekday,1,2025,9
E05013531,16-18,weekday,1,2025,9
E05013531,18-20,weekday,1,2025,8
E05013531,20-22,weekday,1,2025,6
E05013531,06-08,weekday,2,2025,2
E05013531,08-10,weekday,2,2025,4
E05013531,10-12,weekday,2,2025,6
E05013531,12-14,weekday,2,2025,8
E05013531,14-16,weekday,2,2025,9
E05013531,16-18,weekday,2,2025,9
E05013531,18-20,weekday,2,2025,8
E05013531,20-22,weekday,2,2025,6
E05013531,06-08,weekend,1,2025,1
E05013531,08-10,weekend,1,2025,1
E05013531,10-12,weekend,1,2025,1
E05013531,12-14,weekend,1,2025,4
E05013531,14-16,weekend,1,2025,6
E05013531,16-18,weekend,1,2025,6
E05013531,18-20,weekend,1,2025,4
E05013531,20-22,weekend,1,2025,3
E05013531,06-08,weekend,2,2025,1
E05013531,08-10,weekend,2,2025,2
E05013531,10-12,weekend,2,2025,1
E05013531,12-14,weekend,2,2025,3
E05013531,14-16,weekend,2,2025,6
E05013531,16-18,weekend,2,2025,6
E05013531,18-20,weekend,2,2025,4
E05013531,20-22,weekend,2,2025,3
E05013532,06-08,weekday,1,2025,2
E05013532,08-10,weekday,1,2025,4
E05013532,10-12,weekday,1,2025,6
E05013532,12-14,weekday,1,2025,8
E05013532,14-16,weekday,1,2025,9
E05013532,16-18,weekday,1,2025,9
E05013532,18-20,weekday,1,2025,8
E05013532,20-22,weekday,1,2025,6
E05013532,06-08,weekday,2,2025,2
E05013532,08-10,weekday,2,2025,4
E05013532,10-12,weekday,2,2025,6
E05013532,12-14,weekday,2,2025,8
E05013532,14-16,weekday,2,2025,9
E05013532,16-18,weekday,2,2025,9
E05013532,18-20,weekday,2,2025,8
E05013532,20-22,weekday,2,2025,6
E05013532,06-08,weekend,1,2025,1
E05013532,08-10,weekend,1,2025,1
E05013532,10-12,weekend,1,2025,1
E05013532,12-14,weekend,1,2025,4
E05013532,14-16,weekend,1,2025,6
E05013532,16-18,weekend,1,2025,6
E05013532,18-20,weekend,1,2025,4
E05013532,20-22,weekend,1,2025,3
E05013532,06-08,weekend,2,2025,1
E05013532,08-10,weekend,2,2025,1
E05013532,10-12,weekend,2,2025,1
E05013532,12-14,weekend,2,2025,4
E05013532,14-16,weekend,2,2025,6
E05013532,16-18,weekend,2,2025,6
E05013532,18-20,weekend,2,2025,4
E05013532,20-22,weekend,2,2025,3
E05013533,06-08,weekday,1,2025,2
E05013533,08-10,weekday,1,2025,4
E05013533,10-12,weekday,1,2025,6
E05013533,12-14,weekday,1,2025,8
E05013533,14-16,weekday,1,2025,9
E05013533,16-18,weekday,1,2025,9
E05013533,18-20,weekday,1,2025,8
E05013533,20-22,weekday,1,2025,6
E05013533,06-08,weekday,2,2025,2
E05013533,08-10,weekday,2,2025,4
E05013533,10-12,weekday,2,2025,6
E05013533,12-14,weekday,2,2025,8
E05013533,14-16,weekday,2,2025,9
E05013533,16-18,weekday,2,2025,9
E05013533,18-20,weekday,2,2025,8
E05013533,20-22,weekday,2,2025,6
E05013533,06-08,weekend,1,2025,1
E05013533,08-10,weekend,1,2025,1
E05013533,10-12,weekend,1,2025,1
E05013533,12-14,weekend,1,2025,4
E05013533,14-16,weekend,1,2025,6
E05013533,16-18,weekend,1,2025,6
E05013533,18-20,weekend,1,2025,4
E05013533,20-22,weekend,1,2025,3
E05013533,06-08,weekend,2,2025,1
E05013533,08-10,weekend,2,2025,1
E05013533,10-12,weekend,2,2025,1
E05013533,12-14,weekend,2,2025,4
E05013533,14-16,weekend,2,2025,6
E05013533,16-18,weekend,2,2025,6
E05013533,18-20,weekend,2,2025,4
E05013533,20-22,weekend,2,2025,3
E05013534,06-08,weekday,1,2025,2
E05013534,08-10,weekday,1,2025,4
E05013534,10-12,weekday,1,2025,6
E05013534,12-14,weekday,1,2025,8
E05013534,14-16,weekday,1,2025,9
E05013534,16-18,weekday,1,2025,9
E05013534,18-20,weekday,1,2025,8
E05013534,20-22,weekday,1,2025,6
E05013534,06-08,weekday,2,2025,2
E05013534,08-10,weekday,2,2025,4
E05013534,10-12,weekday,2,2025,6
E05013534,12-14,weekday,2,2025,8
E05013534,14-16,weekday,2,2025,9
E05013534,16-18,weekday,2,2025,9
E05013534,18-20,weekday,2,2025,8
E05013534,20-22,weekday,2,2025,6
E05013534,06-08,weekend,1,2025,1
E05013534,08-10,weekend,1,2025,1
E05013534,10-12,weekend,1,2025,1
E05013534,12-14,weekend,1,2025,4
E05013534,14-16,weekend,1,2025,6
E05013534,16-18,weekend,1,2025,6
E05013534,18-20,weekend,1,2025,4
E05013534,20-22,weekend,1,2025,3
E05013534,06-08,weekend,2,2025,1
E05013534,08-10,weekend,2,2025,2
E05013534,10-12,weekend,2,2025,1
E05013534,12-14,weekend,2,2025,3
E05013534,14-16,weekend,2,2025,6
E05013534,16-18,weekend,2,2025,6
E05013534,18-20,weekend,2,2025,4
E05013534,20-22,weekend,2,2025,3
E05013535,06-08,weekday,1,2025,2
E05013535,08-10,weekday,1,2025,4
E05013535,10-12,weekday,1,2025,6
E05013535,12-14,weekday,1,2025,8
E05013535,14-16,weekday,1,2025,9
E05013535,16-18,weekday,1,2025,9
E05013535,18-20,weekday,1,2025,8
E05013535,20-22,weekday,1,2025,6
E05013535,06-08,weekday,2,2025,2
E05013535,08-10,weekday,2,2025,4
E05013535,10-12,weekday,2,2025,6
E05013535,12-14,weekday,2,2025,8
E05013535,14-16,weekday,2,2025,9
E05013535,16-18,weekday,2,2025,9
E05013535,18-20,weekday,2,2025,8
E05013535,20-22,weekday,2,2025,6
E05013535,06-08,weekend,1,2025,1
E05013535,08-10,weekend,1,2025,1
E05013535,10-12,weekend,1,2025,1
E05013535,12-14,weekend,1,2025,4
E05013535,14-16,weekend,1,2025,6
E05013535,16-18,weekend,1,2025,6
E05013535,18-20,weekend,1,2025,4
E05013535,20-22,weekend,1,2025,3
E05013535,06-08,weekend,2,2025,1
E05013535,08-10,weekend,2,2025,2
E05013535,10-12,weekend,2,2025,1
E05013535,12-14,weekend,2,2025,3
E05013535,14-16,weekend,2,2025,6
E05013535,16-18,weekend,2,2025,6
E05013535,18-20,weekend,2,2025,4
E05013535,20-22,weekend,2,2025,3
E05013536,06-08,weekday,1,2025,2
E05013536,08-10,weekday,1,2025,4
E05013536,10-12,weekday,1,2025,6
E05013536,12-14,weekday,1,2025,8
E05013536,14-16,weekday,1,2025,9
E05013536,16-18,weekday,1,2025,9
E05013536,18-20,weekday,1,2025,8
E05013536,20-22,weekday,1,2025,6
E05013536,06-08,weekday,2,2025,2
E05013536,08-10,weekday,2,2025,4
E05013536,10-12,weekday,2,2025,6
E05013536,12-14,weekday,2,2025,8
E05013536,14-16,weekday,2,2025,9
E05013536,16-18,weekday,2,2025,9
E05013536,18-20,weekday,2,2025,8
E05013536,20-22,weekday,2,2025,6
E05013536,06-08,weekend,1,2025,1
E05013536,08-10,weekend,1,2025,1
E05013536,10-12,weekend,1,2025,1
E05013536,12-14,weekend,1,2025,4
E05013536,14-16,weekend,1,2025,6
E05013536,16-18,weekend,1,2025,6
E05013536,18-20,weekend,1,2025,4
E05013536,20-22,weekend,1,2025,3
E05013536,06-08,weekend,2,2025,1
E05013536,08-10,weekend,2,2025,2
E05013536,10-12,weekend,2,2025,1
E05013536,12-14,weekend,2,2025,3
E05013536,14-16,weekend,2,2025,6
E05013536,16-18,weekend,2,2025,6
E05013536,18-20,weekend,2,2025,4
E05013536,20-22,weekend,2,2025,3
E05013537,06-08,weekday,1,2025,2
E05013537,08-10,weekday,1,2025,4
E05013537,10-12,weekday,1,2025,6
E05013537,12-14,weekday,1,2025,8
E05013537,14-16,weekday,1,2025,9
E05013537,16-18,weekday,1,2025,9
E05013537,18-20,weekday,1,2025,8
E05013537,20-22,weekday,1,2025,6
E05013537,06-08,weekday,2,2025,2
E05013537,08-10,weekday,2,2025,4
E05013537,10-12,weekday,2,2025,6
E05013537,12-14,weekday,2,2025,8
E05013537,14-16,weekday,2,2025,9
E05013537,16-18,weekday,2,2025,9
E05013537,18-20,weekday,2,2025,8
E05013537,20-22,weekday,2,2025,6
E05013537,06-08,weekend,1,2025,1
E05013537,08-10,weekend,1,2025,1
E05013537,10-12,weekend,1,2025,1
E05013537,12-14,weekend,1,2025,4
E05013537,14-16,weekend,1,2025,6
E05013537,16-18,weekend,1,2025,6
E05013537,18-20,weekend,1,2025,4
E05013537,20-22,weekend,1,2025,3
E05013537,06-08,weekend,2,2025,1
E05013537,08-10,weekend,2,2025,2
E05013537,10-12,weekend,2,2025,1
E05013537,12-14,weekend,2,2025,3
E05013537,14-16,weekend,2,2025,6
E05013537,16-18,weekend,2,2025,6
E05013537,18-20,weekend,2,2025,4
E05013537,20-22,weekend,2,2025,3
E05013538,06-08,weekday,1,2025,2
E05013538,08-10,weekday,1,2025,4
E05013538,10-12,weekday,1,2025,6
E05013538,12-14,weekday,1,2025,8
E05013538,14-16,weekday,1,2025,9
E05013538,16-18,weekday,1,2025,9
E05013538,18-20,weekday,1,2025,8
E05013538,20-22,weekday,1,2025,6
E05013538,06-08,weekday,2,2025,2
E05013538,08-10,weekday,2,2025,4
E05013538,10-12,weekday,2,2025,6
E05013538,12-14,weekday,2,2025,8
E05013538,14-16,weekday,2,2025,9
E05013538,16-18,weekday,2,2025,9
E05013538,18-20,weekday,2,2025,8
E05013538,20-22,weekday,2,2025,6
E05013538,06-08,weekend,1,2025,1
E05013538,08-10,weekend,1,2025,1
E05013538,10-12,weekend,1,2025,1
E05013538,12-14,weekend,1,2025,4
E05013538,14-16,weekend,1,2025,6
E05013538,16-18,weekend,1,2025,6
E05013538,18-20,weekend,1,2025,4
E05013538,20-22,weekend,1,2025,3
E05013538,06-08,weekend,2,2025,1
E05013538,08-10,weekend,2,2025,2
E05013538,10-12,weekend,2,2025,1
E05013538,12-14,weekend,2,2025,3
E05013538,14-16,weekend,2,2025,6
E05013538,16-18,weekend,2,2025,6
E05013538,18-20,weekend,2,2025,4
E05013538,20-22,weekend,2,2025,3
E05013539,06-08,weekday,1,2025,2
E05013539,08-10,weekday,1,2025,4
E05013539,10-12,weekday,1,2025,6
E05013539,12-14,weekday,1,2025,8
E05013539,14-16,weekday,1,2025,9
E05013539,16-18,weekday,1,2025,9
E05013539,18-20,weekday,1,2025,8
E05013539,20-22,weekday,1,2025,6
E05013539,06-08,weekday,2,2025,2
E05013539,08-10,weekday,2,2025,4
E05013539,10-12,weekday,2,2025,6
E05013539,12-14,weekday,2,2025,8
E05013539,14-16,weekday,2,2025,9
E05013539,16-18,weekday,2,2025,9
E05013539,18-20,weekday,2,2025,8
E05013539,20-22,weekday,2,2025,6
E05013539,06-08,weekend,1,2025,1
E05013539,08-10,weekend,1,2025,1
E05013539,10-12,weekend,1,2025,1
E05013539,12-14,weekend,1,2025,4
E05013539,14-16,weekend,1,2025,6
E05013539,16-18,weekend,1,2025,6
E05013539,18-20,weekend,1,2025,4
E05013539,20-22,weekend,1,2025,3
E05013539,06-08,weekend,2,2025,1
E05013539,08-10,weekend,2,2025,2
E05013539,10-12,weekend,2,2025,1
E05013539,12-14,weekend,2,2025,3
E05013539,14-16,weekend,2,2025,6
E05013539,16-18,weekend,2,2025,6
E05013539,18-20,weekend,2,2025,4
E05013539,20-22,weekend,2,2025,3
E05013540,06-08,weekday,1,2025,2
E05013540,08-10,weekday,1,2025,4
E05013540,10-12,weekday,1,2025,6
E05013540,12-14,weekday,1,2025,8
E05013540,14-16,weekday,1,2025,9
E05013540,16-18,weekday,1,2025,9
E05013540,18-20,weekday,1,2025,8
E05013540,20-22,weekday,1,2025,6
E05013540,06-08,weekday,2,2025,2
E05013540,08-10,weekday,2,2025,4
E05013540,10-12,weekday,2,2025,6
E05013540,12-14,weekday,2,2025,8
E05013540,14-16,weekday,2,2025,9
E05013540,16-18,weekday,2,2025,9
E05013540,18-20,weekday,2,2025,8
E05013540,20-22,weekday,2,2025,6
E05013540,06-08,weekend,1,2025,1
E05013540,08-10,weekend,1,2025,1
E05013540,10-12,weekend,1,2025,1
E05013540,12-14,weekend,1,2025,4
E05013540,14-16,weekend,1,2025,6
E05013540,16-18,weekend,1,2025,6
E05013540,18-20,weekend,1,2025,4
E05013540,20-22,weekend,1,2025,3
E05013540,06-08,weekend,2,2025,1
E05013540,08-10,weekend,2,2025,2
E05013540,10-12,weekend,2,2025,1
E05013540,12-14,weekend,2,2025,3
E05013540,14-16,weekend,2,2025,6
E05013540,16-18,weekend,2,2025,6
E05013540,18-20,weekend,2,2025,4
E05013540,20-22,weekend,2,2025,3
E05013541,06-08,weekday,1,2025,2
E05013541,08-10,weekday,1,2025,4
E05013541,10-12,weekday,1,2025,6
E05013541,12-14,weekday,1,2025,8
E05013541,14-16,weekday,1,2025,9
E05013541,16-18,weekday,1,2025,9
E05013541,18-20,weekday,1,2025,8
E05013541,20-22,weekday,1,2025,6
E05013541,06-08,weekday,2,2025,2
E05013541,08-10,weekday,2,2025,4
E05013541,10-12,weekday,2,2025,6
E05013541,12-14,weekday,2,2025,8
E05013541,14-16,weekday,2,2025,9
E05013541,16-18,weekday,2,2025,9
E05013541,18-20,weekday,2,2025,8
E05013541,20-22,weekday,2,2025,6
E05013541,06-08,weekend,1,2025,1
E05013541,08-10,weekend,1,2025,1
E05013541,10-12,weekend,1,2025,1
E05013541,12-14,weekend,1,2025,4
E05013541,14-16,weekend,1,2025,6
E05013541,16-18,weekend,1,2025,6
E05013541,18-20,weekend,1,2025,4
E05013541,20-22,weekend,1,2025,3
E05013541,06-08,weekend,2,2025,1
E05013541,08-10,weekend,2,2025,2
E05013541,10-12,weekend,2,2025,1
E05013541,12-14,weekend,2,2025,3
E05013541,14-16,weekend,2,2025,6
E05013541,16-18,weekend,2,2025,6
E05013541,18-20,weekend,2,2025,4
E05013541,20-22,weekend,2,2025,3
E05013542,06-08,weekday,1,2025,2
E05013542,08-10,weekday,1,2025,4
E05013542,10-12,weekday,1,2025,6
E05013542,12-14,weekday,1,2025,8
E05013542,14-16,weekday,1,2025,9
E05013542,16-18,weekday,1,2025,9
E05013542,18-20,weekday,1,2025,8
E05013542,20-22,weekday,1,2025,6
E05013542,06-08,weekday,2,2025,2
E05013542,08-10,weekday,2,2025,4
E05013542,10-12,weekday,2,2025,6
E05013542,12-14,weekday,2,2025,8
E05013542,14-16,weekday,2,2025,9
E05013542,16-18,weekday,2,2025,9
E05013542,18-20,weekday,2,2025,8
E05013542,20-22,weekday,2,2025,6
E05013542,06-08,weekend,1,2025,1
E05013542,08-10,weekend,1,2025,1
E05013542,10-12,weekend,1,2025,1
E05013542,12-14,weekend,1,2025,4
E05013542,14-16,weekend,1,2025,6
E05013542,16-18,weekend,1,2025,6
E05013542,18-20,weekend,1,2025,4
E05013542,20-22,weekend,1,2025,3
E05013542,06-08,weekend,2,2025,1
E05013542,08-10,weekend,2,2025,1
E05013542,10-12,weekend,2,2025,1
E05013542,12-14,weekend,2,2025,4
E05013542,14-16,weekend,2,2025,6
E05013542,16-18,weekend,2,2025,6
E05013542,18-20,weekend,2,2025,4
E05013542,20-22,weekend,2,2025,3
E05013543,06-08,weekday,1,2025,2
E05013543,08-10,weekday,1,2025,4
E05013543,10-12,weekday,1,2025,6
E05013543,12-14,weekday,1,2025,8
E05013543,14-16,weekday,1,2025,9
E05013543,16-18,weekday,1,2025,9
E05013543,18-20,weekday,1,2025,8
E05013543,20-22,weekday,1,2025,6
E05013543,06-08,weekday,2,2025,2
E05013543,08-10,weekday,2,2025,4
E05013543,10-12,weekday,2,2025,6
E05013543,12-14,weekday,2,2025,8
E05013543,14-16,weekday,2,2025,9
E05013543,16-18,weekday,2,2025,9
E05013543,18-20,weekday,2,2025,8
E05013543,20-22,weekday,2,2025,6
E05013543,06-08,weekend,1,2025,1
E05013543,08-10,weekend,1,2025,1
E05013543,10-12,weekend,1,2025,1
E05013543,12-14,weekend,1,2025,4
E05013543,14-16,weekend,1,2025,6
E05013543,16-18,weekend,1,2025,6
E05013543,18-20,weekend,1,2025,4
E05013543,20-22,weekend,1,2025,3
E05013543,06-08,weekend,2,2025,1
E05013543,08-10,weekend,2,2025,1
E05013543,10-12,weekend,2,2025,1
E05013543,12-14,weekend,2,2025,4
E05013543,14-16,weekend,2,2025,6
E05013543,16-18,weekend,2,2025,6
E05013543,18-20,weekend,2,2025,4
E05013543,20-22,weekend,2,2025,3
E05013544,06-08,weekday,1,2025,2
E05013544,08-10,weekday,1,2025,4
E05013544,10-12,weekday,1,2025,6
E05013544,12-14,weekday,1,2025,8
E05013544,14-16,weekday,1,2025,9
E05013544,16-18,weekday,1,2025,9
E05013544,18-20,weekday,1,2025,8
E05013544,20-22,weekday,1,2025,6
E05013544,06-08,weekday,2,2025,2
E05013544,08-10,weekday,2,2025,4
E05013544,10-12,weekday,2,2025,6
E05013544,12-14,weekday,2,2025,8
E05013544,14-16,weekday,2,2025,9
E05013544,16-18,weekday,2,2025,9
E05013544,18-20,weekday,2,2025,8
E05013544,20-22,weekday,2,2025,6
E05013544,06-08,weekend,1,2025,1
E05013544,08-10,weekend,1,2025,1
E05013544,10-12,weekend,1,2025,1
E05013544,12-14,weekend,1,2025,4
E05013544,14-16,weekend,1,2025,6
E05013544,16-18,weekend,1,2025,6
E05013544,18-20,weekend,1,2025,4
E05013544,20-22,weekend,1,2025,3
E05013544,06-08,weekend,2,2025,1
E05013544,08-10,weekend,2,2025,2
E05013544,10-12,weekend,2,2025,1
E05013544,12-14,weekend,2,2025,3
E05013544,14-16,weekend,2,2025,6
E05013544,16-18,weekend,2,2025,6
E05013544,18-20,weekend,2,2025,4
E05013544,20-22,weekend,2,2025,3
E05013545,06-08,weekday,1,2025,2
E05013545,08-10,weekday,1,2025,4
E05013545,10-12,weekday,1,2025,6
E05013545,12-14,weekday,1,2025,8
E05013545,14-16,weekday,1,2025,9
E05013545,16-18,weekday,1,2025,9
E05013545,18-20,weekday,1,2025,8
E05013545,20-22,weekday,1,2025,6
E05013545,06-08,weekday,2,2025,2
E05013545,08-10,weekday,2,2025,4
E05013545,10-12,weekday,2,2025,6
E05013545,12-14,weekday,2,2025,8
E05013545,14-16,weekday,2,2025,9
E05013545,16-18,weekday,2,2025,9
E05013545,18-20,weekday,2,2025,8
E05013545,20-22,weekday,2,2025,6
E05013545,06-08,weekend,1,2025,1
E05013545,08-10,weekend,1,2025,1
E05013545,10-12,weekend,1,2025,1
E05013545,12-14,weekend,1,2025,4
E05013545,14-16,weekend,1,2025,6
E05013545,16-18,weekend,1,2025,6
E05013545,18-20,weekend,1,2025,4
E05013545,20-22,weekend,1,2025,3
E05013545,06-08,weekend,2,2025,1
E05013545,08-10,weekend,2,2025,2
E05013545,10-12,weekend,2,2025,1
E05013545,12-14,weekend,2,2025,3
E05013545,14-16,weekend,2,2025,6
E05013545,16-18,weekend,2,2025,6
E05013545,18-20,weekend,2,2025,4
E05013545,20-22,weekend,2,2025,3
E05013546,06-08,weekday,1,2025,2
E05013546,08-10,weekday,1,2025,4
E05013546,10-12,weekday,1,2025,6
E05013546,12-14,weekday,1,2025,8
E05013546,14-16,weekday,1,2025,9
E05013546,16-18,weekday,1,2025,9
E05013546,18-20,weekday,1,2025,8
E05013546,20-22,weekday,1,2025,6
E05013546,06-08,weekday,2,2025,2
E05013546,08-10,weekday,2,2025,4
E05013546,10-12,weekday,2,2025,6
E05013546,12-14,weekday,2,2025,8
E05013546,14-16,weekday,2,2025,9
E05013546,16-18,weekday,2,2025,9
E05013546,18-20,weekday,2,2025,8
E05013546,20-22,weekday,2,2025,6
E05013546,06-08,weekend,1,2025,1
E05013546,08-10,weekend,1,2025,1
E05013546,10-12,weekend,1,2025,1
E05013546,12-14,weekend,1,2025,4
E05013546,14-16,weekend,1,2025,6
E05013546,16-18,weekend,1,2025,6
E05013546,18-20,weekend,1,2025,4
E05013546,20-22,weekend,1,2025,3
E05013546,06-08,weekend,2,2025,1
E05013546,08-10,weekend,2,2025,2
E05013546,10-12,weekend,2,2025,1
E05013546,12-14,weekend,2,2025,3
E05013546,14-16,weekend,2,2025,6
E05013546,16-18,weekend,2,2025,6
E05013546,18-20,weekend,2,2025,4
E05013546,20-22,weekend,2,2025,3
E05013547,06-08,weekday,1,2025,2
E05013547,08-10,weekday,1,2025,4
E05013547,10-12,weekday,1,2025,6
E05013547,12-14,weekday,1,2025,8
E05013547,14-16,weekday,1,2025,9
E05013547,16-18,weekday,1,2025,9
E05013547,18-20,weekday,1,2025,8
E05013547,20-22,weekday,1,2025,6
E05013547,06-08,weekday,2,2025,2
E05013547,08-10,weekday,2,2025,4
E05013547,10-12,weekday,2,2025,6
E05013547,12-14,weekday,2,2025,8
E05013547,14-16,weekday,2,2025,9
E05013547,16-18,weekday,2,2025,9
E05013547,18-20,weekday,2,2025,8
E05013547,20-22,weekday,2,2025,6
E05013547,06-08,weekend,1,2025,1
E05013547,08-10,weekend,1,2025,1
E05013547,10-12,weekend,1,2025,1
E05013547,12-14,weekend,1,2025,4
E05013547,14-16,weekend,1,2025,6
E05013547,16-18,weekend,1,2025,6
E05013547,18-20,weekend,1,2025,4
E05013547,20-22,weekend,1,2025,3
E05013547,06-08,weekend,2,2025,1
E05013547,08-10,weekend,2,2025,2
E05013547,10-12,weekend,2,2025,1
E05013547,12-14,weekend,2,2025,3
E05013547,14-16,weekend,2,2025,6
E05013547,16-18,weekend,2,2025,6
E05013547,18-20,weekend,2,2025,4
E05013547,20-22,weekend,2,2025,3
E05013548,06-08,weekday,1,2025,2
E05013548,08-10,weekday,1,2025,4
E05013548,10-12,weekday,1,2025,6
E05013548,12-14,weekday,1,2025,8
E05013548,14-16,weekday,1,2025,9
E05013548,16-18,weekday,1,2025,9
E05013548,18-20,weekday,1,2025,8
E05013548,20-22,weekday,1,2025,6
E05013548,06-08,weekday,2,2025,2
E05013548,08-10,weekday,2,2025,4
E05013548,10-12,weekday,2,2025,6
E05013548,12-14,weekday,2,2025,8
E05013548,14-16,weekday,2,2025,9
E05013548,16-18,weekday,2,2025,9
E05013548,18-20,weekday,2,2025,8
E05013548,20-22,weekday,2,2025,6
E05013548,06-08,weekend,1,2025,1
E05013548,08-10,weekend,1,2025,1
E05013548,10-12,weekend,1,2025,1
E05013548,12-14,weekend,1,2025,4
E05013548,14-16,weekend,1,2025,6
E05013548,16-18,weekend,1,2025,6
E05013548,18-20,weekend,1,2025,4
E05013548,20-22,weekend,1,2025,3
E05013548,06-08,weekend,2,2025,1
E05013548,08-10,weekend,2,2025,2
E05013548,10-12,weekend,2,2025,1
E05013548,12-14,weekend,2,2025,3
E05013548,14-16,weekend,2,2025,6
E05013548,16-18,weekend,2,2025,6
E05013548,18-20,weekend,2,2025,4
E05013548,20-22,weekend,2,2025,3
E05013549,06-08,weekday,1,2025,2
E05013549,08-10,weekday,1,2025,4
E05013549,10-12,weekday,1,2025,6
E05013549,12-14,weekday,1,2025,8
E05013549,14-16,weekday,1,2025,9
E05013549,16-18,weekday,1,2025,9
E05013549,18-20,weekday,1,2025,8
E05013549,20-22,weekday,1,2025,6
E05013549,06-08,weekday,2,2025,2
E05013549,08-10,weekday,2,2025,4
E05013549,10-12,weekday,2,2025,6
E05013549,12-14,weekday,2,2025,8
E05013549,14-16,weekday,2,2025,9
E05013549,16-18,weekday,2,2025,9
E05013549,18-20,weekday,2,2025,8
E05013549,20-22,weekday,2,2025,6
E05013549,06-08,weekend,1,2025,1
E05013549,08-10,weekend,1,2025,1
E05013549,10-12,weekend,1,2025,1
E05013549,12-14,weekend,1,2025,4
E05013549,14-16,weekend,1,2025,6
E05013549,16-18,weekend,1,2025,6
E05013549,18-20,weekend,1,2025,4
E05013549,20-22,weekend,1,2025,3
E05013549,06-08,weekend,2,2025,1
E05013549,08-10,weekend,2,2025,2
E05013549,10-12,weekend,2,2025,1
E05013549,12-14,weekend,2,2025,3
E05013549,14-16,weekend,2,2025,6
E05013549,16-18,weekend,2,2025,6
E05013549,18-20,weekend,2,2025,4
E05013549,20-22,weekend,2,2025,3
E05013550,06-08,weekday,1,2025,2
E05013550,08-10,weekday,1,2025,4
E05013550,10-12,weekday,1,2025,6
E05013550,12-14,weekday,1,2025,8
E05013550,14-16,weekday,1,2025,9
E05013550,16-18,weekday,1,2025,9
E05013550,18-20,weekday,1,2025,8
E05013550,20-22,weekday,1,2025,6
E05013550,06-08,weekday,2,2025,2
E05013550,08-10,weekday,2,2025,4
E05013550,10-12,weekday,2,2025,6
E05013550,12-14,weekday,2,2025,8
E05013550,14-16,weekday,2,2025,9
E05013550,16-18,weekday,2,2025,9
E05013550,18-20,weekday,2,2025,8
E05013550,20-22,weekday,2,2025,6
E05013550,06-08,weekend,1,2025,1
E05013550,08-10,weekend,1,2025,1
E05013550,10-12,weekend,1,2025,1
E05013550,12-14,weekend,1,2025,4
E05013550,14-16,weekend,1,2025,6
E05013550,16-18,weekend,1,2025,6
E05013550,18-20,weekend,1,2025,4
E05013550,20-22,weekend,1,2025,3
E05013550,06-08,weekend,2,2025,1
E05013550,08-10,weekend,2,2025,2
E05013550,10-12,weekend,2,2025,1
E05013550,12-14,weekend,2,2025,3
E05013550,14-16,weekend,2,2025,6
E05013550,16-18,weekend,2,2025,6
E05013550,18-20,weekend,2,2025,4
E05013550,20-22,weekend,2,2025,3
E05013551,06-08,weekday,1,2025,2
E05013551,08-10,weekday,1,2025,4
E05013551,10-12,weekday,1,2025,6
E05013551,12-14,weekday,1,2025,8
E05013551,14-16,weekday,1,2025,9
E05013551,16-18,weekday,1,2025,9
E05013551,18-20,weekday,1,2025,8
E05013551,20-22,weekday,1,2025,6
E05013551,06-08,weekday,2,2025,2
E05013551,08-10,weekday,2,2025,4
E05013551,10-12,weekday,2,2025,6
E05013551,12-14,weekday,2,2025,8
E05013551,14-16,weekday,2,2025,9
E05013551,16-18,weekday,2,2025,9
E05013551,18-20,weekday,2,2025,8
E05013551,20-22,weekday,2,2025,6
E05013551,06-08,weekend,1,2025,1
E05013551,08-10,weekend,1,2025,1
E05013551,10-12,weekend,1,2025,1
E05013551,12-14,weekend,1,2025,4
E05013551,14-16,weekend,1,2025,6
E05013551,16-18,weekend,1,2025,6
E05013551,18-20,weekend,1,2025,4
E05013551,20-22,weekend,1,2025,3
E05013551,06-08,weekend,2,2025,1
E05013551,08-10,weekend,2,2025,2
E05013551,10-12,weekend,2,2025,1
E05013551,12-14,weekend,2,2025,3
E05013551,14-16,weekend,2,2025,6
E05013551,16-18,weekend,2,2025,6
E05013551,18-20,weekend,2,2025,4
E05013551,20-22,weekend,2,2025,3
E05013552,06-08,weekday,1,2025,2
E05013552,08-10,weekday,1,2025,4
E05013552,10-12,weekday,1,2025,6
E05013552,12-14,weekday,1,2025,8
E05013552,14-16,weekday,1,2025,9
E05013552,16-18,weekday,1,2025,9
E05013552,18-20,weekday,1,2025,8
E05013552,20-22,weekday,1,2025,6
E05013552,06-08,weekday,2,2025,2
E05013552,08-10,weekday,2,2025,4
E05013552,10-12,weekday,2,2025,6
E05013552,12-14,weekday,2,2025,8
E05013552,14-16,weekday,2,2025,9
E05013552,16-18,weekday,2,2025,9
E05013552,18-20,weekday,2,2025,8
E05013552,20-22,weekday,2,2025,6
E05013552,06-08,weekend,1,2025,1
E05013552,08-10,weekend,1,2025,1
E05013552,10-12,weekend,1,2025,1
E05013552,12-14,weekend,1,2025,4
E05013552,14-16,weekend,1,2025,6
E05013552,16-18,weekend,1,2025,6
E05013552,18-20,weekend,1,2025,4
E05013552,20-22,weekend,1,2025,3
E05013552,06-08,weekend,2,2025,1
E05013552,08-10,weekend,2,2025,2
E05013552,10-12,weekend,2,2025,1
E05013552,12-14,weekend,2,2025,3
E05013552,14-16,weekend,2,2025,6
E05013552,16-18,weekend,2,2025,6
E05013552,18-20,weekend,2,2025,4
E05013552,20-22,weekend,2,2025,3
E05013553,06-08,weekday,1,2025,2
E05013553,08-10,weekday,1,2025,4
E05013553,10-12,weekday,1,2025,6
E05013553,12-14,weekday,1,2025,8
E05013553,14-16,weekday,1,2025,9
E05013553,16-18,weekday,1,2025,9
E05013553,18-20,weekday,1,2025,8
E05013553,20-22,weekday,1,2025,6
E05013553,06-08,weekday,2,2025,2
E05013553,08-10,weekday,2,2025,4
E05013553,10-12,weekday,2,2025,6
E05013553,12-14,weekday,2,2025,8
E05013553,14-16,weekday,2,2025,9
E05013553,16-18,weekday,2,2025,9
E05013553,18-20,weekday,2,2025,8
E05013553,20-22,weekday,2,2025,6
E05013553,06-08,weekend,1,2025,1
E05013553,08-10,weekend,1,2025,1
E05013553,10-12,weekend,1,2025,1
E05013553,12-14,weekend,1,2025,4
E05013553,14-16,weekend,1,2025,6
E05013553,16-18,weekend,1,2025,6
E05013553,18-20,weekend,1,2025,4
E05013553,20-22,weekend,1,2025,3
E05013553,06-08,weekend,2,2025,1
E05013553,08-10,weekend,2,2025,2
E05013553,10-12,weekend,2,2025,1
E05013553,12-14,weekend,2,2025,3
E05013553,14-16,weekend,2,2025,6
E05013553,16-18,weekend,2,2025,6
E05013553,18-20,weekend,2,2025,4
E05013553,20-22,weekend,2,2025,3
E05013554,06-08,weekday,1,2025,2
E05013554,08-10,weekday,1,2025,4
E05013554,10-12,weekday,1,2025,6
E05013554,12-14,weekday,1,2025,8
E05013554,14-16,weekday,1,2025,9
E05013554,16-18,weekday,1,2025,9
E05013554,18-20,weekday,1,2025,8
E05013554,20-22,weekday,1,2025,6
E05013554,06-08,weekday,2,2025,2
E05013554,08-10,weekday,2,2025,4
E05013554,10-12,weekday,2,2025,6
E05013554,12-14,weekday,2,2025,8
E05013554,14-16,weekday,2,2025,9
E05013554,16-18,weekday,2,2025,9
E05013554,18-20,weekday,2,2025,8
E05013554,20-22,weekday,2,2025,6
E05013554,06-08,weekend,1,2025,1
E05013554,08-10,weekend,1,2025,1
E05013554,10-12,weekend,1,2025,1
E05013554,12-14,weekend,1,2025,4
E05013554,14-16,weekend,1,2025,6
E05013554,16-18,weekend,1,2025,6
E05013554,18-20,weekend,1,2025,4
E05013554,20-22,weekend,1,2025,3
E05013554,06-08,weekend,2,2025,1
E05013554,08-10,weekend,2,2025,2
E05013554,10-12,weekend,2,2025,1
E05013554,12-14,weekend,2,2025,3
E05013554,14-16,weekend,2,2025,6
E05013554,16-18,weekend,2,2025,6
E05013554,18-20,weekend,2,2025,4
E05013554,20-22,weekend,2,2025,3
E05013555,06-08,weekday,1,2025,2
E05013555,08-10,weekday,1,2025,4
E05013555,10-12,weekday,1,2025,6
E05013555,12-14,weekday,1,2025,8
E05013555,14-16,weekday,1,2025,9
E05013555,16-18,weekday,1,2025,9
E05013555,18-20,weekday,1,2025,8
E05013555,20-22,weekday,1,2025,6
E05013555,06-08,weekday,2,2025,2
E05013555,08-10,weekday,2,2025,4
E05013555,10-12,weekday,2,2025,6
E05013555,12-14,weekday,2,2025,8
E05013555,14-16,weekday,2,2025,9
E05013555,16-18,weekday,2,2025,9
E05013555,18-20,weekday,2,2025,8
E05013555,20-22,weekday,2,2025,6
E05013555,06-08,weekend,1,2025,1
E05013555,08-10,weekend,1,2025,1
E05013555,10-12,weekend,1,2025,1
E05013555,12-14,weekend,1,2025,4
E05013555,14-16,weekend,1,2025,6
E05013555,16-18,weekend,1,2025,6
E05013555,18-20,weekend,1,2025,4
E05013555,20-22,weekend,1,2025,3
E05013555,06-08,weekend,2,2025,1
E05013555,08-10,weekend,2,2025,1
E05013555,10-12,weekend,2,2025,1
E05013555,12-14,weekend,2,2025,4
E05013555,14-16,weekend,2,2025,6
E05013555,16-18,weekend,2,2025,6
E05013555,18-20,weekend,2,2025,4
E05013555,20-22,weekend,2,2025,3
E05013556,06-08,weekday,1,2025,2
E05013556,08-10,weekday,1,2025,4
E05013556,10-12,weekday,1,2025,6
E05013556,12-14,weekday,1,2025,8
E05013556,14-16,weekday,1,2025,9
E05013556,16-18,weekday,1,2025,9
E05013556,18-20,weekday,1,2025,8
E05013556,20-22,weekday,1,2025,6
E05013556,06-08,weekday,2,2025,2
E05013556,08-10,weekday,2,2025,4
E05013556,10-12,weekday,2,2025,6
E05013556,12-14,weekday,2,2025,8
E05013556,14-16,weekday,2,2025,9
E05013556,16-18,weekday,2,2025,9
E05013556,18-20,weekday,2,2025,8
E05013556,20-22,weekday,2,2025,6
E05013556,06-08,weekend,1,2025,1
E05013556,08-10,weekend,1,2025,1
E05013556,10-12,weekend,1,2025,1
E05013556,12-14,weekend,1,2025,4
E05013556,14-16,weekend,1,2025,6
E05013556,16-18,weekend,1,2025,6
E05013556,18-20,weekend,1,2025,4
E05013556,20-22,weekend,1,2025,3
E05013556,06-08,weekend,2,2025,1
E05013556,08-10,weekend,2,2025,1
E05013556,10-12,weekend,2,2025,1
E05013556,12-14,weekend,2,2025,4
E05013556,14-16,weekend,2,2025,6
E05013556,16-18,weekend,2,2025,6
E05013556,18-20,weekend,2,2025,4
E05013556,20-22,weekend,2,2025,3
E05013557,06-08,weekday,1,2025,2
E05013557,08-10,weekday,1,2025,4
E05013557,10-12,weekday,1,2025,6
E05013557,12-14,weekday,1,2025,8
E05013557,14-16,weekday,1,2025,9
E05013557,16-18,weekday,1,2025,9
E05013557,18-20,weekday,1,2025,8
E05013557,20-22,weekday,1,2025,6
E05013557,06-08,weekday,2,2025,2
E05013557,08-10,weekday,2,2025,4
E05013557,10-12,weekday,2,2025,6
E05013557,12-14,weekday,2,2025,8
E05013557,14-16,weekday,2,2025,9
E05013557,16-18,weekday,2,2025,9
E05013557,18-20,weekday,2,2025,8
E05013557,20-22,weekday,2,2025,6
E05013557,06-08,weekend,1,2025,1
E05013557,08-10,weekend,1,2025,1
E05013557,10-12,weekend,1,2025,1
E05013557,12-14,weekend,1,2025,4
E05013557,14-16,weekend,1,2025,6
E05013557,16-18,weekend,1,2025,6
E05013557,18-20,weekend,1,2025,4
E05013557,20-22,weekend,1,2025,3
E05013557,06-08,weekend,2,2025,1
E05013557,08-10,weekend,2,2025,2
E05013557,10-12,weekend,2,2025,1
E05013557,12-14,weekend,2,2025,3
E05013557,14-16,weekend,2,2025,6
E05013557,16-18,weekend,2,2025,6
E05013557,18-20,weekend,2,2025,4
E05013557,20-22,weekend,2,2025,3
E05013558,06-08,weekday,1,2025,2
E05013558,08-10,weekday,1,2025,4
E05013558,10-12,weekday,1,2025,6
E05013558,12-14,weekday,1,2025,8
E05013558,14-16,weekday,1,2025,9
E05013558,16-18,weekday,1,2025,9
E05013558,18-20,weekday,1,2025,8
E05013558,20-22,weekday,1,2025,6
E05013558,06-08,weekday,2,2025,2
E05013558,08-10,weekday,2,2025,4
E05013558,10-12,weekday,2,2025,6
E05013558,12-14,weekday,2,2025,8
E05013558,14-16,weekday,2,2025,9
E05013558,16-18,weekday,2,2025,9
E05013558,18-20,weekday,2,2025,8
E05013558,20-22,weekday,2,2025,6
E05013558,06-08,weekend,1,2025,1
E05013558,08-10,weekend,1,2025,1
E05013558,10-12,weekend,1,2025,1
E05013558,12-14,weekend,1,2025,4
E05013558,14-16,weekend,1,2025,6
E05013558,16-18,weekend,1,2025,6
E05013558,18-20,weekend,1,2025,4
E05013558,20-22,weekend,1,2025,3
E05013558,06-08,weekend,2,2025,1
E05013558,08-10,weekend,2,2025,2
E05013558,10-12,weekend,2,2025,1
E05013558,12-14,weekend,2,2025,3
E05013558,14-16,weekend,2,2025,6
E05013558,16-18,weekend,2,2025,6
E05013558,18-20,weekend,2,2025,4
E05013558,20-22,weekend,2,2025,3
E05013559,06-08,weekday,1,2025,2
E05013559,08-10,weekday,1,2025,4
E05013559,10-12,weekday,1,2025,6
E05013559,12-14,weekday,1,2025,8
E05013559,14-16,weekday,1,2025,9
E05013559,16-18,weekday,1,2025,9
E05013559,18-20,weekday,1,2025,8
E05013559,20-22,weekday,1,2025,6
E05013559,06-08,weekday,2,2025,2
E05013559,08-10,weekday,2,2025,4
E05013559,10-12,weekday,2,2025,6
E05013559,12-14,weekday,2,2025,8
E05013559,14-16,weekday,2,2025,9
E05013559,16-18,weekday,2,2025,9
E05013559,18-20,weekday,2,2025,8
E05013559,20-22,weekday,2,2025,6
E05013559,06-08,weekend,1,2025,1
E05013559,08-10,weekend,1,2025,1
E05013559,10-12,weekend,1,2025,1
E05013559,12-14,weekend,1,2025,4
E05013559,14-16,weekend,1,2025,6
E05013559,16-18,weekend,1,2025,6
E05013559,18-20,weekend,1,2025,4
E05013559,20-22,weekend,1,2025,3
E05013559,06-08,weekend,2,2025,1
E05013559,08-10,weekend,2,2025,2
E05013559,10-12,weekend,2,2025,1
E05013559,12-14,weekend,2,2025,3
E05013559,14-16,weekend,2,2025,6
E05013559,16-18,weekend,2,2025,6
E05013559,18-20,weekend,2,2025,4
E05013559,20-22,weekend,2,2025,3
E05013560,06-08,weekday,1,2025,2
E05013560,08-10,weekday,1,2025,4
E05013560,10-12,weekday,1,2025,6
E05013560,12-14,weekday,1,2025,8
E05013560,14-16,weekday,1,2025,9
E05013560,16-18,weekday,1,2025,9
E05013560,18-20,weekday,1,2025,8
E05013560,20-22,weekday,1,2025,6
E05013560,06-08,weekday,2,2025,2
E05013560,08-10,weekday,2,2025,4
E05013560,10-12,weekday,2,2025,6
E05013560,12-14,weekday,2,2025,8
E05013560,14-16,weekday,2,2025,9
E05013560,16-18,weekday,2,2025,9
E05013560,18-20,weekday,2,2025,8
E05013560,20-22,weekday,2,2025,6
E05013560,06-08,weekend,1,2025,1
E05013560,08-10,weekend,1,2025,1
E05013560,10-12,weekend,1,2025,1
E05013560,12-14,weekend,1,2025,4
E05013560,14-16,weekend,1,2025,6
E05013560,16-18,weekend,1,2025,6
E05013560,18-20,weekend,1,2025,4
E05013560,20-22,weekend,1,2025,3
E05013560,06-08,weekend,2,2025,1
E05013560,08-10,weekend,2,2025,1
E05013560,10-12,weekend,2,2025,1
E05013560,12-14,weekend,2,2025,4
E05013560,14-16,weekend,2,2025,6
E05013560,16-18,weekend,2,2025,6
E05013560,18-20,weekend,2,2025,4
E05013560,20-22,weekend,2,2025,3
E05013561,06-08,weekday,1,2025,2
E05013561,08-10,weekday,1,2025,4
E05013561,10-12,weekday,1,2025,6
E05013561,12-14,weekday,1,2025,8
E05013561,14-16,weekday,1,2025,9
E05013561,16-18,weekday,1,2025,9
E05013561,18-20,weekday,1,2025,8
E05013561,20-22,weekday,1,2025,6
E05013561,06-08,weekday,2,2025,2
E05013561,08-10,weekday,2,2025,4
E05013561,10-12,weekday,2,2025,6
E05013561,12-14,weekday,2,2025,8
E05013561,14-16,weekday,2,2025,9
E05013561,16-18,weekday,2,2025,9
E05013561,18-20,weekday,2,2025,8
E05013561,20-22,weekday,2,2025,6
E05013561,06-08,weekend,1,2025,1
E05013561,08-10,weekend,1,2025,1
E05013561,10-12,weekend,1,2025,1
E05013561,12-14,weekend,1,2025,4
E05013561,14-16,weekend,1,2025,6
E05013561,16-18,weekend,1,2025,6
E05013561,18-20,weekend,1,2025,4
E05013561,20-22,weekend,1,2025,3
E05013561,06-08,weekend,2,2025,1
E05013561,08-10,weekend,2,2025,2
E05013561,10-12,weekend,2,2025,1
E05013561,12-14,weekend,2,2025,3
E05013561,14-16,weekend,2,2025,6
E05013561,16-18,weekend,2,2025,6
E05013561,18-20,weekend,2,2025,4
E05013561,20-22,weekend,2,2025,3
E05013562,06-08,weekday,1,2025,2
E05013562,08-10,weekday,1,2025,4
E05013562,10-12,weekday,1,2025,6
E05013562,12-14,weekday,1,2025,8
E05013562,14-16,weekday,1,2025,9
E05013562,16-18,weekday,1,2025,9
E05013562,18-20,weekday,1,2025,8
E05013562,20-22,weekday,1,2025,6
E05013562,06-08,weekday,2,2025,2
E05013562,08-10,weekday,2,2025,4
E05013562,10-12,weekday,2,2025,6
E05013562,12-14,weekday,2,2025,8
E05013562,14-16,weekday,2,2025,9
E05013562,16-18,weekday,2,2025,9
E05013562,18-20,weekday,2,2025,8
E05013562,20-22,weekday,2,2025,6
E05013562,06-08,weekend,1,2025,1
E05013562,08-10,weekend,1,2025,1
E05013562,10-12,weekend,1,2025,1
E05013562,12-14,weekend,1,2025,4
E05013562,14-16,weekend,1,2025,6
E05013562,16-18,weekend,1,2025,6
E05013562,18-20,weekend,1,2025,4
E05013562,20-22,weekend,1,2025,3
E05013562,06-08,weekend,2,2025,1
E05013562,08-10,weekend,2,2025,2
E05013562,10-12,weekend,2,2025,1
E05013562,12-14,weekend,2,2025,3
E05013562,14-16,weekend,2,2025,6
E05013562,16-18,weekend,2,2025,6
E05013562,18-20,weekend,2,2025,4
E05013562,20-22,weekend,2,2025,3
E05013563,06-08,weekday,1,2025,2
E05013563,08-10,weekday,1,2025,4
E05013563,10-12,weekday,1,2025,6
E05013563,12-14,weekday,1,2025,8
E05013563,14-16,weekday,1,2025,9
E05013563,16-18,weekday,1,2025,9
E05013563,18-20,weekday,1,2025,8
E05013563,20-22,weekday,1,2025,6
E05013563,06-08,weekday,2,2025,2
E05013563,08-10,weekday,2,2025,4
E05013563,10-12,weekday,2,2025,6
E05013563,12-14,weekday,2,2025,8
E05013563,14-16,weekday,2,2025,9
E05013563,16-18,weekday,2,2025,9
E05013563,18-20,weekday,2,2025,8
E05013563,20-22,weekday,2,2025,6
E05013563,06-08,weekend,1,2025,1
E05013563,08-10,weekend,1,2025,1
E05013563,10-12,weekend,1,2025,1
E05013563,12-14,weekend,1,2025,4
E05013563,14-16,weekend,1,2025,6
E05013563,16-18,weekend,1,2025,6
E05013563,18-20,weekend,1,2025,4
E05013563,20-22,weekend,1,2025,3
E05013563,06-08,weekend,2,2025,1
E05013563,08-10,weekend,2,2025,2
E05013563,10-12,weekend,2,2025,1
E05013563,12-14,weekend,2,2025,3
E05013563,14-16,weekend,2,2025,6
E05013563,16-18,weekend,2,2025,6
E05013563,18-20,weekend,2,2025,4
E05013563,20-22,weekend,2,2025,3
E05013564,06-08,weekday,1,2025,2
E05013564,08-10,weekday,1,2025,4
E05013564,10-12,weekday,1,2025,6
E05013564,12-14,weekday,1,2025,8
E05013564,14-16,weekday,1,2025,9
E05013564,16-18,weekday,1,2025,9
E05013564,18-20,weekday,1,2025,8
E05013564,20-22,weekday,1,2025,6
E05013564,06-08,weekday,2,2025,2
E05013564,08-10,weekday,2,2025,4
E05013564,10-12,weekday,2,2025,6
E05013564,12-14,weekday,2,2025,8
E05013564,14-16,weekday,2,2025,9
E05013564,16-18,weekday,2,2025,9
E05013564,18-20,weekday,2,2025,8
E05013564,20-22,weekday,2,2025,6
E05013564,06-08,weekend,1,2025,1
E05013564,08-10,weekend,1,2025,1
E05013564,10-12,weekend,1,2025,1
E05013564,12-14,weekend,1,2025,4
E05013564,14-16,weekend,1,2025,6
E05013564,16-18,weekend,1,2025,6
E05013564,18-20,weekend,1,2025,4
E05013564,20-22,weekend,1,2025,3
E05013564,06-08,weekend,2,2025,1
E05013564,08-10,weekend,2,2025,2
E05013564,10-12,weekend,2,2025,1
E05013564,12-14,weekend,2,2025,3
E05013564,14-16,weekend,2,2025,6
E05013564,16-18,weekend,2,2025,6
E05013564,18-20,weekend,2,2025,4
E05013564,20-22,weekend,2,2025,3
E05013565,06-08,weekday,1,2025,2
E05013565,08-10,weekday,1,2025,4
E05013565,10-12,weekday,1,2025,6
E05013565,12-14,weekday,1,2025,8
E05013565,14-16,weekday,1,2025,9
E05013565,16-18,weekday,1,2025,9
E05013565,18-20,weekday,1,2025,8
E05013565,20-22,weekday,1,2025,6
E05013565,06-08,weekday,2,2025,2
E05013565,08-10,weekday,2,2025,4
E05013565,10-12,weekday,2,2025,6
E05013565,12-14,weekday,2,2025,8
E05013565,14-16,weekday,2,2025,9
E05013565,16-18,weekday,2,2025,9
E05013565,18-20,weekday,2,2025,8
E05013565,20-22,weekday,2,2025,6
E05013565,06-08,weekend,1,2025,1
E05013565,08-10,weekend,1,2025,1
E05013565,10-12,weekend,1,2025,1
E05013565,12-14,weekend,1,2025,4
E05013565,14-16,weekend,1,2025,6
E05013565,16-18,weekend,1,2025,6
E05013565,18-20,weekend,1,2025,4
E05013565,20-22,weekend,1,2025,3
E05013565,06-08,weekend,2,2025,1
E05013565,08-10,weekend,2,2025,2
E05013565,10-12,weekend,2,2025,1
E05013565,12-14,weekend,2,2025,3
E05013565,14-16,weekend,2,2025,6
E05013565,16-18,weekend,2,2025,6
E05013565,18-20,weekend,2,2025,4
E05013565,20-22,weekend,2,2025,3
E05013566,06-08,weekday,1,2025,2
E05013566,08-10,weekday,1,2025,4
E05013566,10-12,weekday,1,2025,6
E05013566,12-14,weekday,1,2025,8
E05013566,14-16,weekday,1,2025,9
E05013566,16-18,weekday,1,2025,9
E05013566,18-20,weekday,1,2025,8
E05013566,20-22,weekday,1,2025,6
E05013566,06-08,weekday,2,2025,2
E05013566,08-10,weekday,2,2025,4
E05013566,10-12,weekday,2,2025,6
E05013566,12-14,weekday,2,2025,8
E05013566,14-16,weekday,2,2025,9
E05013566,16-18,weekday,2,2025,9
E05013566,18-20,weekday,2,2025,8
E05013566,20-22,weekday,2,2025,6
E05013566,06-08,weekend,1,2025,1
E05013566,08-10,weekend,1,2025,1
E05013566,10-12,weekend,1,2025,1
E05013566,12-14,weekend,1,2025,4
E05013566,14-16,weekend,1,2025,6
E05013566,16-18,weekend,1,2025,6
E05013566,18-20,weekend,1,2025,4
E05013566,20-22,weekend,1,2025,3
E05013566,06-08,weekend,2,2025,1
E05013566,08-10,weekend,2,2025,2
E05013566,10-12,weekend,2,2025,1
E05013566,12-14,weekend,2,2025,3
E05013566,14-16,weekend,2,2025,6
E05013566,16-18,weekend,2,2025,6
E05013566,18-20,weekend,2,2025,4
E05013566,20-22,weekend,2,2025,3
E05013567,06-08,weekday,1,2025,2
E05013567,08-10,weekday,1,2025,4
E05013567,10-12,weekday,1,2025,6
E05013567,12-14,weekday,1,2025,8
E05013567,14-16,weekday,1,2025,9
E05013567,16-18,weekday,1,2025,9
E05013567,18-20,weekday,1,2025,8
E05013567,20-22,weekday,1,2025,6
E05013567,06-08,weekday,2,2025,2
E05013567,08-10,weekday,2,2025,4
E05013567,10-12,weekday,2,2025,6
E05013567,12-14,weekday,2,2025,8
E05013567,14-16,weekday,2,2025,9
E05013567,16-18,weekday,2,2025,9
E05013567,18-20,weekday,2,2025,8
E05013567,20-22,weekday,2,2025,6
E05013567,06-08,weekend,1,2025,1
E05013567,08-10,weekend,1,2025,1
E05013567,10-12,weekend,1,2025,1
E05013567,12-14,weekend,1,2025,4
E05013567,14-16,weekend,1,2025,6
E05013567,16-18,weekend,1,2025,6
E05013567,18-20,weekend,1,2025,4
E05013567,20-22,weekend,1,2025,3
E05013567,06-08,weekend,2,2025,1
E05013567,08-10,weekend,2,2025,1
E05013567,10-12,weekend,2,2025,1
E05013567,12-14,weekend,2,2025,4
E05013567,14-16,weekend,2,2025,6
E05013567,16-18,weekend,2,2025,6
E05013567,18-20,weekend,2,2025,4
E05013567,20-22,weekend,2,2025,3
E05013568,06-08,weekday,1,2025,2
E05013568,08-10,weekday,1,2025,4
E05013568,10-12,weekday,1,2025,6
E05013568,12-14,weekday,1,2025,8
E05013568,14-16,weekday,1,2025,9
E05013568,16-18,weekday,1,2025,9
E05013568,18-20,weekday,1,2025,8
E05013568,20-22,weekday,1,2025,6
E05013568,06-08,weekday,2,2025,2
E05013568,08-10,weekday,2,2025,4
E05013568,10-12,weekday,2,2025,6
E05013568,12-14,weekday,2,2025,8
E05013568,14-16,weekday,2,2025,9
E05013568,16-18,weekday,2,2025,9
E05013568,18-20,weekday,2,2025,8
E05013568,20-22,weekday,2,2025,6
E05013568,06-08,weekend,1,2025,1
E05013568,08-10,weekend,1,2025,1
E05013568,10-12,weekend,1,2025,1
E05013568,12-14,weekend,1,2025,4
E05013568,14-16,weekend,1,2025,6
E05013568,16-18,weekend,1,2025,6
E05013568,18-20,weekend,1,2025,4
E05013568,20-22,weekend,1,2025,3
E05013568,06-08,weekend,2,2025,1
E05013568,08-10,weekend,2,2025,1
E05013568,10-12,weekend,2,2025,1
E05013568,12-14,weekend,2,2025,4
E05013568,14-16,weekend,2,2025,6
E05013568,16-18,weekend,2,2025,6
E05013568,18-20,weekend,2,2025,4
E05013568,20-22,weekend,2,2025,3
E05013569,06-08,weekday,1,2025,2
E05013569,08-10,weekday,1,2025,4
E05013569,10-12,weekday,1,2025,6
E05013569,12-14,weekday,1,2025,8
E05013569,14-16,weekday,1,2025,9
E05013569,16-18,weekday,1,2025,9
E05013569,18-20,weekday,1,2025,8
E05013569,20-22,weekday,1,2025,6
E05013569,06-08,weekday,2,2025,2
E05013569,08-10,weekday,2,2025,4
E05013569,10-12,weekday,2,2025,6
E05013569,12-14,weekday,2,2025,8
E05013569,14-16,weekday,2,2025,9
E05013569,16-18,weekday,2,2025,9
E05013569,18-20,weekday,2,2025,8
E05013569,20-22,weekday,2,2025,6
E05013569,06-08,weekend,1,2025,1
E05013569,08-10,weekend,1,2025,1
E05013569,10-12,weekend,1,2025,1
E05013569,12-14,weekend,1,2025,4
E05013569,14-16,weekend,1,2025,6
E05013569,16-18,weekend,1,2025,6
E05013569,18-20,weekend,1,2025,4
E05013569,20-22,weekend,1,2025,3
E05013569,06-08,weekend,2,2025,1
E05013569,08-10,weekend,2,2025,2
E05013569,10-12,weekend,2,2025,1
E05013569,12-14,weekend,2,2025,3
E05013569,14-16,weekend,2,2025,6
E05013569,16-18,weekend,2,2025,6
E05013569,18-20,weekend,2,2025,4
E05013569,20-22,weekend,2,2025,3
E05013570,06-08,weekday,1,2025,2
E05013570,08-10,weekday,1,2025,4
E05013570,10-12,weekday,1,2025,6
E05013570,12-14,weekday,1,2025,8
E05013570,14-16,weekday,1,2025,9
E05013570,16-18,weekday,1,2025,9
E05013570,18-20,weekday,1,2025,8
E05013570,20-22,weekday,1,2025,6
E05013570,06-08,weekday,2,2025,2
E05013570,08-10,weekday,2,2025,4
E05013570,10-12,weekday,2,2025,6
E05013570,12-14,weekday,2,2025,8
E05013570,14-16,weekday,2,2025,9
E05013570,16-18,weekday,2,2025,9
E05013570,18-20,weekday,2,2025,8
E05013570,20-22,weekday,2,2025,6
E05013570,06-08,weekend,1,2025,1
E05013570,08-10,weekend,1,2025,1
E05013570,10-12,weekend,1,2025,1
E05013570,12-14,weekend,1,2025,4
E05013570,14-16,weekend,1,2025,6
E05013570,16-18,weekend,1,2025,6
E05013570,18-20,weekend,1,2025,4
E05013570,20-22,weekend,1,2025,3
E05013570,06-08,weekend,2,2025,1
E05013570,08-10,weekend,2,2025,1
E05013570,10-12,weekend,2,2025,1
E05013570,12-14,weekend,2,2025,4
E05013570,14-16,weekend,2,2025,6
E05013570,16-18,weekend,2,2025,6
E05013570,18-20,weekend,2,2025,4
E05013570,20-22,weekend,2,2025,3
E05013571,06-08,weekday,1,2025,2
E05013571,08-10,weekday,1,2025,4
E05013571,10-12,weekday,1,2025,6
E05013571,12-14,weekday,1,2025,8
E05013571,14-16,weekday,1,2025,9
E05013571,16-18,weekday,1,2025,9
E05013571,18-20,weekday,1,2025,8
E05013571,20-22,weekday,1,2025,6
E05013571,06-08,weekday,2,2025,2
E05013571,08-10,weekday,2,2025,4
E05013571,10-12,weekday,2,2025,6
E05013571,12-14,weekday,2,2025,8
E05013571,14-16,weekday,2,2025,9
E05013571,16-18,weekday,2,2025,9
E05013571,18-20,weekday,2,2025,8
E05013571,20-22,weekday,2,2025,6
E05013571,06-08,weekend,1,2025,1
E05013571,08-10,weekend,1,2025,1
E05013571,10-12,weekend,1,2025,1
E05013571,12-14,weekend,1,2025,4
E05013571,14-16,weekend,1,2025,6
E05013571,16-18,weekend,1,2025,6
E05013571,18-20,weekend,1,2025,4
E05013571,20-22,weekend,1,2025,3
E05013571,06-08,weekend,2,2025,1
E05013571,08-10,weekend,2,2025,1
E05013571,10-12,weekend,2,2025,1
E05013571,12-14,weekend,2,2025,4
E05013571,14-16,weekend,2,2025,6
E05013571,16-18,weekend,2,2025,6
E05013571,18-20,weekend,2,2025,4
E05013571,20-22,weekend,2,2025,3
E05013572,06-08,weekday,1,2025,2
E05013572,08-10,weekday,1,2025,4
E05013572,10-12,weekday,1,2025,6
E05013572,12-14,weekday,1,2025,8
E05013572,14-16,weekday,1,2025,9
E05013572,16-18,weekday,1,2025,9
E05013572,18-20,weekday,1,2025,8
E05013572,20-22,weekday,1,2025,6
E05013572,06-08,weekday,2,2025,2
E05013572,08-10,weekday,2,2025,4
E05013572,10-12,weekday,2,2025,6
E05013572,12-14,weekday,2,2025,8
E05013572,14-16,weekday,2,2025,9
E05013572,16-18,weekday,2,2025,9
E05013572,18-20,weekday,2,2025,8
E05013572,20-22,weekday,2,2025,6
E05013572,06-08,weekend,1,2025,1
E05013572,08-10,weekend,1,2025,1
E05013572,10-12,weekend,1,2025,1
E05013572,12-14,weekend,1,2025,4
E05013572,14-16,weekend,1,2025,6
E05013572,16-18,weekend,1,2025,6
E05013572,18-20,weekend,1,2025,4
E05013572,20-22,weekend,1,2025,3
E05013572,06-08,weekend,2,2025,1
E05013572,08-10,weekend,2,2025,2
E05013572,10-12,weekend,2,2025,1
E05013572,12-14,weekend,2,2025,3
E05013572,14-16,weekend,2,2025,6
E05013572,16-18,weekend,2,2025,6
E05013572,18-20,weekend,2,2025,4
E05013572,20-22,weekend,2,2025,3
E05013573,06-08,weekday,1,2025,2
E05013573,08-10,weekday,1,2025,4
E05013573,10-12,weekday,1,2025,6
E05013573,12-14,weekday,1,2025,8
E05013573,14-16,weekday,1,2025,9
E05013573,16-18,weekday,1,2025,9
E05013573,18-20,weekday,1,2025,8
E05013573,20-22,weekday,1,2025,6
E05013573,06-08,weekday,2,2025,2
E05013573,08-10,weekday,2,2025,4
E05013573,10-12,weekday,2,2025,6
E05013573,12-14,weekday,2,2025,8
E05013573,14-16,weekday,2,2025,9
E05013573,16-18,weekday,2,2025,9
E05013573,18-20,weekday,2,2025,8
E05013573,20-22,weekday,2,2025,6
E05013573,06-08,weekend,1,2025,1
E05013573,08-10,weekend,1,2025,1
E05013573,10-12,weekend,1,2025,1
E05013573,12-14,weekend,1,2025,4
E05013573,14-16,weekend,1,2025,6
E05013573,16-18,weekend,1,2025,6
E05013573,18-20,weekend,1,2025,4
E05013573,20-22,weekend,1,2025,3
E05013573,06-08,weekend,2,2025,1
E05013573,08-10,weekend,2,2025,1
E05013573,10-12,weekend,2,2025,1
E05013573,12-14,weekend,2,2025,4
E05013573,14-16,weekend,2,2025,6
E05013573,16-18,weekend,2,2025,6
E05013573,18-20,weekend,2,2025,4
E05013573,20-22,weekend,2,2025,3
E05013574,06-08,weekday,1,2025,2
E05013574,08-10,weekday,1,2025,4
E05013574,10-12,weekday,1,2025,6
E05013574,12-14,weekday,1,2025,8
E05013574,14-16,weekday,1,2025,9
E05013574,16-18,weekday,1,2025,9
E05013574,18-20,weekday,1,2025,8
E05013574,20-22,weekday,1,2025,6
E05013574,06-08,weekday,2,2025,2
E05013574,08-10,weekday,2,2025,4
E05013574,10-12,weekday,2,2025,6
E05013574,12-14,weekday,2,2025,8
E05013574,14-16,weekday,2,2025,9
E05013574,16-18,weekday,2,2025,9
E05013574,18-20,weekday,2,2025,8
E05013574,20-22,weekday,2,2025,6
E05013574,06-08,weekend,1,2025,1
E05013574,08-10,weekend,1,2025,1
E05013574,10-12,weekend,1,2025,1
E05013574,12-14,weekend,1,2025,4
E05013574,14-16,weekend,1,2025,6
E05013574,16-18,weekend,1,2025,6
E05013574,18-20,weekend,1,2025,4
E05013574,20-22,weekend,1,2025,3
E05013574,06-08,weekend,2,2025,1
E05013574,08-10,weekend,2,2025,2
E05013574,10-12,weekend,2,2025,1
E05013574,12-14,weekend,2,2025,3
E05013574,14-16,weekend,2,2025,6
E05013574,16-18,weekend,2,2025,6
E05013574,18-20,weekend,2,2025,4
E05013574,20-22,weekend,2,2025,3
E05013575,06-08,weekday,1,2025,2
E05013575,08-10,weekday,1,2025,4
E05013575,10-12,weekday,1,2025,6
E05013575,12-14,weekday,1,2025,8
E05013575,14-16,weekday,1,2025,9
E05013575,16-18,weekday,1,2025,9
E05013575,18-20,weekday,1,2025,8
E05013575,20-22,weekday,1,2025,6
E05013575,06-08,weekday,2,2025,2
E05013575,08-10,weekday,2,2025,4
E05013575,10-12,weekday,2,2025,6
E05013575,12-14,weekday,2,2025,8
E05013575,14-16,weekday,2,2025,9
E05013575,16-18,weekday,2,2025,9
E05013575,18-20,weekday,2,2025,8
E05013575,20-22,weekday,2,2025,6
E05013575,06-08,weekend,1,2025,1
E05013575,08-10,weekend,1,2025,1
E05013575,10-12,weekend,1,2025,1
E05013575,12-14,weekend,1,2025,4
E05013575,14-16,weekend,1,2025,6
E05013575,16-18,weekend,1,2025,6
E05013575,18-20,weekend,1,2025,4
E05013575,20-22,weekend,1,2025,3
E05013575,06-08,weekend,2,2025,1
E05013575,08-10,weekend,2,2025,2
E05013575,10-12,weekend,2,2025,1
E05013575,12-14,weekend,2,2025,3
E05013575,14-16,weekend,2,2025,6
E05013575,16-18,weekend,2,2025,6
E05013575,18-20,weekend,2,2025,4
E05013575,20-22,weekend,2,2025,3
E05013576,06-08,weekday,1,2025,2
E05013576,08-10,weekday,1,2025,4
E05013576,10-12,weekday,1,2025,6
E05013576,12-14,weekday,1,2025,8
E05013576,14-16,weekday,1,2025,9
E05013576,16-18,weekday,1,2025,9
E05013576,18-20,weekday,1,2025,8
E05013576,20-22,weekday,1,2025,6
E05013576,06-08,weekday,2,2025,2
E05013576,08-10,weekday,2,2025,4
E05013576,10-12,weekday,2,2025,6
E05013576,12-14,weekday,2,2025,8
E05013576,14-16,weekday,2,2025,9
E05013576,16-18,weekday,2,2025,9
E05013576,18-20,weekday,2,2025,8
E05013576,20-22,weekday,2,2025,6
E05013576,06-08,weekend,1,2025,1
E05013576,08-10,weekend,1,2025,1
E05013576,10-12,weekend,1,2025,1
E05013576,12-14,weekend,1,2025,4
E05013576,14-16,weekend,1,2025,6
E05013576,16-18,weekend,1,2025,6
E05013576,18-20,weekend,1,2025,4
E05013576,20-22,weekend,1,2025,3
E05013576,06-08,weekend,2,2025,1
E05013576,08-10,weekend,2,2025,2
E05013576,10-12,weekend,2,2025,1
E05013576,12-14,weekend,2,2025,3
E05013576,14-16,weekend,2,2025,6
E05013576,16-18,weekend,2,2025,6
E05013576,18-20,weekend,2,2025,4
E05013576,20-22,weekend,2,2025,3
E05013577,06-08,weekday,1,2025,2
E05013577,08-10,weekday,1,2025,4
E05013577,10-12,weekday,1,2025,6
E05013577,12-14,weekday,1,2025,8
E05013577,14-16,weekday,1,2025,9
E05013577,16-18,weekday,1,2025,9
E05013577,18-20,weekday,1,2025,8
E05013577,20-22,weekday,1,2025,6
E05013577,06-08,weekday,2,2025,2
E05013577,08-10,weekday,2,2025,4
E05013577,10-12,weekday,2,2025,6
E05013577,12-14,weekday,2,2025,8
E05013577,14-16,weekday,2,2025,9
E05013577,16-18,weekday,2,2025,9
E05013577,18-20,weekday,2,2025,8
E05013577,20-22,weekday,2,2025,6
E05013577,06-08,weekend,1,2025,1
E05013577,08-10,weekend,1,2025,1
E05013577,10-12,weekend,1,2025,1
E05013577,12-14,weekend,1,2025,4
E05013577,14-16,weekend,1,2025,6
E05013577,16-18,weekend,1,2025,6
E05013577,18-20,weekend,1,2025,4
E05013577,20-22,weekend,1,2025,3
E05013577,06-08,weekend,2,2025,1
E05013577,08-10,weekend,2,2025,1
E05013577,10-12,weekend,2,2025,1
E05013577,12-14,weekend,2,2025,4
E05013577,14-16,weekend,2,2025,6
E05013577,16-18,weekend,2,2025,6
E05013577,18-20,weekend,2,2025,4
E05013577,20-22,weekend,2,2025,3
E05013578,06-08,weekday,1,2025,2
E05013578,08-10,weekday,1,2025,4
E05013578,10-12,weekday,1,2025,6
E05013578,12-14,weekday,1,2025,8
E05013578,14-16,weekday,1,2025,9
E05013578,16-18,weekday,1,2025,9
E05013578,18-20,weekday,1,2025,8
E05013578,20-22,weekday,1,2025,6
E05013578,06-08,weekday,2,2025,2
E05013578,08-10,weekday,2,2025,4
E05013578,10-12,weekday,2,2025,6
E05013578,12-14,weekday,2,2025,8
E05013578,14-16,weekday,2,2025,9
E05013578,16-18,weekday,2,2025,9
E05013578,18-20,weekday,2,2025,8
E05013578,20-22,weekday,2,2025,6
E05013578,06-08,weekend,1,2025,1
E05013578,08-10,weekend,1,2025,1
E05013578,10-12,weekend,1,2025,1
E05013578,12-14,weekend,1,2025,4
E05013578,14-16,weekend,1,2025,6
E05013578,16-18,weekend,1,2025,6
E05013578,18-20,weekend,1,2025,4
E05013578,20-22,weekend,1,2025,3
E05013578,06-08,weekend,2,2025,1
E05013578,08-10,weekend,2,2025,2
E05013578,10-12,weekend,2,2025,1
E05013578,12-14,weekend,2,2025,3
E05013578,14-16,weekend,2,2025,6
E05013578,16-18,weekend,2,2025,6
E05013578,18-20,weekend,2,2025,4
E05013578,20-22,weekend,2,2025,3
E05013579,06-08,weekday,1,2025,2
E05013579,08-10,weekday,1,2025,4
E05013579,10-12,weekday,1,2025,6
E05013579,12-14,weekday,1,2025,8
E05013579,14-16,weekday,1,2025,9
E05013579,16-18,weekday,1,2025,9
E05013579,18-20,weekday,1,2025,8
E05013579,20-22,weekday,1,2025,6
E05013579,06-08,weekday,2,2025,2
E05013579,08-10,weekday,2,2025,4
E05013579,10-12,weekday,2,2025,6
E05013579,12-14,weekday,2,2025,8
E05013579,14-16,weekday,2,2025,9
E05013579,16-18,weekday,2,2025,9
E05013579,18-20,weekday,2,2025,8
E05013579,20-22,weekday,2,2025,6
E05013579,06-08,weekend,1,2025,1
E05013579,08-10,weekend,1,2025,1
E05013579,10-12,weekend,1,2025,1
E05013579,12-14,weekend,1,2025,4
E05013579,14-16,weekend,1,2025,6
E05013579,16-18,weekend,1,2025,6
E05013579,18-20,weekend,1,2025,4
E05013579,20-22,weekend,1,2025,3
E05013579,06-08,weekend,2,2025,1
E05013579,08-10,weekend,2,2025,2
E05013579,10-12,weekend,2,2025,1
E05013579,12-14,weekend,2,2025,3
E05013579,14-16,weekend,2,2025,6
E05013579,16-18,weekend,2,2025,6
E05013579,18-20,weekend,2,2025,4
E05013579,20-22,weekend,2,2025,3
E05013580,06-08,weekday,1,2025,2
E05013580,08-10,weekday,1,2025,4
E05013580,10-12,weekday,1,2025,6
E05013580,12-14,weekday,1,2025,8
E05013580,14-16,weekday,1,2025,9
E05013580,16-18,weekday,1,2025,9
E05013580,18-20,weekday,1,2025,8
E05013580,20-22,weekday,1,2025,6
E05013580,06-08,weekday,2,2025,2
E05013580,08-10,weekday,2,2025,4
E05013580,10-12,weekday,2,2025,6
E05013580,12-14,weekday,2,2025,8
E05013580,14-16,weekday,2,2025,9
E05013580,16-18,weekday,2,2025,9
E05013580,18-20,weekday,2,2025,8
E05013580,20-22,weekday,2,2025,6
E05013580,06-08,weekend,1,2025,1
E05013580,08-10,weekend,1,2025,1
E05013580,10-12,weekend,1,2025,1
E05013580,12-14,weekend,1,2025,4
E05013580,14-16,weekend,1,2025,6
E05013580,16-18,weekend,1,2025,6
E05013580,18-20,weekend,1,2025,4
E05013580,20-22,weekend,1,2025,3
E05013580,06-08,weekend,2,2025,1
E05013580,08-10,weekend,2,2025,2
E05013580,10-12,weekend,2,2025,1
E05013580,12-14,weekend,2,2025,3
E05013580,14-16,weekend,2,2025,6
E05013580,16-18,weekend,2,2025,6
E05013580,18-20,weekend,2,2025,4
E05013580,20-22,weekend,2,2025,3
E05013581,06-08,weekday,1,2025,2
E05013581,08-10,weekday,1,2025,4
E05013581,10-12,weekday,1,2025,6
E05013581,12-14,weekday,1,2025,8
E05013581,14-16,weekday,1,2025,9
E05013581,16-18,weekday,1,2025,9
E05013581,18-20,weekday,1,2025,8
E05013581,20-22,weekday,1,2025,6
E05013581,06-08,weekday,2,2025,2
E05013581,08-10,weekday,2,2025,4
E05013581,10-12,weekday,2,2025,6
E05013581,12-14,weekday,2,2025,8
E05013581,14-16,weekday,2,2025,9
E05013581,16-18,weekday,2,2025,9
E05013581,18-20,weekday,2,2025,8
E05013581,20-22,weekday,2,2025,6
E05013581,06-08,weekend,1,2025,1
E05013581,08-10,weekend,1,2025,1
E05013581,10-12,weekend,1,2025,1
E05013581,12-14,weekend,1,2025,4
E05013581,14-16,weekend,1,2025,6
E05013581,16-18,weekend,1,2025,6
E05013581,18-20,weekend,1,2025,4
E05013581,20-22,weekend,1,2025,3
E05013581,06-08,weekend,2,2025,1
E05013581,08-10,weekend,2,2025,2
E05013581,10-12,weekend,2,2025,1
E05013581,12-14,weekend,2,2025,3
E05013581,14-16,weekend,2,2025,6
E05013581,16-18,weekend,2,2025,6
E05013581,18-20,weekend,2,2025,4
E05013581,20-22,weekend,2,2025,3
E05013582,06-08,weekday,1,2025,2
E05013582,08-10,weekday,1,2025,4
E05013582,10-12,weekday,1,2025,6
E05013582,12-14,weekday,1,2025,8
E05013582,14-16,weekday,1,2025,9
E05013582,16-18,weekday,1,2025,9
E05013582,18-20,weekday,1,2025,8
E05013582,20-22,weekday,1,2025,6
E05013582,06-08,weekday,2,2025,2
E05013582,08-10,weekday,2,2025,4
E05013582,10-12,weekday,2,2025,6
E05013582,12-14,weekday,2,2025,8
E05013582,14-16,weekday,2,2025,9
E05013582,16-18,weekday,2,2025,9
E05013582,18-20,weekday,2,2025,8
E05013582,20-22,weekday,2,2025,6
E05013582,06-08,weekend,1,2025,1
E05013582,08-10,weekend,1,2025,1
E05013582,10-12,weekend,1,2025,1
E05013582,12-14,weekend,1,2025,4
E05013582,14-16,weekend,1,2025,6
E05013582,16-18,weekend,1,2025,6
E05013582,18-20,weekend,1,2025,4
E05013582,20-22,weekend,1,2025,3
E05013582,06-08,weekend,2,2025,1
E05013582,08-10,weekend,2,2025,2
E05013582,10-12,weekend,2,2025,1
E05013582,12-14,weekend,2,2025,3
E05013582,14-16,weekend,2,2025,6
E05013582,16-18,weekend,2,2025,6
E05013582,18-20,weekend,2,2025,4
E05013582,20-22,weekend,2,2025,3
E05013583,06-08,weekday,1,2025,2
E05013583,08-10,weekday,1,2025,4
E05013583,10-12,weekday,1,2025,6
E05013583,12-14,weekday,1,2025,8
E05013583,14-16,weekday,1,2025,9
E05013583,16-18,weekday,1,2025,9
E05013583,18-20,weekday,1,2025,8
E05013583,20-22,weekday,1,2025,6
E05013583,06-08,weekday,2,2025,2
E05013583,08-10,weekday,2,2025,4
E05013583,10-12,weekday,2,2025,6
E05013583,12-14,weekday,2,2025,8
E05013583,14-16,weekday,2,2025,9
E05013583,16-18,weekday,2,2025,9
E05013583,18-20,weekday,2,2025,8
E05013583,20-22,weekday,2,2025,6
E05013583,06-08,weekend,1,2025,1
E05013583,08-10,weekend,1,2025,1
E05013583,10-12,weekend,1,2025,1
E05013583,12-14,weekend,1,2025,4
E05013583,14-16,weekend,1,2025,6
E05013583,16-18,weekend,1,2025,6
E05013583,18-20,weekend,1,2025,4
E05013583,20-22,weekend,1,2025,3
E05013583,06-08,weekend,2,2025,1
E05013583,08-10,weekend,2,2025,2
E05013583,10-12,weekend,2,2025,1
E05013583,12-14,weekend,2,2025,3
E05013583,14-16,weekend,2,2025,6
E05013583,16-18,weekend,2,2025,6
E05013583,18-20,weekend,2,2025,4
E05013583,20-22,weekend,2,2025,3
E05013584,06-08,weekday,1,2025,2
E05013584,08-10,weekday,1,2025,4
E05013584,10-12,weekday,1,2025,6
E05013584,12-14,weekday,1,2025,8
E05013584,14-16,weekday,1,2025,9
E05013584,16-18,weekday,1,2025,9
E05013584,18-20,weekday,1,2025,8
E05013584,20-22,weekday,1,2025,6
E05013584,06-08,weekday,2,2025,2
E05013584,08-10,weekday,2,2025,4
E05013584,10-12,weekday,2,2025,6
E05013584,12-14,weekday,2,2025,8
E05013584,14-16,weekday,2,2025,9
E05013584,16-18,weekday,2,2025,9
E05013584,18-20,weekday,2,2025,8
E05013584,20-22,weekday,2,2025,6
E05013584,06-08,weekend,1,2025,1
E05013584,08-10,weekend,1,2025,1
E05013584,10-12,weekend,1,2025,1
E05013584,12-14,weekend,1,2025,4
E05013584,14-16,weekend,1,2025,6
E05013584,16-18,weekend,1,2025,6
E05013584,18-20,weekend,1,2025,4
E05013584,20-22,weekend,1,2025,3
E05013584,06-08,weekend,2,2025,1
E05013584,08-10,weekend,2,2025,1
E05013584,10-12,weekend,2,2025,1
E05013584,12-14,weekend,2,2025,4
E05013584,14-16,weekend,2,2025,6
E05013584,16-18,weekend,2,2025,6
E05013584,18-20,weekend,2,2025,4
E05013584,20-22,weekend,2,2025,3
E05013585,06-08,weekday,1,2025,2
E05013585,08-10,weekday,1,2025,4
E05013585,10-12,weekday,1,2025,6
E05013585,12-14,weekday,1,2025,8
E05013585,14-16,weekday,1,2025,9
E05013585,16-18,weekday,1,2025,9
E05013585,18-20,weekday,1,2025,8
E05013585,20-22,weekday,1,2025,6
E05013585,06-08,weekday,2,2025,2
E05013585,08-10,weekday,2,2025,4
E05013585,10-12,weekday,2,2025,6
E05013585,12-14,weekday,2,2025,8
E05013585,14-16,weekday,2,2025,9
E05013585,16-18,weekday,2,2025,9
E05013585,18-20,weekday,2,2025,8
E05013585,20-22,weekday,2,2025,6
E05013585,06-08,weekend,1,2025,1
E05013585,08-10,weekend,1,2025,1
E05013585,10-12,weekend,1,2025,1
E05013585,12-14,weekend,1,2025,4
E05013585,14-16,weekend,1,2025,6
E05013585,16-18,weekend,1,2025,6
E05013585,18-20,weekend,1,2025,4
E05013585,20-22,weekend,1,2025,3
E05013585,06-08,weekend,2,2025,1
E05013585,08-10,weekend,2,2025,2
E05013585,10-12,weekend,2,2025,1
E05013585,12-14,weekend,2,2025,3
E05013585,14-16,weekend,2,2025,6
E05013585,16-18,weekend,2,2025,6
E05013585,18-20,weekend,2,2025,4
E05013585,20-22,weekend,2,2025,3
E05013586,06-08,weekday,1,2025,2
E05013586,08-10,weekday,1,2025,4
E05013586,10-12,weekday,1,2025,6
E05013586,12-14,weekday,1,2025,8
E05013586,14-16,weekday,1,2025,9
E05013586,16-18,weekday,1,2025,9
E05013586,18-20,weekday,1,2025,8
E05013586,20-22,weekday,1,2025,6
E05013586,06-08,weekday,2,2025,2
E05013586,08-10,weekday,2,2025,4
E05013586,10-12,weekday,2,2025,6
E05013586,12-14,weekday,2,2025,8
E05013586,14-16,weekday,2,2025,9
E05013586,16-18,weekday,2,2025,9
E05013586,18-20,weekday,2,2025,8
E05013586,20-22,weekday,2,2025,6
E05013586,06-08,weekend,1,2025,1
E05013586,08-10,weekend,1,2025,1
E05013586,10-12,weekend,1,2025,1
E05013586,12-14,weekend,1,2025,4
E05013586,14-16,weekend,1,2025,6
E05013586,16-18,weekend,1,2025,6
E05013586,18-20,weekend,1,2025,4
E05013586,20-22,weekend,1,2025,3
E05013586,06-08,weekend,2,2025,1
E05013586,08-10,weekend,2,2025,2
E05013586,10-12,weekend,2,2025,1
E05013586,12-14,weekend,2,2025,3
E05013586,14-16,weekend,2,2025,6
E05013586,16-18,weekend,2,2025,6
E05013586,18-20,weekend,2,2025,4
E05013586,20-22,weekend,2,2025,3
E05013587,06-08,weekday,1,2025,2
E05013587,08-10,weekday,1,2025,4
E05013587,10-12,weekday,1,2025,6
E05013587,12-14,weekday,1,2025,8
E05013587,14-16,weekday,1,2025,9
E05013587,16-18,weekday,1,2025,9
E05013587,18-20,weekday,1,2025,8
E05013587,20-22,weekday,1,2025,6
E05013587,06-08,weekday,2,2025,2
E05013587,08-10,weekday,2,2025,4
E05013587,10-12,weekday,2,2025,6
E05013587,12-14,weekday,2,2025,8
E05013587,14-16,weekday,2,2025,9
E05013587,16-18,weekday,2,2025,9
E05013587,18-20,weekday,2,2025,8
E05013587,20-22,weekday,2,2025,6
E05013587,06-08,weekend,1,2025,1
E05013587,08-10,weekend,1,2025,1
E05013587,10-12,weekend,1,2025,1
E05013587,12-14,weekend,1,2025,4
E05013587,14-16,weekend,1,2025,6
E05013587,16-18,weekend,1,2025,6
E05013587,18-20,weekend,1,2025,4
E05013587,20-22,weekend,1,2025,3
E05013587,06-08,weekend,2,2025,1
E05013587,08-10,weekend,2,2025,2
E05013587,10-12,weekend,2,2025,1
E05013587,12-14,weekend,2,2025,3
E05013587,14-16,weekend,2,2025,6
E05013587,16-18,weekend,2,2025,6
E05013587,18-20,weekend,2,2025,4
E05013587,20-22,weekend,2,2025,3
E05013588,06-08,weekday,1,2025,2
E05013588,08-10,weekday,1,2025,4
E05013588,10-12,weekday,1,2025,6
E05013588,12-14,weekday,1,2025,8
E05013588,14-16,weekday,1,2025,9
E05013588,16-18,weekday,1,2025,9
E05013588,18-20,weekday,1,2025,8
E05013588,20-22,weekday,1,2025,6
E05013588,06-08,weekday,2,2025,2
E05013588,08-10,weekday,2,2025,4
E05013588,10-12,weekday,2,2025,6
E05013588,12-14,weekday,2,2025,8
E05013588,14-16,weekday,2,2025,9
E05013588,16-18,weekday,2,2025,9
E05013588,18-20,weekday,2,2025,8
E05013588,20-22,weekday,2,2025,6
E05013588,06-08,weekend,1,2025,1
E05013588,08-10,weekend,1,2025,1
E05013588,10-12,weekend,1,2025,1
E05013588,12-14,weekend,1,2025,4
E05013588,14-16,weekend,1,2025,6
E05013588,16-18,weekend,1,2025,6
E05013588,18-20,weekend,1,2025,4
E05013588,20-22,weekend,1,2025,3
E05013588,06-08,weekend,2,2025,1
E05013588,08-10,weekend,2,2025,2
E05013588,10-12,weekend,2,2025,1
E05013588,12-14,weekend,2,2025,3
E05013588,14-16,weekend,2,2025,6
E05013588,16-18,weekend,2,2025,6
E05013588,18-20,weekend,2,2025,4
E05013588,20-22,weekend,2,2025,3
E05013589,06-08,weekday,1,2025,2
E05013589,08-10,weekday,1,2025,4
E05013589,10-12,weekday,1,2025,6
E05013589,12-14,weekday,1,2025,8
E05013589,14-16,weekday,1,2025,9
E05013589,16-18,weekday,1,2025,9
E05013589,18-20,weekday,1,2025,8
E05013589,20-22,weekday,1,2025,6
E05013589,06-08,weekday,2,2025,2
E05013589,08-10,weekday,2,2025,4
E05013589,10-12,weekday,2,2025,6
E05013589,12-14,weekday,2,2025,8
E05013589,14-16,weekday,2,2025,9
E05013589,16-18,weekday,2,2025,9
E05013589,18-20,weekday,2,2025,8
E05013589,20-22,weekday,2,2025,6
E05013589,06-08,weekend,1,2025,1
E05013589,08-10,weekend,1,2025,1
E05013589,10-12,weekend,1,2025,1
E05013589,12-14,weekend,1,2025,4
E05013589,14-16,weekend,1,2025,6
E05013589,16-18,weekend,1,2025,6
E05013589,18-20,weekend,1,2025,4
E05013589,20-22,weekend,1,2025,3
E05013589,06-08,weekend,2,2025,1
E05013589,08-10,weekend,2,2025,2
E05013589,10-12,weekend,2,2025,1
E05013589,12-14,weekend,2,2025,3
E05013589,14-16,weekend,2,2025,6
E05013589,16-18,weekend,2,2025,6
E05013589,18-20,weekend,2,2025,4
E05013589,20-22,weekend,2,2025,3
E05013590,06-08,weekday,1,2025,2
E05013590,08-10,weekday,1,2025,4
E05013590,10-12,weekday,1,2025,6
E05013590,12-14,weekday,1,2025,8
E05013590,14-16,weekday,1,2025,9
E05013590,16-18,weekday,1,2025,9
E05013590,18-20,weekday,1,2025,8
E05013590,20-22,weekday,1,2025,6
E05013590,06-08,weekday,2,2025,2
E05013590,08-10,weekday,2,2025,4
E05013590,10-12,weekday,2,2025,6
E05013590,12-14,weekday,2,2025,8
E05013590,14-16,weekday,2,2025,9
E05013590,16-18,weekday,2,2025,9
E05013590,18-20,weekday,2,2025,8
E05013590,20-22,weekday,2,2025,6
E05013590,06-08,weekend,1,2025,1
E05013590,08-10,weekend,1,2025,1
E05013590,10-12,weekend,1,2025,1
E05013590,12-14,weekend,1,2025,4
E05013590,14-16,weekend,1,2025,6
E05013590,16-18,weekend,1,2025,6
E05013590,18-20,weekend,1,2025,4
E05013590,20-22,weekend,1,2025,3
E05013590,06-08,weekend,2,2025,1
E05013590,08-10,weekend,2,2025,2
E05013590,10-12,weekend,2,2025,1
E05013590,12-14,weekend,2,2025,3
E05013590,14-16,weekend,2,2025,6
E05013590,16-18,weekend,2,2025,6
E05013590,18-20,weekend,2,2025,4
E05013590,20-22,weekend,2,2025,3
E05013591,06-08,weekday,1,2025,2
E05013591,08-10,weekday,1,2025,4
E05013591,10-12,weekday,1,2025,6
E05013591,12-14,weekday,1,2025,8
E05013591,14-16,weekday,1,2025,9
E05013591,16-18,weekday,1,2025,9
E05013591,18-20,weekday,1,2025,8
E05013591,20-22,weekday,1,2025,6
E05013591,06-08,weekday,2,2025,2
E05013591,08-10,weekday,2,2025,4
E05013591,10-12,weekday,2,2025,6
E05013591,12-14,weekday,2,2025,8
E05013591,14-16,weekday,2,2025,9
E05013591,16-18,weekday,2,2025,9
E05013591,18-20,weekday,2,2025,8
E05013591,20-22,weekday,2,2025,6
E05013591,06-08,weekend,1,2025,1
E05013591,08-10,weekend,1,2025,1
E05013591,10-12,weekend,1,2025,1
E05013591,12-14,weekend,1,2025,4
E05013591,14-16,weekend,1,2025,6
E05013591,16-18,weekend,1,2025,6
E05013591,18-20,weekend,1,2025,4
E05013591,20-22,weekend,1,2025,3
E05013591,06-08,weekend,2,2025,1
E05013591,08-10,weekend,2,2025,2
E05013591,10-12,weekend,2,2025,1
E05013591,12-14,weekend,2,2025,3
E05013591,14-16,weekend,2,2025,6
E05013591,16-18,weekend,2,2025,6
E05013591,18-20,weekend,2,2025,4
E05013591,20-22,weekend,2,2025,3
E05013592,06-08,weekday,1,2025,2
E05013592,08-10,weekday,1,2025,4
E05013592,10-12,weekday,1,2025,6
E05013592,12-14,weekday,1,2025,8
E05013592,14-16,weekday,1,2025,9
E05013592,16-18,weekday,1,2025,9
E05013592,18-20,weekday,1,2025,8
E05013592,20-22,weekday,1,2025,6
E05013592,06-08,weekday,2,2025,2
E05013592,08-10,weekday,2,2025,4
E05013592,10-12,weekday,2,2025,6
E05013592,12-14,weekday,2,2025,8
E05013592,14-16,weekday,2,2025,9
E05013592,16-18,weekday,2,2025,9
E05013592,18-20,weekday,2,2025,8
E05013592,20-22,weekday,2,2025,6
E05013592,06-08,weekend,1,2025,1
E05013592,08-10,weekend,1,2025,1
E05013592,10-12,weekend,1,2025,1
E05013592,12-14,weekend,1,2025,4
E05013592,14-16,weekend,1,2025,6
E05013592,16-18,weekend,1,2025,6
E05013592,18-20,weekend,1,2025,4
E05013592,20-22,weekend,1,2025,3
E05013592,06-08,weekend,2,2025,1
E05013592,08-10,weekend,2,2025,2
E05013592,10-12,weekend,2,2025,1
E05013592,12-14,weekend,2,2025,3
E05013592,14-16,weekend,2,2025,6
E05013592,16-18,weekend,2,2025,6
E05013592,18-20,weekend,2,2025,4
E05013592,20-22,weekend,2,2025,3
E05013593,06-08,weekday,1,2025,2
E05013593,08-10,weekday,1,2025,4
E05013593,10-12,weekday,1,2025,6
E05013593,12-14,weekday,1,2025,8
E05013593,14-16,weekday,1,2025,9
E05013593,16-18,weekday,1,2025,9
E05013593,18-20,weekday,1,2025,8
E05013593,20-22,weekday,1,2025,6
E05013593,06-08,weekday,2,2025,2
E05013593,08-10,weekday,2,2025,4
E05013593,10-12,weekday,2,2025,6
E05013593,12-14,weekday,2,2025,8
E05013593,14-16,weekday,2,2025,9
E05013593,16-18,weekday,2,2025,9
E05013593,18-20,weekday,2,2025,8
E05013593,20-22,weekday,2,2025,6
E05013593,06-08,weekend,1,2025,1
E05013593,08-10,weekend,1,2025,1
E05013593,10-12,weekend,1,2025,1
E05013593,12-14,weekend,1,2025,4
E05013593,14-16,weekend,1,2025,6
E05013593,16-18,weekend,1,2025,6
E05013593,18-20,weekend,1,2025,4
E05013593,20-22,weekend,1,2025,3
E05013593,06-08,weekend,2,2025,1
E05013593,08-10,weekend,2,2025,2
E05013593,10-12,weekend,2,2025,1
E05013593,12-14,weekend,2,2025,3
E05013593,14-16,weekend,2,2025,6
E05013593,16-18,weekend,2,2025,6
E05013593,18-20,weekend,2,2025,4
E05013593,20-22,weekend,2,2025,3
E05013594,06-08,weekday,1,2025,2
E05013594,08-10,weekday,1,2025,4
E05013594,10-12,weekday,1,2025,6
E05013594,12-14,weekday,1,2025,8
E05013594,14-16,weekday,1,2025,9
E05013594,16-18,weekday,1,2025,9
E05013594,18-20,weekday,1,2025,8
E05013594,20-22,weekday,1,2025,6
E05013594,06-08,weekday,2,2025,2
E05013594,08-10,weekday,2,2025,4
E05013594,10-12,weekday,2,2025,6
E05013594,12-14,weekday,2,2025,8
E05013594,14-16,weekday,2,2025,9
E05013594,16-18,weekday,2,2025,9
E05013594,18-20,weekday,2,2025,8
E05013594,20-22,weekday,2,2025,6
E05013594,06-08,weekend,1,2025,1
E05013594,08-10,weekend,1,2025,1
E05013594,10-12,weekend,1,2025,1
E05013594,12-14,weekend,1,2025,4
E05013594,14-16,weekend,1,2025,6
E05013594,16-18,weekend,1,2025,6
E05013594,18-20,weekend,1,2025,4
E05013594,20-22,weekend,1,2025,3
E05013594,06-08,weekend,2,2025,1
E05013594,08-10,weekend,2,2025,2
E05013594,10-12,weekend,2,2025,1
E05013594,12-14,weekend,2,2025,3
E05013594,14-16,weekend,2,2025,6
E05013594,16-18,weekend,2,2025,6
E05013594,18-20,weekend,2,2025,4
E05013594,20-22,weekend,2,2025,3
E05013595,06-08,weekday,1,2025,2
E05013595,08-10,weekday,1,2025,4
E05013595,10-12,weekday,1,2025,6
E05013595,12-14,weekday,1,2025,8
E05013595,14-16,weekday,1,2025,9
E05013595,16-18,weekday,1,2025,9
E05013595,18-20,weekday,1,2025,8
E05013595,20-22,weekday,1,2025,6
E05013595,06-08,weekday,2,2025,2
E05013595,08-10,weekday,2,2025,4
E05013595,10-12,weekday,2,2025,6
E05013595,12-14,weekday,2,2025,8
E05013595,14-16,weekday,2,2025,9
E05013595,16-18,weekday,2,2025,9
E05013595,18-20,weekday,2,2025,8
E05013595,20-22,weekday,2,2025,6
E05013595,06-08,weekend,1,2025,1
E05013595,08-10,weekend,1,2025,1
E05013595,10-12,weekend,1,2025,1
E05013595,12-14,weekend,1,2025,4
E05013595,14-16,weekend,1,2025,6
E05013595,16-18,weekend,1,2025,6
E05013595,18-20,weekend,1,2025,4
E05013595,20-22,weekend,1,2025,3
E05013595,06-08,weekend,2,2025,1
E05013595,08-10,weekend,2,2025,2
E05013595,10-12,weekend,2,2025,1
E05013595,12-14,weekend,2,2025,3
E05013595,14-16,weekend,2,2025,6
E05013595,16-18,weekend,2,2025,6
E05013595,18-20,weekend,2,2025,4
E05013595,20-22,weekend,2,2025,3
E05013596,06-08,weekday,1,2025,2
E05013596,08-10,weekday,1,2025,4
E05013596,10-12,weekday,1,2025,6
E05013596,12-14,weekday,1,2025,8
E05013596,14-16,weekday,1,2025,9
E05013596,16-18,weekday,1,2025,9
E05013596,18-20,weekday,1,2025,8
E05013596,20-22,weekday,1,2025,6
E05013596,06-08,weekday,2,2025,2
E05013596,08-10,weekday,2,2025,4
E05013596,10-12,weekday,2,2025,6
E05013596,12-14,weekday,2,2025,8
E05013596,14-16,weekday,2,2025,9
E05013596,16-18,weekday,2,2025,9
E05013596,18-20,weekday,2,2025,8
E05013596,20-22,weekday,2,2025,6
E05013596,06-08,weekend,1,2025,1
E05013596,08-10,weekend,1,2025,1
E05013596,10-12,weekend,1,2025,1
E05013596,12-14,weekend,1,2025,4
E05013596,14-16,weekend,1,2025,6
E05013596,16-18,weekend,1,2025,6
E05013596,18-20,weekend,1,2025,4
E05013596,20-22,weekend,1,2025,3
E05013596,06-08,weekend,2,2025,1
E05013596,08-10,weekend,2,2025,2
E05013596,10-12,weekend,2,2025,1
E05013596,12-14,weekend,2,2025,3
E05013596,14-16,weekend,2,2025,6
E05013596,16-18,weekend,2,2025,6
E05013596,18-20,weekend,2,2025,4
E05013596,20-22,weekend,2,2025,3
E05013597,06-08,weekday,1,2025,2
E05013597,08-10,weekday,1,2025,4
E05013597,10-12,weekday,1,2025,6
E05013597,12-14,weekday,1,2025,8
E05013597,14-16,weekday,1,2025,9
E05013597,16-18,weekday,1,2025,9
E05013597,18-20,weekday,1,2025,8
E05013597,20-22,weekday,1,2025,6
E05013597,06-08,weekday,2,2025,2
E05013597,08-10,weekday,2,2025,4
E05013597,10-12,weekday,2,2025,6
E05013597,12-14,weekday,2,2025,8
E05013597,14-16,weekday,2,2025,9
E05013597,16-18,weekday,2,2025,9
E05013597,18-20,weekday,2,2025,8
E05013597,20-22,weekday,2,2025,6
E05013597,06-08,weekend,1,2025,1
E05013597,08-10,weekend,1,2025,1
E05013597,10-12,weekend,1,2025,1
E05013597,12-14,weekend,1,2025,4
E05013597,14-16,weekend,1,2025,6
E05013597,16-18,weekend,1,2025,6
E05013597,18-20,weekend,1,2025,4
E05013597,20-22,weekend,1,2025,3
E05013597,06-08,weekend,2,2025,1
E05013597,08-10,weekend,2,2025,2
E05013597,10-12,weekend,2,2025,1
E05013597,12-14,weekend,2,2025,3
E05013597,14-16,weekend,2,2025,6
E05013597,16-18,weekend,2,2025,6
E05013597,18-20,weekend,2,2025,4
E05013597,20-22,weekend,2,2025,3
E05013598,06-08,weekday,1,2025,2
E05013598,08-10,weekday,1,2025,4
E05013598,10-12,weekday,1,2025,6
E05013598,12-14,weekday,1,2025,8
E05013598,14-16,weekday,1,2025,9
E05013598,16-18,weekday,1,2025,9
E05013598,18-20,weekday,1,2025,8
E05013598,20-22,weekday,1,2025,6
E05013598,06-08,weekday,2,2025,2
E05013598,08-10,weekday,2,2025,4
E05013598,10-12,weekday,2,2025,6
E05013598,12-14,weekday,2,2025,8
E05013598,14-16,weekday,2,2025,9
E05013598,16-18,weekday,2,2025,9
E05013598,18-20,weekday,2,2025,8
E05013598,20-22,weekday,2,2025,6
E05013598,06-08,weekend,1,2025,1
E05013598,08-10,weekend,1,2025,1
E05013598,10-12,weekend,1,2025,1
E05013598,12-14,weekend,1,2025,4
E05013598,14-16,weekend,1,2025,6
E05013598,16-18,weekend,1,2025,6
E05013598,18-20,weekend,1,2025,4
E05013598,20-22,weekend,1,2025,3
E05013598,06-08,weekend,2,2025,1
E05013598,08-10,weekend,2,2025,2
E05013598,10-12,weekend,2,2025,1
E05013598,12-14,weekend,2,2025,3
E05013598,14-16,weekend,2,2025,6
E05013598,16-18,weekend,2,2025,6
E05013598,18-20,weekend,2,2025,4
E05013598,20-22,weekend,2,2025,3
E05013599,06-08,weekday,1,2025,2
E05013599,08-10,weekday,1,2025,4
E05013599,10-12,weekday,1,2025,6
E05013599,12-14,weekday,1,2025,8
E05013599,14-16,weekday,1,2025,9
E05013599,16-18,weekday,1,2025,9
E05013599,18-20,weekday,1,2025,8
E05013599,20-22,weekday,1,2025,6
E05013599,06-08,weekday,2,2025,2
E05013599,08-10,weekday,2,2025,4
E05013599,10-12,weekday,2,2025,6
E05013599,12-14,weekday,2,2025,8
E05013599,14-16,weekday,2,2025,9
E05013599,16-18,weekday,2,2025,9
E05013599,18-20,weekday,2,2025,8
E05013599,20-22,weekday,2,2025,6
E05013599,06-08,weekend,1,2025,1
E05013599,08-10,weekend,1,2025,1
E05013599,10-12,weekend,1,2025,1
E05013599,12-14,weekend,1,2025,4
E05013599,14-16,weekend,1,2025,6
E05013599,16-18,weekend,1,2025,6
E05013599,18-20,weekend,1,2025,4
E05013599,20-22,weekend,1,2025,3
E05013599,06-08,weekend,2,2025,1
E05013599,08-10,weekend,2,2025,2
E05013599,10-12,weekend,2,2025,1
E05013599,12-14,weekend,2,2025,3
E05013599,14-16,weekend,2,2025,6
E05013599,16-18,weekend,2,2025,6
E05013599,18-20,weekend,2,2025,4
E05013599,20-22,weekend,2,2025,3
E05013600,06-08,weekday,1,2025,2
E05013600,08-10,weekday,1,2025,4
E05013600,10-12,weekday,1,2025,6
E05013600,12-14,weekday,1,2025,8
E05013600,14-16,weekday,1,2025,9
E05013600,16-18,weekday,1,2025,9
E05013600,18-20,weekday,1,2025,8
E05013600,20-22,weekday,1,2025,6
E05013600,06-08,weekday,2,2025,2
E05013600,08-10,weekday,2,2025,4
E05013600,10-12,weekday,2,2025,6
E05013600,12-14,weekday,2,2025,8
E05013600,14-16,weekday,2,2025,9
E05013600,16-18,weekday,2,2025,9
E05013600,18-20,weekday,2,2025,8
E05013600,20-22,weekday,2,2025,6
E05013600,06-08,weekend,1,2025,1
E05013600,08-10,weekend,1,2025,1
E05013600,10-12,weekend,1,2025,1
E05013600,12-14,weekend,1,2025,4
E05013600,14-16,weekend,1,2025,6
E05013600,16-18,weekend,1,2025,6
E05013600,18-20,weekend,1,2025,4
E05013600,20-22,weekend,1,2025,3
E05013600,06-08,weekend,2,2025,1
E05013600,08-10,weekend,2,2025,2
E05013600,10-12,weekend,2,2025,1
E05013600,12-14,weekend,2,2025,3
E05013600,14-16,weekend,2,2025,6
E05013600,16-18,weekend,2,2025,6
E05013600,18-20,weekend,2,2025,4
E05013600,20-22,weekend,2,2025,3
E05013601,06-08,weekday,1,2025,2
E05013601,08-10,weekday,1,2025,4
E05013601,10-12,weekday,1,2025,6
E05013601,12-14,weekday,1,2025,8
E05013601,14-16,weekday,1,2025,9
E05013601,16-18,weekday,1,2025,9
E05013601,18-20,weekday,1,2025,8
E05013601,20-22,weekday,1,2025,6
E05013601,06-08,weekday,2,2025,2
E05013601,08-10,weekday,2,2025,4
E05013601,10-12,weekday,2,2025,6
E05013601,12-14,weekday,2,2025,8
E05013601,14-16,weekday,2,2025,9
E05013601,16-18,weekday,2,2025,9
E05013601,18-20,weekday,2,2025,8
E05013601,20-22,weekday,2,2025,6
E05013601,06-08,weekend,1,2025,1
E05013601,08-10,weekend,1,2025,1
E05013601,10-12,weekend,1,2025,1
E05013601,12-14,weekend,1,2025,4
E05013601,14-16,weekend,1,2025,6
E05013601,16-18,weekend,1,2025,6
E05013601,18-20,weekend,1,2025,4
E05013601,20-22,weekend,1,2025,3
E05013601,06-08,weekend,2,2025,1
E05013601,08-10,weekend,2,2025,2
E05013601,10-12,weekend,2,2025,1
E05013601,12-14,weekend,2,2025,3
E05013601,14-16,weekend,2,2025,6
E05013601,16-18,weekend,2,2025,6
E05013601,18-20,weekend,2,2025,4
E05013601,20-22,weekend,2,2025,3
E05013602,06-08,weekday,1,2025,2
E05013602,08-10,weekday,1,2025,4
E05013602,10-12,weekday,1,2025,6
E05013602,12-14,weekday,1,2025,8
E05013602,14-16,weekday,1,2025,9
E05013602,16-18,weekday,1,2025,9
E05013602,18-20,weekday,1,2025,8
E05013602,20-22,weekday,1,2025,6
E05013602,06-08,weekday,2,2025,2
E05013602,08-10,weekday,2,2025,4
E05013602,10-12,weekday,2,2025,6
E05013602,12-14,weekday,2,2025,8
E05013602,14-16,weekday,2,2025,9
E05013602,16-18,weekday,2,2025,9
E05013602,18-20,weekday,2,2025,8
E05013602,20-22,weekday,2,2025,6
E05013602,06-08,weekend,1,2025,1
E05013602,08-10,weekend,1,2025,1
E05013602,10-12,weekend,1,2025,1
E05013602,12-14,weekend,1,2025,4
E05013602,14-16,weekend,1,2025,6
E05013602,16-18,weekend,1,2025,6
E05013602,18-20,weekend,1,2025,4
E05013602,20-22,weekend,1,2025,3
E05013602,06-08,weekend,2,2025,1
E05013602,08-10,weekend,2,2025,2
E05013602,10-12,weekend,2,2025,1
E05013602,12-14,weekend,2,2025,3
E05013602,14-16,weekend,2,2025,6
E05013602,16-18,weekend,2,2025,6
E05013602,18-20,weekend,2,2025,4
E05013602,20-22,weekend,2,2025,3
E05013603,06-08,weekday,1,2025,2
E05013603,08-10,weekday,1,2025,4
E05013603,10-12,weekday,1,2025,6
E05013603,12-14,weekday,1,2025,8
E05013603,14-16,weekday,1,2025,9
E05013603,16-18,weekday,1,2025,9
E05013603,18-20,weekday,1,2025,8
E05013603,20-22,weekday,1,2025,6
E05013603,06-08,weekday,2,2025,2
E05013603,08-10,weekday,2,2025,4
E05013603,10-12,weekday,2,2025,6
E05013603,12-14,weekday,2,2025,8
E05013603,14-16,weekday,2,2025,9
E05013603,16-18,weekday,2,2025,9
E05013603,18-20,weekday,2,2025,8
E05013603,20-22,weekday,2,2025,6
E05013603,06-08,weekend,1,2025,1
E05013603,08-10,weekend,1,2025,1
E05013603,10-12,weekend,1,2025,1
E05013603,12-14,weekend,1,2025,4
E05013603,14-16,weekend,1,2025,6
E05013603,16-18,weekend,1,2025,6
E05013603,18-20,weekend,1,2025,4
E05013603,20-22,weekend,1,2025,3
E05013603,06-08,weekend,2,2025,1
E05013603,08-10,weekend,2,2025,2
E05013603,10-12,weekend,2,2025,1
E05013603,12-14,weekend,2,2025,3
E05013603,14-16,weekend,2,2025,6
E05013603,16-18,weekend,2,2025,6
E05013603,18-20,weekend,2,2025,4
E05013603,20-22,weekend,2,2025,3
E05013604,06-08,weekday,1,2025,2
E05013604,08-10,weekday,1,2025,4
E05013604,10-12,weekday,1,2025,6
E05013604,12-14,weekday,1,2025,8
E05013604,14-16,weekday,1,2025,9
E05013604,16-18,weekday,1,2025,9
E05013604,18-20,weekday,1,2025,8
E05013604,20-22,weekday,1,2025,6
E05013604,06-08,weekday,2,2025,2
E05013604,08-10,weekday,2,2025,4
E05013604,10-12,weekday,2,2025,6
E05013604,12-14,weekday,2,2025,8
E05013604,14-16,weekday,2,2025,9
E05013604,16-18,weekday,2,2025,9
E05013604,18-20,weekday,2,2025,8
E05013604,20-22,weekday,2,2025,6
E05013604,06-08,weekend,1,2025,1
E05013604,08-10,weekend,1,2025,1
E05013604,10-12,weekend,1,2025,1
E05013604,12-14,weekend,1,2025,4
E05013604,14-16,weekend,1,2025,6
E05013604,16-18,weekend,1,2025,6
E05013604,18-20,weekend,1,2025,4
E05013604,20-22,weekend,1,2025,3
E05013604,06-08,weekend,2,2025,1
E05013604,08-10,weekend,2,2025,2
E05013604,10-12,weekend,2,2025,1
E05013604,12-14,weekend,2,2025,3
E05013604,14-16,weekend,2,2025,6
E05013604,16-18,weekend,2,2025,6
E05013604,18-20,weekend,2,2025,4
E05013604,20-22,weekend,2,2025,3
E05013605,06-08,weekday,1,2025,2
E05013605,08-10,weekday,1,2025,4
E05013605,10-12,weekday,1,2025,6
E05013605,12-14,weekday,1,2025,8
E05013605,14-16,weekday,1,2025,9
E05013605,16-18,weekday,1,2025,9
E05013605,18-20,weekday,1,2025,8
E05013605,20-22,weekday,1,2025,6
E05013605,06-08,weekday,2,2025,2
E05013605,08-10,weekday,2,2025,4
E05013605,10-12,weekday,2,2025,6
E05013605,12-14,weekday,2,2025,8
E05013605,14-16,weekday,2,2025,9
E05013605,16-18,weekday,2,2025,9
E05013605,18-20,weekday,2,2025,8
E05013605,20-22,weekday,2,2025,6
E05013605,06-08,weekend,1,2025,1
E05013605,08-10,weekend,1,2025,1
E05013605,10-12,weekend,1,2025,1
E05013605,12-14,weekend,1,2025,4
E05013605,14-16,weekend,1,2025,6
E05013605,16-18,weekend,1,2025,6
E05013605,18-20,weekend,1,2025,4
E05013605,20-22,weekend,1,2025,3
E05013605,06-08,weekend,2,2025,1
E05013605,08-10,weekend,2,2025,2
E05013605,10-12,weekend,2,2025,1
E05013605,12-14,weekend,2,2025,3
E05013605,14-16,weekend,2,2025,6
E05013605,16-18,weekend,2,2025,6
E05013605,18-20,weekend,2,2025,4
E05013605,20-22,weekend,2,2025,3
E05013606,06-08,weekday,1,2025,2
E05013606,08-10,weekday,1,2025,4
E05013606,10-12,weekday,1,2025,6
E05013606,12-14,weekday,1,2025,8
E05013606,14-16,weekday,1,2025,9
E05013606,16-18,weekday,1,2025,9
E05013606,18-20,weekday,1,2025,8
E05013606,20-22,weekday,1,2025,6
E05013606,06-08,weekday,2,2025,2
E05013606,08-10,weekday,2,2025,4
E05013606,10-12,weekday,2,2025,6
E05013606,12-14,weekday,2,2025,8
E05013606,14-16,weekday,2,2025,9
E05013606,16-18,weekday,2,2025,9
E05013606,18-20,weekday,2,2025,8
E05013606,20-22,weekday,2,2025,6
E05013606,06-08,weekend,1,2025,1
E05013606,08-10,weekend,1,2025,1
E05013606,10-12,weekend,1,2025,1
E05013606,12-14,weekend,1,2025,4
E05013606,14-16,weekend,1,2025,6
E05013606,16-18,weekend,1,2025,6
E05013606,18-20,weekend,1,2025,4
E05013606,20-22,weekend,1,2025,3
E05013606,06-08,weekend,2,2025,1
E05013606,08-10,weekend,2,2025,2
E05013606,10-12,weekend,2,2025,1
E05013606,12-14,weekend,2,2025,3
E05013606,14-16,weekend,2,2025,6
E05013606,16-18,weekend,2,2025,6
E05013606,18-20,weekend,2,2025,4
E05013606,20-22,weekend,2,2025,3
E05013607,06-08,weekday,1,2025,2
E05013607,08-10,weekday,1,2025,4
E05013607,10-12,weekday,1,2025,6
E05013607,12-14,weekday,1,2025,8
E05013607,14-16,weekday,1,2025,9
E05013607,16-18,weekday,1,2025,9
E05013607,18-20,weekday,1,2025,8
E05013607,20-22,weekday,1,2025,6
E05013607,06-08,weekday,2,2025,2
E05013607,08-10,weekday,2,2025,4
E05013607,10-12,weekday,2,2025,6
E05013607,12-14,weekday,2,2025,8
E05013607,14-16,weekday,2,2025,9
E05013607,16-18,weekday,2,2025,9
E05013607,18-20,weekday,2,2025,8
E05013607,20-22,weekday,2,2025,6
E05013607,06-08,weekend,1,2025,1
E05013607,08-10,weekend,1,2025,1
E05013607,10-12,weekend,1,2025,1
E05013607,12-14,weekend,1,2025,4
E05013607,14-16,weekend,1,2025,6
E05013607,16-18,weekend,1,2025,6
E05013607,18-20,weekend,1,2025,4
E05013607,20-22,weekend,1,2025,3
E05013607,06-08,weekend,2,2025,1
E05013607,08-10,weekend,2,2025,2
E05013607,10-12,weekend,2,2025,1
E05013607,12-14,weekend,2,2025,3
E05013607,14-16,weekend,2,2025,6
E05013607,16-18,weekend,2,2025,6
E05013607,18-20,weekend,2,2025,4
E05013607,20-22,weekend,2,2025,3
E05013608,06-08,weekday,1,2025,2
E05013608,08-10,weekday,1,2025,4
E05013608,10-12,weekday,1,2025,6
E05013608,12-14,weekday,1,2025,8
E05013608,14-16,weekday,1,2025,9
E05013608,16-18,weekday,1,2025,9
E05013608,18-20,weekday,1,2025,8
E05013608,20-22,weekday,1,2025,6
E05013608,06-08,weekday,2,2025,2
E05013608,08-10,weekday,2,2025,4
E05013608,10-12,weekday,2,2025,6
E05013608,12-14,weekday,2,2025,8
E05013608,14-16,weekday,2,2025,9
E05013608,16-18,weekday,2,2025,9
E05013608,18-20,weekday,2,2025,8
E05013608,20-22,weekday,2,2025,6
E05013608,06-08,weekend,1,2025,1
E05013608,08-10,weekend,1,2025,1
E05013608,10-12,weekend,1,2025,1
E05013608,12-14,weekend,1,2025,4
E05013608,14-16,weekend,1,2025,6
E05013608,16-18,weekend,1,2025,6
E05013608,18-20,weekend,1,2025,4
E05013608,20-22,weekend,1,2025,3
E05013608,06-08,weekend,2,2025,1
E05013608,08-10,weekend,2,2025,1
E05013608,10-12,weekend,2,2025,1
E05013608,12-14,weekend,2,2025,4
E05013608,14-16,weekend,2,2025,6
E05013608,16-18,weekend,2,2025,6
E05013608,18-20,weekend,2,2025,4
E05013608,20-22,weekend,2,2025,3
E05013609,06-08,weekday,1,2025,2
E05013609,08-10,weekday,1,2025,4
E05013609,10-12,weekday,1,2025,6
E05013609,12-14,weekday,1,2025,8
E05013609,14-16,weekday,1,2025,9
E05013609,16-18,weekday,1,2025,9
E05013609,18-20,weekday,1,2025,8
E05013609,20-22,weekday,1,2025,6
E05013609,06-08,weekday,2,2025,2
E05013609,08-10,weekday,2,2025,4
E05013609,10-12,weekday,2,2025,6
E05013609,12-14,weekday,2,2025,8
E05013609,14-16,weekday,2,2025,9
E05013609,16-18,weekday,2,2025,9
E05013609,18-20,weekday,2,2025,8
E05013609,20-22,weekday,2,2025,6
E05013609,06-08,weekend,1,2025,1
E05013609,08-10,weekend,1,2025,1
E05013609,10-12,weekend,1,2025,1
E05013609,12-14,weekend,1,2025,4
E05013609,14-16,weekend,1,2025,6
E05013609,16-18,weekend,1,2025,6
E05013609,18-20,weekend,1,2025,4
E05013609,20-22,weekend,1,2025,3
E05013609,06-08,weekend,2,2025,1
E05013609,08-10,weekend,2,2025,2
E05013609,10-12,weekend,2,2025,1
E05013609,12-14,weekend,2,2025,3
E05013609,14-16,weekend,2,2025,6
E05013609,16-18,weekend,2,2025,6
E05013609,18-20,weekend,2,2025,4
E05013609,20-22,weekend,2,2025,3
E05013610,06-08,weekday,1,2025,2
E05013610,08-10,weekday,1,2025,4
E05013610,10-12,weekday,1,2025,6
E05013610,12-14,weekday,1,2025,8
E05013610,14-16,weekday,1,2025,9
E05013610,16-18,weekday,1,2025,9
E05013610,18-20,weekday,1,2025,8
E05013610,20-22,weekday,1,2025,6
E05013610,06-08,weekday,2,2025,2
E05013610,08-10,weekday,2,2025,4
E05013610,10-12,weekday,2,2025,6
E05013610,12-14,weekday,2,2025,8
E05013610,14-16,weekday,2,2025,9
E05013610,16-18,weekday,2,2025,9
E05013610,18-20,weekday,2,2025,8
E05013610,20-22,weekday,2,2025,6
E05013610,06-08,weekend,1,2025,1
E05013610,08-10,weekend,1,2025,1
E05013610,10-12,weekend,1,2025,1
E05013610,12-14,weekend,1,2025,4
E05013610,14-16,weekend,1,2025,6
E05013610,16-18,weekend,1,2025,6
E05013610,18-20,weekend,1,2025,4
E05013610,20-22,weekend,1,2025,3
E05013610,06-08,weekend,2,2025,1
E05013610,08-10,weekend,2,2025,2
E05013610,10-12,weekend,2,2025,1
E05013610,12-14,weekend,2,2025,3
E05013610,14-16,weekend,2,2025,6
E05013610,16-18,weekend,2,2025,6
E05013610,18-20,weekend,2,2025,4
E05013610,20-22,weekend,2,2025,3
E05013611,06-08,weekday,1,2025,2
E05013611,08-10,weekday,1,2025,4
E05013611,10-12,weekday,1,2025,6
E05013611,12-14,weekday,1,2025,8
E05013611,14-16,weekday,1,2025,9
E05013611,16-18,weekday,1,2025,9
E05013611,18-20,weekday,1,2025,8
E05013611,20-22,weekday,1,2025,6
E05013611,06-08,weekday,2,2025,2
E05013611,08-10,weekday,2,2025,4
E05013611,10-12,weekday,2,2025,6
E05013611,12-14,weekday,2,2025,8
E05013611,14-16,weekday,2,2025,9
E05013611,16-18,weekday,2,2025,9
E05013611,18-20,weekday,2,2025,8
E05013611,20-22,weekday,2,2025,6
E05013611,06-08,weekend,1,2025,1
E05013611,08-10,weekend,1,2025,1
E05013611,10-12,weekend,1,2025,1
E05013611,12-14,weekend,1,2025,4
E05013611,14-16,weekend,1,2025,6
E05013611,16-18,weekend,1,2025,6
E05013611,18-20,weekend,1,2025,4
E05013611,20-22,weekend,1,2025,3
E05013611,06-08,weekend,2,2025,1
E05013611,08-10,weekend,2,2025,2
E05013611,10-12,weekend,2,2025,1
E05013611,12-14,weekend,2,2025,3
E05013611,14-16,weekend,2,2025,6
E05013611,16-18,weekend,2,2025,6
E05013611,18-20,weekend,2,2025,4
E05013611,20-22,weekend,2,2025,3
E05013612,06-08,weekday,1,2025,2
E05013612,08-10,weekday,1,2025,4
E05013612,10-12,weekday,1,2025,6
E05013612,12-14,weekday,1,2025,8
E05013612,14-16,weekday,1,2025,9
E05013612,16-18,weekday,1,2025,9
E05013612,18-20,weekday,1,2025,8
E05013612,20-22,weekday,1,2025,6
E05013612,06-08,weekday,2,2025,2
E05013612,08-10,weekday,2,2025,4
E05013612,10-12,weekday,2,2025,6
E05013612,12-14,weekday,2,2025,8
E05013612,14-16,weekday,2,2025,9
E05013612,16-18,weekday,2,2025,9
E05013612,18-20,weekday,2,2025,8
E05013612,20-22,weekday,2,2025,6
E05013612,06-08,weekend,1,2025,1
E05013612,08-10,weekend,1,2025,1
E05013612,10-12,weekend,1,2025,1
E05013612,12-14,weekend,1,2025,4
E05013612,14-16,weekend,1,2025,6
E05013612,16-18,weekend,1,2025,6
E05013612,18-20,weekend,1,2025,4
E05013612,20-22,weekend,1,2025,3
E05013612,06-08,weekend,2,2025,1
E05013612,08-10,weekend,2,2025,2
E05013612,10-12,weekend,2,2025,1
E05013612,12-14,weekend,2,2025,3
E05013612,14-16,weekend,2,2025,6
E05013612,16-18,weekend,2,2025,6
E05013612,18-20,weekend,2,2025,4
E05013612,20-22,weekend,2,2025,3
E05013613,06-08,weekday,1,2025,2
E05013613,08-10,weekday,1,2025,4
E05013613,10-12,weekday,1,2025,6
E05013613,12-14,weekday,1,2025,8
E05013613,14-16,weekday,1,2025,9
E05013613,16-18,weekday,1,2025,9
E05013613,18-20,weekday,1,2025,8
E05013613,20-22,weekday,1,2025,6
E05013613,06-08,weekday,2,2025,2
E05013613,08-10,weekday,2,2025,4
E05013613,10-12,weekday,2,2025,6
E05013613,12-14,weekday,2,2025,8
E05013613,14-16,weekday,2,2025,9
E05013613,16-18,weekday,2,2025,9
E05013613,18-20,weekday,2,2025,8
E05013613,20-22,weekday,2,2025,6
E05013613,06-08,weekend,1,2025,1
E05013613,08-10,weekend,1,2025,1
E05013613,10-12,weekend,1,2025,1
E05013613,12-14,weekend,1,2025,4
E05013613,14-16,weekend,1,2025,6
E05013613,16-18,weekend,1,2025,6
E05013613,18-20,weekend,1,2025,4
E05013613,20-22,weekend,1,2025,3
E05013613,06-08,weekend,2,2025,1
E05013613,08-10,weekend,2,2025,2
E05013613,10-12,weekend,2,2025,1
E05013613,12-14,weekend,2,2025,3
E05013613,14-16,weekend,2,2025,6
E05013613,16-18,weekend,2,2025,6
E05013613,18-20,weekend,2,2025,4
E05013613,20-22,weekend,2,2025,3
E05013614,06-08,weekday,1,2025,2
E05013614,08-10,weekday,1,2025,4
E05013614,10-12,weekday,1,2025,6
E05013614,12-14,weekday,1,2025,8
E05013614,14-16,weekday,1,2025,9
E05013614,16-18,weekday,1,2025,9
E05013614,18-20,weekday,1,2025,8
E05013614,20-22,weekday,1,2025,6
E05013614,06-08,weekday,2,2025,2
E05013614,08-10,weekday,2,2025,4
E05013614,10-12,weekday,2,2025,6
E05013614,12-14,weekday,2,2025,8
E05013614,14-16,weekday,2,2025,9
E05013614,16-18,weekday,2,2025,9
E05013614,18-20,weekday,2,2025,8
E05013614,20-22,weekday,2,2025,6
E05013614,06-08,weekend,1,2025,1
E05013614,08-10,weekend,1,2025,1
E05013614,10-12,weekend,1,2025,1
E05013614,12-14,weekend,1,2025,4
E05013614,14-16,weekend,1,2025,6
E05013614,16-18,weekend,1,2025,6
E05013614,18-20,weekend,1,2025,4
E05013614,20-22,weekend,1,2025,3
E05013614,06-08,weekend,2,2025,1
E05013614,08-10,weekend,2,2025,2
E05013614,10-12,weekend,2,2025,1
E05013614,12-14,weekend,2,2025,3
E05013614,14-16,weekend,2,2025,6
E05013614,16-18,weekend,2,2025,6
E05013614,18-20,weekend,2,2025,4
E05013614,20-22,weekend,2,2025,3
E05013615,06-08,weekday,1,2025,2
E05013615,08-10,weekday,1,2025,4
E05013615,10-12,weekday,1,2025,6
E05013615,12-14,weekday,1,2025,8
E05013615,14-16,weekday,1,2025,9
E05013615,16-18,weekday,1,2025,9
E05013615,18-20,weekday,1,2025,8
E05013615,20-22,weekday,1,2025,6
E05013615,06-08,weekday,2,2025,2
E05013615,08-10,weekday,2,2025,4
E05013615,10-12,weekday,2,2025,6
E05013615,12-14,weekday,2,2025,8
E05013615,14-16,weekday,2,2025,9
E05013615,16-18,weekday,2,2025,9
E05013615,18-20,weekday,2,2025,8
E05013615,20-22,weekday,2,2025,6
E05013615,06-08,weekend,1,2025,1
E05013615,08-10,weekend,1,2025,1
E05013615,10-12,weekend,1,2025,1
E05013615,12-14,weekend,1,2025,4
E05013615,14-16,weekend,1,2025,6
E05013615,16-18,weekend,1,2025,6
E05013615,18-20,weekend,1,2025,4
E05013615,20-22,weekend,1,2025,3
E05013615,06-08,weekend,2,2025,1
E05013615,08-10,weekend,2,2025,1
E05013615,10-12,weekend,2,2025,1
E05013615,12-14,weekend,2,2025,4
E05013615,14-16,weekend,2,2025,6
E05013615,16-18,weekend,2,2025,6
E05013615,18-20,weekend,2,2025,4
E05013615,20-22,weekend,2,2025,3
E05013616,06-08,weekday,1,2025,2
E05013616,08-10,weekday,1,2025,4
E05013616,10-12,weekday,1,2025,6
E05013616,12-14,weekday,1,2025,8
E05013616,14-16,weekday,1,2025,9
E05013616,16-18,weekday,1,2025,9
E05013616,18-20,weekday,1,2025,8
E05013616,20-22,weekday,1,2025,6
E05013616,06-08,weekday,2,2025,2
E05013616,08-10,weekday,2,2025,4
E05013616,10-12,weekday,2,2025,6
E05013616,12-14,weekday,2,2025,8
E05013616,14-16,weekday,2,2025,9
E05013616,16-18,weekday,2,2025,9
E05013616,18-20,weekday,2,2025,8
E05013616,20-22,weekday,2,2025,6
E05013616,06-08,weekend,1,2025,1
E05013616,08-10,weekend,1,2025,1
E05013616,10-12,weekend,1,2025,1
E05013616,12-14,weekend,1,2025,4
E05013616,14-16,weekend,1,2025,6
E05013616,16-18,weekend,1,2025,6
E05013616,18-20,weekend,1,2025,4
E05013616,20-22,weekend,1,2025,3
E05013616,06-08,weekend,2,2025,1
E05013616,08-10,weekend,2,2025,2
E05013616,10-12,weekend,2,2025,1
E05013616,12-14,weekend,2,2025,3
E05013616,14-16,weekend,2,2025,6
E05013616,16-18,weekend,2,2025,6
E05013616,18-20,weekend,2,2025,4
E05013616,20-22,weekend,2,2025,3
E05013617,06-08,weekday,1,2025,2
E05013617,08-10,weekday,1,2025,4
E05013617,10-12,weekday,1,2025,6
E05013617,12-14,weekday,1,2025,8
E05013617,14-16,weekday,1,2025,9
E05013617,16-18,weekday,1,2025,9
E05013617,18-20,weekday,1,2025,8
E05013617,20-22,weekday,1,2025,6
E05013617,06-08,weekday,2,2025,2
E05013617,08-10,weekday,2,2025,4
E05013617,10-12,weekday,2,2025,6
E05013617,12-14,weekday,2,2025,8
E05013617,14-16,weekday,2,2025,9
E05013617,16-18,weekday,2,2025,9
E05013617,18-20,weekday,2,2025,8
E05013617,20-22,weekday,2,2025,6
E05013617,06-08,weekend,1,2025,1
E05013617,08-10,weekend,1,2025,1
E05013617,10-12,weekend,1,2025,1
E05013617,12-14,weekend,1,2025,4
E05013617,14-16,weekend,1,2025,6
E05013617,16-18,weekend,1,2025,6
E05013617,18-20,weekend,1,2025,4
E05013617,20-22,weekend,1,2025,3
E05013617,06-08,weekend,2,2025,1
E05013617,08-10,weekend,2,2025,2
E05013617,10-12,weekend,2,2025,1
E05013617,12-14,weekend,2,2025,3
E05013617,14-16,weekend,2,2025,6
E05013617,16-18,weekend,2,2025,6
E05013617,18-20,weekend,2,2025,4
E05013617,20-22,weekend,2,2025,3
E05013618,06-08,weekday,1,2025,2
E05013618,08-10,weekday,1,2025,4
E05013618,10-12,weekday,1,2025,6
E05013618,12-14,weekday,1,2025,8
E05013618,14-16,weekday,1,2025,9
E05013618,16-18,weekday,1,2025,9
E05013618,18-20,weekday,1,2025,8
E05013618,20-22,weekday,1,2025,6
E05013618,06-08,weekday,2,2025,2
E05013618,08-10,weekday,2,2025,4
E05013618,10-12,weekday,2,2025,6
E05013618,12-14,weekday,2,2025,8
E05013618,14-16,weekday,2,2025,9
E05013618,16-18,weekday,2,2025,9
E05013618,18-20,weekday,2,2025,8
E05013618,20-22,weekday,2,2025,6
E05013618,06-08,weekend,1,2025,1
E05013618,08-10,weekend,1,2025,1
E05013618,10-12,weekend,1,2025,1
E05013618,12-14,weekend,1,2025,4
E05013618,14-16,weekend,1,2025,6
E05013618,16-18,weekend,1,2025,6
E05013618,18-20,weekend,1,2025,4
E05013618,20-22,weekend,1,2025,3
E05013618,06-08,weekend,2,2025,1
E05013618,08-10,weekend,2,2025,2
E05013618,10-12,weekend,2,2025,1
E05013618,12-14,weekend,2,2025,3
E05013618,14-16,weekend,2,2025,6
E05013618,16-18,weekend,2,2025,6
E05013618,18-20,weekend,2,2025,4
E05013618,20-22,weekend,2,2025,3
E05013619,06-08,weekday,1,2025,2
E05013619,08-10,weekday,1,2025,4
E05013619,10-12,weekday,1,2025,6
E05013619,12-14,weekday,1,2025,8
E05013619,14-16,weekday,1,2025,9
E05013619,16-18,weekday,1,2025,9
E05013619,18-20,weekday,1,2025,8
E05013619,20-22,weekday,1,2025,6
E05013619,06-08,weekday,2,2025,2
E05013619,08-10,weekday,2,2025,4
E05013619,10-12,weekday,2,2025,6
E05013619,12-14,weekday,2,2025,8
E05013619,14-16,weekday,2,2025,9
E05013619,16-18,weekday,2,2025,9
E05013619,18-20,weekday,2,2025,8
E05013619,20-22,weekday,2,2025,6
E05013619,06-08,weekend,1,2025,1
E05013619,08-10,weekend,1,2025,1
E05013619,10-12,weekend,1,2025,1
E05013619,12-14,weekend,1,2025,4
E05013619,14-16,weekend,1,2025,6
E05013619,16-18,weekend,1,2025,6
E05013619,18-20,weekend,1,2025,4
E05013619,20-22,weekend,1,2025,3
E05013619,06-08,weekend,2,2025,1
E05013619,08-10,weekend,2,2025,1
E05013619,10-12,weekend,2,2025,1
E05013619,12-14,weekend,2,2025,4
E05013619,14-16,weekend,2,2025,6
E05013619,16-18,weekend,2,2025,6
E05013619,18-20,weekend,2,2025,4
E05013619,20-22,weekend,2,2025,3
E05013620,06-08,weekday,1,2025,2
E05013620,08-10,weekday,1,2025,4
E05013620,10-12,weekday,1,2025,6
E05013620,12-14,weekday,1,2025,8
E05013620,14-16,weekday,1,2025,9
E05013620,16-18,weekday,1,2025,9
E05013620,18-20,weekday,1,2025,8
E05013620,20-22,weekday,1,2025,6
E05013620,06-08,weekday,2,2025,2
E05013620,08-10,weekday,2,2025,4
E05013620,10-12,weekday,2,2025,6
E05013620,12-14,weekday,2,2025,8
E05013620,14-16,weekday,2,2025,9
E05013620,16-18,weekday,2,2025,9
E05013620,18-20,weekday,2,2025,8
E05013620,20-22,weekday,2,2025,6
E05013620,06-08,weekend,1,2025,1
E05013620,08-10,weekend,1,2025,1
E05013620,10-12,weekend,1,2025,1
E05013620,12-14,weekend,1,2025,4
E05013620,14-16,weekend,1,2025,6
E05013620,16-18,weekend,1,2025,6
E05013620,18-20,weekend,1,2025,4
E05013620,20-22,weekend,1,2025,3
E05013620,06-08,weekend,2,2025,1
E05013620,08-10,weekend,2,2025,2
E05013620,10-12,weekend,2,2025,1
E05013620,12-14,weekend,2,2025,3
E05013620,14-16,weekend,2,2025,6
E05013620,16-18,weekend,2,2025,6
E05013620,18-20,weekend,2,2025,4
E05013620,20-22,weekend,2,2025,3
E05013621,06-08,weekday,1,2025,2
E05013621,08-10,weekday,1,2025,4
E05013621,10-12,weekday,1,2025,6
E05013621,12-14,weekday,1,2025,8
E05013621,14-16,weekday,1,2025,9
E05013621,16-18,weekday,1,2025,9
E05013621,18-20,weekday,1,2025,8
E05013621,20-22,weekday,1,2025,6
E05013621,06-08,weekday,2,2025,2
E05013621,08-10,weekday,2,2025,4
E05013621,10-12,weekday,2,2025,6
E05013621,12-14,weekday,2,2025,8
E05013621,14-16,weekday,2,2025,9
E05013621,16-18,weekday,2,2025,9
E05013621,18-20,weekday,2,2025,8
E05013621,20-22,weekday,2,2025,6
E05013621,06-08,weekend,1,2025,1
E05013621,08-10,weekend,1,2025,1
E05013621,10-12,weekend,1,2025,1
E05013621,12-14,weekend,1,2025,4
E05013621,14-16,weekend,1,2025,6
E05013621,16-18,weekend,1,2025,6
E05013621,18-20,weekend,1,2025,4
E05013621,20-22,weekend,1,2025,3
E05013621,06-08,weekend,2,2025,1
E05013621,08-10,weekend,2,2025,2
E05013621,10-12,weekend,2,2025,1
E05013621,12-14,weekend,2,2025,3
E05013621,14-16,weekend,2,2025,6
E05013621,16-18,weekend,2,2025,6
E05013621,18-20,weekend,2,2025,4
E05013621,20-22,weekend,2,2025,3
E05013622,06-08,weekday,1,2025,2
E05013622,08-10,weekday,1,2025,4
E05013622,10-12,weekday,1,2025,6
E05013622,12-14,weekday,1,2025,8
E05013622,14-16,weekday,1,2025,9
E05013622,16-18,weekday,1,2025,9
E05013622,18-20,weekday,1,2025,8
E05013622,20-22,weekday,1,2025,6
E05013622,06-08,weekday,2,2025,2
E05013622,08-10,weekday,2,2025,4
E05013622,10-12,weekday,2,2025,6
E05013622,12-14,weekday,2,2025,8
E05013622,14-16,weekday,2,2025,9
E05013622,16-18,weekday,2,2025,9
E05013622,18-20,weekday,2,2025,8
E05013622,20-22,weekday,2,2025,6
E05013622,06-08,weekend,1,2025,1
E05013622,08-10,weekend,1,2025,1
E05013622,10-12,weekend,1,2025,1
E05013622,12-14,weekend,1,2025,4
E05013622,14-16,weekend,1,2025,6
E05013622,16-18,weekend,1,2025,6
E05013622,18-20,weekend,1,2025,4
E05013622,20-22,weekend,1,2025,3
E05013622,06-08,weekend,2,2025,1
E05013622,08-10,weekend,2,2025,2
E05013622,10-12,weekend,2,2025,1
E05013622,12-14,weekend,2,2025,3
E05013622,14-16,weekend,2,2025,6
E05013622,16-18,weekend,2,2025,6
E05013622,18-20,weekend,2,2025,4
E05013622,20-22,weekend,2,2025,3
E05013623,06-08,weekday,1,2025,2
E05013623,08-10,weekday,1,2025,4
E05013623,10-12,weekday,1,2025,6
E05013623,12-14,weekday,1,2025,8
E05013623,14-16,weekday,1,2025,9
E05013623,16-18,weekday,1,2025,9
E05013623,18-20,weekday,1,2025,8
E05013623,20-22,weekday,1,2025,6
E05013623,06-08,weekday,2,2025,2
E05013623,08-10,weekday,2,2025,4
E05013623,10-12,weekday,2,2025,6
E05013623,12-14,weekday,2,2025,8
E05013623,14-16,weekday,2,2025,9
E05013623,16-18,weekday,2,2025,9
E05013623,18-20,weekday,2,2025,8
E05013623,20-22,weekday,2,2025,6
E05013623,06-08,weekend,1,2025,1
E05013623,08-10,weekend,1,2025,1
E05013623,10-12,weekend,1,2025,1
E05013623,12-14,weekend,1,2025,4
E05013623,14-16,weekend,1,2025,6
E05013623,16-18,weekend,1,2025,6
E05013623,18-20,weekend,1,2025,4
E05013623,20-22,weekend,1,2025,3
E05013623,06-08,weekend,2,2025,1
E05013623,08-10,weekend,2,2025,2
E05013623,10-12,weekend,2,2025,1
E05013623,12-14,weekend,2,2025,3
E05013623,14-16,weekend,2,2025,6
E05013623,16-18,weekend,2,2025,6
E05013623,18-20,weekend,2,2025,4
E05013623,20-22,weekend,2,2025,3
E05013624,06-08,weekday,1,2025,2
E05013624,08-10,weekday,1,2025,4
E05013624,10-12,weekday,1,2025,6
E05013624,12-14,weekday,1,2025,8
E05013624,14-16,weekday,1,2025,9
E05013624,16-18,weekday,1,2025,9
E05013624,18-20,weekday,1,2025,8
E05013624,20-22,weekday,1,2025,6
E05013624,06-08,weekday,2,2025,2
E05013624,08-10,weekday,2,2025,4
E05013624,10-12,weekday,2,2025,6
E05013624,12-14,weekday,2,2025,8
E05013624,14-16,weekday,2,2025,9
E05013624,16-18,weekday,2,2025,9
E05013624,18-20,weekday,2,2025,8
E05013624,20-22,weekday,2,2025,6
E05013624,06-08,weekend,1,2025,1
E05013624,08-10,weekend,1,2025,1
E05013624,10-12,weekend,1,2025,1
E05013624,12-14,weekend,1,2025,4
E05013624,14-16,weekend,1,2025,6
E05013624,16-18,weekend,1,2025,6
E05013624,18-20,weekend,1,2025,4
E05013624,20-22,weekend,1,2025,3
E05013624,06-08,weekend,2,2025,1
E05013624,08-10,weekend,2,2025,2
E05013624,10-12,weekend,2,2025,1
E05013624,12-14,weekend,2,2025,3
E05013624,14-16,weekend,2,2025,6
E05013624,16-18,weekend,2,2025,6
E05013624,18-20,weekend,2,2025,4
E05013624,20-22,weekend,2,2025,3
E05013625,06-08,weekday,1,2025,2
E05013625,08-10,weekday,1,2025,4
E05013625,10-12,weekday,1,2025,6
E05013625,12-14,weekday,1,2025,8
E05013625,14-16,weekday,1,2025,9
E05013625,16-18,weekday,1,2025,9
E05013625,18-20,weekday,1,2025,8
E05013625,20-22,weekday,1,2025,6
E05013625,06-08,weekday,2,2025,2
E05013625,08-10,weekday,2,2025,4
E05013625,10-12,weekday,2,2025,6
E05013625,12-14,weekday,2,2025,8
E05013625,14-16,weekday,2,2025,9
E05013625,16-18,weekday,2,2025,9
E05013625,18-20,weekday,2,2025,8
E05013625,20-22,weekday,2,2025,6
E05013625,06-08,weekend,1,2025,1
E05013625,08-10,weekend,1,2025,1
E05013625,10-12,weekend,1,2025,1
E05013625,12-14,weekend,1,2025,4
E05013625,14-16,weekend,1,2025,6
E05013625,16-18,weekend,1,2025,6
E05013625,18-20,weekend,1,2025,4
E05013625,20-22,weekend,1,2025,3
E05013625,06-08,weekend,2,2025,1
E05013625,08-10,weekend,2,2025,2
E05013625,10-12,weekend,2,2025,1
E05013625,12-14,weekend,2,2025,3
E05013625,14-16,weekend,2,2025,6
E05013625,16-18,weekend,2,2025,6
E05013625,18-20,weekend,2,2025,4
E05013625,20-22,weekend,2,2025,3
E05013626,06-08,weekday,1,2025,2
E05013626,08-10,weekday,1,2025,4
E05013626,10-12,weekday,1,2025,6
E05013626,12-14,weekday,1,2025,8
E05013626,14-16,weekday,1,2025,9
E05013626,16-18,weekday,1,2025,9
E05013626,18-20,weekday,1,2025,8
E05013626,20-22,weekday,1,2025,6
E05013626,06-08,weekday,2,2025,2
E05013626,08-10,weekday,2,2025,4
E05013626,10-12,weekday,2,2025,6
E05013626,12-14,weekday,2,2025,8
E05013626,14-16,weekday,2,2025,9
E05013626,16-18,weekday,2,2025,9
E05013626,18-20,weekday,2,2025,8
E05013626,20-22,weekday,2,2025,6
E05013626,06-08,weekend,1,2025,1
E05013626,08-10,weekend,1,2025,1
E05013626,10-12,weekend,1,2025,1
E05013626,12-14,weekend,1,2025,4
E05013626,14-16,weekend,1,2025,6
E05013626,16-18,weekend,1,2025,6
E05013626,18-20,weekend,1,2025,4
E05013626,20-22,weekend,1,2025,3
E05013626,06-08,weekend,2,2025,1
E05013626,08-10,weekend,2,2025,2
E05013626,10-12,weekend,2,2025,1
E05013626,12-14,weekend,2,2025,3
E05013626,14-16,weekend,2,2025,6
E05013626,16-18,weekend,2,2025,6
E05013626,18-20,weekend,2,2025,4
E05013626,20-22,weekend,2,2025,3
E05013627,06-08,weekday,1,2025,2
E05013627,08-10,weekday,1,2025,4
E05013627,10-12,weekday,1,2025,6
E05013627,12-14,weekday,1,2025,8
E05013627,14-16,weekday,1,2025,9
E05013627,16-18,weekday,1,2025,9
E05013627,18-20,weekday,1,2025,8
E05013627,20-22,weekday,1,2025,6
E05013627,06-08,weekday,2,2025,2
E05013627,08-10,weekday,2,2025,4
E05013627,10-12,weekday,2,2025,6
E05013627,12-14,weekday,2,2025,8
E05013627,14-16,weekday,2,2025,9
E05013627,16-18,weekday,2,2025,9
E05013627,18-20,weekday,2,2025,8
E05013627,20-22,weekday,2,2025,6
E05013627,06-08,weekend,1,2025,1
E05013627,08-10,weekend,1,2025,1
E05013627,10-12,weekend,1,2025,1
E05013627,12-14,weekend,1,2025,4
E05013627,14-16,weekend,1,2025,6
E05013627,16-18,weekend,1,2025,6
E05013627,18-20,weekend,1,2025,4
E05013627,20-22,weekend,1,2025,3
E05013627,06-08,weekend,2,2025,1
E05013627,08-10,weekend,2,2025,2
E05013627,10-12,weekend,2,2025,1
E05013627,12-14,weekend,2,2025,3
E05013627,14-16,weekend,2,2025,6
E05013627,16-18,weekend,2,2025,6
E05013627,18-20,weekend,2,2025,4
E05013627,20-22,weekend,2,2025,3
E05013628,06-08,weekday,1,2025,2
E05013628,08-10,weekday,1,2025,4
E05013628,10-12,weekday,1,2025,6
E05013628,12-14,weekday,1,2025,8
E05013628,14-16,weekday,1,2025,9
E05013628,16-18,weekday,1,2025,9
E05013628,18-20,weekday,1,2025,8
E05013628,20-22,weekday,1,2025,6
E05013628,06-08,weekday,2,2025,2
E05013628,08-10,weekday,2,2025,4
E05013628,10-12,weekday,2,2025,6
E05013628,12-14,weekday,2,2025,8
E05013628,14-16,weekday,2,2025,9
E05013628,16-18,weekday,2,2025,9
E05013628,18-20,weekday,2,2025,8
E05013628,20-22,weekday,2,2025,6
E05013628,06-08,weekend,1,2025,1
E05013628,08-10,weekend,1,2025,1
E05013628,10-12,weekend,1,2025,1
E05013628,12-14,weekend,1,2025,4
E05013628,14-16,weekend,1,2025,6
E05013628,16-18,weekend,1,2025,6
E05013628,18-20,weekend,1,2025,4
E05013628,20-22,weekend,1,2025,3
E05013628,06-08,weekend,2,2025,1
E05013628,08-10,weekend,2,2025,2
E05013628,10-12,weekend,2,2025,1
E05013628,12-14,weekend,2,2025,3
E05013628,14-16,weekend,2,2025,6
E05013628,16-18,weekend,2,2025,6
E05013628,18-20,weekend,2,2025,4
E05013628,20-22,weekend,2,2025,3
E05013629,06-08,weekday,1,2025,2
E05013629,08-10,weekday,1,2025,4
E05013629,10-12,weekday,1,2025,6
E05013629,12-14,weekday,1,2025,8
E05013629,14-16,weekday,1,2025,9
E05013629,16-18,weekday,1,2025,9
E05013629,18-20,weekday,1,2025,8
E05013629,20-22,weekday,1,2025,6
E05013629,06-08,weekday,2,2025,2
E05013629,08-10,weekday,2,2025,4
E05013629,10-12,weekday,2,2025,6
E05013629,12-14,weekday,2,2025,8
E05013629,14-16,weekday,2,2025,9
E05013629,16-18,weekday,2,2025,9
E05013629,18-20,weekday,2,2025,8
E05013629,20-22,weekday,2,2025,6
E05013629,06-08,weekend,1,2025,1
E05013629,08-10,weekend,1,2025,1
E05013629,10-12,weekend,1,2025,1
E05013629,12-14,weekend,1,2025,4
E05013629,14-16,weekend,1,2025,6
E05013629,16-18,weekend,1,2025,6
E05013629,18-20,weekend,1,2025,4
E05013629,20-22,weekend,1,2025,3
E05013629,06-08,weekend,2,2025,1
E05013629,08-10,weekend,2,2025,2
E05013629,10-12,weekend,2,2025,1
E05013629,12-14,weekend,2,2025,3
E05013629,14-16,weekend,2,2025,6
E05013629,16-18,weekend,2,2025,6
E05013629,18-20,weekend,2,2025,4
E05013629,20-22,weekend,2,2025,3
E05013630,06-08,weekday,1,2025,2
E05013630,08-10,weekday,1,2025,4
E05013630,10-12,weekday,1,2025,6
E05013630,12-14,weekday,1,2025,8
E05013630,14-16,weekday,1,2025,9
E05013630,16-18,weekday,1,2025,9
E05013630,18-20,weekday,1,2025,8
E05013630,20-22,weekday,1,2025,6
E05013630,06-08,weekday,2,2025,2
E05013630,08-10,weekday,2,2025,4
E05013630,10-12,weekday,2,2025,6
E05013630,12-14,weekday,2,2025,8
E05013630,14-16,weekday,2,2025,9
E05013630,16-18,weekday,2,2025,9
E05013630,18-20,weekday,2,2025,8
E05013630,20-22,weekday,2,2025,6
E05013630,06-08,weekend,1,2025,1
E05013630,08-10,weekend,1,2025,1
E05013630,10-12,weekend,1,2025,1
E05013630,12-14,weekend,1,2025,4
E05013630,14-16,weekend,1,2025,6
E05013630,16-18,weekend,1,2025,6
E05013630,18-20,weekend,1,2025,4
E05013630,20-22,weekend,1,2025,3
E05013630,06-08,weekend,2,2025,1
E05013630,08-10,weekend,2,2025,2
E05013630,10-12,weekend,2,2025,1
E05013630,12-14,weekend,2,2025,3
E05013630,14-16,weekend,2,2025,6
E05013630,16-18,weekend,2,2025,6
E05013630,18-20,weekend,2,2025,4
E05013630,20-22,weekend,2,2025,3
E05013631,06-08,weekday,1,2025,2
E05013631,08-10,weekday,1,2025,4
E05013631,10-12,weekday,1,2025,6
E05013631,12-14,weekday,1,2025,8
E05013631,14-16,weekday,1,2025,9
E05013631,16-18,weekday,1,2025,9
E05013631,18-20,weekday,1,2025,8
E05013631,20-22,weekday,1,2025,6
E05013631,06-08,weekday,2,2025,2
E05013631,08-10,weekday,2,2025,4
E05013631,10-12,weekday,2,2025,6
E05013631,12-14,weekday,2,2025,8
E05013631,14-16,weekday,2,2025,9
E05013631,16-18,weekday,2,2025,9
E05013631,18-20,weekday,2,2025,8
E05013631,20-22,weekday,2,2025,6
E05013631,06-08,weekend,1,2025,1
E05013631,08-10,weekend,1,2025,1
E05013631,10-12,weekend,1,2025,1
E05013631,12-14,weekend,1,2025,4
E05013631,14-16,weekend,1,2025,6
E05013631,16-18,weekend,1,2025,6
E05013631,18-20,weekend,1,2025,4
E05013631,20-22,weekend,1,2025,3
E05013631,06-08,weekend,2,2025,1
E05013631,08-10,weekend,2,2025,2
E05013631,10-12,weekend,2,2025,1
E05013631,12-14,weekend,2,2025,3
E05013631,14-16,weekend,2,2025,6
E05013631,16-18,weekend,2,2025,6
E05013631,18-20,weekend,2,2025,4
E05013631,20-22,weekend,2,2025,3
E05013632,06-08,weekday,1,2025,2
E05013632,08-10,weekday,1,2025,4
E05013632,10-12,weekday,1,2025,6
E05013632,12-14,weekday,1,2025,8
E05013632,14-16,weekday,1,2025,9
E05013632,16-18,weekday,1,2025,9
E05013632,18-20,weekday,1,2025,8
E05013632,20-22,weekday,1,2025,6
E05013632,06-08,weekday,2,2025,2
E05013632,08-10,weekday,2,2025,4
E05013632,10-12,weekday,2,2025,6
E05013632,12-14,weekday,2,2025,8
E05013632,14-16,weekday,2,2025,9
E05013632,16-18,weekday,2,2025,9
E05013632,18-20,weekday,2,2025,8
E05013632,20-22,weekday,2,2025,6
E05013632,06-08,weekend,1,2025,1
E05013632,08-10,weekend,1,2025,1
E05013632,10-12,weekend,1,2025,1
E05013632,12-14,weekend,1,2025,4
E05013632,14-16,weekend,1,2025,6
E05013632,16-18,weekend,1,2025,6
E05013632,18-20,weekend,1,2025,4
E05013632,20-22,weekend,1,2025,3
E05013632,06-08,weekend,2,2025,1
E05013632,08-10,weekend,2,2025,2
E05013632,10-12,weekend,2,2025,1
E05013632,12-14,weekend,2,2025,3
E05013632,14-16,weekend,2,2025,6
E05013632,16-18,weekend,2,2025,6
E05013632,18-20,weekend,2,2025,4
E05013632,20-22,weekend,2,2025,3
E05013633,06-08,weekday,1,2025,2
E05013633,08-10,weekday,1,2025,4
E05013633,10-12,weekday,1,2025,6
E05013633,12-14,weekday,1,2025,8
E05013633,14-16,weekday,1,2025,9
E05013633,16-18,weekday,1,2025,9
E05013633,18-20,weekday,1,2025,8
E05013633,20-22,weekday,1,2025,6
E05013633,06-08,weekday,2,2025,2
E05013633,08-10,weekday,2,2025,4
E05013633,10-12,weekday,2,2025,6
E05013633,12-14,weekday,2,2025,8
E05013633,14-16,weekday,2,2025,9
E05013633,16-18,weekday,2,2025,9
E05013633,18-20,weekday,2,2025,8
E05013633,20-22,weekday,2,2025,6
E05013633,06-08,weekend,1,2025,1
E05013633,08-10,weekend,1,2025,1
E05013633,10-12,weekend,1,2025,1
E05013633,12-14,weekend,1,2025,4
E05013633,14-16,weekend,1,2025,6
E05013633,16-18,weekend,1,2025,6
E05013633,18-20,weekend,1,2025,4
E05013633,20-22,weekend,1,2025,3
E05013633,06-08,weekend,2,2025,1
E05013633,08-10,weekend,2,2025,2
E05013633,10-12,weekend,2,2025,1
E05013633,12-14,weekend,2,2025,3
E05013633,14-16,weekend,2,2025,6
E05013633,16-18,weekend,2,2025,6
E05013633,18-20,weekend,2,2025,4
E05013633,20-22,weekend,2,2025,3
E05013634,06-08,weekday,1,2025,2
E05013634,08-10,weekday,1,2025,4
E05013634,10-12,weekday,1,2025,6
E05013634,12-14,weekday,1,2025,8
E05013634,14-16,weekday,1,2025,9
E05013634,16-18,weekday,1,2025,9
E05013634,18-20,weekday,1,2025,8
E05013634,20-22,weekday,1,2025,6
E05013634,06-08,weekday,2,2025,2
E05013634,08-10,weekday,2,2025,4
E05013634,10-12,weekday,2,2025,6
E05013634,12-14,weekday,2,2025,8
E05013634,14-16,weekday,2,2025,9
E05013634,16-18,weekday,2,2025,9
E05013634,18-20,weekday,2,2025,8
E05013634,20-22,weekday,2,2025,6
E05013634,06-08,weekend,1,2025,1
E05013634,08-10,weekend,1,2025,1
E05013634,10-12,weekend,1,2025,1
E05013634,12-14,weekend,1,2025,4
E05013634,14-16,weekend,1,2025,6
E05013634,16-18,weekend,1,2025,6
E05013634,18-20,weekend,1,2025,4
E05013634,20-22,weekend,1,2025,3
E05013634,06-08,weekend,2,2025,1
E05013634,08-10,weekend,2,2025,2
E05013634,10-12,weekend,2,2025,1
E05013634,12-14,weekend,2,2025,3
E05013634,14-16,weekend,2,2025,6
E05013634,16-18,weekend,2,2025,6
E05013634,18-20,weekend,2,2025,4
E05013634,20-22,weekend,2,2025,3
E05013635,06-08,weekday,1,2025,2
E05013635,08-10,weekday,1,2025,4
E05013635,10-12,weekday,1,2025,6
E05013635,12-14,weekday,1,2025,8
E05013635,14-16,weekday,1,2025,9
E05013635,16-18,weekday,1,2025,9
E05013635,18-20,weekday,1,2025,8
E05013635,20-22,weekday,1,2025,6
E05013635,06-08,weekday,2,2025,2
E05013635,08-10,weekday,2,2025,4
E05013635,10-12,weekday,2,2025,6
E05013635,12-14,weekday,2,2025,8
E05013635,14-16,weekday,2,2025,9
E05013635,16-18,weekday,2,2025,9
E05013635,18-20,weekday,2,2025,8
E05013635,20-22,weekday,2,2025,6
E05013635,06-08,weekend,1,2025,1
E05013635,08-10,weekend,1,2025,1
E05013635,10-12,weekend,1,2025,1
E05013635,12-14,weekend,1,2025,4
E05013635,14-16,weekend,1,2025,6
E05013635,16-18,weekend,1,2025,6
E05013635,18-20,weekend,1,2025,4
E05013635,20-22,weekend,1,2025,3
E05013635,06-08,weekend,2,2025,1
E05013635,08-10,weekend,2,2025,2
E05013635,10-12,weekend,2,2025,1
E05013635,12-14,weekend,2,2025,3
E05013635,14-16,weekend,2,2025,6
E05013635,16-18,weekend,2,2025,6
E05013635,18-20,weekend,2,2025,4
E05013635,20-22,weekend,2,2025,3
E05013636,06-08,weekday,1,2025,2
E05013636,08-10,weekday,1,2025,4
E05013636,10-12,weekday,1,2025,6
E05013636,12-14,weekday,1,2025,8
E05013636,14-16,weekday,1,2025,9
E05013636,16-18,weekday,1,2025,9
E05013636,18-20,weekday,1,2025,8
E05013636,20-22,weekday,1,2025,6
E05013636,06-08,weekday,2,2025,2
E05013636,08-10,weekday,2,2025,4
E05013636,10-12,weekday,2,2025,6
E05013636,12-14,weekday,2,2025,8
E05013636,14-16,weekday,2,2025,9
E05013636,16-18,weekday,2,2025,9
E05013636,18-20,weekday,2,2025,8
E05013636,20-22,weekday,2,2025,6
E05013636,06-08,weekend,1,2025,1
E05013636,08-10,weekend,1,2025,1
E05013636,10-12,weekend,1,2025,1
E05013636,12-14,weekend,1,2025,4
E05013636,14-16,weekend,1,2025,6
E05013636,16-18,weekend,1,2025,6
E05013636,18-20,weekend,1,2025,4
E05013636,20-22,weekend,1,2025,3
E05013636,06-08,weekend,2,2025,1
E05013636,08-10,weekend,2,2025,2
E05013636,10-12,weekend,2,2025,1
E05013636,12-14,weekend,2,2025,3
E05013636,14-16,weekend,2,2025,6
E05013636,16-18,weekend,2,2025,6
E05013636,18-20,weekend,2,2025,4
E05013636,20-22,weekend,2,2025,3
E05013637,06-08,weekday,1,2025,2
E05013637,08-10,weekday,1,2025,4
E05013637,10-12,weekday,1,2025,6
E05013637,12-14,weekday,1,2025,8
E05013637,14-16,weekday,1,2025,9
E05013637,16-18,weekday,1,2025,9
E05013637,18-20,weekday,1,2025,8
E05013637,20-22,weekday,1,2025,6
E05013637,06-08,weekday,2,2025,2
E05013637,08-10,weekday,2,2025,4
E05013637,10-12,weekday,2,2025,6
E05013637,12-14,weekday,2,2025,8
E05013637,14-16,weekday,2,2025,9
E05013637,16-18,weekday,2,2025,9
E05013637,18-20,weekday,2,2025,8
E05013637,20-22,weekday,2,2025,6
E05013637,06-08,weekend,1,2025,1
E05013637,08-10,weekend,1,2025,1
E05013637,10-12,weekend,1,2025,1
E05013637,12-14,weekend,1,2025,4
E05013637,14-16,weekend,1,2025,6
E05013637,16-18,weekend,1,2025,6
E05013637,18-20,weekend,1,2025,4
E05013637,20-22,weekend,1,2025,3
E05013637,06-08,weekend,2,2025,1
E05013637,08-10,weekend,2,2025,2
E05013637,10-12,weekend,2,2025,1
E05013637,12-14,weekend,2,2025,3
E05013637,14-16,weekend,2,2025,6
E05013637,16-18,weekend,2,2025,6
E05013637,18-20,weekend,2,2025,4
E05013637,20-22,weekend,2,2025,3
E05013638,06-08,weekday,1,2025,2
E05013638,08-10,weekday,1,2025,4
E05013638,10-12,weekday,1,2025,6
E05013638,12-14,weekday,1,2025,8
E05013638,14-16,weekday,1,2025,9
E05013638,16-18,weekday,1,2025,9
E05013638,18-20,weekday,1,2025,8
E05013638,20-22,weekday,1,2025,6
E05013638,06-08,weekday,2,2025,2
E05013638,08-10,weekday,2,2025,4
E05013638,10-12,weekday,2,2025,6
E05013638,12-14,weekday,2,2025,8
E05013638,14-16,weekday,2,2025,9
E05013638,16-18,weekday,2,2025,9
E05013638,18-20,weekday,2,2025,8
E05013638,20-22,weekday,2,2025,6
E05013638,06-08,weekend,1,2025,1
E05013638,08-10,weekend,1,2025,1
E05013638,10-12,weekend,1,2025,1
E05013638,12-14,weekend,1,2025,4
E05013638,14-16,weekend,1,2025,6
E05013638,16-18,weekend,1,2025,6
E05013638,18-20,weekend,1,2025,4
E05013638,20-22,weekend,1,2025,3
E05013638,06-08,weekend,2,2025,1
E05013638,08-10,weekend,2,2025,2
E05013638,10-12,weekend,2,2025,1
E05013638,12-14,weekend,2,2025,3
E05013638,14-16,weekend,2,2025,6
E05013638,16-18,weekend,2,2025,6
E05013638,18-20,weekend,2,2025,4
E05013638,20-22,weekend,2,2025,3
E05013639,06-08,weekday,1,2025,2
E05013639,08-10,weekday,1,2025,4
E05013639,10-12,weekday,1,2025,6
E05013639,12-14,weekday,1,2025,8
E05013639,14-16,weekday,1,2025,9
E05013639,16-18,weekday,1,2025,9
E05013639,18-20,weekday,1,2025,8
E05013639,20-22,weekday,1,2025,6
E05013639,06-08,weekday,2,2025,2
E05013639,08-10,weekday,2,2025,4
E05013639,10-12,weekday,2,2025,6
E05013639,12-14,weekday,2,2025,8
E05013639,14-16,weekday,2,2025,9
E05013639,16-18,weekday,2,2025,9
E05013639,18-20,weekday,2,2025,8
E05013639,20-22,weekday,2,2025,6
E05013639,06-08,weekend,1,2025,1
E05013639,08-10,weekend,1,2025,1
E05013639,10-12,weekend,1,2025,1
E05013639,12-14,weekend,1,2025,4
E05013639,14-16,weekend,1,2025,6
E05013639,16-18,weekend,1,2025,6
E05013639,18-20,weekend,1,2025,4
E05013639,20-22,weekend,1,2025,3
E05013639,06-08,weekend,2,2025,1
E05013639,08-10,weekend,2,2025,2
E05013639,10-12,weekend,2,2025,1
E05013639,12-14,weekend,2,2025,3
E05013639,14-16,weekend,2,2025,6
E05013639,16-18,weekend,2,2025,6
E05013639,18-20,weekend,2,2025,4
E05013639,20-22,weekend,2,2025,3
E05013640,06-08,weekday,1,2025,2
E05013640,08-10,weekday,1,2025,4
E05013640,10-12,weekday,1,2025,6
E05013640,12-14,weekday,1,2025,8
E05013640,14-16,weekday,1,2025,9
E05013640,16-18,weekday,1,2025,9
E05013640,18-20,weekday,1,2025,8
E05013640,20-22,weekday,1,2025,6
E05013640,06-08,weekday,2,2025,2
E05013640,08-10,weekday,2,2025,4
E05013640,10-12,weekday,2,2025,6
E05013640,12-14,weekday,2,2025,8
E05013640,14-16,weekday,2,2025,9
E05013640,16-18,weekday,2,2025,9
E05013640,18-20,weekday,2,2025,8
E05013640,20-22,weekday,2,2025,6
E05013640,06-08,weekend,1,2025,1
E05013640,08-10,weekend,1,2025,1
E05013640,10-12,weekend,1,2025,1
E05013640,12-14,weekend,1,2025,4
E05013640,14-16,weekend,1,2025,6
E05013640,16-18,weekend,1,2025,6
E05013640,18-20,weekend,1,2025,4
E05013640,20-22,weekend,1,2025,3
E05013640,06-08,weekend,2,2025,1
E05013640,08-10,weekend,2,2025,2
E05013640,10-12,weekend,2,2025,1
E05013640,12-14,weekend,2,2025,3
E05013640,14-16,weekend,2,2025,6
E05013640,16-18,weekend,2,2025,6
E05013640,18-20,weekend,2,2025,4
E05013640,20-22,weekend,2,2025,3
E05013641,06-08,weekday,1,2025,2
E05013641,08-10,weekday,1,2025,4
E05013641,10-12,weekday,1,2025,6
E05013641,12-14,weekday,1,2025,8
E05013641,14-16,weekday,1,2025,9
E05013641,16-18,weekday,1,2025,9
E05013641,18-20,weekday,1,2025,8
E05013641,20-22,weekday,1,2025,6
E05013641,06-08,weekday,2,2025,2
E05013641,08-10,weekday,2,2025,4
E05013641,10-12,weekday,2,2025,6
E05013641,12-14,weekday,2,2025,8
E05013641,14-16,weekday,2,2025,9
E05013641,16-18,weekday,2,2025,9
E05013641,18-20,weekday,2,2025,8
E05013641,20-22,weekday,2,2025,6
E05013641,06-08,weekend,1,2025,1
E05013641,08-10,weekend,1,2025,1
E05013641,10-12,weekend,1,2025,1
E05013641,12-14,weekend,1,2025,4
E05013641,14-16,weekend,1,2025,6
E05013641,16-18,weekend,1,2025,6
E05013641,18-20,weekend,1,2025,4
E05013641,20-22,weekend,1,2025,3
E05013641,06-08,weekend,2,2025,1
E05013641,08-10,weekend,2,2025,2
E05013641,10-12,weekend,2,2025,1
E05013641,12-14,weekend,2,2025,3
E05013641,14-16,weekend,2,2025,6
E05013641,16-18,weekend,2,2025,6
E05013641,18-20,weekend,2,2025,4
E05013641,20-22,weekend,2,2025,3
E05013642,06-08,weekday,1,2025,2
E05013642,08-10,weekday,1,2025,4
E05013642,10-12,weekday,1,2025,6
E05013642,12-14,weekday,1,2025,8
E05013642,14-16,weekday,1,2025,9
E05013642,16-18,weekday,1,2025,9
E05013642,18-20,weekday,1,2025,8
E05013642,20-22,weekday,1,2025,6
E05013642,06-08,weekday,2,2025,2
E05013642,08-10,weekday,2,2025,4
E05013642,10-12,weekday,2,2025,6
E05013642,12-14,weekday,2,2025,8
E05013642,14-16,weekday,2,2025,9
E05013642,16-18,weekday,2,2025,9
E05013642,18-20,weekday,2,2025,8
E05013642,20-22,weekday,2,2025,6
E05013642,06-08,weekend,1,2025,1
E05013642,08-10,weekend,1,2025,1
E05013642,10-12,weekend,1,2025,1
E05013642,12-14,weekend,1,2025,4
E05013642,14-16,weekend,1,2025,6
E05013642,16-18,weekend,1,2025,6
E05013642,18-20,weekend,1,2025,4
E05013642,20-22,weekend,1,2025,3
E05013642,06-08,weekend,2,2025,1
E05013642,08-10,weekend,2,2025,2
E05013642,10-12,weekend,2,2025,1
E05013642,12-14,weekend,2,2025,3
E05013642,14-16,weekend,2,2025,6
E05013642,16-18,weekend,2,2025,6
E05013642,18-20,weekend,2,2025,4
E05013642,20-22,weekend,2,2025,3
E05013643,06-08,weekday,1,2025,2
E05013643,08-10,weekday,1,2025,4
E05013643,10-12,weekday,1,2025,6
E05013643,12-14,weekday,1,2025,8
E05013643,14-16,weekday,1,2025,9
E05013643,16-18,weekday,1,2025,9
E05013643,18-20,weekday,1,2025,8
E05013643,20-22,weekday,1,2025,6
E05013643,06-08,weekday,2,2025,2
E05013643,08-10,weekday,2,2025,4
E05013643,10-12,weekday,2,2025,6
E05013643,12-14,weekday,2,2025,8
E05013643,14-16,weekday,2,2025,9
E05013643,16-18,weekday,2,2025,9
E05013643,18-20,weekday,2,2025,8
E05013643,20-22,weekday,2,2025,6
E05013643,06-08,weekend,1,2025,1
E05013643,08-10,weekend,1,2025,1
E05013643,10-12,weekend,1,2025,1
E05013643,12-14,weekend,1,2025,4
E05013643,14-16,weekend,1,2025,6
E05013643,16-18,weekend,1,2025,6
E05013643,18-20,weekend,1,2025,4
E05013643,20-22,weekend,1,2025,3
E05013643,06-08,weekend,2,2025,1
E05013643,08-10,weekend,2,2025,2
E05013643,10-12,weekend,2,2025,1
E05013643,12-14,weekend,2,2025,3
E05013643,14-16,weekend,2,2025,6
E05013643,16-18,weekend,2,2025,6
E05013643,18-20,weekend,2,2025,4
E05013643,20-22,weekend,2,2025,3
E05013644,06-08,weekday,1,2025,2
E05013644,08-10,weekday,1,2025,4
E05013644,10-12,weekday,1,2025,6
E05013644,12-14,weekday,1,2025,8
E05013644,14-16,weekday,1,2025,9
E05013644,16-18,weekday,1,2025,9
E05013644,18-20,weekday,1,2025,8
E05013644,20-22,weekday,1,2025,6
E05013644,06-08,weekday,2,2025,2
E05013644,08-10,weekday,2,2025,4
E05013644,10-12,weekday,2,2025,6
E05013644,12-14,weekday,2,2025,8
E05013644,14-16,weekday,2,2025,9
E05013644,16-18,weekday,2,2025,9
E05013644,18-20,weekday,2,2025,8
E05013644,20-22,weekday,2,2025,6
E05013644,06-08,weekend,1,2025,1
E05013644,08-10,weekend,1,2025,1
E05013644,10-12,weekend,1,2025,1
E05013644,12-14,weekend,1,2025,4
E05013644,14-16,weekend,1,2025,6
E05013644,16-18,weekend,1,2025,6
E05013644,18-20,weekend,1,2025,4
E05013644,20-22,weekend,1,2025,3
E05013644,06-08,weekend,2,2025,1
E05013644,08-10,weekend,2,2025,1
E05013644,10-12,weekend,2,2025,1
E05013644,12-14,weekend,2,2025,4
E05013644,14-16,weekend,2,2025,6
E05013644,16-18,weekend,2,2025,6
E05013644,18-20,weekend,2,2025,4
E05013644,20-22,weekend,2,2025,3
E05013645,06-08,weekday,1,2025,2
E05013645,08-10,weekday,1,2025,4
E05013645,10-12,weekday,1,2025,6
E05013645,12-14,weekday,1,2025,8
E05013645,14-16,weekday,1,2025,9
E05013645,16-18,weekday,1,2025,9
E05013645,18-20,weekday,1,2025,8
E05013645,20-22,weekday,1,2025,6
E05013645,06-08,weekday,2,2025,2
E05013645,08-10,weekday,2,2025,4
E05013645,10-12,weekday,2,2025,6
E05013645,12-14,weekday,2,2025,8
E05013645,14-16,weekday,2,2025,9
E05013645,16-18,weekday,2,2025,9
E05013645,18-20,weekday,2,2025,8
E05013645,20-22,weekday,2,2025,6
E05013645,06-08,weekend,1,2025,1
E05013645,08-10,weekend,1,2025,1
E05013645,10-12,weekend,1,2025,1
E05013645,12-14,weekend,1,2025,4
E05013645,14-16,weekend,1,2025,6
E05013645,16-18,weekend,1,2025,6
E05013645,18-20,weekend,1,2025,4
E05013645,20-22,weekend,1,2025,3
E05013645,06-08,weekend,2,2025,1
E05013645,08-10,weekend,2,2025,2
E05013645,10-12,weekend,2,2025,1
E05013645,12-14,weekend,2,2025,3
E05013645,14-16,weekend,2,2025,6
E05013645,16-18,weekend,2,2025,6
E05013645,18-20,weekend,2,2025,4
E05013645,20-22,weekend,2,2025,3
E05013646,06-08,weekday,1,2025,2
E05013646,08-10,weekday,1,2025,4
E05013646,10-12,weekday,1,2025,6
E05013646,12-14,weekday,1,2025,8
E05013646,14-16,weekday,1,2025,9
E05013646,16-18,weekday,1,2025,9
E05013646,18-20,weekday,1,2025,8
E05013646,20-22,weekday,1,2025,6
E05013646,06-08,weekday,2,2025,2
E05013646,08-10,weekday,2,2025,4
E05013646,10-12,weekday,2,2025,6
E05013646,12-14,weekday,2,2025,8
E05013646,14-16,weekday,2,2025,9
E05013646,16-18,weekday,2,2025,9
E05013646,18-20,weekday,2,2025,8
E05013646,20-22,weekday,2,2025,6
E05013646,06-08,weekend,1,2025,1
E05013646,08-10,weekend,1,2025,1
E05013646,10-12,weekend,1,2025,1
E05013646,12-14,weekend,1,2025,4
E05013646,14-16,weekend,1,2025,6
E05013646,16-18,weekend,1,2025,6
E05013646,18-20,weekend,1,2025,4
E05013646,20-22,weekend,1,2025,3
E05013646,06-08,weekend,2,2025,1
E05013646,08-10,weekend,2,2025,1
E05013646,10-12,weekend,2,2025,1
E05013646,12-14,weekend,2,2025,4
E05013646,14-16,weekend,2,2025,6
E05013646,16-18,weekend,2,2025,6
E05013646,18-20,weekend,2,2025,4
E05013646,20-22,weekend,2,2025,3
E05013647,06-08,weekday,1,2025,2
E05013647,08-10,weekday,1,2025,4
E05013647,10-12,weekday,1,2025,6
E05013647,12-14,weekday,1,2025,8
E05013647,14-16,weekday,1,2025,9
E05013647,16-18,weekday,1,2025,9
E05013647,18-20,weekday,1,2025,8
E05013647,20-22,weekday,1,2025,6
E05013647,06-08,weekday,2,2025,2
E05013647,08-10,weekday,2,2025,4
E05013647,10-12,weekday,2,2025,6
E05013647,12-14,weekday,2,2025,8
E05013647,14-16,weekday,2,2025,9
E05013647,16-18,weekday,2,2025,9
E05013647,18-20,weekday,2,2025,8
E05013647,20-22,weekday,2,2025,6
E05013647,06-08,weekend,1,2025,1
E05013647,08-10,weekend,1,2025,1
E05013647,10-12,weekend,1,2025,1
E05013647,12-14,weekend,1,2025,4
E05013647,14-16,weekend,1,2025,6
E05013647,16-18,weekend,1,2025,6
E05013647,18-20,weekend,1,2025,4
E05013647,20-22,weekend,1,2025,3
E05013647,06-08,weekend,2,2025,1
E05013647,08-10,weekend,2,2025,2
E05013647,10-12,weekend,2,2025,1
E05013647,12-14,weekend,2,2025,3
E05013647,14-16,weekend,2,2025,6
E05013647,16-18,weekend,2,2025,6
E05013647,18-20,weekend,2,2025,4
E05013647,20-22,weekend,2,2025,3
E05013648,06-08,weekday,1,2025,2
E05013648,08-10,weekday,1,2025,4
E05013648,10-12,weekday,1,2025,6
E05013648,12-14,weekday,1,2025,8
E05013648,14-16,weekday,1,2025,9
E05013648,16-18,weekday,1,2025,9
E05013648,18-20,weekday,1,2025,8
E05013648,20-22,weekday,1,2025,6
E05013648,06-08,weekday,2,2025,2
E05013648,08-10,weekday,2,2025,4
E05013648,10-12,weekday,2,2025,6
E05013648,12-14,weekday,2,2025,8
E05013648,14-16,weekday,2,2025,9
E05013648,16-18,weekday,2,2025,9
E05013648,18-20,weekday,2,2025,8
E05013648,20-22,weekday,2,2025,6
E05013648,06-08,weekend,1,2025,1
E05013648,08-10,weekend,1,2025,1
E05013648,10-12,weekend,1,2025,1
E05013648,12-14,weekend,1,2025,4
E05013648,14-16,weekend,1,2025,6
E05013648,16-18,weekend,1,2025,6
E05013648,18-20,weekend,1,2025,4
E05013648,20-22,weekend,1,2025,3
E05013648,06-08,weekend,2,2025,1
E05013648,08-10,weekend,2,2025,1
E05013648,10-12,weekend,2,2025,1
E05013648,12-14,weekend,2,2025,4
E05013648,14-16,weekend,2,2025,6
E05013648,16-18,weekend,2,2025,6
E05013648,18-20,weekend,2,2025,4
E05013648,20-22,weekend,2,2025,3
E05013649,06-08,weekday,1,2025,2
E05013649,08-10,weekday,1,2025,4
E05013649,10-12,weekday,1,2025,6
E05013649,12-14,weekday,1,2025,8
E05013649,14-16,weekday,1,2025,9
E05013649,16-18,weekday,1,2025,9
E05013649,18-20,weekday,1,2025,8
E05013649,20-22,weekday,1,2025,6
E05013649,06-08,weekday,2,2025,2
E05013649,08-10,weekday,2,2025,4
E05013649,10-12,weekday,2,2025,6
E05013649,12-14,weekday,2,2025,8
E05013649,14-16,weekday,2,2025,9
E05013649,16-18,weekday,2,2025,9
E05013649,18-20,weekday,2,2025,8
E05013649,20-22,weekday,2,2025,6
E05013649,06-08,weekend,1,2025,1
E05013649,08-10,weekend,1,2025,1
E05013649,10-12,weekend,1,2025,1
E05013649,12-14,weekend,1,2025,4
E05013649,14-16,weekend,1,2025,6
E05013649,16-18,weekend,1,2025,6
E05013649,18-20,weekend,1,2025,4
E05013649,20-22,weekend,1,2025,3
E05013649,06-08,weekend,2,2025,1
E05013649,08-10,weekend,2,2025,2
E05013649,10-12,weekend,2,2025,1
E05013649,12-14,weekend,2,2025,3
E05013649,14-16,weekend,2,2025,6
E05013649,16-18,weekend,2,2025,6
E05013649,18-20,weekend,2,2025,4
E05013649,20-22,weekend,2,2025,3
E05013650,06-08,weekday,1,2025,2
E05013650,08-10,weekday,1,2025,4
E05013650,10-12,weekday,1,2025,6
E05013650,12-14,weekday,1,2025,8
E05013650,14-16,weekday,1,2025,9
E05013650,16-18,weekday,1,2025,9
E05013650,18-20,weekday,1,2025,8
E05013650,20-22,weekday,1,2025,6
E05013650,06-08,weekday,2,2025,2
E05013650,08-10,weekday,2,2025,4
E05013650,10-12,weekday,2,2025,6
E05013650,12-14,weekday,2,2025,8
E05013650,14-16,weekday,2,2025,9
E05013650,16-18,weekday,2,2025,9
E05013650,18-20,weekday,2,2025,8
E05013650,20-22,weekday,2,2025,6
E05013650,06-08,weekend,1,2025,1
E05013650,08-10,weekend,1,2025,1
E05013650,10-12,weekend,1,2025,1
E05013650,12-14,weekend,1,2025,4
E05013650,14-16,weekend,1,2025,6
E05013650,16-18,weekend,1,2025,6
E05013650,18-20,weekend,1,2025,4
E05013650,20-22,weekend,1,2025,3
E05013650,06-08,weekend,2,2025,1
E05013650,08-10,weekend,2,2025,2
E05013650,10-12,weekend,2,2025,1
E05013650,12-14,weekend,2,2025,3
E05013650,14-16,weekend,2,2025,6
E05013650,16-18,weekend,2,2025,6
E05013650,18-20,weekend,2,2025,4
E05013650,20-22,weekend,2,2025,3
E05013651,06-08,weekday,1,2025,2
E05013651,08-10,weekday,1,2025,4
E05013651,10-12,weekday,1,2025,6
E05013651,12-14,weekday,1,2025,8
E05013651,14-16,weekday,1,2025,9
E05013651,16-18,weekday,1,2025,9
E05013651,18-20,weekday,1,2025,8
E05013651,20-22,weekday,1,2025,6
E05013651,06-08,weekday,2,2025,2
E05013651,08-10,weekday,2,2025,4
E05013651,10-12,weekday,2,2025,6
E05013651,12-14,weekday,2,2025,8
E05013651,14-16,weekday,2,2025,9
E05013651,16-18,weekday,2,2025,9
E05013651,18-20,weekday,2,2025,8
E05013651,20-22,weekday,2,2025,6
E05013651,06-08,weekend,1,2025,1
E05013651,08-10,weekend,1,2025,1
E05013651,10-12,weekend,1,2025,1
E05013651,12-14,weekend,1,2025,4
E05013651,14-16,weekend,1,2025,6
E05013651,16-18,weekend,1,2025,6
E05013651,18-20,weekend,1,2025,4
E05013651,20-22,weekend,1,2025,3
E05013651,06-08,weekend,2,2025,1
E05013651,08-10,weekend,2,2025,2
E05013651,10-12,weekend,2,2025,1
E05013651,12-14,weekend,2,2025,3
E05013651,14-16,weekend,2,2025,6
E05013651,16-18,weekend,2,2025,6
E05013651,18-20,weekend,2,2025,4
E05013651,20-22,weekend,2,2025,3
E05013652,06-08,weekday,1,2025,2
E05013652,08-10,weekday,1,2025,4
E05013652,10-12,weekday,1,2025,6
E05013652,12-14,weekday,1,2025,8
E05013652,14-16,weekday,1,2025,9
E05013652,16-18,weekday,1,2025,9
E05013652,18-20,weekday,1,2025,8
E05013652,20-22,weekday,1,2025,6
E05013652,06-08,weekday,2,2025,2
E05013652,08-10,weekday,2,2025,4
E05013652,10-12,weekday,2,2025,6
E05013652,12-14,weekday,2,2025,8
E05013652,14-16,weekday,2,2025,9
E05013652,16-18,weekday,2,2025,9
E05013652,18-20,weekday,2,2025,8
E05013652,20-22,weekday,2,2025,6
E05013652,06-08,weekend,1,2025,1
E05013652,08-10,weekend,1,2025,1
E05013652,10-12,weekend,1,2025,1
E05013652,12-14,weekend,1,2025,4
E05013652,14-16,weekend,1,2025,6
E05013652,16-18,weekend,1,2025,6
E05013652,18-20,weekend,1,2025,4
E05013652,20-22,weekend,1,2025,3
E05013652,06-08,weekend,2,2025,1
E05013652,08-10,weekend,2,2025,2
E05013652,10-12,weekend,2,2025,1
E05013652,12-14,weekend,2,2025,3
E05013652,14-16,weekend,2,2025,6
E05013652,16-18,weekend,2,2025,6
E05013652,18-20,weekend,2,2025,4
E05013652,20-22,weekend,2,2025,3
E05013653,06-08,weekday,1,2025,2
E05013653,08-10,weekday,1,2025,4
E05013653,10-12,weekday,1,2025,6
E05013653,12-14,weekday,1,2025,8
E05013653,14-16,weekday,1,2025,9
E05013653,16-18,weekday,1,2025,9
E05013653,18-20,weekday,1,2025,8
E05013653,20-22,weekday,1,2025,6
E05013653,06-08,weekday,2,2025,2
E05013653,08-10,weekday,2,2025,4
E05013653,10-12,weekday,2,2025,6
E05013653,12-14,weekday,2,2025,8
E05013653,14-16,weekday,2,2025,9
E05013653,16-18,weekday,2,2025,9
E05013653,18-20,weekday,2,2025,8
E05013653,20-22,weekday,2,2025,6
E05013653,06-08,weekend,1,2025,1
E05013653,08-10,weekend,1,2025,1
E05013653,10-12,weekend,1,2025,1
E05013653,12-14,weekend,1,2025,4
E05013653,14-16,weekend,1,2025,6
E05013653,16-18,weekend,1,2025,6
E05013653,18-20,weekend,1,2025,4
E05013653,20-22,weekend,1,2025,3
E05013653,06-08,weekend,2,2025,1
E05013653,08-10,weekend,2,2025,2
E05013653,10-12,weekend,2,2025,1
E05013653,12-14,weekend,2,2025,3
E05013653,14-16,weekend,2,2025,6
E05013653,16-18,weekend,2,2025,6
E05013653,18-20,weekend,2,2025,4
E05013653,20-22,weekend,2,2025,3
E05013654,06-08,weekday,1,2025,2
E05013654,08-10,weekday,1,2025,4
E05013654,10-12,weekday,1,2025,6
E05013654,12-14,weekday,1,2025,8
E05013654,14-16,weekday,1,2025,9
E05013654,16-18,weekday,1,2025,9
E05013654,18-20,weekday,1,2025,8
E05013654,20-22,weekday,1,2025,6
E05013654,06-08,weekday,2,2025,2
E05013654,08-10,weekday,2,2025,4
E05013654,10-12,weekday,2,2025,6
E05013654,12-14,weekday,2,2025,8
E05013654,14-16,weekday,2,2025,9
E05013654,16-18,weekday,2,2025,9
E05013654,18-20,weekday,2,2025,8
E05013654,20-22,weekday,2,2025,6
E05013654,06-08,weekend,1,2025,1
E05013654,08-10,weekend,1,2025,1
E05013654,10-12,weekend,1,2025,1
E05013654,12-14,weekend,1,2025,4
E05013654,14-16,weekend,1,2025,6
E05013654,16-18,weekend,1,2025,6
E05013654,18-20,weekend,1,2025,4
E05013654,20-22,weekend,1,2025,3
E05013654,06-08,weekend,2,2025,1
E05013654,08-10,weekend,2,2025,2
E05013654,10-12,weekend,2,2025,1
E05013654,12-14,weekend,2,2025,3
E05013654,14-16,weekend,2,2025,6
E05013654,16-18,weekend,2,2025,6
E05013654,18-20,weekend,2,2025,4
E05013654,20-22,weekend,2,2025,3
E05013655,06-08,weekday,1,2025,2
E05013655,08-10,weekday,1,2025,4
E05013655,10-12,weekday,1,2025,6
E05013655,12-14,weekday,1,2025,8
E05013655,14-16,weekday,1,2025,9
E05013655,16-18,weekday,1,2025,9
E05013655,18-20,weekday,1,2025,8
E05013655,20-22,weekday,1,2025,6
E05013655,06-08,weekday,2,2025,2
E05013655,08-10,weekday,2,2025,4
E05013655,10-12,weekday,2,2025,6
E05013655,12-14,weekday,2,2025,8
E05013655,14-16,weekday,2,2025,9
E05013655,16-18,weekday,2,2025,9
E05013655,18-20,weekday,2,2025,8
E05013655,20-22,weekday,2,2025,6
E05013655,06-08,weekend,1,2025,1
E05013655,08-10,weekend,1,2025,1
E05013655,10-12,weekend,1,2025,1
E05013655,12-14,weekend,1,2025,4
E05013655,14-16,weekend,1,2025,6
E05013655,16-18,weekend,1,2025,6
E05013655,18-20,weekend,1,2025,4
E05013655,20-22,weekend,1,2025,3
E05013655,06-08,weekend,2,2025,1
E05013655,08-10,weekend,2,2025,2
E05013655,10-12,weekend,2,2025,1
E05013655,12-14,weekend,2,2025,3
E05013655,14-16,weekend,2,2025,6
E05013655,16-18,weekend,2,2025,6
E05013655,18-20,weekend,2,2025,4
E05013655,20-22,weekend,2,2025,3
E05013656,06-08,weekday,1,2025,2
E05013656,08-10,weekday,1,2025,4
E05013656,10-12,weekday,1,2025,6
E05013656,12-14,weekday,1,2025,8
E05013656,14-16,weekday,1,2025,9
E05013656,16-18,weekday,1,2025,9
E05013656,18-20,weekday,1,2025,8
E05013656,20-22,weekday,1,2025,6
E05013656,06-08,weekday,2,2025,2
E05013656,08-10,weekday,2,2025,4
E05013656,10-12,weekday,2,2025,6
E05013656,12-14,weekday,2,2025,8
E05013656,14-16,weekday,2,2025,9
E05013656,16-18,weekday,2,2025,9
E05013656,18-20,weekday,2,2025,8
E05013656,20-22,weekday,2,2025,6
E05013656,06-08,weekend,1,2025,1
E05013656,08-10,weekend,1,2025,1
E05013656,10-12,weekend,1,2025,1
E05013656,12-14,weekend,1,2025,4
E05013656,14-16,weekend,1,2025,6
E05013656,16-18,weekend,1,2025,6
E05013656,18-20,weekend,1,2025,4
E05013656,20-22,weekend,1,2025,3
E05013656,06-08,weekend,2,2025,1
E05013656,08-10,weekend,2,2025,2
E05013656,10-12,weekend,2,2025,1
E05013656,12-14,weekend,2,2025,3
E05013656,14-16,weekend,2,2025,6
E05013656,16-18,weekend,2,2025,6
E05013656,18-20,weekend,2,2025,4
E05013656,20-22,weekend,2,2025,3
E05013657,06-08,weekday,1,2025,2
E05013657,08-10,weekday,1,2025,4
E05013657,10-12,weekday,1,2025,6
E05013657,12-14,weekday,1,2025,8
E05013657,14-16,weekday,1,2025,9
E05013657,16-18,weekday,1,2025,9
E05013657,18-20,weekday,1,2025,8
E05013657,20-22,weekday,1,2025,6
E05013657,06-08,weekday,2,2025,2
E05013657,08-10,weekday,2,2025,4
E05013657,10-12,weekday,2,2025,6
E05013657,12-14,weekday,2,2025,8
E05013657,14-16,weekday,2,2025,9
E05013657,16-18,weekday,2,2025,9
E05013657,18-20,weekday,2,2025,8
E05013657,20-22,weekday,2,2025,6
E05013657,06-08,weekend,1,2025,1
E05013657,08-10,weekend,1,2025,1
E05013657,10-12,weekend,1,2025,1
E05013657,12-14,weekend,1,2025,4
E05013657,14-16,weekend,1,2025,6
E05013657,16-18,weekend,1,2025,6
E05013657,18-20,weekend,1,2025,4
E05013657,20-22,weekend,1,2025,3
E05013657,06-08,weekend,2,2025,1
E05013657,08-10,weekend,2,2025,2
E05013657,10-12,weekend,2,2025,1
E05013657,12-14,weekend,2,2025,3
E05013657,14-16,weekend,2,2025,6
E05013657,16-18,weekend,2,2025,6
E05013657,18-20,weekend,2,2025,4
E05013657,20-22,weekend,2,2025,3
E05013658,06-08,weekday,1,2025,2
E05013658,08-10,weekday,1,2025,4
E05013658,10-12,weekday,1,2025,6
E05013658,12-14,weekday,1,2025,8
E05013658,14-16,weekday,1,2025,9
E05013658,16-18,weekday,1,2025,9
E05013658,18-20,weekday,1,2025,8
E05013658,20-22,weekday,1,2025,6
E05013658,06-08,weekday,2,2025,2
E05013658,08-10,weekday,2,2025,4
E05013658,10-12,weekday,2,2025,6
E05013658,12-14,weekday,2,2025,8
E05013658,14-16,weekday,2,2025,9
E05013658,16-18,weekday,2,2025,9
E05013658,18-20,weekday,2,2025,8
E05013658,20-22,weekday,2,2025,6
E05013658,06-08,weekend,1,2025,1
E05013658,08-10,weekend,1,2025,1
E05013658,10-12,weekend,1,2025,1
E05013658,12-14,weekend,1,2025,4
E05013658,14-16,weekend,1,2025,6
E05013658,16-18,weekend,1,2025,6
E05013658,18-20,weekend,1,2025,4
E05013658,20-22,weekend,1,2025,3
E05013658,06-08,weekend,2,2025,1
E05013658,08-10,weekend,2,2025,2
E05013658,10-12,weekend,2,2025,1
E05013658,12-14,weekend,2,2025,3
E05013658,14-16,weekend,2,2025,6
E05013658,16-18,weekend,2,2025,6
E05013658,18-20,weekend,2,2025,4
E05013658,20-22,weekend,2,2025,3
E05013659,06-08,weekday,1,2025,2
E05013659,08-10,weekday,1,2025,4
E05013659,10-12,weekday,1,2025,6
E05013659,12-14,weekday,1,2025,8
E05013659,14-16,weekday,1,2025,9
E05013659,16-18,weekday,1,2025,9
E05013659,18-20,weekday,1,2025,8
E05013659,20-22,weekday,1,2025,6
E05013659,06-08,weekday,2,2025,2
E05013659,08-10,weekday,2,2025,4
E05013659,10-12,weekday,2,2025,6
E05013659,12-14,weekday,2,2025,8
E05013659,14-16,weekday,2,2025,9
E05013659,16-18,weekday,2,2025,9
E05013659,18-20,weekday,2,2025,8
E05013659,20-22,weekday,2,2025,6
E05013659,06-08,weekend,1,2025,1
E05013659,08-10,weekend,1,2025,1
E05013659,10-12,weekend,1,2025,1
E05013659,12-14,weekend,1,2025,4
E05013659,14-16,weekend,1,2025,6
E05013659,16-18,weekend,1,2025,6
E05013659,18-20,weekend,1,2025,4
E05013659,20-22,weekend,1,2025,3
E05013659,06-08,weekend,2,2025,1
E05013659,08-10,weekend,2,2025,2
E05013659,10-12,weekend,2,2025,1
E05013659,12-14,weekend,2,2025,3
E05013659,14-16,weekend,2,2025,6
E05013659,16-18,weekend,2,2025,6
E05013659,18-20,weekend,2,2025,4
E05013659,20-22,weekend,2,2025,3
E05013660,06-08,weekday,1,2025,2
E05013660,08-10,weekday,1,2025,4
E05013660,10-12,weekday,1,2025,6
E05013660,12-14,weekday,1,2025,8
E05013660,14-16,weekday,1,2025,9
E05013660,16-18,weekday,1,2025,9
E05013660,18-20,weekday,1,2025,8
E05013660,20-22,weekday,1,2025,6
E05013660,06-08,weekday,2,2025,2
E05013660,08-10,weekday,2,2025,4
E05013660,10-12,weekday,2,2025,6
E05013660,12-14,weekday,2,2025,8
E05013660,14-16,weekday,2,2025,9
E05013660,16-18,weekday,2,2025,9
E05013660,18-20,weekday,2,2025,8
E05013660,20-22,weekday,2,2025,6
E05013660,06-08,weekend,1,2025,1
E05013660,08-10,weekend,1,2025,1
E05013660,10-12,weekend,1,2025,1
E05013660,12-14,weekend,1,2025,4
E05013660,14-16,weekend,1,2025,6
E05013660,16-18,weekend,1,2025,6
E05013660,18-20,weekend,1,2025,4
E05013660,20-22,weekend,1,2025,3
E05013660,06-08,weekend,2,2025,1
E05013660,08-10,weekend,2,2025,2
E05013660,10-12,weekend,2,2025,1
E05013660,12-14,weekend,2,2025,3
E05013660,14-16,weekend,2,2025,6
E05013660,16-18,weekend,2,2025,6
E05013660,18-20,weekend,2,2025,4
E05013660,20-22,weekend,2,2025,3
E05013661,06-08,weekday,1,2025,2
E05013661,08-10,weekday,1,2025,4
E05013661,10-12,weekday,1,2025,6
E05013661,12-14,weekday,1,2025,8
E05013661,14-16,weekday,1,2025,9
E05013661,16-18,weekday,1,2025,9
E05013661,18-20,weekday,1,2025,8
E05013661,20-22,weekday,1,2025,6
E05013661,06-08,weekday,2,2025,2
E05013661,08-10,weekday,2,2025,4
E05013661,10-12,weekday,2,2025,6
E05013661,12-14,weekday,2,2025,8
E05013661,14-16,weekday,2,2025,9
E05013661,16-18,weekday,2,2025,9
E05013661,18-20,weekday,2,2025,8
E05013661,20-22,weekday,2,2025,6
E05013661,06-08,weekend,1,2025,1
E05013661,08-10,weekend,1,2025,1
E05013661,10-12,weekend,1,2025,1
E05013661,12-14,weekend,1,2025,4
E05013661,14-16,weekend,1,2025,6
E05013661,16-18,weekend,1,2025,6
E05013661,18-20,weekend,1,2025,4
E05013661,20-22,weekend,1,2025,3
E05013661,06-08,weekend,2,2025,1
E05013661,08-10,weekend,2,2025,2
E05013661,10-12,weekend,2,2025,1
E05013661,12-14,weekend,2,2025,3
E05013661,14-16,weekend,2,2025,6
E05013661,16-18,weekend,2,2025,6
E05013661,18-20,weekend,2,2025,4
E05013661,20-22,weekend,2,2025,3
E05013662,06-08,weekday,1,2025,2
E05013662,08-10,weekday,1,2025,4
E05013662,10-12,weekday,1,2025,6
E05013662,12-14,weekday,1,2025,8
E05013662,14-16,weekday,1,2025,9
E05013662,16-18,weekday,1,2025,9
E05013662,18-20,weekday,1,2025,8
E05013662,20-22,weekday,1,2025,6
E05013662,06-08,weekday,2,2025,2
E05013662,08-10,weekday,2,2025,4
E05013662,10-12,weekday,2,2025,6
E05013662,12-14,weekday,2,2025,8
E05013662,14-16,weekday,2,2025,9
E05013662,16-18,weekday,2,2025,9
E05013662,18-20,weekday,2,2025,8
E05013662,20-22,weekday,2,2025,6
E05013662,06-08,weekend,1,2025,1
E05013662,08-10,weekend,1,2025,1
E05013662,10-12,weekend,1,2025,1
E05013662,12-14,weekend,1,2025,4
E05013662,14-16,weekend,1,2025,6
E05013662,16-18,weekend,1,2025,6
E05013662,18-20,weekend,1,2025,4
E05013662,20-22,weekend,1,2025,3
E05013662,06-08,weekend,2,2025,1
E05013662,08-10,weekend,2,2025,2
E05013662,10-12,weekend,2,2025,1
E05013662,12-14,weekend,2,2025,3
E05013662,14-16,weekend,2,2025,6
E05013662,16-18,weekend,2,2025,6
E05013662,18-20,weekend,2,2025,4
E05013662,20-22,weekend,2,2025,3
E05013663,06-08,weekday,1,2025,2
E05013663,08-10,weekday,1,2025,4
E05013663,10-12,weekday,1,2025,6
E05013663,12-14,weekday,1,2025,8
E05013663,14-16,weekday,1,2025,9
E05013663,16-18,weekday,1,2025,9
E05013663,18-20,weekday,1,2025,8
E05013663,20-22,weekday,1,2025,6
E05013663,06-08,weekday,2,2025,2
E05013663,08-10,weekday,2,2025,4
E05013663,10-12,weekday,2,2025,6
E05013663,12-14,weekday,2,2025,8
E05013663,14-16,weekday,2,2025,9
E05013663,16-18,weekday,2,2025,9
E05013663,18-20,weekday,2,2025,8
E05013663,20-22,weekday,2,2025,6
E05013663,06-08,weekend,1,2025,1
E05013663,08-10,weekend,1,2025,1
E05013663,10-12,weekend,1,2025,1
E05013663,12-14,weekend,1,2025,4
E05013663,14-16,weekend,1,2025,6
E05013663,16-18,weekend,1,2025,6
E05013663,18-20,weekend,1,2025,4
E05013663,20-22,weekend,1,2025,3
E05013663,06-08,weekend,2,2025,1
E05013663,08-10,weekend,2,2025,2
E05013663,10-12,weekend,2,2025,1
E05013663,12-14,weekend,2,2025,3
E05013663,14-16,weekend,2,2025,6
E05013663,16-18,weekend,2,2025,6
E05013663,18-20,weekend,2,2025,4
E05013663,20-22,weekend,2,2025,3
E05013664,06-08,weekday,1,2025,2
E05013664,08-10,weekday,1,2025,4
E05013664,10-12,weekday,1,2025,6
E05013664,12-14,weekday,1,2025,8
E05013664,14-16,weekday,1,2025,9
E05013664,16-18,weekday,1,2025,9
E05013664,18-20,weekday,1,2025,8
E05013664,20-22,weekday,1,2025,6
E05013664,06-08,weekday,2,2025,2
E05013664,08-10,weekday,2,2025,4
E05013664,10-12,weekday,2,2025,6
E05013664,12-14,weekday,2,2025,8
E05013664,14-16,weekday,2,2025,9
E05013664,16-18,weekday,2,2025,9
E05013664,18-20,weekday,2,2025,8
E05013664,20-22,weekday,2,2025,6
E05013664,06-08,weekend,1,2025,1
E05013664,08-10,weekend,1,2025,1
E05013664,10-12,weekend,1,2025,1
E05013664,12-14,weekend,1,2025,4
E05013664,14-16,weekend,1,2025,6
E05013664,16-18,weekend,1,2025,6
E05013664,18-20,weekend,1,2025,4
E05013664,20-22,weekend,1,2025,3
E05013664,06-08,weekend,2,2025,1
E05013664,08-10,weekend,2,2025,2
E05013664,10-12,weekend,2,2025,1
E05013664,12-14,weekend,2,2025,3
E05013664,14-16,weekend,2,2025,6
E05013664,16-18,weekend,2,2025,6
E05013664,18-20,weekend,2,2025,4
E05013664,20-22,weekend,2,2025,3
E05013665,06-08,weekday,1,2025,2
E05013665,08-10,weekday,1,2025,4
E05013665,10-12,weekday,1,2025,6
E05013665,12-14,weekday,1,2025,8
E05013665,14-16,weekday,1,2025,9
E05013665,16-18,weekday,1,2025,9
E05013665,18-20,weekday,1,2025,8
E05013665,20-22,weekday,1,2025,6
E05013665,06-08,weekday,2,2025,2
E05013665,08-10,weekday,2,2025,4
E05013665,10-12,weekday,2,2025,6
E05013665,12-14,weekday,2,2025,8
E05013665,14-16,weekday,2,2025,9
E05013665,16-18,weekday,2,2025,9
E05013665,18-20,weekday,2,2025,8
E05013665,20-22,weekday,2,2025,6
E05013665,06-08,weekend,1,2025,1
E05013665,08-10,weekend,1,2025,1
E05013665,10-12,weekend,1,2025,1
E05013665,12-14,weekend,1,2025,4
E05013665,14-16,weekend,1,2025,6
E05013665,16-18,weekend,1,2025,6
E05013665,18-20,weekend,1,2025,4
E05013665,20-22,weekend,1,2025,3
E05013665,06-08,weekend,2,2025,1
E05013665,08-10,weekend,2,2025,2
E05013665,10-12,weekend,2,2025,1
E05013665,12-14,weekend,2,2025,3
E05013665,14-16,weekend,2,2025,6
E05013665,16-18,weekend,2,2025,6
E05013665,18-20,weekend,2,2025,4
E05013665,20-22,weekend,2,2025,3
E05013666,06-08,weekday,1,2025,2
E05013666,08-10,weekday,1,2025,4
E05013666,10-12,weekday,1,2025,6
E05013666,12-14,weekday,1,2025,8
E05013666,14-16,weekday,1,2025,9
E05013666,16-18,weekday,1,2025,9
E05013666,18-20,weekday,1,2025,8
E05013666,20-22,weekday,1,2025,6
E05013666,06-08,weekday,2,2025,2
E05013666,08-10,weekday,2,2025,4
E05013666,10-12,weekday,2,2025,6
E05013666,12-14,weekday,2,2025,8
E05013666,14-16,weekday,2,2025,9
E05013666,16-18,weekday,2,2025,9
E05013666,18-20,weekday,2,2025,8
E05013666,20-22,weekday,2,2025,6
E05013666,06-08,weekend,1,2025,1
E05013666,08-10,weekend,1,2025,1
E05013666,10-12,weekend,1,2025,1
E05013666,12-14,weekend,1,2025,4
E05013666,14-16,weekend,1,2025,6
E05013666,16-18,weekend,1,2025,6
E05013666,18-20,weekend,1,2025,4
E05013666,20-22,weekend,1,2025,3
E05013666,06-08,weekend,2,2025,1
E05013666,08-10,weekend,2,2025,2
E05013666,10-12,weekend,2,2025,1
E05013666,12-14,weekend,2,2025,3
E05013666,14-16,weekend,2,2025,6
E05013666,16-18,weekend,2,2025,6
E05013666,18-20,weekend,2,2025,4
E05013666,20-22,weekend,2,2025,3
E05013667,06-08,weekday,1,2025,2
E05013667,08-10,weekday,1,2025,4
E05013667,10-12,weekday,1,2025,6
E05013667,12-14,weekday,1,2025,8
E05013667,14-16,weekday,1,2025,9
E05013667,16-18,weekday,1,2025,9
E05013667,18-20,weekday,1,2025,8
E05013667,20-22,weekday,1,2025,6
E05013667,06-08,weekday,2,2025,2
E05013667,08-10,weekday,2,2025,4
E05013667,10-12,weekday,2,2025,6
E05013667,12-14,weekday,2,2025,8
E05013667,14-16,weekday,2,2025,9
E05013667,16-18,weekday,2,2025,9
E05013667,18-20,weekday,2,2025,8
E05013667,20-22,weekday,2,2025,6
E05013667,06-08,weekend,1,2025,1
E05013667,08-10,weekend,1,2025,1
E05013667,10-12,weekend,1,2025,1
E05013667,12-14,weekend,1,2025,4
E05013667,14-16,weekend,1,2025,6
E05013667,16-18,weekend,1,2025,6
E05013667,18-20,weekend,1,2025,4
E05013667,20-22,weekend,1,2025,3
E05013667,06-08,weekend,2,2025,1
E05013667,08-10,weekend,2,2025,2
E05013667,10-12,weekend,2,2025,1
E05013667,12-14,weekend,2,2025,3
E05013667,14-16,weekend,2,2025,6
E05013667,16-18,weekend,2,2025,6
E05013667,18-20,weekend,2,2025,4
E05013667,20-22,weekend,2,2025,3
E05013668,06-08,weekday,1,2025,2
E05013668,08-10,weekday,1,2025,4
E05013668,10-12,weekday,1,2025,6
E05013668,12-14,weekday,1,2025,8
E05013668,14-16,weekday,1,2025,9
E05013668,16-18,weekday,1,2025,9
E05013668,18-20,weekday,1,2025,8
E05013668,20-22,weekday,1,2025,6
E05013668,06-08,weekday,2,2025,2
E05013668,08-10,weekday,2,2025,4
E05013668,10-12,weekday,2,2025,6
E05013668,12-14,weekday,2,2025,8
E05013668,14-16,weekday,2,2025,9
E05013668,16-18,weekday,2,2025,9
E05013668,18-20,weekday,2,2025,8
E05013668,20-22,weekday,2,2025,6
E05013668,06-08,weekend,1,2025,1
E05013668,08-10,weekend,1,2025,1
E05013668,10-12,weekend,1,2025,1
E05013668,12-14,weekend,1,2025,4
E05013668,14-16,weekend,1,2025,6
E05013668,16-18,weekend,1,2025,6
E05013668,18-20,weekend,1,2025,4
E05013668,20-22,weekend,1,2025,3
E05013668,06-08,weekend,2,2025,1
E05013668,08-10,weekend,2,2025,2
E05013668,10-12,weekend,2,2025,1
E05013668,12-14,weekend,2,2025,3
E05013668,14-16,weekend,2,2025,6
E05013668,16-18,weekend,2,2025,6
E05013668,18-20,weekend,2,2025,4
E05013668,20-22,weekend,2,2025,3
E05013669,06-08,weekday,1,2025,2
E05013669,08-10,weekday,1,2025,4
E05013669,10-12,weekday,1,2025,6
E05013669,12-14,weekday,1,2025,8
E05013669,14-16,weekday,1,2025,9
E05013669,16-18,weekday,1,2025,9
E05013669,18-20,weekday,1,2025,8
E05013669,20-22,weekday,1,2025,6
E05013669,06-08,weekday,2,2025,2
E05013669,08-10,weekday,2,2025,4
E05013669,10-12,weekday,2,2025,6
E05013669,12-14,weekday,2,2025,8
E05013669,14-16,weekday,2,2025,9
E05013669,16-18,weekday,2,2025,9
E05013669,18-20,weekday,2,2025,8
E05013669,20-22,weekday,2,2025,6
E05013669,06-08,weekend,1,2025,1
E05013669,08-10,weekend,1,2025,1
E05013669,10-12,weekend,1,2025,1
E05013669,12-14,weekend,1,2025,4
E05013669,14-16,weekend,1,2025,6
E05013669,16-18,weekend,1,2025,6
E05013669,18-20,weekend,1,2025,4
E05013669,20-22,weekend,1,2025,3
E05013669,06-08,weekend,2,2025,1
E05013669,08-10,weekend,2,2025,2
E05013669,10-12,weekend,2,2025,1
E05013669,12-14,weekend,2,2025,3
E05013669,14-16,weekend,2,2025,6
E05013669,16-18,weekend,2,2025,6
E05013669,18-20,weekend,2,2025,4
E05013669,20-22,weekend,2,2025,3
E05013670,06-08,weekday,1,2025,2
E05013670,08-10,weekday,1,2025,4
E05013670,10-12,weekday,1,2025,6
E05013670,12-14,weekday,1,2025,8
E05013670,14-16,weekday,1,2025,9
E05013670,16-18,weekday,1,2025,9
E05013670,18-20,weekday,1,2025,8
E05013670,20-22,weekday,1,2025,6
E05013670,06-08,weekday,2,2025,2
E05013670,08-10,weekday,2,2025,4
E05013670,10-12,weekday,2,2025,6
E05013670,12-14,weekday,2,2025,8
E05013670,14-16,weekday,2,2025,9
E05013670,16-18,weekday,2,2025,9
E05013670,18-20,weekday,2,2025,8
E05013670,20-22,weekday,2,2025,6
E05013670,06-08,weekend,1,2025,1
E05013670,08-10,weekend,1,2025,1
E05013670,10-12,weekend,1,2025,1
E05013670,12-14,weekend,1,2025,4
E05013670,14-16,weekend,1,2025,6
E05013670,16-18,weekend,1,2025,6
E05013670,18-20,weekend,1,2025,4
E05013670,20-22,weekend,1,2025,3
E05013670,06-08,weekend,2,2025,1
E05013670,08-10,weekend,2,2025,2
E05013670,10-12,weekend,2,2025,1
E05013670,12-14,weekend,2,2025,3
E05013670,14-16,weekend,2,2025,6
E05013670,16-18,weekend,2,2025,6
E05013670,18-20,weekend,2,2025,4
E05013670,20-22,weekend,2,2025,3
E05013671,06-08,weekday,1,2025,2
E05013671,08-10,weekday,1,2025,4
E05013671,10-12,weekday,1,2025,6
E05013671,12-14,weekday,1,2025,8
E05013671,14-16,weekday,1,2025,9
E05013671,16-18,weekday,1,2025,9
E05013671,18-20,weekday,1,2025,8
E05013671,20-22,weekday,1,2025,6
E05013671,06-08,weekday,2,2025,2
E05013671,08-10,weekday,2,2025,4
E05013671,10-12,weekday,2,2025,6
E05013671,12-14,weekday,2,2025,8
E05013671,14-16,weekday,2,2025,9
E05013671,16-18,weekday,2,2025,9
E05013671,18-20,weekday,2,2025,8
E05013671,20-22,weekday,2,2025,6
E05013671,06-08,weekend,1,2025,1
E05013671,08-10,weekend,1,2025,1
E05013671,10-12,weekend,1,2025,1
E05013671,12-14,weekend,1,2025,4
E05013671,14-16,weekend,1,2025,6
E05013671,16-18,weekend,1,2025,6
E05013671,18-20,weekend,1,2025,4
E05013671,20-22,weekend,1,2025,3
E05013671,06-08,weekend,2,2025,1
E05013671,08-10,weekend,2,2025,2
E05013671,10-12,weekend,2,2025,1
E05013671,12-14,weekend,2,2025,3
E05013671,14-16,weekend,2,2025,6
E05013671,16-18,weekend,2,2025,6
E05013671,18-20,weekend,2,2025,4
E05013671,20-22,weekend,2,2025,3
E05013672,06-08,weekday,1,2025,2
E05013672,08-10,weekday,1,2025,4
E05013672,10-12,weekday,1,2025,6
E05013672,12-14,weekday,1,2025,8
E05013672,14-16,weekday,1,2025,9
E05013672,16-18,weekday,1,2025,9
E05013672,18-20,weekday,1,2025,8
E05013672,20-22,weekday,1,2025,6
E05013672,06-08,weekday,2,2025,2
E05013672,08-10,weekday,2,2025,4
E05013672,10-12,weekday,2,2025,6
E05013672,12-14,weekday,2,2025,8
E05013672,14-16,weekday,2,2025,9
E05013672,16-18,weekday,2,2025,9
E05013672,18-20,weekday,2,2025,8
E05013672,20-22,weekday,2,2025,6
E05013672,06-08,weekend,1,2025,1
E05013672,08-10,weekend,1,2025,1
E05013672,10-12,weekend,1,2025,1
E05013672,12-14,weekend,1,2025,4
E05013672,14-16,weekend,1,2025,6
E05013672,16-18,weekend,1,2025,6
E05013672,18-20,weekend,1,2025,4
E05013672,20-22,weekend,1,2025,3
E05013672,06-08,weekend,2,2025,1
E05013672,08-10,weekend,2,2025,2
E05013672,10-12,weekend,2,2025,1
E05013672,12-14,weekend,2,2025,3
E05013672,14-16,weekend,2,2025,6
E05013672,16-18,weekend,2,2025,6
E05013672,18-20,weekend,2,2025,4
E05013672,20-22,weekend,2,2025,3
E05013673,06-08,weekday,1,2025,2
E05013673,08-10,weekday,1,2025,4
E05013673,10-12,weekday,1,2025,6
E05013673,12-14,weekday,1,2025,8
E05013673,14-16,weekday,1,2025,9
E05013673,16-18,weekday,1,2025,9
E05013673,18-20,weekday,1,2025,8
E05013673,20-22,weekday,1,2025,6
E05013673,06-08,weekday,2,2025,2
E05013673,08-10,weekday,2,2025,4
E05013673,10-12,weekday,2,2025,6
E05013673,12-14,weekday,2,2025,8
E05013673,14-16,weekday,2,2025,9
E05013673,16-18,weekday,2,2025,9
E05013673,18-20,weekday,2,2025,8
E05013673,20-22,weekday,2,2025,6
E05013673,06-08,weekend,1,2025,1
E05013673,08-10,weekend,1,2025,1
E05013673,10-12,weekend,1,2025,1
E05013673,12-14,weekend,1,2025,4
E05013673,14-16,weekend,1,2025,6
E05013673,16-18,weekend,1,2025,6
E05013673,18-20,weekend,1,2025,4
E05013673,20-22,weekend,1,2025,3
E05013673,06-08,weekend,2,2025,1
E05013673,08-10,weekend,2,2025,2
E05013673,10-12,weekend,2,2025,1
E05013673,12-14,weekend,2,2025,3
E05013673,14-16,weekend,2,2025,6
E05013673,16-18,weekend,2,2025,6
E05013673,18-20,weekend,2,2025,4
E05013673,20-22,weekend,2,2025,3
E05013674,06-08,weekday,1,2025,2
E05013674,08-10,weekday,1,2025,4
E05013674,10-12,weekday,1,2025,6
E05013674,12-14,weekday,1,2025,8
E05013674,14-16,weekday,1,2025,9
E05013674,16-18,weekday,1,2025,9
E05013674,18-20,weekday,1,2025,8
E05013674,20-22,weekday,1,2025,6
E05013674,06-08,weekday,2,2025,2
E05013674,08-10,weekday,2,2025,4
E05013674,10-12,weekday,2,2025,6
E05013674,12-14,weekday,2,2025,8
E05013674,14-16,weekday,2,2025,9
E05013674,16-18,weekday,2,2025,9
E05013674,18-20,weekday,2,2025,8
E05013674,20-22,weekday,2,2025,6
E05013674,06-08,weekend,1,2025,1
E05013674,08-10,weekend,1,2025,1
E05013674,10-12,weekend,1,2025,1
E05013674,12-14,weekend,1,2025,4
E05013674,14-16,weekend,1,2025,6
E05013674,16-18,weekend,1,2025,6
E05013674,18-20,weekend,1,2025,4
E05013674,20-22,weekend,1,2025,3
E05013674,06-08,weekend,2,2025,1
E05013674,08-10,weekend,2,2025,2
E05013674,10-12,weekend,2,2025,1
E05013674,12-14,weekend,2,2025,3
E05013674,14-16,weekend,2,2025,6
E05013674,16-18,weekend,2,2025,6
E05013674,18-20,weekend,2,2025,4
E05013674,20-22,weekend,2,2025,3
E05013675,06-08,weekday,1,2025,2
E05013675,08-10,weekday,1,2025,4
E05013675,10-12,weekday,1,2025,6
E05013675,12-14,weekday,1,2025,8
E05013675,14-16,weekday,1,2025,9
E05013675,16-18,weekday,1,2025,9
E05013675,18-20,weekday,1,2025,8
E05013675,20-22,weekday,1,2025,6
E05013675,06-08,weekday,2,2025,2
E05013675,08-10,weekday,2,2025,4
E05013675,10-12,weekday,2,2025,6
E05013675,12-14,weekday,2,2025,8
E05013675,14-16,weekday,2,2025,9
E05013675,16-18,weekday,2,2025,9
E05013675,18-20,weekday,2,2025,8
E05013675,20-22,weekday,2,2025,6
E05013675,06-08,weekend,1,2025,1
E05013675,08-10,weekend,1,2025,1
E05013675,10-12,weekend,1,2025,1
E05013675,12-14,weekend,1,2025,4
E05013675,14-16,weekend,1,2025,6
E05013675,16-18,weekend,1,2025,6
E05013675,18-20,weekend,1,2025,4
E05013675,20-22,weekend,1,2025,3
E05013675,06-08,weekend,2,2025,1
E05013675,08-10,weekend,2,2025,2
E05013675,10-12,weekend,2,2025,1
E05013675,12-14,weekend,2,2025,3
E05013675,14-16,weekend,2,2025,6
E05013675,16-18,weekend,2,2025,6
E05013675,18-20,weekend,2,2025,4
E05013675,20-22,weekend,2,2025,3
E05013676,06-08,weekday,1,2025,2
E05013676,08-10,weekday,1,2025,4
E05013676,10-12,weekday,1,2025,6
E05013676,12-14,weekday,1,2025,8
E05013676,14-16,weekday,1,2025,9
E05013676,16-18,weekday,1,2025,9
E05013676,18-20,weekday,1,2025,8
E05013676,20-22,weekday,1,2025,6
E05013676,06-08,weekday,2,2025,2
E05013676,08-10,weekday,2,2025,4
E05013676,10-12,weekday,2,2025,6
E05013676,12-14,weekday,2,2025,8
E05013676,14-16,weekday,2,2025,9
E05013676,16-18,weekday,2,2025,9
E05013676,18-20,weekday,2,2025,8
E05013676,20-22,weekday,2,2025,6
E05013676,06-08,weekend,1,2025,1
E05013676,08-10,weekend,1,2025,1
E05013676,10-12,weekend,1,2025,1
E05013676,12-14,weekend,1,2025,4
E05013676,14-16,weekend,1,2025,6
E05013676,16-18,weekend,1,2025,6
E05013676,18-20,weekend,1,2025,4
E05013676,20-22,weekend,1,2025,3
E05013676,06-08,weekend,2,2025,1
E05013676,08-10,weekend,2,2025,2
E05013676,10-12,weekend,2,2025,1
E05013676,12-14,weekend,2,2025,3
E05013676,14-16,weekend,2,2025,6
E05013676,16-18,weekend,2,2025,6
E05013676,18-20,weekend,2,2025,4
E05013676,20-22,weekend,2,2025,3
E05013677,06-08,weekday,1,2025,2
E05013677,08-10,weekday,1,2025,4
E05013677,10-12,weekday,1,2025,6
E05013677,12-14,weekday,1,2025,8
E05013677,14-16,weekday,1,2025,9
E05013677,16-18,weekday,1,2025,9
E05013677,18-20,weekday,1,2025,8
E05013677,20-22,weekday,1,2025,6
E05013677,06-08,weekday,2,2025,2
E05013677,08-10,weekday,2,2025,4
E05013677,10-12,weekday,2,2025,6
E05013677,12-14,weekday,2,2025,8
E05013677,14-16,weekday,2,2025,9
E05013677,16-18,weekday,2,2025,9
E05013677,18-20,weekday,2,2025,8
E05013677,20-22,weekday,2,2025,6
E05013677,06-08,weekend,1,2025,1
E05013677,08-10,weekend,1,2025,1
E05013677,10-12,weekend,1,2025,1
E05013677,12-14,weekend,1,2025,4
E05013677,14-16,weekend,1,2025,6
E05013677,16-18,weekend,1,2025,6
E05013677,18-20,weekend,1,2025,4
E05013677,20-22,weekend,1,2025,3
E05013677,06-08,weekend,2,2025,1
E05013677,08-10,weekend,2,2025,2
E05013677,10-12,weekend,2,2025,1
E05013677,12-14,weekend,2,2025,3
E05013677,14-16,weekend,2,2025,6
E05013677,16-18,weekend,2,2025,6
E05013677,18-20,weekend,2,2025,4
E05013677,20-22,weekend,2,2025,3
E05013678,06-08,weekday,1,2025,2
E05013678,08-10,weekday,1,2025,4
E05013678,10-12,weekday,1,2025,6
E05013678,12-14,weekday,1,2025,8
E05013678,14-16,weekday,1,2025,9
E05013678,16-18,weekday,1,2025,9
E05013678,18-20,weekday,1,2025,8
E05013678,20-22,weekday,1,2025,6
E05013678,06-08,weekday,2,2025,2
E05013678,08-10,weekday,2,2025,4
E05013678,10-12,weekday,2,2025,6
E05013678,12-14,weekday,2,2025,8
E05013678,14-16,weekday,2,2025,9
E05013678,16-18,weekday,2,2025,9
E05013678,18-20,weekday,2,2025,8
E05013678,20-22,weekday,2,2025,6
E05013678,06-08,weekend,1,2025,1
E05013678,08-10,weekend,1,2025,1
E05013678,10-12,weekend,1,2025,1
E05013678,12-14,weekend,1,2025,4
E05013678,14-16,weekend,1,2025,6
E05013678,16-18,weekend,1,2025,6
E05013678,18-20,weekend,1,2025,4
E05013678,20-22,weekend,1,2025,3
E05013678,06-08,weekend,2,2025,1
E05013678,08-10,weekend,2,2025,2
E05013678,10-12,weekend,2,2025,1
E05013678,12-14,weekend,2,2025,3
E05013678,14-16,weekend,2,2025,6
E05013678,16-18,weekend,2,2025,6
E05013678,18-20,weekend,2,2025,4
E05013678,20-22,weekend,2,2025,3
E05013679,06-08,weekday,1,2025,2
E05013679,08-10,weekday,1,2025,4
E05013679,10-12,weekday,1,2025,6
E05013679,12-14,weekday,1,2025,8
E05013679,14-16,weekday,1,2025,9
E05013679,16-18,weekday,1,2025,9
E05013679,18-20,weekday,1,2025,8
E05013679,20-22,weekday,1,2025,6
E05013679,06-08,weekday,2,2025,2
E05013679,08-10,weekday,2,2025,4
E05013679,10-12,weekday,2,2025,6
E05013679,12-14,weekday,2,2025,8
E05013679,14-16,weekday,2,2025,9
E05013679,16-18,weekday,2,2025,9
E05013679,18-20,weekday,2,2025,8
E05013679,20-22,weekday,2,2025,6
E05013679,06-08,weekend,1,2025,1
E05013679,08-10,weekend,1,2025,1
E05013679,10-12,weekend,1,2025,1
E05013679,12-14,weekend,1,2025,4
E05013679,14-16,weekend,1,2025,6
E05013679,16-18,weekend,1,2025,6
E05013679,18-20,weekend,1,2025,4
E05013679,20-22,weekend,1,2025,3
E05013679,06-08,weekend,2,2025,1
E05013679,08-10,weekend,2,2025,2
E05013679,10-12,weekend,2,2025,1
E05013679,12-14,weekend,2,2025,3
E05013679,14-16,weekend,2,2025,6
E05013679,16-18,weekend,2,2025,6
E05013679,18-20,weekend,2,2025,4
E05013679,20-22,weekend,2,2025,3
E05013680,06-08,weekday,1,2025,2
E05013680,08-10,weekday,1,2025,4
E05013680,10-12,weekday,1,2025,6
E05013680,12-14,weekday,1,2025,8
E05013680,14-16,weekday,1,2025,9
E05013680,16-18,weekday,1,2025,9
E05013680,18-20,weekday,1,2025,8
E05013680,20-22,weekday,1,2025,6
E05013680,06-08,weekday,2,2025,2
E05013680,08-10,weekday,2,2025,4
E05013680,10-12,weekday,2,2025,6
E05013680,12-14,weekday,2,2025,8
E05013680,14-16,weekday,2,2025,9
E05013680,16-18,weekday,2,2025,9
E05013680,18-20,weekday,2,2025,8
E05013680,20-22,weekday,2,2025,6
E05013680,06-08,weekend,1,2025,1
E05013680,08-10,weekend,1,2025,1
E05013680,10-12,weekend,1,2025,1
E05013680,12-14,weekend,1,2025,4
E05013680,14-16,weekend,1,2025,6
E05013680,16-18,weekend,1,2025,6
E05013680,18-20,weekend,1,2025,4
E05013680,20-22,weekend,1,2025,3
E05013680,06-08,weekend,2,2025,1
E05013680,08-10,weekend,2,2025,2
E05013680,10-12,weekend,2,2025,1
E05013680,12-14,weekend,2,2025,3
E05013680,14-16,weekend,2,2025,6
E05013680,16-18,weekend,2,2025,6
E05013680,18-20,weekend,2,2025,4
E05013680,20-22,weekend,2,2025,3
E05013681,06-08,weekday,1,2025,2
E05013681,08-10,weekday,1,2025,4
E05013681,10-12,weekday,1,2025,6
E05013681,12-14,weekday,1,2025,8
E05013681,14-16,weekday,1,2025,9
E05013681,16-18,weekday,1,2025,9
E05013681,18-20,weekday,1,2025,8
E05013681,20-22,weekday,1,2025,6
E05013681,06-08,weekday,2,2025,2
E05013681,08-10,weekday,2,2025,4
E05013681,10-12,weekday,2,2025,6
E05013681,12-14,weekday,2,2025,8
E05013681,14-16,weekday,2,2025,9
E05013681,16-18,weekday,2,2025,9
E05013681,18-20,weekday,2,2025,8
E05013681,20-22,weekday,2,2025,6
E05013681,06-08,weekend,1,2025,1
E05013681,08-10,weekend,1,2025,1
E05013681,10-12,weekend,1,2025,1
E05013681,12-14,weekend,1,2025,4
E05013681,14-16,weekend,1,2025,6
E05013681,16-18,weekend,1,2025,6
E05013681,18-20,weekend,1,2025,4
E05013681,20-22,weekend,1,2025,3
E05013681,06-08,weekend,2,2025,1
E05013681,08-10,weekend,2,2025,2
E05013681,10-12,weekend,2,2025,1
E05013681,12-14,weekend,2,2025,3
E05013681,14-16,weekend,2,2025,6
E05013681,16-18,weekend,2,2025,6
E05013681,18-20,weekend,2,2025,4
E05013681,20-22,weekend,2,2025,3
E05013682,06-08,weekday,1,2025,2
E05013682,08-10,weekday,1,2025,4
E05013682,10-12,weekday,1,2025,6
E05013682,12-14,weekday,1,2025,8
E05013682,14-16,weekday,1,2025,9
E05013682,16-18,weekday,1,2025,9
E05013682,18-20,weekday,1,2025,8
E05013682,20-22,weekday,1,2025,6
E05013682,06-08,weekday,2,2025,2
E05013682,08-10,weekday,2,2025,4
E05013682,10-12,weekday,2,2025,6
E05013682,12-14,weekday,2,2025,8
E05013682,14-16,weekday,2,2025,9
E05013682,16-18,weekday,2,2025,9
E05013682,18-20,weekday,2,2025,8
E05013682,20-22,weekday,2,2025,6
E05013682,06-08,weekend,1,2025,1
E05013682,08-10,weekend,1,2025,1
E05013682,10-12,weekend,1,2025,1
E05013682,12-14,weekend,1,2025,4
E05013682,14-16,weekend,1,2025,6
E05013682,16-18,weekend,1,2025,6
E05013682,18-20,weekend,1,2025,4
E05013682,20-22,weekend,1,2025,3
E05013682,06-08,weekend,2,2025,1
E05013682,08-10,weekend,2,2025,2
E05013682,10-12,weekend,2,2025,1
E05013682,12-14,weekend,2,2025,3
E05013682,14-16,weekend,2,2025,6
E05013682,16-18,weekend,2,2025,6
E05013682,18-20,weekend,2,2025,4
E05013682,20-22,weekend,2,2025,3
E05013683,06-08,weekday,1,2025,2
E05013683,08-10,weekday,1,2025,4
E05013683,10-12,weekday,1,2025,6
E05013683,12-14,weekday,1,2025,8
E05013683,14-16,weekday,1,2025,9
E05013683,16-18,weekday,1,2025,9
E05013683,18-20,weekday,1,2025,8
E05013683,20-22,weekday,1,2025,6
E05013683,06-08,weekday,2,2025,2
E05013683,08-10,weekday,2,2025,4
E05013683,10-12,weekday,2,2025,6
E05013683,12-14,weekday,2,2025,8
E05013683,14-16,weekday,2,2025,9
E05013683,16-18,weekday,2,2025,9
E05013683,18-20,weekday,2,2025,8
E05013683,20-22,weekday,2,2025,6
E05013683,06-08,weekend,1,2025,1
E05013683,08-10,weekend,1,2025,1
E05013683,10-12,weekend,1,2025,1
E05013683,12-14,weekend,1,2025,4
E05013683,14-16,weekend,1,2025,6
E05013683,16-18,weekend,1,2025,6
E05013683,18-20,weekend,1,2025,4
E05013683,20-22,weekend,1,2025,3
E05013683,06-08,weekend,2,2025,1
E05013683,08-10,weekend,2,2025,2
E05013683,10-12,weekend,2,2025,1
E05013683,12-14,weekend,2,2025,3
E05013683,14-16,weekend,2,2025,6
E05013683,16-18,weekend,2,2025,6
E05013683,18-20,weekend,2,2025,4
E05013683,20-22,weekend,2,2025,3
E05013684,06-08,weekday,1,2025,2
E05013684,08-10,weekday,1,2025,4
E05013684,10-12,weekday,1,2025,6
E05013684,12-14,weekday,1,2025,8
E05013684,14-16,weekday,1,2025,9
E05013684,16-18,weekday,1,2025,9
E05013684,18-20,weekday,1,2025,8
E05013684,20-22,weekday,1,2025,6
E05013684,06-08,weekday,2,2025,2
E05013684,08-10,weekday,2,2025,4
E05013684,10-12,weekday,2,2025,6
E05013684,12-14,weekday,2,2025,8
E05013684,14-16,weekday,2,2025,9
E05013684,16-18,weekday,2,2025,9
E05013684,18-20,weekday,2,2025,8
E05013684,20-22,weekday,2,2025,6
E05013684,06-08,weekend,1,2025,1
E05013684,08-10,weekend,1,2025,1
E05013684,10-12,weekend,1,2025,1
E05013684,12-14,weekend,1,2025,4
E05013684,14-16,weekend,1,2025,6
E05013684,16-18,weekend,1,2025,6
E05013684,18-20,weekend,1,2025,4
E05013684,20-22,weekend,1,2025,3
E05013684,06-08,weekend,2,2025,1
E05013684,08-10,weekend,2,2025,2
E05013684,10-12,weekend,2,2025,1
E05013684,12-14,weekend,2,2025,3
E05013684,14-16,weekend,2,2025,6
E05013684,16-18,weekend,2,2025,6
E05013684,18-20,weekend,2,2025,4
E05013684,20-22,weekend,2,2025,3
E05013685,06-08,weekday,1,2025,2
E05013685,08-10,weekday,1,2025,4
E05013685,10-12,weekday,1,2025,6
E05013685,12-14,weekday,1,2025,8
E05013685,14-16,weekday,1,2025,9
E05013685,16-18,weekday,1,2025,9
E05013685,18-20,weekday,1,2025,8
E05013685,20-22,weekday,1,2025,6
E05013685,06-08,weekday,2,2025,2
E05013685,08-10,weekday,2,2025,4
E05013685,10-12,weekday,2,2025,6
E05013685,12-14,weekday,2,2025,8
E05013685,14-16,weekday,2,2025,9
E05013685,16-18,weekday,2,2025,9
E05013685,18-20,weekday,2,2025,8
E05013685,20-22,weekday,2,2025,6
E05013685,06-08,weekend,1,2025,1
E05013685,08-10,weekend,1,2025,1
E05013685,10-12,weekend,1,2025,1
E05013685,12-14,weekend,1,2025,4
E05013685,14-16,weekend,1,2025,6
E05013685,16-18,weekend,1,2025,6
E05013685,18-20,weekend,1,2025,4
E05013685,20-22,weekend,1,2025,3
E05013685,06-08,weekend,2,2025,1
E05013685,08-10,weekend,2,2025,2
E05013685,10-12,weekend,2,2025,1
E05013685,12-14,weekend,2,2025,3
E05013685,14-16,weekend,2,2025,6
E05013685,16-18,weekend,2,2025,6
E05013685,18-20,weekend,2,2025,4
E05013685,20-22,weekend,2,2025,3
E05013686,06-08,weekday,1,2025,2
E05013686,08-10,weekday,1,2025,4
E05013686,10-12,weekday,1,2025,6
E05013686,12-14,weekday,1,2025,8
E05013686,14-16,weekday,1,2025,9
E05013686,16-18,weekday,1,2025,9
E05013686,18-20,weekday,1,2025,8
E05013686,20-22,weekday,1,2025,6
E05013686,06-08,weekday,2,2025,2
E05013686,08-10,weekday,2,2025,4
E05013686,10-12,weekday,2,2025,6
E05013686,12-14,weekday,2,2025,8
E05013686,14-16,weekday,2,2025,9
E05013686,16-18,weekday,2,2025,9
E05013686,18-20,weekday,2,2025,8
E05013686,20-22,weekday,2,2025,6
E05013686,06-08,weekend,1,2025,1
E05013686,08-10,weekend,1,2025,1
E05013686,10-12,weekend,1,2025,1
E05013686,12-14,weekend,1,2025,4
E05013686,14-16,weekend,1,2025,6
E05013686,16-18,weekend,1,2025,6
E05013686,18-20,weekend,1,2025,4
E05013686,20-22,weekend,1,2025,3
E05013686,06-08,weekend,2,2025,1
E05013686,08-10,weekend,2,2025,2
E05013686,10-12,weekend,2,2025,1
E05013686,12-14,weekend,2,2025,3
E05013686,14-16,weekend,2,2025,6
E05013686,16-18,weekend,2,2025,6
E05013686,18-20,weekend,2,2025,4
E05013686,20-22,weekend,2,2025,3
E05013687,06-08,weekday,1,2025,2
E05013687,08-10,weekday,1,2025,4
E05013687,10-12,weekday,1,2025,6
E05013687,12-14,weekday,1,2025,8
E05013687,14-16,weekday,1,2025,9
E05013687,16-18,weekday,1,2025,9
E05013687,18-20,weekday,1,2025,8
E05013687,20-22,weekday,1,2025,6
E05013687,06-08,weekday,2,2025,2
E05013687,08-10,weekday,2,2025,4
E05013687,10-12,weekday,2,2025,6
E05013687,12-14,weekday,2,2025,8
E05013687,14-16,weekday,2,2025,9
E05013687,16-18,weekday,2,2025,9
E05013687,18-20,weekday,2,2025,8
E05013687,20-22,weekday,2,2025,6
E05013687,06-08,weekend,1,2025,1
E05013687,08-10,weekend,1,2025,1
E05013687,10-12,weekend,1,2025,1
E05013687,12-14,weekend,1,2025,4
E05013687,14-16,weekend,1,2025,6
E05013687,16-18,weekend,1,2025,6
E05013687,18-20,weekend,1,2025,4
E05013687,20-22,weekend,1,2025,3
E05013687,06-08,weekend,2,2025,1
E05013687,08-10,weekend,2,2025,2
E05013687,10-12,weekend,2,2025,1
E05013687,12-14,weekend,2,2025,3
E05013687,14-16,weekend,2,2025,6
E05013687,16-18,weekend,2,2025,6
E05013687,18-20,weekend,2,2025,4
E05013687,20-22,weekend,2,2025,3
E05013688,06-08,weekday,1,2025,2
E05013688,08-10,weekday,1,2025,4
E05013688,10-12,weekday,1,2025,6
E05013688,12-14,weekday,1,2025,8
E05013688,14-16,weekday,1,2025,9
E05013688,16-18,weekday,1,2025,9
E05013688,18-20,weekday,1,2025,8
E05013688,20-22,weekday,1,2025,6
E05013688,06-08,weekday,2,2025,2
E05013688,08-10,weekday,2,2025,4
E05013688,10-12,weekday,2,2025,6
E05013688,12-14,weekday,2,2025,8
E05013688,14-16,weekday,2,2025,9
E05013688,16-18,weekday,2,2025,9
E05013688,18-20,weekday,2,2025,8
E05013688,20-22,weekday,2,2025,6
E05013688,06-08,weekend,1,2025,1
E05013688,08-10,weekend,1,2025,1
E05013688,10-12,weekend,1,2025,1
E05013688,12-14,weekend,1,2025,4
E05013688,14-16,weekend,1,2025,6
E05013688,16-18,weekend,1,2025,6
E05013688,18-20,weekend,1,2025,4
E05013688,20-22,weekend,1,2025,3
E05013688,06-08,weekend,2,2025,1
E05013688,08-10,weekend,2,2025,2
E05013688,10-12,weekend,2,2025,1
E05013688,12-14,weekend,2,2025,3
E05013688,14-16,weekend,2,2025,6
E05013688,16-18,weekend,2,2025,6
E05013688,18-20,weekend,2,2025,4
E05013688,20-22,weekend,2,2025,3
E05013689,06-08,weekday,1,2025,2
E05013689,08-10,weekday,1,2025,4
E05013689,10-12,weekday,1,2025,6
E05013689,12-14,weekday,1,2025,8
E05013689,14-16,weekday,1,2025,9
E05013689,16-18,weekday,1,2025,9
E05013689,18-20,weekday,1,2025,8
E05013689,20-22,weekday,1,2025,6
E05013689,06-08,weekday,2,2025,2
E05013689,08-10,weekday,2,2025,4
E05013689,10-12,weekday,2,2025,6
E05013689,12-14,weekday,2,2025,8
E05013689,14-16,weekday,2,2025,9
E05013689,16-18,weekday,2,2025,9
E05013689,18-20,weekday,2,2025,8
E05013689,20-22,weekday,2,2025,6
E05013689,06-08,weekend,1,2025,1
E05013689,08-10,weekend,1,2025,1
E05013689,10-12,weekend,1,2025,1
E05013689,12-14,weekend,1,2025,4
E05013689,14-16,weekend,1,2025,6
E05013689,16-18,weekend,1,2025,6
E05013689,18-20,weekend,1,2025,4
E05013689,20-22,weekend,1,2025,3
E05013689,06-08,weekend,2,2025,1
E05013689,08-10,weekend,2,2025,2
E05013689,10-12,weekend,2,2025,1
E05013689,12-14,weekend,2,2025,3
E05013689,14-16,weekend,2,2025,6
E05013689,16-18,weekend,2,2025,6
E05013689,18-20,weekend,2,2025,4
E05013689,20-22,weekend,2,2025,3
E05013690,06-08,weekday,1,2025,2
E05013690,08-10,weekday,1,2025,4
E05013690,10-12,weekday,1,2025,6
E05013690,12-14,weekday,1,2025,8
E05013690,14-16,weekday,1,2025,9
E05013690,16-18,weekday,1,2025,9
E05013690,18-20,weekday,1,2025,8
E05013690,20-22,weekday,1,2025,6
E05013690,06-08,weekday,2,2025,2
E05013690,08-10,weekday,2,2025,4
E05013690,10-12,weekday,2,2025,6
E05013690,12-14,weekday,2,2025,8
E05013690,14-16,weekday,2,2025,9
E05013690,16-18,weekday,2,2025,9
E05013690,18-20,weekday,2,2025,8
E05013690,20-22,weekday,2,2025,6
E05013690,06-08,weekend,1,2025,1
E05013690,08-10,weekend,1,2025,1
E05013690,10-12,weekend,1,2025,1
E05013690,12-14,weekend,1,2025,4
E05013690,14-16,weekend,1,2025,6
E05013690,16-18,weekend,1,2025,6
E05013690,18-20,weekend,1,2025,4
E05013690,20-22,weekend,1,2025,3
E05013690,06-08,weekend,2,2025,1
E05013690,08-10,weekend,2,2025,1
E05013690,10-12,weekend,2,2025,1
E05013690,12-14,weekend,2,2025,4
E05013690,14-16,weekend,2,2025,6
E05013690,16-18,weekend,2,2025,6
E05013690,18-20,weekend,2,2025,4
E05013690,20-22,weekend,2,2025,3
E05013691,06-08,weekday,1,2025,2
E05013691,08-10,weekday,1,2025,4
E05013691,10-12,weekday,1,2025,6
E05013691,12-14,weekday,1,2025,8
E05013691,14-16,weekday,1,2025,9
E05013691,16-18,weekday,1,2025,9
E05013691,18-20,weekday,1,2025,8
E05013691,20-22,weekday,1,2025,6
E05013691,06-08,weekday,2,2025,2
E05013691,08-10,weekday,2,2025,4
E05013691,10-12,weekday,2,2025,6
E05013691,12-14,weekday,2,2025,8
E05013691,14-16,weekday,2,2025,9
E05013691,16-18,weekday,2,2025,9
E05013691,18-20,weekday,2,2025,8
E05013691,20-22,weekday,2,2025,6
E05013691,06-08,weekend,1,2025,1
E05013691,08-10,weekend,1,2025,1
E05013691,10-12,weekend,1,2025,1
E05013691,12-14,weekend,1,2025,4
E05013691,14-16,weekend,1,2025,6
E05013691,16-18,weekend,1,2025,6
E05013691,18-20,weekend,1,2025,4
E05013691,20-22,weekend,1,2025,3
E05013691,06-08,weekend,2,2025,1
E05013691,08-10,weekend,2,2025,2
E05013691,10-12,weekend,2,2025,1
E05013691,12-14,weekend,2,2025,3
E05013691,14-16,weekend,2,2025,6
E05013691,16-18,weekend,2,2025,6
E05013691,18-20,weekend,2,2025,4
E05013691,20-22,weekend,2,2025,3
E05013692,06-08,weekday,1,2025,2
E05013692,08-10,weekday,1,2025,4
E05013692,10-12,weekday,1,2025,6
E05013692,12-14,weekday,1,2025,8
E05013692,14-16,weekday,1,2025,9
E05013692,16-18,weekday,1,2025,9
E05013692,18-20,weekday,1,2025,8
E05013692,20-22,weekday,1,2025,6
E05013692,06-08,weekday,2,2025,2
E05013692,08-10,weekday,2,2025,4
E05013692,10-12,weekday,2,2025,6
E05013692,12-14,weekday,2,2025,8
E05013692,14-16,weekday,2,2025,9
E05013692,16-18,weekday,2,2025,9
E05013692,18-20,weekday,2,2025,8
E05013692,20-22,weekday,2,2025,6
E05013692,06-08,weekend,1,2025,1
E05013692,08-10,weekend,1,2025,1
E05013692,10-12,weekend,1,2025,1
E05013692,12-14,weekend,1,2025,4
E05013692,14-16,weekend,1,2025,6
E05013692,16-18,weekend,1,2025,6
E05013692,18-20,weekend,1,2025,4
E05013692,20-22,weekend,1,2025,3
E05013692,06-08,weekend,2,2025,1
E05013692,08-10,weekend,2,2025,2
E05013692,10-12,weekend,2,2025,1
E05013692,12-14,weekend,2,2025,3
E05013692,14-16,weekend,2,2025,6
E05013692,16-18,weekend,2,2025,6
E05013692,18-20,weekend,2,2025,4
E05013692,20-22,weekend,2,2025,3
E05013693,06-08,weekday,1,2025,2
E05013693,08-10,weekday,1,2025,4
E05013693,10-12,weekday,1,2025,6
E05013693,12-14,weekday,1,2025,8
E05013693,14-16,weekday,1,2025,9
E05013693,16-18,weekday,1,2025,9
E05013693,18-20,weekday,1,2025,8
E05013693,20-22,weekday,1,2025,6
E05013693,06-08,weekday,2,2025,2
E05013693,08-10,weekday,2,2025,4
E05013693,10-12,weekday,2,2025,6
E05013693,12-14,weekday,2,2025,8
E05013693,14-16,weekday,2,2025,9
E05013693,16-18,weekday,2,2025,9
E05013693,18-20,weekday,2,2025,8
E05013693,20-22,weekday,2,2025,6
E05013693,06-08,weekend,1,2025,1
E05013693,08-10,weekend,1,2025,1
E05013693,10-12,weekend,1,2025,1
E05013693,12-14,weekend,1,2025,4
E05013693,14-16,weekend,1,2025,6
E05013693,16-18,weekend,1,2025,6
E05013693,18-20,weekend,1,2025,4
E05013693,20-22,weekend,1,2025,3
E05013693,06-08,weekend,2,2025,1
E05013693,08-10,weekend,2,2025,2
E05013693,10-12,weekend,2,2025,1
E05013693,12-14,weekend,2,2025,3
E05013693,14-16,weekend,2,2025,6
E05013693,16-18,weekend,2,2025,6
E05013693,18-20,weekend,2,2025,4
E05013693,20-22,weekend,2,2025,3
E05013694,06-08,weekday,1,2025,2
E05013694,08-10,weekday,1,2025,4
E05013694,10-12,weekday,1,2025,6
E05013694,12-14,weekday,1,2025,8
E05013694,14-16,weekday,1,2025,9
E05013694,16-18,weekday,1,2025,9
E05013694,18-20,weekday,1,2025,8
E05013694,20-22,weekday,1,2025,6
E05013694,06-08,weekday,2,2025,2
E05013694,08-10,weekday,2,2025,4
E05013694,10-12,weekday,2,2025,6
E05013694,12-14,weekday,2,2025,8
E05013694,14-16,weekday,2,2025,9
E05013694,16-18,weekday,2,2025,9
E05013694,18-20,weekday,2,2025,8
E05013694,20-22,weekday,2,2025,6
E05013694,06-08,weekend,1,2025,1
E05013694,08-10,weekend,1,2025,1
E05013694,10-12,weekend,1,2025,1
E05013694,12-14,weekend,1,2025,4
E05013694,14-16,weekend,1,2025,6
E05013694,16-18,weekend,1,2025,6
E05013694,18-20,weekend,1,2025,4
E05013694,20-22,weekend,1,2025,3
E05013694,06-08,weekend,2,2025,1
E05013694,08-10,weekend,2,2025,2
E05013694,10-12,weekend,2,2025,1
E05013694,12-14,weekend,2,2025,3
E05013694,14-16,weekend,2,2025,6
E05013694,16-18,weekend,2,2025,6
E05013694,18-20,weekend,2,2025,4
E05013694,20-22,weekend,2,2025,3
E05013695,06-08,weekday,1,2025,2
E05013695,08-10,weekday,1,2025,4
E05013695,10-12,weekday,1,2025,6
E05013695,12-14,weekday,1,2025,8
E05013695,14-16,weekday,1,2025,9
E05013695,16-18,weekday,1,2025,9
E05013695,18-20,weekday,1,2025,8
E05013695,20-22,weekday,1,2025,6
E05013695,06-08,weekday,2,2025,2
E05013695,08-10,weekday,2,2025,4
E05013695,10-12,weekday,2,2025,6
E05013695,12-14,weekday,2,2025,8
E05013695,14-16,weekday,2,2025,9
E05013695,16-18,weekday,2,2025,9
E05013695,18-20,weekday,2,2025,8
E05013695,20-22,weekday,2,2025,6
E05013695,06-08,weekend,1,2025,1
E05013695,08-10,weekend,1,2025,1
E05013695,10-12,weekend,1,2025,1
E05013695,12-14,weekend,1,2025,4
E05013695,14-16,weekend,1,2025,6
E05013695,16-18,weekend,1,2025,6
E05013695,18-20,weekend,1,2025,4
E05013695,20-22,weekend,1,2025,3
E05013695,06-08,weekend,2,2025,1
E05013695,08-10,weekend,2,2025,1
E05013695,10-12,weekend,2,2025,1
E05013695,12-14,weekend,2,2025,4
E05013695,14-16,weekend,2,2025,6
E05013695,16-18,weekend,2,2025,6
E05013695,18-20,weekend,2,2025,4
E05013695,20-22,weekend,2,2025,3
E05013696,06-08,weekday,1,2025,2
E05013696,08-10,weekday,1,2025,4
E05013696,10-12,weekday,1,2025,6
E05013696,12-14,weekday,1,2025,8
E05013696,14-16,weekday,1,2025,9
E05013696,16-18,weekday,1,2025,9
E05013696,18-20,weekday,1,2025,8
E05013696,20-22,weekday,1,2025,6
E05013696,06-08,weekday,2,2025,2
E05013696,08-10,weekday,2,2025,4
E05013696,10-12,weekday,2,2025,6
E05013696,12-14,weekday,2,2025,8
E05013696,14-16,weekday,2,2025,9
E05013696,16-18,weekday,2,2025,9
E05013696,18-20,weekday,2,2025,8
E05013696,20-22,weekday,2,2025,6
E05013696,06-08,weekend,1,2025,1
E05013696,08-10,weekend,1,2025,1
E05013696,10-12,weekend,1,2025,1
E05013696,12-14,weekend,1,2025,4
E05013696,14-16,weekend,1,2025,6
E05013696,16-18,weekend,1,2025,6
E05013696,18-20,weekend,1,2025,4
E05013696,20-22,weekend,1,2025,3
E05013696,06-08,weekend,2,2025,1
E05013696,08-10,weekend,2,2025,2
E05013696,10-12,weekend,2,2025,1
E05013696,12-14,weekend,2,2025,3
E05013696,14-16,weekend,2,2025,6
E05013696,16-18,weekend,2,2025,6
E05013696,18-20,weekend,2,2025,4
E05013696,20-22,weekend,2,2025,3
E05013697,06-08,weekday,1,2025,2
E05013697,08-10,weekday,1,2025,4
E05013697,10-12,weekday,1,2025,6
E05013697,12-14,weekday,1,2025,8
E05013697,14-16,weekday,1,2025,9
E05013697,16-18,weekday,1,2025,9
E05013697,18-20,weekday,1,2025,8
E05013697,20-22,weekday,1,2025,6
E05013697,06-08,weekday,2,2025,2
E05013697,08-10,weekday,2,2025,4
E05013697,10-12,weekday,2,2025,6
E05013697,12-14,weekday,2,2025,8
E05013697,14-16,weekday,2,2025,9
E05013697,16-18,weekday,2,2025,9
E05013697,18-20,weekday,2,2025,8
E05013697,20-22,weekday,2,2025,6
E05013697,06-08,weekend,1,2025,1
E05013697,08-10,weekend,1,2025,1
E05013697,10-12,weekend,1,2025,1
E05013697,12-14,weekend,1,2025,4
E05013697,14-16,weekend,1,2025,6
E05013697,16-18,weekend,1,2025,6
E05013697,18-20,weekend,1,2025,4
E05013697,20-22,weekend,1,2025,3
E05013697,06-08,weekend,2,2025,1
E05013697,08-10,weekend,2,2025,2
E05013697,10-12,weekend,2,2025,1
E05013697,12-14,weekend,2,2025,3
E05013697,14-16,weekend,2,2025,6
E05013697,16-18,weekend,2,2025,6
E05013697,18-20,weekend,2,2025,4
E05013697,20-22,weekend,2,2025,3
E05013698,06-08,weekday,1,2025,2
E05013698,08-10,weekday,1,2025,4
E05013698,10-12,weekday,1,2025,6
E05013698,12-14,weekday,1,2025,8
E05013698,14-16,weekday,1,2025,9
E05013698,16-18,weekday,1,2025,9
E05013698,18-20,weekday,1,2025,8
E05013698,20-22,weekday,1,2025,6
E05013698,06-08,weekday,2,2025,2
E05013698,08-10,weekday,2,2025,4
E05013698,10-12,weekday,2,2025,6
E05013698,12-14,weekday,2,2025,8
E05013698,14-16,weekday,2,2025,9
E05013698,16-18,weekday,2,2025,9
E05013698,18-20,weekday,2,2025,8
E05013698,20-22,weekday,2,2025,6
E05013698,06-08,weekend,1,2025,1
E05013698,08-10,weekend,1,2025,1
E05013698,10-12,weekend,1,2025,1
E05013698,12-14,weekend,1,2025,4
E05013698,14-16,weekend,1,2025,6
E05013698,16-18,weekend,1,2025,6
E05013698,18-20,weekend,1,2025,4
E05013698,20-22,weekend,1,2025,3
E05013698,06-08,weekend,2,2025,1
E05013698,08-10,weekend,2,2025,2
E05013698,10-12,weekend,2,2025,1
E05013698,12-14,weekend,2,2025,3
E05013698,14-16,weekend,2,2025,6
E05013698,16-18,weekend,2,2025,6
E05013698,18-20,weekend,2,2025,4
E05013698,20-22,weekend,2,2025,3
E05013699,06-08,weekday,1,2025,2
E05013699,08-10,weekday,1,2025,4
E05013699,10-12,weekday,1,2025,6
E05013699,12-14,weekday,1,2025,8
E05013699,14-16,weekday,1,2025,9
E05013699,16-18,weekday,1,2025,9
E05013699,18-20,weekday,1,2025,8
E05013699,20-22,weekday,1,2025,6
E05013699,06-08,weekday,2,2025,2
E05013699,08-10,weekday,2,2025,4
E05013699,10-12,weekday,2,2025,6
E05013699,12-14,weekday,2,2025,8
E05013699,14-16,weekday,2,2025,9
E05013699,16-18,weekday,2,2025,9
E05013699,18-20,weekday,2,2025,8
E05013699,20-22,weekday,2,2025,6
E05013699,06-08,weekend,1,2025,1
E05013699,08-10,weekend,1,2025,1
E05013699,10-12,weekend,1,2025,1
E05013699,12-14,weekend,1,2025,4
E05013699,14-16,weekend,1,2025,6
E05013699,16-18,weekend,1,2025,6
E05013699,18-20,weekend,1,2025,4
E05013699,20-22,weekend,1,2025,3
E05013699,06-08,weekend,2,2025,1
E05013699,08-10,weekend,2,2025,2
E05013699,10-12,weekend,2,2025,1
E05013699,12-14,weekend,2,2025,3
E05013699,14-16,weekend,2,2025,6
E05013699,16-18,weekend,2,2025,6
E05013699,18-20,weekend,2,2025,4
E05013699,20-22,weekend,2,2025,3
E05013700,06-08,weekday,1,2025,2
E05013700,08-10,weekday,1,2025,4
E05013700,10-12,weekday,1,2025,6
E05013700,12-14,weekday,1,2025,8
E05013700,14-16,weekday,1,2025,9
E05013700,16-18,weekday,1,2025,9
E05013700,18-20,weekday,1,2025,8
E05013700,20-22,weekday,1,2025,6
E05013700,06-08,weekday,2,2025,2
E05013700,08-10,weekday,2,2025,4
E05013700,10-12,weekday,2,2025,6
E05013700,12-14,weekday,2,2025,8
E05013700,14-16,weekday,2,2025,9
E05013700,16-18,weekday,2,2025,9
E05013700,18-20,weekday,2,2025,8
E05013700,20-22,weekday,2,2025,6
E05013700,06-08,weekend,1,2025,1
E05013700,08-10,weekend,1,2025,1
E05013700,10-12,weekend,1,2025,1
E05013700,12-14,weekend,1,2025,4
E05013700,14-16,weekend,1,2025,6
E05013700,16-18,weekend,1,2025,6
E05013700,18-20,weekend,1,2025,4
E05013700,20-22,weekend,1,2025,3
E05013700,06-08,weekend,2,2025,1
E05013700,08-10,weekend,2,2025,2
E05013700,10-12,weekend,2,2025,1
E05013700,12-14,weekend,2,2025,3
E05013700,14-16,weekend,2,2025,6
E05013700,16-18,weekend,2,2025,6
E05013700,18-20,weekend,2,2025,4
E05013700,20-22,weekend,2,2025,3
E05013701,06-08,weekday,1,2025,2
E05013701,08-10,weekday,1,2025,4
E05013701,10-12,weekday,1,2025,6
E05013701,12-14,weekday,1,2025,8
E05013701,14-16,weekday,1,2025,9
E05013701,16-18,weekday,1,2025,9
E05013701,18-20,weekday,1,2025,8
E05013701,20-22,weekday,1,2025,6
E05013701,06-08,weekday,2,2025,2
E05013701,08-10,weekday,2,2025,4
E05013701,10-12,weekday,2,2025,6
E05013701,12-14,weekday,2,2025,8
E05013701,14-16,weekday,2,2025,9
E05013701,16-18,weekday,2,2025,9
E05013701,18-20,weekday,2,2025,8
E05013701,20-22,weekday,2,2025,6
E05013701,06-08,weekend,1,2025,1
E05013701,08-10,weekend,1,2025,1
E05013701,10-12,weekend,1,2025,1
E05013701,12-14,weekend,1,2025,4
E05013701,14-16,weekend,1,2025,6
E05013701,16-18,weekend,1,2025,6
E05013701,18-20,weekend,1,2025,4
E05013701,20-22,weekend,1,2025,3
E05013701,06-08,weekend,2,2025,1
E05013701,08-10,weekend,2,2025,2
E05013701,10-12,weekend,2,2025,1
E05013701,12-14,weekend,2,2025,3
E05013701,14-16,weekend,2,2025,6
E05013701,16-18,weekend,2,2025,6
E05013701,18-20,weekend,2,2025,4
E05013701,20-22,weekend,2,2025,3
E05013702,06-08,weekday,1,2025,2
E05013702,08-10,weekday,1,2025,4
E05013702,10-12,weekday,1,2025,6
E05013702,12-14,weekday,1,2025,8
E05013702,14-16,weekday,1,2025,9
E05013702,16-18,weekday,1,2025,9
E05013702,18-20,weekday,1,2025,8
E05013702,20-22,weekday,1,2025,6
E05013702,06-08,weekday,2,2025,2
E05013702,08-10,weekday,2,2025,4
E05013702,10-12,weekday,2,2025,6
E05013702,12-14,weekday,2,2025,8
E05013702,14-16,weekday,2,2025,9
E05013702,16-18,weekday,2,2025,9
E05013702,18-20,weekday,2,2025,8
E05013702,20-22,weekday,2,2025,6
E05013702,06-08,weekend,1,2025,1
E05013702,08-10,weekend,1,2025,1
E05013702,10-12,weekend,1,2025,1
E05013702,12-14,weekend,1,2025,4
E05013702,14-16,weekend,1,2025,6
E05013702,16-18,weekend,1,2025,6
E05013702,18-20,weekend,1,2025,4
E05013702,20-22,weekend,1,2025,3
E05013702,06-08,weekend,2,2025,1
E05013702,08-10,weekend,2,2025,2
E05013702,10-12,weekend,2,2025,1
E05013702,12-14,weekend,2,2025,3
E05013702,14-16,weekend,2,2025,6
E05013702,16-18,weekend,2,2025,6
E05013702,18-20,weekend,2,2025,4
E05013702,20-22,weekend,2,2025,3
E05013703,06-08,weekday,1,2025,2
E05013703,08-10,weekday,1,2025,4
E05013703,10-12,weekday,1,2025,6
E05013703,12-14,weekday,1,2025,8
E05013703,14-16,weekday,1,2025,9
E05013703,16-18,weekday,1,2025,9
E05013703,18-20,weekday,1,2025,8
E05013703,20-22,weekday,1,2025,6
E05013703,06-08,weekday,2,2025,2
E05013703,08-10,weekday,2,2025,4
E05013703,10-12,weekday,2,2025,6
E05013703,12-14,weekday,2,2025,8
E05013703,14-16,weekday,2,2025,9
E05013703,16-18,weekday,2,2025,9
E05013703,18-20,weekday,2,2025,8
E05013703,20-22,weekday,2,2025,6
E05013703,06-08,weekend,1,2025,1
E05013703,08-10,weekend,1,2025,1
E05013703,10-12,weekend,1,2025,1
E05013703,12-14,weekend,1,2025,4
E05013703,14-16,weekend,1,2025,6
E05013703,16-18,weekend,1,2025,6
E05013703,18-20,weekend,1,2025,4
E05013703,20-22,weekend,1,2025,3
E05013703,06-08,weekend,2,2025,1
E05013703,08-10,weekend,2,2025,2
E05013703,10-12,weekend,2,2025,1
E05013703,12-14,weekend,2,2025,3
E05013703,14-16,weekend,2,2025,6
E05013703,16-18,weekend,2,2025,6
E05013703,18-20,weekend,2,2025,4
E05013703,20-22,weekend,2,2025,3
E05013704,06-08,weekday,1,2025,2
E05013704,08-10,weekday,1,2025,4
E05013704,10-12,weekday,1,2025,6
E05013704,12-14,weekday,1,2025,8
E05013704,14-16,weekday,1,2025,9
E05013704,16-18,weekday,1,2025,9
E05013704,18-20,weekday,1,2025,8
E05013704,20-22,weekday,1,2025,6
E05013704,06-08,weekday,2,2025,2
E05013704,08-10,weekday,2,2025,4
E05013704,10-12,weekday,2,2025,6
E05013704,12-14,weekday,2,2025,8
E05013704,14-16,weekday,2,2025,9
E05013704,16-18,weekday,2,2025,9
E05013704,18-20,weekday,2,2025,8
E05013704,20-22,weekday,2,2025,6
E05013704,06-08,weekend,1,2025,1
E05013704,08-10,weekend,1,2025,1
E05013704,10-12,weekend,1,2025,1
E05013704,12-14,weekend,1,2025,4
E05013704,14-16,weekend,1,2025,6
E05013704,16-18,weekend,1,2025,6
E05013704,18-20,weekend,1,2025,4
E05013704,20-22,weekend,1,2025,3
E05013704,06-08,weekend,2,2025,1
E05013704,08-10,weekend,2,2025,2
E05013704,10-12,weekend,2,2025,1
E05013704,12-14,weekend,2,2025,3
E05013704,14-16,weekend,2,2025,6
E05013704,16-18,weekend,2,2025,6
E05013704,18-20,weekend,2,2025,4
E05013704,20-22,weekend,2,2025,3
E05013705,06-08,weekday,1,2025,2
E05013705,08-10,weekday,1,2025,4
E05013705,10-12,weekday,1,2025,6
E05013705,12-14,weekday,1,2025,8
E05013705,14-16,weekday,1,2025,9
E05013705,16-18,weekday,1,2025,9
E05013705,18-20,weekday,1,2025,8
E05013705,20-22,weekday,1,2025,6
E05013705,06-08,weekday,2,2025,2
E05013705,08-10,weekday,2,2025,4
E05013705,10-12,weekday,2,2025,6
E05013705,12-14,weekday,2,2025,8
E05013705,14-16,weekday,2,2025,9
E05013705,16-18,weekday,2,2025,9
E05013705,18-20,weekday,2,2025,8
E05013705,20-22,weekday,2,2025,6
E05013705,06-08,weekend,1,2025,1
E05013705,08-10,weekend,1,2025,1
E05013705,10-12,weekend,1,2025,1
E05013705,12-14,weekend,1,2025,4
E05013705,14-16,weekend,1,2025,6
E05013705,16-18,weekend,1,2025,6
E05013705,18-20,weekend,1,2025,4
E05013705,20-22,weekend,1,2025,3
E05013705,06-08,weekend,2,2025,1
E05013705,08-10,weekend,2,2025,2
E05013705,10-12,weekend,2,2025,1
E05013705,12-14,weekend,2,2025,3
E05013705,14-16,weekend,2,2025,6
E05013705,16-18,weekend,2,2025,6
E05013705,18-20,weekend,2,2025,4
E05013705,20-22,weekend,2,2025,3
E05013706,06-08,weekday,1,2025,2
E05013706,08-10,weekday,1,2025,4
E05013706,10-12,weekday,1,2025,6
E05013706,12-14,weekday,1,2025,8
E05013706,14-16,weekday,1,2025,9
E05013706,16-18,weekday,1,2025,9
E05013706,18-20,weekday,1,2025,8
E05013706,20-22,weekday,1,2025,6
E05013706,06-08,weekday,2,2025,2
E05013706,08-10,weekday,2,2025,4
E05013706,10-12,weekday,2,2025,6
E05013706,12-14,weekday,2,2025,8
E05013706,14-16,weekday,2,2025,9
E05013706,16-18,weekday,2,2025,9
E05013706,18-20,weekday,2,2025,8
E05013706,20-22,weekday,2,2025,6
E05013706,06-08,weekend,1,2025,1
E05013706,08-10,weekend,1,2025,1
E05013706,10-12,weekend,1,2025,1
E05013706,12-14,weekend,1,2025,4
E05013706,14-16,weekend,1,2025,6
E05013706,16-18,weekend,1,2025,6
E05013706,18-20,weekend,1,2025,4
E05013706,20-22,weekend,1,2025,3
E05013706,06-08,weekend,2,2025,1
E05013706,08-10,weekend,2,2025,2
E05013706,10-12,weekend,2,2025,1
E05013706,12-14,weekend,2,2025,3
E05013706,14-16,weekend,2,2025,6
E05013706,16-18,weekend,2,2025,6
E05013706,18-20,weekend,2,2025,4
E05013706,20-22,weekend,2,2025,3
E05013707,06-08,weekday,1,2025,2
E05013707,08-10,weekday,1,2025,4
E05013707,10-12,weekday,1,2025,6
E05013707,12-14,weekday,1,2025,8
E05013707,14-16,weekday,1,2025,9
E05013707,16-18,weekday,1,2025,9
E05013707,18-20,weekday,1,2025,8
E05013707,20-22,weekday,1,2025,6
E05013707,06-08,weekday,2,2025,2
E05013707,08-10,weekday,2,2025,4
E05013707,10-12,weekday,2,2025,6
E05013707,12-14,weekday,2,2025,8
E05013707,14-16,weekday,2,2025,9
E05013707,16-18,weekday,2,2025,9
E05013707,18-20,weekday,2,2025,8
E05013707,20-22,weekday,2,2025,6
E05013707,06-08,weekend,1,2025,1
E05013707,08-10,weekend,1,2025,1
E05013707,10-12,weekend,1,2025,1
E05013707,12-14,weekend,1,2025,4
E05013707,14-16,weekend,1,2025,6
E05013707,16-18,weekend,1,2025,6
E05013707,18-20,weekend,1,2025,4
E05013707,20-22,weekend,1,2025,3
E05013707,06-08,weekend,2,2025,1
E05013707,08-10,weekend,2,2025,2
E05013707,10-12,weekend,2,2025,1
E05013707,12-14,weekend,2,2025,3
E05013707,14-16,weekend,2,2025,6
E05013707,16-18,weekend,2,2025,6
E05013707,18-20,weekend,2,2025,4
E05013707,20-22,weekend,2,2025,3
E05013708,06-08,weekday,1,2025,2
E05013708,08-10,weekday,1,2025,4
E05013708,10-12,weekday,1,2025,6
E05013708,12-14,weekday,1,2025,8
E05013708,14-16,weekday,1,2025,9
E05013708,16-18,weekday,1,2025,9
E05013708,18-20,weekday,1,2025,8
E05013708,20-22,weekday,1,2025,6
E05013708,06-08,weekday,2,2025,2
E05013708,08-10,weekday,2,2025,4
E05013708,10-12,weekday,2,2025,6
E05013708,12-14,weekday,2,2025,8
E05013708,14-16,weekday,2,2025,9
E05013708,16-18,weekday,2,2025,9
E05013708,18-20,weekday,2,2025,8
E05013708,20-22,weekday,2,2025,6
E05013708,06-08,weekend,1,2025,1
E05013708,08-10,weekend,1,2025,1
E05013708,10-12,weekend,1,2025,1
E05013708,12-14,weekend,1,2025,4
E05013708,14-16,weekend,1,2025,6
E05013708,16-18,weekend,1,2025,6
E05013708,18-20,weekend,1,2025,4
E05013708,20-22,weekend,1,2025,3
E05013708,06-08,weekend,2,2025,1
E05013708,08-10,weekend,2,2025,2
E05013708,10-12,weekend,2,2025,1
E05013708,12-14,weekend,2,2025,3
E05013708,14-16,weekend,2,2025,6
E05013708,16-18,weekend,2,2025,6
E05013708,18-20,weekend,2,2025,4
E05013708,20-22,weekend,2,2025,3
E05013709,06-08,weekday,1,2025,2
E05013709,08-10,weekday,1,2025,4
E05013709,10-12,weekday,1,2025,6
E05013709,12-14,weekday,1,2025,8
E05013709,14-16,weekday,1,2025,9
E05013709,16-18,weekday,1,2025,9
E05013709,18-20,weekday,1,2025,8
E05013709,20-22,weekday,1,2025,6
E05013709,06-08,weekday,2,2025,2
E05013709,08-10,weekday,2,2025,4
E05013709,10-12,weekday,2,2025,6
E05013709,12-14,weekday,2,2025,8
E05013709,14-16,weekday,2,2025,9
E05013709,16-18,weekday,2,2025,9
E05013709,18-20,weekday,2,2025,8
E05013709,20-22,weekday,2,2025,6
E05013709,06-08,weekend,1,2025,1
E05013709,08-10,weekend,1,2025,1
E05013709,10-12,weekend,1,2025,1
E05013709,12-14,weekend,1,2025,4
E05013709,14-16,weekend,1,2025,6
E05013709,16-18,weekend,1,2025,6
E05013709,18-20,weekend,1,2025,4
E05013709,20-22,weekend,1,2025,3
E05013709,06-08,weekend,2,2025,1
E05013709,08-10,weekend,2,2025,2
E05013709,10-12,weekend,2,2025,1
E05013709,12-14,weekend,2,2025,3
E05013709,14-16,weekend,2,2025,6
E05013709,16-18,weekend,2,2025,6
E05013709,18-20,weekend,2,2025,4
E05013709,20-22,weekend,2,2025,3
E05013710,06-08,weekday,1,2025,2
E05013710,08-10,weekday,1,2025,4
E05013710,10-12,weekday,1,2025,6
E05013710,12-14,weekday,1,2025,8
E05013710,14-16,weekday,1,2025,9
E05013710,16-18,weekday,1,2025,9
E05013710,18-20,weekday,1,2025,8
E05013710,20-22,weekday,1,2025,6
E05013710,06-08,weekday,2,2025,2
E05013710,08-10,weekday,2,2025,4
E05013710,10-12,weekday,2,2025,6
E05013710,12-14,weekday,2,2025,8
E05013710,14-16,weekday,2,2025,9
E05013710,16-18,weekday,2,2025,9
E05013710,18-20,weekday,2,2025,8
E05013710,20-22,weekday,2,2025,6
E05013710,06-08,weekend,1,2025,1
E05013710,08-10,weekend,1,2025,1
E05013710,10-12,weekend,1,2025,1
E05013710,12-14,weekend,1,2025,4
E05013710,14-16,weekend,1,2025,6
E05013710,16-18,weekend,1,2025,6
E05013710,18-20,weekend,1,2025,4
E05013710,20-22,weekend,1,2025,3
E05013710,06-08,weekend,2,2025,1
E05013710,08-10,weekend,2,2025,2
E05013710,10-12,weekend,2,2025,1
E05013710,12-14,weekend,2,2025,3
E05013710,14-16,weekend,2,2025,6
E05013710,16-18,weekend,2,2025,6
E05013710,18-20,weekend,2,2025,4
E05013710,20-22,weekend,2,2025,3
E05013711,06-08,weekday,1,2025,2
E05013711,08-10,weekday,1,2025,4
E05013711,10-12,weekday,1,2025,6
E05013711,12-14,weekday,1,2025,8
E05013711,14-16,weekday,1,2025,9
E05013711,16-18,weekday,1,2025,9
E05013711,18-20,weekday,1,2025,8
E05013711,20-22,weekday,1,2025,6
E05013711,06-08,weekday,2,2025,2
E05013711,08-10,weekday,2,2025,4
E05013711,10-12,weekday,2,2025,6
E05013711,12-14,weekday,2,2025,8
E05013711,14-16,weekday,2,2025,9
E05013711,16-18,weekday,2,2025,9
E05013711,18-20,weekday,2,2025,8
E05013711,20-22,weekday,2,2025,6
E05013711,06-08,weekend,1,2025,1
E05013711,08-10,weekend,1,2025,1
E05013711,10-12,weekend,1,2025,1
E05013711,12-14,weekend,1,2025,4
E05013711,14-16,weekend,1,2025,6
E05013711,16-18,weekend,1,2025,6
E05013711,18-20,weekend,1,2025,4
E05013711,20-22,weekend,1,2025,3
E05013711,06-08,weekend,2,2025,1
E05013711,08-10,weekend,2,2025,2
E05013711,10-12,weekend,2,2025,1
E05013711,12-14,weekend,2,2025,3
E05013711,14-16,weekend,2,2025,6
E05013711,16-18,weekend,2,2025,6
E05013711,18-20,weekend,2,2025,4
E05013711,20-22,weekend,2,2025,3
E05013712,06-08,weekday,1,2025,2
E05013712,08-10,weekday,1,2025,4
E05013712,10-12,weekday,1,2025,6
E05013712,12-14,weekday,1,2025,8
E05013712,14-16,weekday,1,2025,9
E05013712,16-18,weekday,1,2025,9
E05013712,18-20,weekday,1,2025,8
E05013712,20-22,weekday,1,2025,6
E05013712,06-08,weekday,2,2025,2
E05013712,08-10,weekday,2,2025,4
E05013712,10-12,weekday,2,2025,6
E05013712,12-14,weekday,2,2025,8
E05013712,14-16,weekday,2,2025,9
E05013712,16-18,weekday,2,2025,9
E05013712,18-20,weekday,2,2025,8
E05013712,20-22,weekday,2,2025,6
E05013712,06-08,weekend,1,2025,1
E05013712,08-10,weekend,1,2025,1
E05013712,10-12,weekend,1,2025,1
E05013712,12-14,weekend,1,2025,4
E05013712,14-16,weekend,1,2025,6
E05013712,16-18,weekend,1,2025,6
E05013712,18-20,weekend,1,2025,4
E05013712,20-22,weekend,1,2025,3
E05013712,06-08,weekend,2,2025,1
E05013712,08-10,weekend,2,2025,2
E05013712,10-12,weekend,2,2025,1
E05013712,12-14,weekend,2,2025,3
E05013712,14-16,weekend,2,2025,6
E05013712,16-18,weekend,2,2025,6
E05013712,18-20,weekend,2,2025,4
E05013712,20-22,weekend,2,2025,3
E05013713,06-08,weekday,1,2025,2
E05013713,08-10,weekday,1,2025,4
E05013713,10-12,weekday,1,2025,6
E05013713,12-14,weekday,1,2025,8
E05013713,14-16,weekday,1,2025,9
E05013713,16-18,weekday,1,2025,9
E05013713,18-20,weekday,1,2025,8
E05013713,20-22,weekday,1,2025,6
E05013713,06-08,weekday,2,2025,2
E05013713,08-10,weekday,2,2025,4
E05013713,10-12,weekday,2,2025,6
E05013713,12-14,weekday,2,2025,8
E05013713,14-16,weekday,2,2025,9
E05013713,16-18,weekday,2,2025,9
E05013713,18-20,weekday,2,2025,8
E05013713,20-22,weekday,2,2025,6
E05013713,06-08,weekend,1,2025,1
E05013713,08-10,weekend,1,2025,1
E05013713,10-12,weekend,1,2025,1
E05013713,12-14,weekend,1,2025,4
E05013713,14-16,weekend,1,2025,6
E05013713,16-18,weekend,1,2025,6
E05013713,18-20,weekend,1,2025,4
E05013713,20-22,weekend,1,2025,3
E05013713,06-08,weekend,2,2025,1
E05013713,08-10,weekend,2,2025,2
E05013713,10-12,weekend,2,2025,1
E05013713,12-14,weekend,2,2025,3
E05013713,14-16,weekend,2,2025,6
E05013713,16-18,weekend,2,2025,6
E05013713,18-20,weekend,2,2025,4
E05013713,20-22,weekend,2,2025,3
E05013714,06-08,weekday,1,2025,2
E05013714,08-10,weekday,1,2025,4
E05013714,10-12,weekday,1,2025,6
E05013714,12-14,weekday,1,2025,8
E05013714,14-16,weekday,1,2025,9
E05013714,16-18,weekday,1,2025,9
E05013714,18-20,weekday,1,2025,8
E05013714,20-22,weekday,1,2025,6
E05013714,06-08,weekday,2,2025,2
E05013714,08-10,weekday,2,2025,4
E05013714,10-12,weekday,2,2025,6
E05013714,12-14,weekday,2,2025,8
E05013714,14-16,weekday,2,2025,9
E05013714,16-18,weekday,2,2025,9
E05013714,18-20,weekday,2,2025,8
E05013714,20-22,weekday,2,2025,6
E05013714,06-08,weekend,1,2025,1
E05013714,08-10,weekend,1,2025,1
E05013714,10-12,weekend,1,2025,1
E05013714,12-14,weekend,1,2025,4
E05013714,14-16,weekend,1,2025,6
E05013714,16-18,weekend,1,2025,6
E05013714,18-20,weekend,1,2025,4
E05013714,20-22,weekend,1,2025,3
E05013714,06-08,weekend,2,2025,1
E05013714,08-10,weekend,2,2025,2
E05013714,10-12,weekend,2,2025,1
E05013714,12-14,weekend,2,2025,3
E05013714,14-16,weekend,2,2025,6
E05013714,16-18,weekend,2,2025,6
E05013714,18-20,weekend,2,2025,4
E05013714,20-22,weekend,2,2025,3
E05013715,06-08,weekday,1,2025,2
E05013715,08-10,weekday,1,2025,4
E05013715,10-12,weekday,1,2025,6
E05013715,12-14,weekday,1,2025,8
E05013715,14-16,weekday,1,2025,9
E05013715,16-18,weekday,1,2025,9
E05013715,18-20,weekday,1,2025,8
E05013715,20-22,weekday,1,2025,6
E05013715,06-08,weekday,2,2025,2
E05013715,08-10,weekday,2,2025,4
E05013715,10-12,weekday,2,2025,6
E05013715,12-14,weekday,2,2025,8
E05013715,14-16,weekday,2,2025,9
E05013715,16-18,weekday,2,2025,9
E05013715,18-20,weekday,2,2025,8
E05013715,20-22,weekday,2,2025,6
E05013715,06-08,weekend,1,2025,1
E05013715,08-10,weekend,1,2025,1
E05013715,10-12,weekend,1,2025,1
E05013715,12-14,weekend,1,2025,4
E05013715,14-16,weekend,1,2025,6
E05013715,16-18,weekend,1,2025,6
E05013715,18-20,weekend,1,2025,4
E05013715,20-22,weekend,1,2025,3
E05013715,06-08,weekend,2,2025,1
E05013715,08-10,weekend,2,2025,2
E05013715,10-12,weekend,2,2025,1
E05013715,12-14,weekend,2,2025,3
E05013715,14-16,weekend,2,2025,6
E05013715,16-18,weekend,2,2025,6
E05013715,18-20,weekend,2,2025,4
E05013715,20-22,weekend,2,2025,3
E05013716,06-08,weekday,1,2025,2
E05013716,08-10,weekday,1,2025,4
E05013716,10-12,weekday,1,2025,6
E05013716,12-14,weekday,1,2025,8
E05013716,14-16,weekday,1,2025,9
E05013716,16-18,weekday,1,2025,9
E05013716,18-20,weekday,1,2025,8
E05013716,20-22,weekday,1,2025,6
E05013716,06-08,weekday,2,2025,2
E05013716,08-10,weekday,2,2025,4
E05013716,10-12,weekday,2,2025,6
E05013716,12-14,weekday,2,2025,8
E05013716,14-16,weekday,2,2025,9
E05013716,16-18,weekday,2,2025,9
E05013716,18-20,weekday,2,2025,8
E05013716,20-22,weekday,2,2025,6
E05013716,06-08,weekend,1,2025,1
E05013716,08-10,weekend,1,2025,1
E05013716,10-12,weekend,1,2025,1
E05013716,12-14,weekend,1,2025,4
E05013716,14-16,weekend,1,2025,6
E05013716,16-18,weekend,1,2025,6
E05013716,18-20,weekend,1,2025,4
E05013716,20-22,weekend,1,2025,3
E05013716,06-08,weekend,2,2025,1
E05013716,08-10,weekend,2,2025,2
E05013716,10-12,weekend,2,2025,1
E05013716,12-14,weekend,2,2025,3
E05013716,14-16,weekend,2,2025,6
E05013716,16-18,weekend,2,2025,6
E05013716,18-20,weekend,2,2025,4
E05013716,20-22,weekend,2,2025,3
E05013717,06-08,weekday,1,2025,2
E05013717,08-10,weekday,1,2025,4
E05013717,10-12,weekday,1,2025,6
E05013717,12-14,weekday,1,2025,8
E05013717,14-16,weekday,1,2025,9
E05013717,16-18,weekday,1,2025,9
E05013717,18-20,weekday,1,2025,8
E05013717,20-22,weekday,1,2025,6
E05013717,06-08,weekday,2,2025,2
E05013717,08-10,weekday,2,2025,4
E05013717,10-12,weekday,2,2025,6
E05013717,12-14,weekday,2,2025,8
E05013717,14-16,weekday,2,2025,9
E05013717,16-18,weekday,2,2025,9
E05013717,18-20,weekday,2,2025,8
E05013717,20-22,weekday,2,2025,6
E05013717,06-08,weekend,1,2025,1
E05013717,08-10,weekend,1,2025,1
E05013717,10-12,weekend,1,2025,1
E05013717,12-14,weekend,1,2025,4
E05013717,14-16,weekend,1,2025,6
E05013717,16-18,weekend,1,2025,6
E05013717,18-20,weekend,1,2025,4
E05013717,20-22,weekend,1,2025,3
E05013717,06-08,weekend,2,2025,1
E05013717,08-10,weekend,2,2025,2
E05013717,10-12,weekend,2,2025,1
E05013717,12-14,weekend,2,2025,3
E05013717,14-16,weekend,2,2025,6
E05013717,16-18,weekend,2,2025,6
E05013717,18-20,weekend,2,2025,4
E05013717,20-22,weekend,2,2025,3
E05013718,06-08,weekday,1,2025,2
E05013718,08-10,weekday,1,2025,4
E05013718,10-12,weekday,1,2025,6
E05013718,12-14,weekday,1,2025,8
E05013718,14-16,weekday,1,2025,9
E05013718,16-18,weekday,1,2025,9
E05013718,18-20,weekday,1,2025,8
E05013718,20-22,weekday,1,2025,6
E05013718,06-08,weekday,2,2025,2
E05013718,08-10,weekday,2,2025,4
E05013718,10-12,weekday,2,2025,6
E05013718,12-14,weekday,2,2025,8
E05013718,14-16,weekday,2,2025,9
E05013718,16-18,weekday,2,2025,9
E05013718,18-20,weekday,2,2025,8
E05013718,20-22,weekday,2,2025,6
E05013718,06-08,weekend,1,2025,1
E05013718,08-10,weekend,1,2025,1
E05013718,10-12,weekend,1,2025,1
E05013718,12-14,weekend,1,2025,4
E05013718,14-16,weekend,1,2025,6
E05013718,16-18,weekend,1,2025,6
E05013718,18-20,weekend,1,2025,4
E05013718,20-22,weekend,1,2025,3
E05013718,06-08,weekend,2,2025,1
E05013718,08-10,weekend,2,2025,2
E05013718,10-12,weekend,2,2025,1
E05013718,12-14,weekend,2,2025,3
E05013718,14-16,weekend,2,2025,6
E05013718,16-18,weekend,2,2025,6
E05013718,18-20,weekend,2,2025,4
E05013718,20-22,weekend,2,2025,3
E05013719,06-08,weekday,1,2025,2
E05013719,08-10,weekday,1,2025,4
E05013719,10-12,weekday,1,2025,6
E05013719,12-14,weekday,1,2025,8
E05013719,14-16,weekday,1,2025,9
E05013719,16-18,weekday,1,2025,9
E05013719,18-20,weekday,1,2025,8
E05013719,20-22,weekday,1,2025,6
E05013719,06-08,weekday,2,2025,2
E05013719,08-10,weekday,2,2025,4
E05013719,10-12,weekday,2,2025,6
E05013719,12-14,weekday,2,2025,8
E05013719,14-16,weekday,2,2025,9
E05013719,16-18,weekday,2,2025,9
E05013719,18-20,weekday,2,2025,8
E05013719,20-22,weekday,2,2025,6
E05013719,06-08,weekend,1,2025,1
E05013719,08-10,weekend,1,2025,1
E05013719,10-12,weekend,1,2025,1
E05013719,12-14,weekend,1,2025,4
E05013719,14-16,weekend,1,2025,6
E05013719,16-18,weekend,1,2025,6
E05013719,18-20,weekend,1,2025,4
E05013719,20-22,weekend,1,2025,3
E05013719,06-08,weekend,2,2025,1
E05013719,08-10,weekend,2,2025,2
E05013719,10-12,weekend,2,2025,1
E05013719,12-14,weekend,2,2025,3
E05013719,14-16,weekend,2,2025,6
E05013719,16-18,weekend,2,2025,6
E05013719,18-20,weekend,2,2025,4
E05013719,20-22,weekend,2,2025,3
E05013720,06-08,weekday,1,2025,2
E05013720,08-10,weekday,1,2025,4
E05013720,10-12,weekday,1,2025,6
E05013720,12-14,weekday,1,2025,8
E05013720,14-16,weekday,1,2025,9
E05013720,16-18,weekday,1,2025,9
E05013720,18-20,weekday,1,2025,8
E05013720,20-22,weekday,1,2025,6
E05013720,06-08,weekday,2,2025,2
E05013720,08-10,weekday,2,2025,4
E05013720,10-12,weekday,2,2025,6
E05013720,12-14,weekday,2,2025,8
E05013720,14-16,weekday,2,2025,9
E05013720,16-18,weekday,2,2025,9
E05013720,18-20,weekday,2,2025,8
E05013720,20-22,weekday,2,2025,6
E05013720,06-08,weekend,1,2025,1
E05013720,08-10,weekend,1,2025,1
E05013720,10-12,weekend,1,2025,1
E05013720,12-14,weekend,1,2025,4
E05013720,14-16,weekend,1,2025,6
E05013720,16-18,weekend,1,2025,6
E05013720,18-20,weekend,1,2025,4
E05013720,20-22,weekend,1,2025,3
E05013720,06-08,weekend,2,2025,1
E05013720,08-10,weekend,2,2025,2
E05013720,10-12,weekend,2,2025,1
E05013720,12-14,weekend,2,2025,3
E05013720,14-16,weekend,2,2025,6
E05013720,16-18,weekend,2,2025,6
E05013720,18-20,weekend,2,2025,4
E05013720,20-22,weekend,2,2025,3
E05013721,06-08,weekday,1,2025,2
E05013721,08-10,weekday,1,2025,4
E05013721,10-12,weekday,1,2025,6
E05013721,12-14,weekday,1,2025,8
E05013721,14-16,weekday,1,2025,9
E05013721,16-18,weekday,1,2025,9
E05013721,18-20,weekday,1,2025,8
E05013721,20-22,weekday,1,2025,6
E05013721,06-08,weekday,2,2025,2
E05013721,08-10,weekday,2,2025,4
E05013721,10-12,weekday,2,2025,6
E05013721,12-14,weekday,2,2025,8
E05013721,14-16,weekday,2,2025,9
E05013721,16-18,weekday,2,2025,9
E05013721,18-20,weekday,2,2025,8
E05013721,20-22,weekday,2,2025,6
E05013721,06-08,weekend,1,2025,1
E05013721,08-10,weekend,1,2025,1
E05013721,10-12,weekend,1,2025,1
E05013721,12-14,weekend,1,2025,4
E05013721,14-16,weekend,1,2025,6
E05013721,16-18,weekend,1,2025,6
E05013721,18-20,weekend,1,2025,4
E05013721,20-22,weekend,1,2025,3
E05013721,06-08,weekend,2,2025,1
E05013721,08-10,weekend,2,2025,2
E05013721,10-12,weekend,2,2025,1
E05013721,12-14,weekend,2,2025,3
E05013721,14-16,weekend,2,2025,6
E05013721,16-18,weekend,2,2025,6
E05013721,18-20,weekend,2,2025,4
E05013721,20-22,weekend,2,2025,3
E05013722,06-08,weekday,1,2025,2
E05013722,08-10,weekday,1,2025,4
E05013722,10-12,weekday,1,2025,6
E05013722,12-14,weekday,1,2025,8
E05013722,14-16,weekday,1,2025,9
E05013722,16-18,weekday,1,2025,9
E05013722,18-20,weekday,1,2025,8
E05013722,20-22,weekday,1,2025,6
E05013722,06-08,weekday,2,2025,2
E05013722,08-10,weekday,2,2025,4
E05013722,10-12,weekday,2,2025,6
E05013722,12-14,weekday,2,2025,8
E05013722,14-16,weekday,2,2025,9
E05013722,16-18,weekday,2,2025,9
E05013722,18-20,weekday,2,2025,8
E05013722,20-22,weekday,2,2025,6
E05013722,06-08,weekend,1,2025,1
E05013722,08-10,weekend,1,2025,1
E05013722,10-12,weekend,1,2025,1
E05013722,12-14,weekend,1,2025,4
E05013722,14-16,weekend,1,2025,6
E05013722,16-18,weekend,1,2025,6
E05013722,18-20,weekend,1,2025,4
E05013722,20-22,weekend,1,2025,3
E05013722,06-08,weekend,2,2025,1
E05013722,08-10,weekend,2,2025,2
E05013722,10-12,weekend,2,2025,1
E05013722,12-14,weekend,2,2025,3
E05013722,14-16,weekend,2,2025,6
E05013722,16-18,weekend,2,2025,6
E05013722,18-20,weekend,2,2025,4
E05013722,20-22,weekend,2,2025,3
E05013723,06-08,weekday,1,2025,2
E05013723,08-10,weekday,1,2025,4
E05013723,10-12,weekday,1,2025,6
E05013723,12-14,weekday,1,2025,8
E05013723,14-16,weekday,1,2025,9
E05013723,16-18,weekday,1,2025,9
E05013723,18-20,weekday,1,2025,8
E05013723,20-22,weekday,1,2025,6
E05013723,06-08,weekday,2,2025,2
E05013723,08-10,weekday,2,2025,4
E05013723,10-12,weekday,2,2025,6
E05013723,12-14,weekday,2,2025,8
E05013723,14-16,weekday,2,2025,9
E05013723,16-18,weekday,2,2025,9
E05013723,18-20,weekday,2,2025,8
E05013723,20-22,weekday,2,2025,6
E05013723,06-08,weekend,1,2025,1
E05013723,08-10,weekend,1,2025,1
E05013723,10-12,weekend,1,2025,1
E05013723,12-14,weekend,1,2025,4
E05013723,14-16,weekend,1,2025,6
E05013723,16-18,weekend,1,2025,6
E05013723,18-20,weekend,1,2025,4
E05013723,20-22,weekend,1,2025,3
E05013723,06-08,weekend,2,2025,1
E05013723,08-10,weekend,2,2025,2
E05013723,10-12,weekend,2,2025,1
E05013723,12-14,weekend,2,2025,3
E05013723,14-16,weekend,2,2025,6
E05013723,16-18,weekend,2,2025,6
E05013723,18-20,weekend,2,2025,4
E05013723,20-22,weekend,2,2025,3
E05013724,06-08,weekday,1,2025,2
E05013724,08-10,weekday,1,2025,4
E05013724,10-12,weekday,1,2025,6
E05013724,12-14,weekday,1,2025,8
E05013724,14-16,weekday,1,2025,9
E05013724,16-18,weekday,1,2025,9
E05013724,18-20,weekday,1,2025,8
E05013724,20-22,weekday,1,2025,6
E05013724,06-08,weekday,2,2025,2
E05013724,08-10,weekday,2,2025,4
E05013724,10-12,weekday,2,2025,6
E05013724,12-14,weekday,2,2025,8
E05013724,14-16,weekday,2,2025,9
E05013724,16-18,weekday,2,2025,9
E05013724,18-20,weekday,2,2025,8
E05013724,20-22,weekday,2,2025,6
E05013724,06-08,weekend,1,2025,1
E05013724,08-10,weekend,1,2025,1
E05013724,10-12,weekend,1,2025,1
E05013724,12-14,weekend,1,2025,4
E05013724,14-16,weekend,1,2025,6
E05013724,16-18,weekend,1,2025,6
E05013724,18-20,weekend,1,2025,4
E05013724,20-22,weekend,1,2025,3
E05013724,06-08,weekend,2,2025,1
E05013724,08-10,weekend,2,2025,2
E05013724,10-12,weekend,2,2025,1
E05013724,12-14,weekend,2,2025,3
E05013724,14-16,weekend,2,2025,6
E05013724,16-18,weekend,2,2025,6
E05013724,18-20,weekend,2,2025,4
E05013724,20-22,weekend,2,2025,3
E05013725,06-08,weekday,1,2025,2
E05013725,08-10,weekday,1,2025,4
E05013725,10-12,weekday,1,2025,6
E05013725,12-14,weekday,1,2025,8
E05013725,14-16,weekday,1,2025,9
E05013725,16-18,weekday,1,2025,9
E05013725,18-20,weekday,1,2025,8
E05013725,20-22,weekday,1,2025,6
E05013725,06-08,weekday,2,2025,2
E05013725,08-10,weekday,2,2025,4
E05013725,10-12,weekday,2,2025,6
E05013725,12-14,weekday,2,2025,8
E05013725,14-16,weekday,2,2025,9
E05013725,16-18,weekday,2,2025,9
E05013725,18-20,weekday,2,2025,8
E05013725,20-22,weekday,2,2025,6
E05013725,06-08,weekend,1,2025,1
E05013725,08-10,weekend,1,2025,1
E05013725,10-12,weekend,1,2025,1
E05013725,12-14,weekend,1,2025,4
E05013725,14-16,weekend,1,2025,6
E05013725,16-18,weekend,1,2025,6
E05013725,18-20,weekend,1,2025,4
E05013725,20-22,weekend,1,2025,3
E05013725,06-08,weekend,2,2025,1
E05013725,08-10,weekend,2,2025,2
E05013725,10-12,weekend,2,2025,1
E05013725,12-14,weekend,2,2025,3
E05013725,14-16,weekend,2,2025,6
E05013725,16-18,weekend,2,2025,6
E05013725,18-20,weekend,2,2025,4
E05013725,20-22,weekend,2,2025,3
E05013726,06-08,weekday,1,2025,2
E05013726,08-10,weekday,1,2025,4
E05013726,10-12,weekday,1,2025,6
E05013726,12-14,weekday,1,2025,8
E05013726,14-16,weekday,1,2025,9
E05013726,16-18,weekday,1,2025,9
E05013726,18-20,weekday,1,2025,8
E05013726,20-22,weekday,1,2025,6
E05013726,06-08,weekday,2,2025,2
E05013726,08-10,weekday,2,2025,4
E05013726,10-12,weekday,2,2025,6
E05013726,12-14,weekday,2,2025,8
E05013726,14-16,weekday,2,2025,9
E05013726,16-18,weekday,2,2025,9
E05013726,18-20,weekday,2,2025,8
E05013726,20-22,weekday,2,2025,6
E05013726,06-08,weekend,1,2025,1
E05013726,08-10,weekend,1,2025,1
E05013726,10-12,weekend,1,2025,1
E05013726,12-14,weekend,1,2025,4
E05013726,14-16,weekend,1,2025,6
E05013726,16-18,weekend,1,2025,6
E05013726,18-20,weekend,1,2025,4
E05013726,20-22,weekend,1,2025,3
E05013726,06-08,weekend,2,2025,1
E05013726,08-10,weekend,2,2025,2
E05013726,10-12,weekend,2,2025,1
E05013726,12-14,weekend,2,2025,3
E05013726,14-16,weekend,2,2025,6
E05013726,16-18,weekend,2,2025,6
E05013726,18-20,weekend,2,2025,4
E05013726,20-22,weekend,2,2025,3
E05013727,06-08,weekday,1,2025,2
E05013727,08-10,weekday,1,2025,4
E05013727,10-12,weekday,1,2025,6
E05013727,12-14,weekday,1,2025,8
E05013727,14-16,weekday,1,2025,9
E05013727,16-18,weekday,1,2025,9
E05013727,18-20,weekday,1,2025,8
E05013727,20-22,weekday,1,2025,6
E05013727,06-08,weekday,2,2025,2
E05013727,08-10,weekday,2,2025,4
E05013727,10-12,weekday,2,2025,6
E05013727,12-14,weekday,2,2025,8
E05013727,14-16,weekday,2,2025,9
E05013727,16-18,weekday,2,2025,9
E05013727,18-20,weekday,2,2025,8
E05013727,20-22,weekday,2,2025,6
E05013727,06-08,weekend,1,2025,1
E05013727,08-10,weekend,1,2025,1
E05013727,10-12,weekend,1,2025,1
E05013727,12-14,weekend,1,2025,4
E05013727,14-16,weekend,1,2025,6
E05013727,16-18,weekend,1,2025,6
E05013727,18-20,weekend,1,2025,4
E05013727,20-22,weekend,1,2025,3
E05013727,06-08,weekend,2,2025,1
E05013727,08-10,weekend,2,2025,2
E05013727,10-12,weekend,2,2025,1
E05013727,12-14,weekend,2,2025,3
E05013727,14-16,weekend,2,2025,6
E05013727,16-18,weekend,2,2025,6
E05013727,18-20,weekend,2,2025,4
E05013727,20-22,weekend,2,2025,3
E05013728,06-08,weekday,1,2025,2
E05013728,08-10,weekday,1,2025,4
E05013728,10-12,weekday,1,2025,6
E05013728,12-14,weekday,1,2025,8
E05013728,14-16,weekday,1,2025,9
E05013728,16-18,weekday,1,2025,9
E05013728,18-20,weekday,1,2025,8
E05013728,20-22,weekday,1,2025,6
E05013728,06-08,weekday,2,2025,2
E05013728,08-10,weekday,2,2025,4
E05013728,10-12,weekday,2,2025,6
E05013728,12-14,weekday,2,2025,8
E05013728,14-16,weekday,2,2025,9
E05013728,16-18,weekday,2,2025,9
E05013728,18-20,weekday,2,2025,8
E05013728,20-22,weekday,2,2025,6
E05013728,06-08,weekend,1,2025,1
E05013728,08-10,weekend,1,2025,1
E05013728,10-12,weekend,1,2025,1
E05013728,12-14,weekend,1,2025,4
E05013728,14-16,weekend,1,2025,6
E05013728,16-18,weekend,1,2025,6
E05013728,18-20,weekend,1,2025,4
E05013728,20-22,weekend,1,2025,3
E05013728,06-08,weekend,2,2025,1
E05013728,08-10,weekend,2,2025,2
E05013728,10-12,weekend,2,2025,1
E05013728,12-14,weekend,2,2025,3
E05013728,14-16,weekend,2,2025,6
E05013728,16-18,weekend,2,2025,6
E05013728,18-20,weekend,2,2025,4
E05013728,20-22,weekend,2,2025,3
E05013729,06-08,weekday,1,2025,2
E05013729,08-10,weekday,1,2025,4
E05013729,10-12,weekday,1,2025,6
E05013729,12-14,weekday,1,2025,8
E05013729,14-16,weekday,1,2025,9
E05013729,16-18,weekday,1,2025,9
E05013729,18-20,weekday,1,2025,8
E05013729,20-22,weekday,1,2025,6
E05013729,06-08,weekday,2,2025,2
E05013729,08-10,weekday,2,2025,4
E05013729,10-12,weekday,2,2025,6
E05013729,12-14,weekday,2,2025,8
E05013729,14-16,weekday,2,2025,9
E05013729,16-18,weekday,2,2025,9
E05013729,18-20,weekday,2,2025,8
E05013729,20-22,weekday,2,2025,6
E05013729,06-08,weekend,1,2025,1
E05013729,08-10,weekend,1,2025,1
E05013729,10-12,weekend,1,2025,1
E05013729,12-14,weekend,1,2025,4
E05013729,14-16,weekend,1,2025,6
E05013729,16-18,weekend,1,2025,6
E05013729,18-20,weekend,1,2025,4
E05013729,20-22,weekend,1,2025,3
E05013729,06-08,weekend,2,2025,1
E05013729,08-10,weekend,2,2025,2
E05013729,10-12,weekend,2,2025,1
E05013729,12-14,weekend,2,2025,3
E05013729,14-16,weekend,2,2025,6
E05013729,16-18,weekend,2,2025,6
E05013729,18-20,weekend,2,2025,4
E05013729,20-22,weekend,2,2025,3
E05013730,06-08,weekday,1,2025,2
E05013730,08-10,weekday,1,2025,4
E05013730,10-12,weekday,1,2025,6
E05013730,12-14,weekday,1,2025,8
E05013730,14-16,weekday,1,2025,9
E05013730,16-18,weekday,1,2025,9
E05013730,18-20,weekday,1,2025,8
E05013730,20-22,weekday,1,2025,6
E05013730,06-08,weekday,2,2025,2
E05013730,08-10,weekday,2,2025,4
E05013730,10-12,weekday,2,2025,6
E05013730,12-14,weekday,2,2025,8
E05013730,14-16,weekday,2,2025,9
E05013730,16-18,weekday,2,2025,9
E05013730,18-20,weekday,2,2025,8
E05013730,20-22,weekday,2,2025,6
E05013730,06-08,weekend,1,2025,1
E05013730,08-10,weekend,1,2025,1
E05013730,10-12,weekend,1,2025,1
E05013730,12-14,weekend,1,2025,4
E05013730,14-16,weekend,1,2025,6
E05013730,16-18,weekend,1,2025,6
E05013730,18-20,weekend,1,2025,4
E05013730,20-22,weekend,1,2025,3
E05013730,06-08,weekend,2,2025,1
E05013730,08-10,weekend,2,2025,2
E05013730,10-12,weekend,2,2025,1
E05013730,12-14,weekend,2,2025,3
E05013730,14-16,weekend,2,2025,6
E05013730,16-18,weekend,2,2025,6
E05013730,18-20,weekend,2,2025,4
E05013730,20-22,weekend,2,2025,3
E05013731,06-08,weekday,1,2025,2
E05013731,08-10,weekday,1,2025,4
E05013731,10-12,weekday,1,2025,6
E05013731,12-14,weekday,1,2025,8
E05013731,14-16,weekday,1,2025,9
E05013731,16-18,weekday,1,2025,9
E05013731,18-20,weekday,1,2025,8
E05013731,20-22,weekday,1,2025,6
E05013731,06-08,weekday,2,2025,2
E05013731,08-10,weekday,2,2025,4
E05013731,10-12,weekday,2,2025,6
E05013731,12-14,weekday,2,2025,8
E05013731,14-16,weekday,2,2025,9
E05013731,16-18,weekday,2,2025,9
E05013731,18-20,weekday,2,2025,8
E05013731,20-22,weekday,2,2025,6
E05013731,06-08,weekend,1,2025,1
E05013731,08-10,weekend,1,2025,1
E05013731,10-12,weekend,1,2025,1
E05013731,12-14,weekend,1,2025,4
E05013731,14-16,weekend,1,2025,6
E05013731,16-18,weekend,1,2025,6
E05013731,18-20,weekend,1,2025,4
E05013731,20-22,weekend,1,2025,3
E05013731,06-08,weekend,2,2025,1
E05013731,08-10,weekend,2,2025,2
E05013731,10-12,weekend,2,2025,1
E05013731,12-14,weekend,2,2025,3
E05013731,14-16,weekend,2,2025,6
E05013731,16-18,weekend,2,2025,6
E05013731,18-20,weekend,2,2025,4
E05013731,20-22,weekend,2,2025,3
E05013732,06-08,weekday,1,2025,2
E05013732,08-10,weekday,1,2025,4
E05013732,10-12,weekday,1,2025,6
E05013732,12-14,weekday,1,2025,8
E05013732,14-16,weekday,1,2025,9
E05013732,16-18,weekday,1,2025,9
E05013732,18-20,weekday,1,2025,8
E05013732,20-22,weekday,1,2025,6
E05013732,06-08,weekday,2,2025,2
E05013732,08-10,weekday,2,2025,4
E05013732,10-12,weekday,2,2025,6
E05013732,12-14,weekday,2,2025,8
E05013732,14-16,weekday,2,2025,9
E05013732,16-18,weekday,2,2025,9
E05013732,18-20,weekday,2,2025,8
E05013732,20-22,weekday,2,2025,6
E05013732,06-08,weekend,1,2025,1
E05013732,08-10,weekend,1,2025,1
E05013732,10-12,weekend,1,2025,1
E05013732,12-14,weekend,1,2025,4
E05013732,14-16,weekend,1,2025,6
E05013732,16-18,weekend,1,2025,6
E05013732,18-20,weekend,1,2025,4
E05013732,20-22,weekend,1,2025,3
E05013732,06-08,weekend,2,2025,1
E05013732,08-10,weekend,2,2025,2
E05013732,10-12,weekend,2,2025,1
E05013732,12-14,weekend,2,2025,3
E05013732,14-16,weekend,2,2025,6
E05013732,16-18,weekend,2,2025,6
E05013732,18-20,weekend,2,2025,4
E05013732,20-22,weekend,2,2025,3
E05013733,06-08,weekday,1,2025,2
E05013733,08-10,weekday,1,2025,4
E05013733,10-12,weekday,1,2025,6
E05013733,12-14,weekday,1,2025,8
E05013733,14-16,weekday,1,2025,9
E05013733,16-18,weekday,1,2025,9
E05013733,18-20,weekday,1,2025,8
E05013733,20-22,weekday,1,2025,6
E05013733,06-08,weekday,2,2025,2
E05013733,08-10,weekday,2,2025,4
E05013733,10-12,weekday,2,2025,6
E05013733,12-14,weekday,2,2025,8
E05013733,14-16,weekday,2,2025,9
E05013733,16-18,weekday,2,2025,9
E05013733,18-20,weekday,2,2025,8
E05013733,20-22,weekday,2,2025,6
E05013733,06-08,weekend,1,2025,1
E05013733,08-10,weekend,1,2025,1
E05013733,10-12,weekend,1,2025,1
E05013733,12-14,weekend,1,2025,4
E05013733,14-16,weekend,1,2025,6
E05013733,16-18,weekend,1,2025,6
E05013733,18-20,weekend,1,2025,4
E05013733,20-22,weekend,1,2025,3
E05013733,06-08,weekend,2,2025,1
E05013733,08-10,weekend,2,2025,2
E05013733,10-12,weekend,2,2025,1
E05013733,12-14,weekend,2,2025,3
E05013733,14-16,weekend,2,2025,6
E05013733,16-18,weekend,2,2025,6
E05013733,18-20,weekend,2,2025,4
E05013733,20-22,weekend,2,2025,3
E05013734,06-08,weekday,1,2025,2
E05013734,08-10,weekday,1,2025,4
E05013734,10-12,weekday,1,2025,6
E05013734,12-14,weekday,1,2025,8
E05013734,14-16,weekday,1,2025,9
E05013734,16-18,weekday,1,2025,9
E05013734,18-20,weekday,1,2025,8
E05013734,20-22,weekday,1,2025,6
E05013734,06-08,weekday,2,2025,2
E05013734,08-10,weekday,2,2025,4
E05013734,10-12,weekday,2,2025,6
E05013734,12-14,weekday,2,2025,8
E05013734,14-16,weekday,2,2025,9
E05013734,16-18,weekday,2,2025,9
E05013734,18-20,weekday,2,2025,8
E05013734,20-22,weekday,2,2025,6
E05013734,06-08,weekend,1,2025,1
E05013734,08-10,weekend,1,2025,1
E05013734,10-12,weekend,1,2025,1
E05013734,12-14,weekend,1,2025,4
E05013734,14-16,weekend,1,2025,6
E05013734,16-18,weekend,1,2025,6
E05013734,18-20,weekend,1,2025,4
E05013734,20-22,weekend,1,2025,3
E05013734,06-08,weekend,2,2025,1
E05013734,08-10,weekend,2,2025,2
E05013734,10-12,weekend,2,2025,1
E05013734,12-14,weekend,2,2025,3
E05013734,14-16,weekend,2,2025,6
E05013734,16-18,weekend,2,2025,6
E05013734,18-20,weekend,2,2025,4
E05013734,20-22,weekend,2,2025,3
E05013735,06-08,weekday,1,2025,2
E05013735,08-10,weekday,1,2025,4
E05013735,10-12,weekday,1,2025,6
E05013735,12-14,weekday,1,2025,8
E05013735,14-16,weekday,1,2025,9
E05013735,16-18,weekday,1,2025,9
E05013735,18-20,weekday,1,2025,8
E05013735,20-22,weekday,1,2025,6
E05013735,06-08,weekday,2,2025,2
E05013735,08-10,weekday,2,2025,4
E05013735,10-12,weekday,2,2025,6
E05013735,12-14,weekday,2,2025,8
E05013735,14-16,weekday,2,2025,9
E05013735,16-18,weekday,2,2025,9
E05013735,18-20,weekday,2,2025,8
E05013735,20-22,weekday,2,2025,6
E05013735,06-08,weekend,1,2025,1
E05013735,08-10,weekend,1,2025,1
E05013735,10-12,weekend,1,2025,1
E05013735,12-14,weekend,1,2025,4
E05013735,14-16,weekend,1,2025,6
E05013735,16-18,weekend,1,2025,6
E05013735,18-20,weekend,1,2025,4
E05013735,20-22,weekend,1,2025,3
E05013735,06-08,weekend,2,2025,1
E05013735,08-10,weekend,2,2025,2
E05013735,10-12,weekend,2,2025,1
E05013735,12-14,weekend,2,2025,3
E05013735,14-16,weekend,2,2025,6
E05013735,16-18,weekend,2,2025,6
E05013735,18-20,weekend,2,2025,4
E05013735,20-22,weekend,2,2025,3
E05013736,06-08,weekday,1,2025,2
E05013736,08-10,weekday,1,2025,4
E05013736,10-12,weekday,1,2025,6
E05013736,12-14,weekday,1,2025,8
E05013736,14-16,weekday,1,2025,9
E05013736,16-18,weekday,1,2025,9
E05013736,18-20,weekday,1,2025,8
E05013736,20-22,weekday,1,2025,6
E05013736,06-08,weekday,2,2025,2
E05013736,08-10,weekday,2,2025,4
E05013736,10-12,weekday,2,2025,6
E05013736,12-14,weekday,2,2025,8
E05013736,14-16,weekday,2,2025,9
E05013736,16-18,weekday,2,2025,9
E05013736,18-20,weekday,2,2025,8
E05013736,20-22,weekday,2,2025,6
E05013736,06-08,weekend,1,2025,1
E05013736,08-10,weekend,1,2025,1
E05013736,10-12,weekend,1,2025,1
E05013736,12-14,weekend,1,2025,4
E05013736,14-16,weekend,1,2025,6
E05013736,16-18,weekend,1,2025,6
E05013736,18-20,weekend,1,2025,4
E05013736,20-22,weekend,1,2025,3
E05013736,06-08,weekend,2,2025,1
E05013736,08-10,weekend,2,2025,2
E05013736,10-12,weekend,2,2025,1
E05013736,12-14,weekend,2,2025,3
E05013736,14-16,weekend,2,2025,6
E05013736,16-18,weekend,2,2025,6
E05013736,18-20,weekend,2,2025,4
E05013736,20-22,weekend,2,2025,3
E05013737,06-08,weekday,1,2025,2
E05013737,08-10,weekday,1,2025,4
E05013737,10-12,weekday,1,2025,6
E05013737,12-14,weekday,1,2025,8
E05013737,14-16,weekday,1,2025,9
E05013737,16-18,weekday,1,2025,9
E05013737,18-20,weekday,1,2025,8
E05013737,20-22,weekday,1,2025,6
E05013737,06-08,weekday,2,2025,2
E05013737,08-10,weekday,2,2025,4
E05013737,10-12,weekday,2,2025,6
E05013737,12-14,weekday,2,2025,8
E05013737,14-16,weekday,2,2025,9
E05013737,16-18,weekday,2,2025,9
E05013737,18-20,weekday,2,2025,8
E05013737,20-22,weekday,2,2025,6
E05013737,06-08,weekend,1,2025,1
E05013737,08-10,weekend,1,2025,1
E05013737,10-12,weekend,1,2025,1
E05013737,12-14,weekend,1,2025,4
E05013737,14-16,weekend,1,2025,6
E05013737,16-18,weekend,1,2025,6
E05013737,18-20,weekend,1,2025,4
E05013737,20-22,weekend,1,2025,3
E05013737,06-08,weekend,2,2025,1
E05013737,08-10,weekend,2,2025,2
E05013737,10-12,weekend,2,2025,1
E05013737,12-14,weekend,2,2025,3
E05013737,14-16,weekend,2,2025,6
E05013737,16-18,weekend,2,2025,6
E05013737,18-20,weekend,2,2025,4
E05013737,20-22,weekend,2,2025,3
E05013738,06-08,weekday,1,2025,2
E05013738,08-10,weekday,1,2025,4
E05013738,10-12,weekday,1,2025,6
E05013738,12-14,weekday,1,2025,8
E05013738,14-16,weekday,1,2025,9
E05013738,16-18,weekday,1,2025,9
E05013738,18-20,weekday,1,2025,8
E05013738,20-22,weekday,1,2025,6
E05013738,06-08,weekday,2,2025,2
E05013738,08-10,weekday,2,2025,4
E05013738,10-12,weekday,2,2025,6
E05013738,12-14,weekday,2,2025,8
E05013738,14-16,weekday,2,2025,9
E05013738,16-18,weekday,2,2025,9
E05013738,18-20,weekday,2,2025,8
E05013738,20-22,weekday,2,2025,6
E05013738,06-08,weekend,1,2025,1
E05013738,08-10,weekend,1,2025,1
E05013738,10-12,weekend,1,2025,1
E05013738,12-14,weekend,1,2025,4
E05013738,14-16,weekend,1,2025,6
E05013738,16-18,weekend,1,2025,6
E05013738,18-20,weekend,1,2025,4
E05013738,20-22,weekend,1,2025,3
E05013738,06-08,weekend,2,2025,1
E05013738,08-10,weekend,2,2025,2
E05013738,10-12,weekend,2,2025,1
E05013738,12-14,weekend,2,2025,3
E05013738,14-16,weekend,2,2025,6
E05013738,16-18,weekend,2,2025,6
E05013738,18-20,weekend,2,2025,4
E05013738,20-22,weekend,2,2025,3
E05013739,06-08,weekday,1,2025,2
E05013739,08-10,weekday,1,2025,4
E05013739,10-12,weekday,1,2025,6
E05013739,12-14,weekday,1,2025,8
E05013739,14-16,weekday,1,2025,9
E05013739,16-18,weekday,1,2025,9
E05013739,18-20,weekday,1,2025,8
E05013739,20-22,weekday,1,2025,6
E05013739,06-08,weekday,2,2025,2
E05013739,08-10,weekday,2,2025,4
E05013739,10-12,weekday,2,2025,6
E05013739,12-14,weekday,2,2025,8
E05013739,14-16,weekday,2,2025,9
E05013739,16-18,weekday,2,2025,9
E05013739,18-20,weekday,2,2025,8
E05013739,20-22,weekday,2,2025,6
E05013739,06-08,weekend,1,2025,1
E05013739,08-10,weekend,1,2025,1
E05013739,10-12,weekend,1,2025,1
E05013739,12-14,weekend,1,2025,4
E05013739,14-16,weekend,1,2025,6
E05013739,16-18,weekend,1,2025,6
E05013739,18-20,weekend,1,2025,4
E05013739,20-22,weekend,1,2025,3
E05013739,06-08,weekend,2,2025,1
E05013739,08-10,weekend,2,2025,2
E05013739,10-12,weekend,2,2025,1
E05013739,12-14,weekend,2,2025,3
E05013739,14-16,weekend,2,2025,6
E05013739,16-18,weekend,2,2025,6
E05013739,18-20,weekend,2,2025,4
E05013739,20-22,weekend,2,2025,3
E05013740,06-08,weekday,1,2025,2
E05013740,08-10,weekday,1,2025,4
E05013740,10-12,weekday,1,2025,6
E05013740,12-14,weekday,1,2025,8
E05013740,14-16,weekday,1,2025,9
E05013740,16-18,weekday,1,2025,9
E05013740,18-20,weekday,1,2025,8
E05013740,20-22,weekday,1,2025,6
E05013740,06-08,weekday,2,2025,2
E05013740,08-10,weekday,2,2025,4
E05013740,10-12,weekday,2,2025,6
E05013740,12-14,weekday,2,2025,8
E05013740,14-16,weekday,2,2025,9
E05013740,16-18,weekday,2,2025,9
E05013740,18-20,weekday,2,2025,8
E05013740,20-22,weekday,2,2025,6
E05013740,06-08,weekend,1,2025,1
E05013740,08-10,weekend,1,2025,1
E05013740,10-12,weekend,1,2025,1
E05013740,12-14,weekend,1,2025,4
E05013740,14-16,weekend,1,2025,6
E05013740,16-18,weekend,1,2025,6
E05013740,18-20,weekend,1,2025,4
E05013740,20-22,weekend,1,2025,3
E05013740,06-08,weekend,2,2025,1
E05013740,08-10,weekend,2,2025,2
E05013740,10-12,weekend,2,2025,1
E05013740,12-14,weekend,2,2025,3
E05013740,14-16,weekend,2,2025,6
E05013740,16-18,weekend,2,2025,6
E05013740,18-20,weekend,2,2025,4
E05013740,20-22,weekend,2,2025,3
E05013741,06-08,weekday,1,2025,2
E05013741,08-10,weekday,1,2025,4
E05013741,10-12,weekday,1,2025,6
E05013741,12-14,weekday,1,2025,8
E05013741,14-16,weekday,1,2025,9
E05013741,16-18,weekday,1,2025,9
E05013741,18-20,weekday,1,2025,8
E05013741,20-22,weekday,1,2025,6
E05013741,06-08,weekday,2,2025,2
E05013741,08-10,weekday,2,2025,4
E05013741,10-12,weekday,2,2025,6
E05013741,12-14,weekday,2,2025,8
E05013741,14-16,weekday,2,2025,9
E05013741,16-18,weekday,2,2025,9
E05013741,18-20,weekday,2,2025,8
E05013741,20-22,weekday,2,2025,6
E05013741,06-08,weekend,1,2025,1
E05013741,08-10,weekend,1,2025,1
E05013741,10-12,weekend,1,2025,1
E05013741,12-14,weekend,1,2025,4
E05013741,14-16,weekend,1,2025,6
E05013741,16-18,weekend,1,2025,6
E05013741,18-20,weekend,1,2025,4
E05013741,20-22,weekend,1,2025,3
E05013741,06-08,weekend,2,2025,1
E05013741,08-10,weekend,2,2025,2
E05013741,10-12,weekend,2,2025,1
E05013741,12-14,weekend,2,2025,3
E05013741,14-16,weekend,2,2025,6
E05013741,16-18,weekend,2,2025,6
E05013741,18-20,weekend,2,2025,4
E05013741,20-22,weekend,2,2025,3
E05013742,06-08,weekday,1,2025,2
E05013742,08-10,weekday,1,2025,4
E05013742,10-12,weekday,1,2025,6
E05013742,12-14,weekday,1,2025,8
E05013742,14-16,weekday,1,2025,9
E05013742,16-18,weekday,1,2025,9
E05013742,18-20,weekday,1,2025,8
E05013742,20-22,weekday,1,2025,6
E05013742,06-08,weekday,2,2025,2
E05013742,08-10,weekday,2,2025,4
E05013742,10-12,weekday,2,2025,6
E05013742,12-14,weekday,2,2025,8
E05013742,14-16,weekday,2,2025,9
E05013742,16-18,weekday,2,2025,9
E05013742,18-20,weekday,2,2025,8
E05013742,20-22,weekday,2,2025,6
E05013742,06-08,weekend,1,2025,1
E05013742,08-10,weekend,1,2025,1
E05013742,10-12,weekend,1,2025,1
E05013742,12-14,weekend,1,2025,4
E05013742,14-16,weekend,1,2025,6
E05013742,16-18,weekend,1,2025,6
E05013742,18-20,weekend,1,2025,4
E05013742,20-22,weekend,1,2025,3
E05013742,06-08,weekend,2,2025,1
E05013742,08-10,weekend,2,2025,2
E05013742,10-12,weekend,2,2025,1
E05013742,12-14,weekend,2,2025,3
E05013742,14-16,weekend,2,2025,6
E05013742,16-18,weekend,2,2025,6
E05013742,18-20,weekend,2,2025,4
E05013742,20-22,weekend,2,2025,3
E05013743,06-08,weekday,1,2025,2
E05013743,08-10,weekday,1,2025,4
E05013743,10-12,weekday,1,2025,6
E05013743,12-14,weekday,1,2025,8
E05013743,14-16,weekday,1,2025,9
E05013743,16-18,weekday,1,2025,9
E05013743,18-20,weekday,1,2025,8
E05013743,20-22,weekday,1,2025,6
E05013743,06-08,weekday,2,2025,2
E05013743,08-10,weekday,2,2025,4
E05013743,10-12,weekday,2,2025,6
E05013743,12-14,weekday,2,2025,8
E05013743,14-16,weekday,2,2025,9
E05013743,16-18,weekday,2,2025,9
E05013743,18-20,weekday,2,2025,8
E05013743,20-22,weekday,2,2025,6
E05013743,06-08,weekend,1,2025,1
E05013743,08-10,weekend,1,2025,1
E05013743,10-12,weekend,1,2025,1
E05013743,12-14,weekend,1,2025,4
E05013743,14-16,weekend,1,2025,6
E05013743,16-18,weekend,1,2025,6
E05013743,18-20,weekend,1,2025,4
E05013743,20-22,weekend,1,2025,3
E05013743,06-08,weekend,2,2025,1
E05013743,08-10,weekend,2,2025,2
E05013743,10-12,weekend,2,2025,1
E05013743,12-14,weekend,2,2025,3
E05013743,14-16,weekend,2,2025,6
E05013743,16-18,weekend,2,2025,6
E05013743,18-20,weekend,2,2025,4
E05013743,20-22,weekend,2,2025,3
E05013744,06-08,weekday,1,2025,2
E05013744,08-10,weekday,1,2025,4
E05013744,10-12,weekday,1,2025,6
E05013744,12-14,weekday,1,2025,8
E05013744,14-16,weekday,1,2025,9
E05013744,16-18,weekday,1,2025,9
E05013744,18-20,weekday,1,2025,8
E05013744,20-22,weekday,1,2025,6
E05013744,06-08,weekday,2,2025,2
E05013744,08-10,weekday,2,2025,4
E05013744,10-12,weekday,2,2025,6
E05013744,12-14,weekday,2,2025,8
E05013744,14-16,weekday,2,2025,9
E05013744,16-18,weekday,2,2025,9
E05013744,18-20,weekday,2,2025,8
E05013744,20-22,weekday,2,2025,6
E05013744,06-08,weekend,1,2025,1
E05013744,08-10,weekend,1,2025,1
E05013744,10-12,weekend,1,2025,1
E05013744,12-14,weekend,1,2025,4
E05013744,14-16,weekend,1,2025,6
E05013744,16-18,weekend,1,2025,6
E05013744,18-20,weekend,1,2025,4
E05013744,20-22,weekend,1,2025,3
E05013744,06-08,weekend,2,2025,1
E05013744,08-10,weekend,2,2025,2
E05013744,10-12,weekend,2,2025,1
E05013744,12-14,weekend,2,2025,3
E05013744,14-16,weekend,2,2025,6
E05013744,16-18,weekend,2,2025,6
E05013744,18-20,weekend,2,2025,4
E05013744,20-22,weekend,2,2025,3
E05013745,06-08,weekday,1,2025,2
E05013745,08-10,weekday,1,2025,4
E05013745,10-12,weekday,1,2025,6
E05013745,12-14,weekday,1,2025,8
E05013745,14-16,weekday,1,2025,9
E05013745,16-18,weekday,1,2025,9
E05013745,18-20,weekday,1,2025,8
E05013745,20-22,weekday,1,2025,6
E05013745,06-08,weekday,2,2025,2
E05013745,08-10,weekday,2,2025,4
E05013745,10-12,weekday,2,2025,6
E05013745,12-14,weekday,2,2025,8
E05013745,14-16,weekday,2,2025,9
E05013745,16-18,weekday,2,2025,9
E05013745,18-20,weekday,2,2025,8
E05013745,20-22,weekday,2,2025,6
E05013745,06-08,weekend,1,2025,1
E05013745,08-10,weekend,1,2025,1
E05013745,10-12,weekend,1,2025,1
E05013745,12-14,weekend,1,2025,4
E05013745,14-16,weekend,1,2025,6
E05013745,16-18,weekend,1,2025,6
E05013745,18-20,weekend,1,2025,4
E05013745,20-22,weekend,1,2025,3
E05013745,06-08,weekend,2,2025,1
E05013745,08-10,weekend,2,2025,2
E05013745,10-12,weekend,2,2025,1
E05013745,12-14,weekend,2,2025,3
E05013745,14-16,weekend,2,2025,6
E05013745,16-18,weekend,2,2025,6
E05013745,18-20,weekend,2,2025,4
E05013745,20-22,weekend,2,2025,3
E05013746,06-08,weekday,1,2025,2
E05013746,08-10,weekday,1,2025,4
E05013746,10-12,weekday,1,2025,6
E05013746,12-14,weekday,1,2025,8
E05013746,14-16,weekday,1,2025,9
E05013746,16-18,weekday,1,2025,9
E05013746,18-20,weekday,1,2025,8
E05013746,20-22,weekday,1,2025,6
E05013746,06-08,weekday,2,2025,2
E05013746,08-10,weekday,2,2025,4
E05013746,10-12,weekday,2,2025,6
E05013746,12-14,weekday,2,2025,8
E05013746,14-16,weekday,2,2025,9
E05013746,16-18,weekday,2,2025,9
E05013746,18-20,weekday,2,2025,8
E05013746,20-22,weekday,2,2025,6
E05013746,06-08,weekend,1,2025,1
E05013746,08-10,weekend,1,2025,1
E05013746,10-12,weekend,1,2025,1
E05013746,12-14,weekend,1,2025,4
E05013746,14-16,weekend,1,2025,6
E05013746,16-18,weekend,1,2025,6
E05013746,18-20,weekend,1,2025,4
E05013746,20-22,weekend,1,2025,3
E05013746,06-08,weekend,2,2025,1
E05013746,08-10,weekend,2,2025,2
E05013746,10-12,weekend,2,2025,1
E05013746,12-14,weekend,2,2025,3
E05013746,14-16,weekend,2,2025,6
E05013746,16-18,weekend,2,2025,6
E05013746,18-20,weekend,2,2025,4
E05013746,20-22,weekend,2,2025,3
E05013747,06-08,weekday,1,2025,2
E05013747,08-10,weekday,1,2025,4
E05013747,10-12,weekday,1,2025,6
E05013747,12-14,weekday,1,2025,8
E05013747,14-16,weekday,1,2025,9
E05013747,16-18,weekday,1,2025,9
E05013747,18-20,weekday,1,2025,8
E05013747,20-22,weekday,1,2025,6
E05013747,06-08,weekday,2,2025,2
E05013747,08-10,weekday,2,2025,4
E05013747,10-12,weekday,2,2025,6
E05013747,12-14,weekday,2,2025,8
E05013747,14-16,weekday,2,2025,9
E05013747,16-18,weekday,2,2025,9
E05013747,18-20,weekday,2,2025,8
E05013747,20-22,weekday,2,2025,6
E05013747,06-08,weekend,1,2025,1
E05013747,08-10,weekend,1,2025,1
E05013747,10-12,weekend,1,2025,1
E05013747,12-14,weekend,1,2025,4
E05013747,14-16,weekend,1,2025,6
E05013747,16-18,weekend,1,2025,6
E05013747,18-20,weekend,1,2025,4
E05013747,20-22,weekend,1,2025,3
E05013747,06-08,weekend,2,2025,1
E05013747,08-10,weekend,2,2025,2
E05013747,10-12,weekend,2,2025,1
E05013747,12-14,weekend,2,2025,3
E05013747,14-16,weekend,2,2025,6
E05013747,16-18,weekend,2,2025,6
E05013747,18-20,weekend,2,2025,4
E05013747,20-22,weekend,2,2025,3
E05013748,06-08,weekday,1,2025,2
E05013748,08-10,weekday,1,2025,4
E05013748,10-12,weekday,1,2025,6
E05013748,12-14,weekday,1,2025,8
E05013748,14-16,weekday,1,2025,9
E05013748,16-18,weekday,1,2025,9
E05013748,18-20,weekday,1,2025,8
E05013748,20-22,weekday,1,2025,6
E05013748,06-08,weekday,2,2025,2
E05013748,08-10,weekday,2,2025,4
E05013748,10-12,weekday,2,2025,6
E05013748,12-14,weekday,2,2025,8
E05013748,14-16,weekday,2,2025,9
E05013748,16-18,weekday,2,2025,9
E05013748,18-20,weekday,2,2025,8
E05013748,20-22,weekday,2,2025,6
E05013748,06-08,weekend,1,2025,1
E05013748,08-10,weekend,1,2025,1
E05013748,10-12,weekend,1,2025,1
E05013748,12-14,weekend,1,2025,4
E05013748,14-16,weekend,1,2025,6
E05013748,16-18,weekend,1,2025,6
E05013748,18-20,weekend,1,2025,4
E05013748,20-22,weekend,1,2025,3
E05013748,06-08,weekend,2,2025,1
E05013748,08-10,weekend,2,2025,2
E05013748,10-12,weekend,2,2025,1
E05013748,12-14,weekend,2,2025,3
E05013748,14-16,weekend,2,2025,6
E05013748,16-18,weekend,2,2025,6
E05013748,18-20,weekend,2,2025,4
E05013748,20-22,weekend,2,2025,3
E05013749,06-08,weekday,1,2025,2
E05013749,08-10,weekday,1,2025,4
E05013749,10-12,weekday,1,2025,6
E05013749,12-14,weekday,1,2025,8
E05013749,14-16,weekday,1,2025,9
E05013749,16-18,weekday,1,2025,9
E05013749,18-20,weekday,1,2025,8
E05013749,20-22,weekday,1,2025,6
E05013749,06-08,weekday,2,2025,2
E05013749,08-10,weekday,2,2025,4
E05013749,10-12,weekday,2,2025,6
E05013749,12-14,weekday,2,2025,8
E05013749,14-16,weekday,2,2025,9
E05013749,16-18,weekday,2,2025,9
E05013749,18-20,weekday,2,2025,8
E05013749,20-22,weekday,2,2025,6
E05013749,06-08,weekend,1,2025,1
E05013749,08-10,weekend,1,2025,1
E05013749,10-12,weekend,1,2025,1
E05013749,12-14,weekend,1,2025,4
E05013749,14-16,weekend,1,2025,6
E05013749,16-18,weekend,1,2025,6
E05013749,18-20,weekend,1,2025,4
E05013749,20-22,weekend,1,2025,3
E05013749,06-08,weekend,2,2025,1
E05013749,08-10,weekend,2,2025,2
E05013749,10-12,weekend,2,2025,1
E05013749,12-14,weekend,2,2025,3
E05013749,14-16,weekend,2,2025,6
E05013749,16-18,weekend,2,2025,6
E05013749,18-20,weekend,2,2025,4
E05013749,20-22,weekend,2,2025,3
E05013750,06-08,weekday,1,2025,2
E05013750,08-10,weekday,1,2025,4
E05013750,10-12,weekday,1,2025,6
E05013750,12-14,weekday,1,2025,8
E05013750,14-16,weekday,1,2025,9
E05013750,16-18,weekday,1,2025,9
E05013750,18-20,weekday,1,2025,8
E05013750,20-22,weekday,1,2025,6
E05013750,06-08,weekday,2,2025,2
E05013750,08-10,weekday,2,2025,4
E05013750,10-12,weekday,2,2025,6
E05013750,12-14,weekday,2,2025,8
E05013750,14-16,weekday,2,2025,9
E05013750,16-18,weekday,2,2025,9
E05013750,18-20,weekday,2,2025,8
E05013750,20-22,weekday,2,2025,6
E05013750,06-08,weekend,1,2025,1
E05013750,08-10,weekend,1,2025,1
E05013750,10-12,weekend,1,2025,1
E05013750,12-14,weekend,1,2025,4
E05013750,14-16,weekend,1,2025,6
E05013750,16-18,weekend,1,2025,6
E05013750,18-20,weekend,1,2025,4
E05013750,20-22,weekend,1,2025,3
E05013750,06-08,weekend,2,2025,1
E05013750,08-10,weekend,2,2025,2
E05013750,10-12,weekend,2,2025,1
E05013750,12-14,weekend,2,2025,3
E05013750,14-16,weekend,2,2025,6
E05013750,16-18,weekend,2,2025,6
E05013750,18-20,weekend,2,2025,4
E05013750,20-22,weekend,2,2025,3
E05013751,06-08,weekday,1,2025,2
E05013751,08-10,weekday,1,2025,4
E05013751,10-12,weekday,1,2025,6
E05013751,12-14,weekday,1,2025,8
E05013751,14-16,weekday,1,2025,9
E05013751,16-18,weekday,1,2025,9
E05013751,18-20,weekday,1,2025,8
E05013751,20-22,weekday,1,2025,6
E05013751,06-08,weekday,2,2025,2
E05013751,08-10,weekday,2,2025,4
E05013751,10-12,weekday,2,2025,6
E05013751,12-14,weekday,2,2025,8
E05013751,14-16,weekday,2,2025,9
E05013751,16-18,weekday,2,2025,9
E05013751,18-20,weekday,2,2025,8
E05013751,20-22,weekday,2,2025,6
E05013751,06-08,weekend,1,2025,1
E05013751,08-10,weekend,1,2025,1
E05013751,10-12,weekend,1,2025,1
E05013751,12-14,weekend,1,2025,4
E05013751,14-16,weekend,1,2025,6
E05013751,16-18,weekend,1,2025,6
E05013751,18-20,weekend,1,2025,4
E05013751,20-22,weekend,1,2025,3
E05013751,06-08,weekend,2,2025,1
E05013751,08-10,weekend,2,2025,2
E05013751,10-12,weekend,2,2025,1
E05013751,12-14,weekend,2,2025,3
E05013751,14-16,weekend,2,2025,6
E05013751,16-18,weekend,2,2025,6
E05013751,18-20,weekend,2,2025,4
E05013751,20-22,weekend,2,2025,3
E05013752,06-08,weekday,1,2025,2
E05013752,08-10,weekday,1,2025,4
E05013752,10-12,weekday,1,2025,6
E05013752,12-14,weekday,1,2025,8
E05013752,14-16,weekday,1,2025,9
E05013752,16-18,weekday,1,2025,9
E05013752,18-20,weekday,1,2025,8
E05013752,20-22,weekday,1,2025,6
E05013752,06-08,weekday,2,2025,2
E05013752,08-10,weekday,2,2025,4
E05013752,10-12,weekday,2,2025,6
E05013752,12-14,weekday,2,2025,8
E05013752,14-16,weekday,2,2025,9
E05013752,16-18,weekday,2,2025,9
E05013752,18-20,weekday,2,2025,8
E05013752,20-22,weekday,2,2025,6
E05013752,06-08,weekend,1,2025,1
E05013752,08-10,weekend,1,2025,1
E05013752,10-12,weekend,1,2025,1
E05013752,12-14,weekend,1,2025,4
E05013752,14-16,weekend,1,2025,6
E05013752,16-18,weekend,1,2025,6
E05013752,18-20,weekend,1,2025,4
E05013752,20-22,weekend,1,2025,3
E05013752,06-08,weekend,2,2025,1
E05013752,08-10,weekend,2,2025,2
E05013752,10-12,weekend,2,2025,1
E05013752,12-14,weekend,2,2025,3
E05013752,14-16,weekend,2,2025,6
E05013752,16-18,weekend,2,2025,6
E05013752,18-20,weekend,2,2025,4
E05013752,20-22,weekend,2,2025,3
E05013753,06-08,weekday,1,2025,2
E05013753,08-10,weekday,1,2025,4
E05013753,10-12,weekday,1,2025,6
E05013753,12-14,weekday,1,2025,8
E05013753,14-16,weekday,1,2025,9
E05013753,16-18,weekday,1,2025,9
E05013753,18-20,weekday,1,2025,8
E05013753,20-22,weekday,1,2025,6
E05013753,06-08,weekday,2,2025,2
E05013753,08-10,weekday,2,2025,4
E05013753,10-12,weekday,2,2025,6
E05013753,12-14,weekday,2,2025,8
E05013753,14-16,weekday,2,2025,9
E05013753,16-18,weekday,2,2025,9
E05013753,18-20,weekday,2,2025,8
E05013753,20-22,weekday,2,2025,6
E05013753,06-08,weekend,1,2025,1
E05013753,08-10,weekend,1,2025,1
E05013753,10-12,weekend,1,2025,1
E05013753,12-14,weekend,1,2025,4
E05013753,14-16,weekend,1,2025,6
E05013753,16-18,weekend,1,2025,6
E05013753,18-20,weekend,1,2025,4
E05013753,20-22,weekend,1,2025,3
E05013753,06-08,weekend,2,2025,1
E05013753,08-10,weekend,2,2025,2
E05013753,10-12,weekend,2,2025,1
E05013753,12-14,weekend,2,2025,3
E05013753,14-16,weekend,2,2025,6
E05013753,16-18,weekend,2,2025,6
E05013753,18-20,weekend,2,2025,4
E05013753,20-22,weekend,2,2025,3
E05013754,06-08,weekday,1,2025,2
E05013754,08-10,weekday,1,2025,4
E05013754,10-12,weekday,1,2025,6
E05013754,12-14,weekday,1,2025,8
E05013754,14-16,weekday,1,2025,9
E05013754,16-18,weekday,1,2025,9
E05013754,18-20,weekday,1,2025,8
E05013754,20-22,weekday,1,2025,6
E05013754,06-08,weekday,2,2025,2
E05013754,08-10,weekday,2,2025,4
E05013754,10-12,weekday,2,2025,6
E05013754,12-14,weekday,2,2025,8
E05013754,14-16,weekday,2,2025,9
E05013754,16-18,weekday,2,2025,9
E05013754,18-20,weekday,2,2025,8
E05013754,20-22,weekday,2,2025,6
E05013754,06-08,weekend,1,2025,1
E05013754,08-10,weekend,1,2025,1
E05013754,10-12,weekend,1,2025,1
E05013754,12-14,weekend,1,2025,4
E05013754,14-16,weekend,1,2025,6
E05013754,16-18,weekend,1,2025,6
E05013754,18-20,weekend,1,2025,4
E05013754,20-22,weekend,1,2025,3
E05013754,06-08,weekend,2,2025,1
E05013754,08-10,weekend,2,2025,2
E05013754,10-12,weekend,2,2025,1
E05013754,12-14,weekend,2,2025,3
E05013754,14-16,weekend,2,2025,6
E05013754,16-18,weekend,2,2025,6
E05013754,18-20,weekend,2,2025,4
E05013754,20-22,weekend,2,2025,3
E05013755,06-08,weekday,1,2025,2
E05013755,08-10,weekday,1,2025,4
E05013755,10-12,weekday,1,2025,6
E05013755,12-14,weekday,1,2025,8
E05013755,14-16,weekday,1,2025,9
E05013755,16-18,weekday,1,2025,9
E05013755,18-20,weekday,1,2025,8
E05013755,20-22,weekday,1,2025,6
E05013755,06-08,weekday,2,2025,2
E05013755,08-10,weekday,2,2025,4
E05013755,10-12,weekday,2,2025,6
E05013755,12-14,weekday,2,2025,8
E05013755,14-16,weekday,2,2025,9
E05013755,16-18,weekday,2,2025,9
E05013755,18-20,weekday,2,2025,8
E05013755,20-22,weekday,2,2025,6
E05013755,06-08,weekend,1,2025,1
E05013755,08-10,weekend,1,2025,1
E05013755,10-12,weekend,1,2025,1
E05013755,12-14,weekend,1,2025,4
E05013755,14-16,weekend,1,2025,6
E05013755,16-18,weekend,1,2025,6
E05013755,18-20,weekend,1,2025,4
E05013755,20-22,weekend,1,2025,3
E05013755,06-08,weekend,2,2025,1
E05013755,08-10,weekend,2,2025,2
E05013755,10-12,weekend,2,2025,1
E05013755,12-14,weekend,2,2025,3
E05013755,14-16,weekend,2,2025,6
E05013755,16-18,weekend,2,2025,6
E05013755,18-20,weekend,2,2025,4
E05013755,20-22,weekend,2,2025,3
E05013756,06-08,weekday,1,2025,2
E05013756,08-10,weekday,1,2025,4
E05013756,10-12,weekday,1,2025,6
E05013756,12-14,weekday,1,2025,8
E05013756,14-16,weekday,1,2025,9
E05013756,16-18,weekday,1,2025,9
E05013756,18-20,weekday,1,2025,8
E05013756,20-22,weekday,1,2025,6
E05013756,06-08,weekday,2,2025,2
E05013756,08-10,weekday,2,2025,4
E05013756,10-12,weekday,2,2025,6
E05013756,12-14,weekday,2,2025,8
E05013756,14-16,weekday,2,2025,9
E05013756,16-18,weekday,2,2025,9
E05013756,18-20,weekday,2,2025,8
E05013756,20-22,weekday,2,2025,6
E05013756,06-08,weekend,1,2025,1
E05013756,08-10,weekend,1,2025,1
E05013756,10-12,weekend,1,2025,1
E05013756,12-14,weekend,1,2025,4
E05013756,14-16,weekend,1,2025,6
E05013756,16-18,weekend,1,2025,6
E05013756,18-20,weekend,1,2025,4
E05013756,20-22,weekend,1,2025,3
E05013756,06-08,weekend,2,2025,1
E05013756,08-10,weekend,2,2025,2
E05013756,10-12,weekend,2,2025,1
E05013756,12-14,weekend,2,2025,3
E05013756,14-16,weekend,2,2025,6
E05013756,16-18,weekend,2,2025,6
E05013756,18-20,weekend,2,2025,4
E05013756,20-22,weekend,2,2025,3
E05013757,06-08,weekday,1,2025,2
E05013757,08-10,weekday,1,2025,4
E05013757,10-12,weekday,1,2025,6
E05013757,12-14,weekday,1,2025,8
E05013757,14-16,weekday,1,2025,9
E05013757,16-18,weekday,1,2025,9
E05013757,18-20,weekday,1,2025,8
E05013757,20-22,weekday,1,2025,6
E05013757,06-08,weekday,2,2025,2
E05013757,08-10,weekday,2,2025,4
E05013757,10-12,weekday,2,2025,6
E05013757,12-14,weekday,2,2025,8
E05013757,14-16,weekday,2,2025,9
E05013757,16-18,weekday,2,2025,9
E05013757,18-20,weekday,2,2025,8
E05013757,20-22,weekday,2,2025,6
E05013757,06-08,weekend,1,2025,1
E05013757,08-10,weekend,1,2025,1
E05013757,10-12,weekend,1,2025,1
E05013757,12-14,weekend,1,2025,4
E05013757,14-16,weekend,1,2025,6
E05013757,16-18,weekend,1,2025,6
E05013757,18-20,weekend,1,2025,4
E05013757,20-22,weekend,1,2025,3
E05013757,06-08,weekend,2,2025,1
E05013757,08-10,weekend,2,2025,1
E05013757,10-12,weekend,2,2025,1
E05013757,12-14,weekend,2,2025,4
E05013757,14-16,weekend,2,2025,6
E05013757,16-18,weekend,2,2025,6
E05013757,18-20,weekend,2,2025,4
E05013757,20-22,weekend,2,2025,3
E05013758,06-08,weekday,1,2025,2
E05013758,08-10,weekday,1,2025,4
E05013758,10-12,weekday,1,2025,6
E05013758,12-14,weekday,1,2025,8
E05013758,14-16,weekday,1,2025,9
E05013758,16-18,weekday,1,2025,9
E05013758,18-20,weekday,1,2025,8
E05013758,20-22,weekday,1,2025,6
E05013758,06-08,weekday,2,2025,2
E05013758,08-10,weekday,2,2025,4
E05013758,10-12,weekday,2,2025,6
E05013758,12-14,weekday,2,2025,8
E05013758,14-16,weekday,2,2025,9
E05013758,16-18,weekday,2,2025,9
E05013758,18-20,weekday,2,2025,8
E05013758,20-22,weekday,2,2025,6
E05013758,06-08,weekend,1,2025,1
E05013758,08-10,weekend,1,2025,1
E05013758,10-12,weekend,1,2025,1
E05013758,12-14,weekend,1,2025,4
E05013758,14-16,weekend,1,2025,6
E05013758,16-18,weekend,1,2025,6
E05013758,18-20,weekend,1,2025,4
E05013758,20-22,weekend,1,2025,3
E05013758,06-08,weekend,2,2025,1
E05013758,08-10,weekend,2,2025,2
E05013758,10-12,weekend,2,2025,1
E05013758,12-14,weekend,2,2025,3
E05013758,14-16,weekend,2,2025,6
E05013758,16-18,weekend,2,2025,6
E05013758,18-20,weekend,2,2025,4
E05013758,20-22,weekend,2,2025,3
E05013759,06-08,weekday,1,2025,2
E05013759,08-10,weekday,1,2025,4
E05013759,10-12,weekday,1,2025,6
E05013759,12-14,weekday,1,2025,8
E05013759,14-16,weekday,1,2025,9
E05013759,16-18,weekday,1,2025,9
E05013759,18-20,weekday,1,2025,8
E05013759,20-22,weekday,1,2025,6
E05013759,06-08,weekday,2,2025,2
E05013759,08-10,weekday,2,2025,4
E05013759,10-12,weekday,2,2025,6
E05013759,12-14,weekday,2,2025,8
E05013759,14-16,weekday,2,2025,9
E05013759,16-18,weekday,2,2025,9
E05013759,18-20,weekday,2,2025,8
E05013759,20-22,weekday,2,2025,6
E05013759,06-08,weekend,1,2025,1
E05013759,08-10,weekend,1,2025,1
E05013759,10-12,weekend,1,2025,1
E05013759,12-14,weekend,1,2025,4
E05013759,14-16,weekend,1,2025,6
E05013759,16-18,weekend,1,2025,6
E05013759,18-20,weekend,1,2025,4
E05013759,20-22,weekend,1,2025,3
E05013759,06-08,weekend,2,2025,1
E05013759,08-10,weekend,2,2025,2
E05013759,10-12,weekend,2,2025,1
E05013759,12-14,weekend,2,2025,3
E05013759,14-16,weekend,2,2025,6
E05013759,16-18,weekend,2,2025,6
E05013759,18-20,weekend,2,2025,4
E05013759,20-22,weekend,2,2025,3
E05013760,06-08,weekday,1,2025,2
E05013760,08-10,weekday,1,2025,4
E05013760,10-12,weekday,1,2025,6
E05013760,12-14,weekday,1,2025,8
E05013760,14-16,weekday,1,2025,9
E05013760,16-18,weekday,1,2025,9
E05013760,18-20,weekday,1,2025,8
E05013760,20-22,weekday,1,2025,6
E05013760,06-08,weekday,2,2025,2
E05013760,08-10,weekday,2,2025,4
E05013760,10-12,weekday,2,2025,6
E05013760,12-14,weekday,2,2025,8
E05013760,14-16,weekday,2,2025,9
E05013760,16-18,weekday,2,2025,9
E05013760,18-20,weekday,2,2025,8
E05013760,20-22,weekday,2,2025,6
E05013760,06-08,weekend,1,2025,1
E05013760,08-10,weekend,1,2025,1
E05013760,10-12,weekend,1,2025,1
E05013760,12-14,weekend,1,2025,4
E05013760,14-16,weekend,1,2025,6
E05013760,16-18,weekend,1,2025,6
E05013760,18-20,weekend,1,2025,4
E05013760,20-22,weekend,1,2025,3
E05013760,06-08,weekend,2,2025,1
E05013760,08-10,weekend,2,2025,2
E05013760,10-12,weekend,2,2025,1
E05013760,12-14,weekend,2,2025,3
E05013760,14-16,weekend,2,2025,6
E05013760,16-18,weekend,2,2025,6
E05013760,18-20,weekend,2,2025,4
E05013760,20-22,weekend,2,2025,3
E05013761,06-08,weekday,1,2025,2
E05013761,08-10,weekday,1,2025,4
E05013761,10-12,weekday,1,2025,6
E05013761,12-14,weekday,1,2025,8
E05013761,14-16,weekday,1,2025,9
E05013761,16-18,weekday,1,2025,9
E05013761,18-20,weekday,1,2025,8
E05013761,20-22,weekday,1,2025,6
E05013761,06-08,weekday,2,2025,2
E05013761,08-10,weekday,2,2025,4
E05013761,10-12,weekday,2,2025,6
E05013761,12-14,weekday,2,2025,8
E05013761,14-16,weekday,2,2025,9
E05013761,16-18,weekday,2,2025,9
E05013761,18-20,weekday,2,2025,8
E05013761,20-22,weekday,2,2025,6
E05013761,06-08,weekend,1,2025,1
E05013761,08-10,weekend,1,2025,1
E05013761,10-12,weekend,1,2025,1
E05013761,12-14,weekend,1,2025,4
E05013761,14-16,weekend,1,2025,6
E05013761,16-18,weekend,1,2025,6
E05013761,18-20,weekend,1,2025,4
E05013761,20-22,weekend,1,2025,3
E05013761,06-08,weekend,2,2025,1
E05013761,08-10,weekend,2,2025,2
E05013761,10-12,weekend,2,2025,1
E05013761,12-14,weekend,2,2025,3
E05013761,14-16,weekend,2,2025,6
E05013761,16-18,weekend,2,2025,6
E05013761,18-20,weekend,2,2025,4
E05013761,20-22,weekend,2,2025,3
E05013762,06-08,weekday,1,2025,2
E05013762,08-10,weekday,1,2025,4
E05013762,10-12,weekday,1,2025,6
E05013762,12-14,weekday,1,2025,8
E05013762,14-16,weekday,1,2025,9
E05013762,16-18,weekday,1,2025,9
E05013762,18-20,weekday,1,2025,8
E05013762,20-22,weekday,1,2025,6
E05013762,06-08,weekday,2,2025,2
E05013762,08-10,weekday,2,2025,4
E05013762,10-12,weekday,2,2025,6
E05013762,12-14,weekday,2,2025,8
E05013762,14-16,weekday,2,2025,9
E05013762,16-18,weekday,2,2025,9
E05013762,18-20,weekday,2,2025,8
E05013762,20-22,weekday,2,2025,6
E05013762,06-08,weekend,1,2025,1
E05013762,08-10,weekend,1,2025,1
E05013762,10-12,weekend,1,2025,1
E05013762,12-14,weekend,1,2025,4
E05013762,14-16,weekend,1,2025,6
E05013762,16-18,weekend,1,2025,6
E05013762,18-20,weekend,1,2025,4
E05013762,20-22,weekend,1,2025,3
E05013762,06-08,weekend,2,2025,1
E05013762,08-10,weekend,2,2025,2
E05013762,10-12,weekend,2,2025,1
E05013762,12-14,weekend,2,2025,3
E05013762,14-16,weekend,2,2025,6
E05013762,16-18,weekend,2,2025,6
E05013762,18-20,weekend,2,2025,4
E05013762,20-22,weekend,2,2025,3
E05013763,06-08,weekday,1,2025,2
E05013763,08-10,weekday,1,2025,4
E05013763,10-12,weekday,1,2025,6
E05013763,12-14,weekday,1,2025,8
E05013763,14-16,weekday,1,2025,9
E05013763,16-18,weekday,1,2025,9
E05013763,18-20,weekday,1,2025,8
E05013763,20-22,weekday,1,2025,6
E05013763,06-08,weekday,2,2025,2
E05013763,08-10,weekday,2,2025,4
E05013763,10-12,weekday,2,2025,6
E05013763,12-14,weekday,2,2025,8
E05013763,14-16,weekday,2,2025,9
E05013763,16-18,weekday,2,2025,9
E05013763,18-20,weekday,2,2025,8
E05013763,20-22,weekday,2,2025,6
E05013763,06-08,weekend,1,2025,1
E05013763,08-10,weekend,1,2025,1
E05013763,10-12,weekend,1,2025,1
E05013763,12-14,weekend,1,2025,4
E05013763,14-16,weekend,1,2025,6
E05013763,16-18,weekend,1,2025,6
E05013763,18-20,weekend,1,2025,4
E05013763,20-22,weekend,1,2025,3
E05013763,06-08,weekend,2,2025,1
E05013763,08-10,weekend,2,2025,2
E05013763,10-12,weekend,2,2025,1
E05013763,12-14,weekend,2,2025,3
E05013763,14-16,weekend,2,2025,6
E05013763,16-18,weekend,2,2025,6
E05013763,18-20,weekend,2,2025,4
E05013763,20-22,weekend,2,2025,3
E05013764,06-08,weekday,1,2025,2
E05013764,08-10,weekday,1,2025,4
E05013764,10-12,weekday,1,2025,6
E05013764,12-14,weekday,1,2025,8
E05013764,14-16,weekday,1,2025,9
E05013764,16-18,weekday,1,2025,9
E05013764,18-20,weekday,1,2025,8
E05013764,20-22,weekday,1,2025,6
E05013764,06-08,weekday,2,2025,2
E05013764,08-10,weekday,2,2025,4
E05013764,10-12,weekday,2,2025,6
E05013764,12-14,weekday,2,2025,8
E05013764,14-16,weekday,2,2025,9
E05013764,16-18,weekday,2,2025,9
E05013764,18-20,weekday,2,2025,8
E05013764,20-22,weekday,2,2025,6
E05013764,06-08,weekend,1,2025,1
E05013764,08-10,weekend,1,2025,1
E05013764,10-12,weekend,1,2025,1
E05013764,12-14,weekend,1,2025,4
E05013764,14-16,weekend,1,2025,6
E05013764,16-18,weekend,1,2025,6
E05013764,18-20,weekend,1,2025,4
E05013764,20-22,weekend,1,2025,3
E05013764,06-08,weekend,2,2025,1
E05013764,08-10,weekend,2,2025,2
E05013764,10-12,weekend,2,2025,1
E05013764,12-14,weekend,2,2025,3
E05013764,14-16,weekend,2,2025,6
E05013764,16-18,weekend,2,2025,6
E05013764,18-20,weekend,2,2025,4
E05013764,20-22,weekend,2,2025,3
E05013765,06-08,weekday,1,2025,2
E05013765,08-10,weekday,1,2025,4
E05013765,10-12,weekday,1,2025,6
E05013765,12-14,weekday,1,2025,8
E05013765,14-16,weekday,1,2025,9
E05013765,16-18,weekday,1,2025,9
E05013765,18-20,weekday,1,2025,8
E05013765,20-22,weekday,1,2025,6
E05013765,06-08,weekday,2,2025,2
E05013765,08-10,weekday,2,2025,4
E05013765,10-12,weekday,2,2025,6
E05013765,12-14,weekday,2,2025,8
E05013765,14-16,weekday,2,2025,9
E05013765,16-18,weekday,2,2025,9
E05013765,18-20,weekday,2,2025,8
E05013765,20-22,weekday,2,2025,6
E05013765,06-08,weekend,1,2025,1
E05013765,08-10,weekend,1,2025,1
E05013765,10-12,weekend,1,2025,1
E05013765,12-14,weekend,1,2025,4
E05013765,14-16,weekend,1,2025,6
E05013765,16-18,weekend,1,2025,6
E05013765,18-20,weekend,1,2025,4
E05013765,20-22,weekend,1,2025,3
E05013765,06-08,weekend,2,2025,1
E05013765,08-10,weekend,2,2025,2
E05013765,10-12,weekend,2,2025,1
E05013765,12-14,weekend,2,2025,3
E05013765,14-16,weekend,2,2025,6
E05013765,16-18,weekend,2,2025,6
E05013765,18-20,weekend,2,2025,4
E05013765,20-22,weekend,2,2025,3
E05013766,06-08,weekday,1,2025,2
E05013766,08-10,weekday,1,2025,4
E05013766,10-12,weekday,1,2025,6
E05013766,12-14,weekday,1,2025,8
E05013766,14-16,weekday,1,2025,9
E05013766,16-18,weekday,1,2025,9
E05013766,18-20,weekday,1,2025,8
E05013766,20-22,weekday,1,2025,6
E05013766,06-08,weekday,2,2025,2
E05013766,08-10,weekday,2,2025,4
E05013766,10-12,weekday,2,2025,6
E05013766,12-14,weekday,2,2025,8
E05013766,14-16,weekday,2,2025,9
E05013766,16-18,weekday,2,2025,9
E05013766,18-20,weekday,2,2025,8
E05013766,20-22,weekday,2,2025,6
E05013766,06-08,weekend,1,2025,1
E05013766,08-10,weekend,1,2025,1
E05013766,10-12,weekend,1,2025,1
E05013766,12-14,weekend,1,2025,4
E05013766,14-16,weekend,1,2025,6
E05013766,16-18,weekend,1,2025,6
E05013766,18-20,weekend,1,2025,4
E05013766,20-22,weekend,1,2025,3
E05013766,06-08,weekend,2,2025,1
E05013766,08-10,weekend,2,2025,2
E05013766,10-12,weekend,2,2025,1
E05013766,12-14,weekend,2,2025,3
E05013766,14-16,weekend,2,2025,6
E05013766,16-18,weekend,2,2025,6
E05013766,18-20,weekend,2,2025,4
E05013766,20-22,weekend,2,2025,3
E05013767,06-08,weekday,1,2025,2
E05013767,08-10,weekday,1,2025,4
E05013767,10-12,weekday,1,2025,6
E05013767,12-14,weekday,1,2025,8
E05013767,14-16,weekday,1,2025,9
E05013767,16-18,weekday,1,2025,9
E05013767,18-20,weekday,1,2025,8
E05013767,20-22,weekday,1,2025,6
E05013767,06-08,weekday,2,2025,2
E05013767,08-10,weekday,2,2025,4
E05013767,10-12,weekday,2,2025,6
E05013767,12-14,weekday,2,2025,8
E05013767,14-16,weekday,2,2025,9
E05013767,16-18,weekday,2,2025,9
E05013767,18-20,weekday,2,2025,8
E05013767,20-22,weekday,2,2025,6
E05013767,06-08,weekend,1,2025,1
E05013767,08-10,weekend,1,2025,1
E05013767,10-12,weekend,1,2025,1
E05013767,12-14,weekend,1,2025,4
E05013767,14-16,weekend,1,2025,6
E05013767,16-18,weekend,1,2025,6
E05013767,18-20,weekend,1,2025,4
E05013767,20-22,weekend,1,2025,3
E05013767,06-08,weekend,2,2025,1
E05013767,08-10,weekend,2,2025,2
E05013767,10-12,weekend,2,2025,1
E05013767,12-14,weekend,2,2025,3
E05013767,14-16,weekend,2,2025,6
E05013767,16-18,weekend,2,2025,6
E05013767,18-20,weekend,2,2025,4
E05013767,20-22,weekend,2,2025,3
E05013768,06-08,weekday,1,2025,2
E05013768,08-10,weekday,1,2025,4
E05013768,10-12,weekday,1,2025,6
E05013768,12-14,weekday,1,2025,8
E05013768,14-16,weekday,1,2025,9
E05013768,16-18,weekday,1,2025,9
E05013768,18-20,weekday,1,2025,8
E05013768,20-22,weekday,1,2025,6
E05013768,06-08,weekday,2,2025,2
E05013768,08-10,weekday,2,2025,4
E05013768,10-12,weekday,2,2025,6
E05013768,12-14,weekday,2,2025,8
E05013768,14-16,weekday,2,2025,9
E05013768,16-18,weekday,2,2025,9
E05013768,18-20,weekday,2,2025,8
E05013768,20-22,weekday,2,2025,6
E05013768,06-08,weekend,1,2025,1
E05013768,08-10,weekend,1,2025,1
E05013768,10-12,weekend,1,2025,1
E05013768,12-14,weekend,1,2025,4
E05013768,14-16,weekend,1,2025,6
E05013768,16-18,weekend,1,2025,6
E05013768,18-20,weekend,1,2025,4
E05013768,20-22,weekend,1,2025,3
E05013768,06-08,weekend,2,2025,1
E05013768,08-10,weekend,2,2025,2
E05013768,10-12,weekend,2,2025,1
E05013768,12-14,weekend,2,2025,3
E05013768,14-16,weekend,2,2025,6
E05013768,16-18,weekend,2,2025,6
E05013768,18-20,weekend,2,2025,4
E05013768,20-22,weekend,2,2025,3
E05013769,06-08,weekday,1,2025,2
E05013769,08-10,weekday,1,2025,4
E05013769,10-12,weekday,1,2025,6
E05013769,12-14,weekday,1,2025,8
E05013769,14-16,weekday,1,2025,9
E05013769,16-18,weekday,1,2025,9
E05013769,18-20,weekday,1,2025,8
E05013769,20-22,weekday,1,2025,6
E05013769,06-08,weekday,2,2025,2
E05013769,08-10,weekday,2,2025,4
E05013769,10-12,weekday,2,2025,6
E05013769,12-14,weekday,2,2025,8
E05013769,14-16,weekday,2,2025,9
E05013769,16-18,weekday,2,2025,9
E05013769,18-20,weekday,2,2025,8
E05013769,20-22,weekday,2,2025,6
E05013769,06-08,weekend,1,2025,1
E05013769,08-10,weekend,1,2025,1
E05013769,10-12,weekend,1,2025,1
E05013769,12-14,weekend,1,2025,4
E05013769,14-16,weekend,1,2025,6
E05013769,16-18,weekend,1,2025,6
E05013769,18-20,weekend,1,2025,4
E05013769,20-22,weekend,1,2025,3
E05013769,06-08,weekend,2,2025,1
E05013769,08-10,weekend,2,2025,2
E05013769,10-12,weekend,2,2025,1
E05013769,12-14,weekend,2,2025,3
E05013769,14-16,weekend,2,2025,6
E05013769,16-18,weekend,2,2025,6
E05013769,18-20,weekend,2,2025,4
E05013769,20-22,weekend,2,2025,3
E05013770,06-08,weekday,1,2025,2
E05013770,08-10,weekday,1,2025,4
E05013770,10-12,weekday,1,2025,6
E05013770,12-14,weekday,1,2025,8
E05013770,14-16,weekday,1,2025,9
E05013770,16-18,weekday,1,2025,9
E05013770,18-20,weekday,1,2025,8
E05013770,20-22,weekday,1,2025,6
E05013770,06-08,weekday,2,2025,2
E05013770,08-10,weekday,2,2025,4
E05013770,10-12,weekday,2,2025,6
E05013770,12-14,weekday,2,2025,8
E05013770,14-16,weekday,2,2025,9
E05013770,16-18,weekday,2,2025,9
E05013770,18-20,weekday,2,2025,8
E05013770,20-22,weekday,2,2025,6
E05013770,06-08,weekend,1,2025,1
E05013770,08-10,weekend,1,2025,1
E05013770,10-12,weekend,1,2025,1
E05013770,12-14,weekend,1,2025,4
E05013770,14-16,weekend,1,2025,6
E05013770,16-18,weekend,1,2025,6
E05013770,18-20,weekend,1,2025,4
E05013770,20-22,weekend,1,2025,3
E05013770,06-08,weekend,2,2025,1
E05013770,08-10,weekend,2,2025,1
E05013770,10-12,weekend,2,2025,1
E05013770,12-14,weekend,2,2025,4
E05013770,14-16,weekend,2,2025,6
E05013770,16-18,weekend,2,2025,6
E05013770,18-20,weekend,2,2025,4
E05013770,20-22,weekend,2,2025,3
E05013771,06-08,weekday,1,2025,2
E05013771,08-10,weekday,1,2025,4
E05013771,10-12,weekday,1,2025,6
E05013771,12-14,weekday,1,2025,8
E05013771,14-16,weekday,1,2025,9
E05013771,16-18,weekday,1,2025,9
E05013771,18-20,weekday,1,2025,8
E05013771,20-22,weekday,1,2025,6
E05013771,06-08,weekday,2,2025,2
E05013771,08-10,weekday,2,2025,4
E05013771,10-12,weekday,2,2025,6
E05013771,12-14,weekday,2,2025,8
E05013771,14-16,weekday,2,2025,9
E05013771,16-18,weekday,2,2025,9
E05013771,18-20,weekday,2,2025,8
E05013771,20-22,weekday,2,2025,6
E05013771,06-08,weekend,1,2025,1
E05013771,08-10,weekend,1,2025,1
E05013771,10-12,weekend,1,2025,1
E05013771,12-14,weekend,1,2025,4
E05013771,14-16,weekend,1,2025,6
E05013771,16-18,weekend,1,2025,6
E05013771,18-20,weekend,1,2025,4
E05013771,20-22,weekend,1,2025,3
E05013771,06-08,weekend,2,2025,1
E05013771,08-10,weekend,2,2025,2
E05013771,10-12,weekend,2,2025,1
E05013771,12-14,weekend,2,2025,3
E05013771,14-16,weekend,2,2025,6
E05013771,16-18,weekend,2,2025,6
E05013771,18-20,weekend,2,2025,4
E05013771,20-22,weekend,2,2025,3
E05013772,06-08,weekday,1,2025,2
E05013772,08-10,weekday,1,2025,4
E05013772,10-12,weekday,1,2025,6
E05013772,12-14,weekday,1,2025,8
E05013772,14-16,weekday,1,2025,9
E05013772,16-18,weekday,1,2025,9
E05013772,18-20,weekday,1,2025,8
E05013772,20-22,weekday,1,2025,6
E05013772,06-08,weekday,2,2025,2
E05013772,08-10,weekday,2,2025,4
E05013772,10-12,weekday,2,2025,6
E05013772,12-14,weekday,2,2025,8
E05013772,14-16,weekday,2,2025,9
E05013772,16-18,weekday,2,2025,9
E05013772,18-20,weekday,2,2025,8
E05013772,20-22,weekday,2,2025,6
E05013772,06-08,weekend,1,2025,1
E05013772,08-10,weekend,1,2025,1
E05013772,10-12,weekend,1,2025,1
E05013772,12-14,weekend,1,2025,4
E05013772,14-16,weekend,1,2025,6
E05013772,16-18,weekend,1,2025,6
E05013772,18-20,weekend,1,2025,4
E05013772,20-22,weekend,1,2025,3
E05013772,06-08,weekend,2,2025,1
E05013772,08-10,weekend,2,2025,2
E05013772,10-12,weekend,2,2025,1
E05013772,12-14,weekend,2,2025,3
E05013772,14-16,weekend,2,2025,6
E05013772,16-18,weekend,2,2025,6
E05013772,18-20,weekend,2,2025,4
E05013772,20-22,weekend,2,2025,3
E05013773,06-08,weekday,1,2025,2
E05013773,08-10,weekday,1,2025,4
E05013773,10-12,weekday,1,2025,6
E05013773,12-14,weekday,1,2025,8
E05013773,14-16,weekday,1,2025,9
E05013773,16-18,weekday,1,2025,9
E05013773,18-20,weekday,1,2025,8
E05013773,20-22,weekday,1,2025,6
E05013773,06-08,weekday,2,2025,2
E05013773,08-10,weekday,2,2025,4
E05013773,10-12,weekday,2,2025,6
E05013773,12-14,weekday,2,2025,8
E05013773,14-16,weekday,2,2025,9
E05013773,16-18,weekday,2,2025,9
E05013773,18-20,weekday,2,2025,8
E05013773,20-22,weekday,2,2025,6
E05013773,06-08,weekend,1,2025,1
E05013773,08-10,weekend,1,2025,1
E05013773,10-12,weekend,1,2025,1
E05013773,12-14,weekend,1,2025,4
E05013773,14-16,weekend,1,2025,6
E05013773,16-18,weekend,1,2025,6
E05013773,18-20,weekend,1,2025,4
E05013773,20-22,weekend,1,2025,3
E05013773,06-08,weekend,2,2025,1
E05013773,08-10,weekend,2,2025,2
E05013773,10-12,weekend,2,2025,1
E05013773,12-14,weekend,2,2025,3
E05013773,14-16,weekend,2,2025,6
E05013773,16-18,weekend,2,2025,6
E05013773,18-20,weekend,2,2025,4
E05013773,20-22,weekend,2,2025,3
E05013774,06-08,weekday,1,2025,2
E05013774,08-10,weekday,1,2025,4
E05013774,10-12,weekday,1,2025,6
E05013774,12-14,weekday,1,2025,8
E05013774,14-16,weekday,1,2025,9
E05013774,16-18,weekday,1,2025,9
E05013774,18-20,weekday,1,2025,8
E05013774,20-22,weekday,1,2025,6
E05013774,06-08,weekday,2,2025,2
E05013774,08-10,weekday,2,2025,4
E05013774,10-12,weekday,2,2025,6
E05013774,12-14,weekday,2,2025,8
E05013774,14-16,weekday,2,2025,9
E05013774,16-18,weekday,2,2025,9
E05013774,18-20,weekday,2,2025,8
E05013774,20-22,weekday,2,2025,6
E05013774,06-08,weekend,1,2025,1
E05013774,08-10,weekend,1,2025,1
E05013774,10-12,weekend,1,2025,1
E05013774,12-14,weekend,1,2025,4
E05013774,14-16,weekend,1,2025,6
E05013774,16-18,weekend,1,2025,6
E05013774,18-20,weekend,1,2025,4
E05013774,20-22,weekend,1,2025,3
E05013774,06-08,weekend,2,2025,1
E05013774,08-10,weekend,2,2025,2
E05013774,10-12,weekend,2,2025,1
E05013774,12-14,weekend,2,2025,3
E05013774,14-16,weekend,2,2025,6
E05013774,16-18,weekend,2,2025,6
E05013774,18-20,weekend,2,2025,4
E05013774,20-22,weekend,2,2025,3
E05013775,06-08,weekday,1,2025,2
E05013775,08-10,weekday,1,2025,4
E05013775,10-12,weekday,1,2025,6
E05013775,12-14,weekday,1,2025,8
E05013775,14-16,weekday,1,2025,9
E05013775,16-18,weekday,1,2025,9
E05013775,18-20,weekday,1,2025,8
E05013775,20-22,weekday,1,2025,6
E05013775,06-08,weekday,2,2025,2
E05013775,08-10,weekday,2,2025,4
E05013775,10-12,weekday,2,2025,6
E05013775,12-14,weekday,2,2025,8
E05013775,14-16,weekday,2,2025,9
E05013775,16-18,weekday,2,2025,9
E05013775,18-20,weekday,2,2025,8
E05013775,20-22,weekday,2,2025,6
E05013775,06-08,weekend,1,2025,1
E05013775,08-10,weekend,1,2025,1
E05013775,10-12,weekend,1,2025,1
E05013775,12-14,weekend,1,2025,4
E05013775,14-16,weekend,1,2025,6
E05013775,16-18,weekend,1,2025,6
E05013775,18-20,weekend,1,2025,4
E05013775,20-22,weekend,1,2025,3
E05013775,06-08,weekend,2,2025,1
E05013775,08-10,weekend,2,2025,2
E05013775,10-12,weekend,2,2025,1
E05013775,12-14,weekend,2,2025,3
E05013775,14-16,weekend,2,2025,6
E05013775,16-18,weekend,2,2025,6
E05013775,18-20,weekend,2,2025,4
E05013775,20-22,weekend,2,2025,3
E05013776,06-08,weekday,1,2025,2
E05013776,08-10,weekday,1,2025,4
E05013776,10-12,weekday,1,2025,6
E05013776,12-14,weekday,1,2025,8
E05013776,14-16,weekday,1,2025,9
E05013776,16-18,weekday,1,2025,9
E05013776,18-20,weekday,1,2025,8
E05013776,20-22,weekday,1,2025,6
E05013776,06-08,weekday,2,2025,2
E05013776,08-10,weekday,2,2025,4
E05013776,10-12,weekday,2,2025,6
E05013776,12-14,weekday,2,2025,8
E05013776,14-16,weekday,2,2025,9
E05013776,16-18,weekday,2,2025,9
E05013776,18-20,weekday,2,2025,8
E05013776,20-22,weekday,2,2025,6
E05013776,06-08,weekend,1,2025,1
E05013776,08-10,weekend,1,2025,1
E05013776,10-12,weekend,1,2025,1
E05013776,12-14,weekend,1,2025,4
E05013776,14-16,weekend,1,2025,6
E05013776,16-18,weekend,1,2025,6
E05013776,18-20,weekend,1,2025,4
E05013776,20-22,weekend,1,2025,3
E05013776,06-08,weekend,2,2025,1
E05013776,08-10,weekend,2,2025,2
E05013776,10-12,weekend,2,2025,1
E05013776,12-14,weekend,2,2025,3
E05013776,14-16,weekend,2,2025,6
E05013776,16-18,weekend,2,2025,6
E05013776,18-20,weekend,2,2025,4
E05013776,20-22,weekend,2,2025,3
E05013777,06-08,weekday,1,2025,2
E05013777,08-10,weekday,1,2025,4
E05013777,10-12,weekday,1,2025,6
E05013777,12-14,weekday,1,2025,8
E05013777,14-16,weekday,1,2025,9
E05013777,16-18,weekday,1,2025,9
E05013777,18-20,weekday,1,2025,8
E05013777,20-22,weekday,1,2025,6
E05013777,06-08,weekday,2,2025,2
E05013777,08-10,weekday,2,2025,4
E05013777,10-12,weekday,2,2025,6
E05013777,12-14,weekday,2,2025,8
E05013777,14-16,weekday,2,2025,9
E05013777,16-18,weekday,2,2025,9
E05013777,18-20,weekday,2,2025,8
E05013777,20-22,weekday,2,2025,6
E05013777,06-08,weekend,1,2025,1
E05013777,08-10,weekend,1,2025,1
E05013777,10-12,weekend,1,2025,1
E05013777,12-14,weekend,1,2025,4
E05013777,14-16,weekend,1,2025,6
E05013777,16-18,weekend,1,2025,6
E05013777,18-20,weekend,1,2025,4
E05013777,20-22,weekend,1,2025,3
E05013777,06-08,weekend,2,2025,1
E05013777,08-10,weekend,2,2025,1
E05013777,10-12,weekend,2,2025,1
E05013777,12-14,weekend,2,2025,4
E05013777,14-16,weekend,2,2025,6
E05013777,16-18,weekend,2,2025,6
E05013777,18-20,weekend,2,2025,4
E05013777,20-22,weekend,2,2025,3
E05013778,06-08,weekday,1,2025,2
E05013778,08-10,weekday,1,2025,4
E05013778,10-12,weekday,1,2025,6
E05013778,12-14,weekday,1,2025,8
E05013778,14-16,weekday,1,2025,9
E05013778,16-18,weekday,1,2025,9
E05013778,18-20,weekday,1,2025,8
E05013778,20-22,weekday,1,2025,6
E05013778,06-08,weekday,2,2025,2
E05013778,08-10,weekday,2,2025,4
E05013778,10-12,weekday,2,2025,6
E05013778,12-14,weekday,2,2025,8
E05013778,14-16,weekday,2,2025,9
E05013778,16-18,weekday,2,2025,9
E05013778,18-20,weekday,2,2025,8
E05013778,20-22,weekday,2,2025,6
E05013778,06-08,weekend,1,2025,1
E05013778,08-10,weekend,1,2025,1
E05013778,10-12,weekend,1,2025,1
E05013778,12-14,weekend,1,2025,4
E05013778,14-16,weekend,1,2025,6
E05013778,16-18,weekend,1,2025,6
E05013778,18-20,weekend,1,2025,4
E05013778,20-22,weekend,1,2025,3
E05013778,06-08,weekend,2,2025,1
E05013778,08-10,weekend,2,2025,1
E05013778,10-12,weekend,2,2025,1
E05013778,12-14,weekend,2,2025,4
E05013778,14-16,weekend,2,2025,6
E05013778,16-18,weekend,2,2025,6
E05013778,18-20,weekend,2,2025,4
E05013778,20-22,weekend,2,2025,3
E05013779,06-08,weekday,1,2025,2
E05013779,08-10,weekday,1,2025,4
E05013779,10-12,weekday,1,2025,6
E05013779,12-14,weekday,1,2025,8
E05013779,14-16,weekday,1,2025,9
E05013779,16-18,weekday,1,2025,9
E05013779,18-20,weekday,1,2025,8
E05013779,20-22,weekday,1,2025,6
E05013779,06-08,weekday,2,2025,2
E05013779,08-10,weekday,2,2025,4
E05013779,10-12,weekday,2,2025,6
E05013779,12-14,weekday,2,2025,8
E05013779,14-16,weekday,2,2025,9
E05013779,16-18,weekday,2,2025,9
E05013779,18-20,weekday,2,2025,8
E05013779,20-22,weekday,2,2025,6
E05013779,06-08,weekend,1,2025,1
E05013779,08-10,weekend,1,2025,1
E05013779,10-12,weekend,1,2025,1
E05013779,12-14,weekend,1,2025,4
E05013779,14-16,weekend,1,2025,6
E05013779,16-18,weekend,1,2025,6
E05013779,18-20,weekend,1,2025,4
E05013779,20-22,weekend,1,2025,3
E05013779,06-08,weekend,2,2025,1
E05013779,08-10,weekend,2,2025,2
E05013779,10-12,weekend,2,2025,1
E05013779,12-14,weekend,2,2025,3
E05013779,14-16,weekend,2,2025,6
E05013779,16-18,weekend,2,2025,6
E05013779,18-20,weekend,2,2025,4
E05013779,20-22,weekend,2,2025,3
E05013780,06-08,weekday,1,2025,2
E05013780,08-10,weekday,1,2025,4
E05013780,10-12,weekday,1,2025,6
E05013780,12-14,weekday,1,2025,8
E05013780,14-16,weekday,1,2025,9
E05013780,16-18,weekday,1,2025,9
E05013780,18-20,weekday,1,2025,8
E05013780,20-22,weekday,1,2025,6
E05013780,06-08,weekday,2,2025,2
E05013780,08-10,weekday,2,2025,4
E05013780,10-12,weekday,2,2025,6
E05013780,12-14,weekday,2,2025,8
E05013780,14-16,weekday,2,2025,9
E05013780,16-18,weekday,2,2025,9
E05013780,18-20,weekday,2,2025,8
E05013780,20-22,weekday,2,2025,6
E05013780,06-08,weekend,1,2025,1
E05013780,08-10,weekend,1,2025,1
E05013780,10-12,weekend,1,2025,1
E05013780,12-14,weekend,1,2025,4
E05013780,14-16,weekend,1,2025,6
E05013780,16-18,weekend,1,2025,6
E05013780,18-20,weekend,1,2025,4
E05013780,20-22,weekend,1,2025,3
E05013780,06-08,weekend,2,2025,1
E05013780,08-10,weekend,2,2025,2
E05013780,10-12,weekend,2,2025,1
E05013780,12-14,weekend,2,2025,3
E05013780,14-16,weekend,2,2025,6
E05013780,16-18,weekend,2,2025,6
E05013780,18-20,weekend,2,2025,4
E05013780,20-22,weekend,2,2025,3
E05013781,06-08,weekday,1,2025,2
E05013781,08-10,weekday,1,2025,4
E05013781,10-12,weekday,1,2025,6
E05013781,12-14,weekday,1,2025,8
E05013781,14-16,weekday,1,2025,9
E05013781,16-18,weekday,1,2025,9
E05013781,18-20,weekday,1,2025,8
E05013781,20-22,weekday,1,2025,6
E05013781,06-08,weekday,2,2025,2
E05013781,08-10,weekday,2,2025,4
E05013781,10-12,weekday,2,2025,6
E05013781,12-14,weekday,2,2025,8
E05013781,14-16,weekday,2,2025,9
E05013781,16-18,weekday,2,2025,9
E05013781,18-20,weekday,2,2025,8
E05013781,20-22,weekday,2,2025,6
E05013781,06-08,weekend,1,2025,1
E05013781,08-10,weekend,1,2025,1
E05013781,10-12,weekend,1,2025,1
E05013781,12-14,weekend,1,2025,4
E05013781,14-16,weekend,1,2025,6
E05013781,16-18,weekend,1,2025,6
E05013781,18-20,weekend,1,2025,4
E05013781,20-22,weekend,1,2025,3
E05013781,06-08,weekend,2,2025,1
E05013781,08-10,weekend,2,2025,2
E05013781,10-12,weekend,2,2025,1
E05013781,12-14,weekend,2,2025,3
E05013781,14-16,weekend,2,2025,6
E05013781,16-18,weekend,2,2025,6
E05013781,18-20,weekend,2,2025,4
E05013781,20-22,weekend,2,2025,3
E05013782,06-08,weekday,1,2025,2
E05013782,08-10,weekday,1,2025,4
E05013782,10-12,weekday,1,2025,6
E05013782,12-14,weekday,1,2025,8
E05013782,14-16,weekday,1,2025,9
E05013782,16-18,weekday,1,2025,9
E05013782,18-20,weekday,1,2025,8
E05013782,20-22,weekday,1,2025,6
E05013782,06-08,weekday,2,2025,2
E05013782,08-10,weekday,2,2025,4
E05013782,10-12,weekday,2,2025,6
E05013782,12-14,weekday,2,2025,8
E05013782,14-16,weekday,2,2025,9
E05013782,16-18,weekday,2,2025,9
E05013782,18-20,weekday,2,2025,8
E05013782,20-22,weekday,2,2025,6
E05013782,06-08,weekend,1,2025,1
E05013782,08-10,weekend,1,2025,1
E05013782,10-12,weekend,1,2025,1
E05013782,12-14,weekend,1,2025,4
E05013782,14-16,weekend,1,2025,6
E05013782,16-18,weekend,1,2025,6
E05013782,18-20,weekend,1,2025,4
E05013782,20-22,weekend,1,2025,3
E05013782,06-08,weekend,2,2025,1
E05013782,08-10,weekend,2,2025,2
E05013782,10-12,weekend,2,2025,1
E05013782,12-14,weekend,2,2025,3
E05013782,14-16,weekend,2,2025,6
E05013782,16-18,weekend,2,2025,6
E05013782,18-20,weekend,2,2025,4
E05013782,20-22,weekend,2,2025,3
E05013783,06-08,weekday,1,2025,2
E05013783,08-10,weekday,1,2025,4
E05013783,10-12,weekday,1,2025,6
E05013783,12-14,weekday,1,2025,8
E05013783,14-16,weekday,1,2025,9
E05013783,16-18,weekday,1,2025,9
E05013783,18-20,weekday,1,2025,8
E05013783,20-22,weekday,1,2025,6
E05013783,06-08,weekday,2,2025,2
E05013783,08-10,weekday,2,2025,4
E05013783,10-12,weekday,2,2025,6
E05013783,12-14,weekday,2,2025,8
E05013783,14-16,weekday,2,2025,9
E05013783,16-18,weekday,2,2025,9
E05013783,18-20,weekday,2,2025,8
E05013783,20-22,weekday,2,2025,6
E05013783,06-08,weekend,1,2025,1
E05013783,08-10,weekend,1,2025,1
E05013783,10-12,weekend,1,2025,1
E05013783,12-14,weekend,1,2025,4
E05013783,14-16,weekend,1,2025,6
E05013783,16-18,weekend,1,2025,6
E05013783,18-20,weekend,1,2025,4
E05013783,20-22,weekend,1,2025,3
E05013783,06-08,weekend,2,2025,1
E05013783,08-10,weekend,2,2025,2
E05013783,10-12,weekend,2,2025,1
E05013783,12-14,weekend,2,2025,3
E05013783,14-16,weekend,2,2025,6
E05013783,16-18,weekend,2,2025,6
E05013783,18-20,weekend,2,2025,4
E05013783,20-22,weekend,2,2025,3
E05013784,06-08,weekday,1,2025,2
E05013784,08-10,weekday,1,2025,4
E05013784,10-12,weekday,1,2025,6
E05013784,12-14,weekday,1,2025,8
E05013784,14-16,weekday,1,2025,9
E05013784,16-18,weekday,1,2025,9
E05013784,18-20,weekday,1,2025,8
E05013784,20-22,weekday,1,2025,6
E05013784,06-08,weekday,2,2025,2
E05013784,08-10,weekday,2,2025,4
E05013784,10-12,weekday,2,2025,6
E05013784,12-14,weekday,2,2025,8
E05013784,14-16,weekday,2,2025,9
E05013784,16-18,weekday,2,2025,9
E05013784,18-20,weekday,2,2025,8
E05013784,20-22,weekday,2,2025,6
E05013784,06-08,weekend,1,2025,1
E05013784,08-10,weekend,1,2025,1
E05013784,10-12,weekend,1,2025,1
E05013784,12-14,weekend,1,2025,4
E05013784,14-16,weekend,1,2025,6
E05013784,16-18,weekend,1,2025,6
E05013784,18-20,weekend,1,2025,4
E05013784,20-22,weekend,1,2025,3
E05013784,06-08,weekend,2,2025,1
E05013784,08-10,weekend,2,2025,2
E05013784,10-12,weekend,2,2025,1
E05013784,12-14,weekend,2,2025,3
E05013784,14-16,weekend,2,2025,6
E05013784,16-18,weekend,2,2025,6
E05013784,18-20,weekend,2,2025,4
E05013784,20-22,weekend,2,2025,3
E05013785,06-08,weekday,1,2025,2
E05013785,08-10,weekday,1,2025,4
E05013785,10-12,weekday,1,2025,6
E05013785,12-14,weekday,1,2025,8
E05013785,14-16,weekday,1,2025,9
E05013785,16-18,weekday,1,2025,9
E05013785,18-20,weekday,1,2025,8
E05013785,20-22,weekday,1,2025,6
E05013785,06-08,weekday,2,2025,2
E05013785,08-10,weekday,2,2025,4
E05013785,10-12,weekday,2,2025,6
E05013785,12-14,weekday,2,2025,8
E05013785,14-16,weekday,2,2025,9
E05013785,16-18,weekday,2,2025,9
E05013785,18-20,weekday,2,2025,8
E05013785,20-22,weekday,2,2025,6
E05013785,06-08,weekend,1,2025,1
E05013785,08-10,weekend,1,2025,1
E05013785,10-12,weekend,1,2025,1
E05013785,12-14,weekend,1,2025,4
E05013785,14-16,weekend,1,2025,6
E05013785,16-18,weekend,1,2025,6
E05013785,18-20,weekend,1,2025,4
E05013785,20-22,weekend,1,2025,3
E05013785,06-08,weekend,2,2025,1
E05013785,08-10,weekend,2,2025,2
E05013785,10-12,weekend,2,2025,1
E05013785,12-14,weekend,2,2025,3
E05013785,14-16,weekend,2,2025,6
E05013785,16-18,weekend,2,2025,6
E05013785,18-20,weekend,2,2025,4
E05013785,20-22,weekend,2,2025,3
E05013786,06-08,weekday,1,2025,2
E05013786,08-10,weekday,1,2025,4
E05013786,10-12,weekday,1,2025,6
E05013786,12-14,weekday,1,2025,8
E05013786,14-16,weekday,1,2025,9
E05013786,16-18,weekday,1,2025,9
E05013786,18-20,weekday,1,2025,8
E05013786,20-22,weekday,1,2025,6
E05013786,06-08,weekday,2,2025,2
E05013786,08-10,weekday,2,2025,4
E05013786,10-12,weekday,2,2025,6
E05013786,12-14,weekday,2,2025,8
E05013786,14-16,weekday,2,2025,9
E05013786,16-18,weekday,2,2025,9
E05013786,18-20,weekday,2,2025,8
E05013786,20-22,weekday,2,2025,6
E05013786,06-08,weekend,1,2025,1
E05013786,08-10,weekend,1,2025,1
E05013786,10-12,weekend,1,2025,1
E05013786,12-14,weekend,1,2025,4
E05013786,14-16,weekend,1,2025,6
E05013786,16-18,weekend,1,2025,6
E05013786,18-20,weekend,1,2025,4
E05013786,20-22,weekend,1,2025,3
E05013786,06-08,weekend,2,2025,1
E05013786,08-10,weekend,2,2025,2
E05013786,10-12,weekend,2,2025,1
E05013786,12-14,weekend,2,2025,3
E05013786,14-16,weekend,2,2025,6
E05013786,16-18,weekend,2,2025,6
E05013786,18-20,weekend,2,2025,4
E05013786,20-22,weekend,2,2025,3
E05013787,06-08,weekday,1,2025,2
E05013787,08-10,weekday,1,2025,4
E05013787,10-12,weekday,1,2025,6
E05013787,12-14,weekday,1,2025,8
E05013787,14-16,weekday,1,2025,9
E05013787,16-18,weekday,1,2025,9
E05013787,18-20,weekday,1,2025,8
E05013787,20-22,weekday,1,2025,6
E05013787,06-08,weekday,2,2025,2
E05013787,08-10,weekday,2,2025,4
E05013787,10-12,weekday,2,2025,6
E05013787,12-14,weekday,2,2025,8
E05013787,14-16,weekday,2,2025,9
E05013787,16-18,weekday,2,2025,9
E05013787,18-20,weekday,2,2025,8
E05013787,20-22,weekday,2,2025,6
E05013787,06-08,weekend,1,2025,1
E05013787,08-10,weekend,1,2025,1
E05013787,10-12,weekend,1,2025,1
E05013787,12-14,weekend,1,2025,4
E05013787,14-16,weekend,1,2025,6
E05013787,16-18,weekend,1,2025,6
E05013787,18-20,weekend,1,2025,4
E05013787,20-22,weekend,1,2025,3
E05013787,06-08,weekend,2,2025,1
E05013787,08-10,weekend,2,2025,2
E05013787,10-12,weekend,2,2025,1
E05013787,12-14,weekend,2,2025,3
E05013787,14-16,weekend,2,2025,6
E05013787,16-18,weekend,2,2025,6
E05013787,18-20,weekend,2,2025,4
E05013787,20-22,weekend,2,2025,3
E05013788,06-08,weekday,1,2025,2
E05013788,08-10,weekday,1,2025,4
E05013788,10-12,weekday,1,2025,6
E05013788,12-14,weekday,1,2025,8
E05013788,14-16,weekday,1,2025,9
E05013788,16-18,weekday,1,2025,9
E05013788,18-20,weekday,1,2025,8
E05013788,20-22,weekday,1,2025,6
E05013788,06-08,weekday,2,2025,2
E05013788,08-10,weekday,2,2025,4
E05013788,10-12,weekday,2,2025,6
E05013788,12-14,weekday,2,2025,8
E05013788,14-16,weekday,2,2025,9
E05013788,16-18,weekday,2,2025,9
E05013788,18-20,weekday,2,2025,8
E05013788,20-22,weekday,2,2025,6
E05013788,06-08,weekend,1,2025,1
E05013788,08-10,weekend,1,2025,1
E05013788,10-12,weekend,1,2025,1
E05013788,12-14,weekend,1,2025,4
E05013788,14-16,weekend,1,2025,6
E05013788,16-18,weekend,1,2025,6
E05013788,18-20,weekend,1,2025,4
E05013788,20-22,weekend,1,2025,3
E05013788,06-08,weekend,2,2025,1
E05013788,08-10,weekend,2,2025,1
E05013788,10-12,weekend,2,2025,1
E05013788,12-14,weekend,2,2025,4
E05013788,14-16,weekend,2,2025,6
E05013788,16-18,weekend,2,2025,6
E05013788,18-20,weekend,2,2025,4
E05013788,20-22,weekend,2,2025,3
E05013789,06-08,weekday,1,2025,2
E05013789,08-10,weekday,1,2025,4
E05013789,10-12,weekday,1,2025,6
E05013789,12-14,weekday,1,2025,8
E05013789,14-16,weekday,1,2025,9
E05013789,16-18,weekday,1,2025,9
E05013789,18-20,weekday,1,2025,8
E05013789,20-22,weekday,1,2025,6
E05013789,06-08,weekday,2,2025,2
E05013789,08-10,weekday,2,2025,4
E05013789,10-12,weekday,2,2025,6
E05013789,12-14,weekday,2,2025,8
E05013789,14-16,weekday,2,2025,9
E05013789,16-18,weekday,2,2025,9
E05013789,18-20,weekday,2,2025,8
E05013789,20-22,weekday,2,2025,6
E05013789,06-08,weekend,1,2025,1
E05013789,08-10,weekend,1,2025,1
E05013789,10-12,weekend,1,2025,1
E05013789,12-14,weekend,1,2025,4
E05013789,14-16,weekend,1,2025,6
E05013789,16-18,weekend,1,2025,6
E05013789,18-20,weekend,1,2025,4
E05013789,20-22,weekend,1,2025,3
E05013789,06-08,weekend,2,2025,1
E05013789,08-10,weekend,2,2025,2
E05013789,10-12,weekend,2,2025,1
E05013789,12-14,weekend,2,2025,3
E05013789,14-16,weekend,2,2025,6
E05013789,16-18,weekend,2,2025,6
E05013789,18-20,weekend,2,2025,4
E05013789,20-22,weekend,2,2025,3
E05013790,06-08,weekday,1,2025,2
E05013790,08-10,weekday,1,2025,4
E05013790,10-12,weekday,1,2025,6
E05013790,12-14,weekday,1,2025,8
E05013790,14-16,weekday,1,2025,9
E05013790,16-18,weekday,1,2025,9
E05013790,18-20,weekday,1,2025,8
E05013790,20-22,weekday,1,2025,6
E05013790,06-08,weekday,2,2025,2
E05013790,08-10,weekday,2,2025,4
E05013790,10-12,weekday,2,2025,6
E05013790,12-14,weekday,2,2025,8
E05013790,14-16,weekday,2,2025,9
E05013790,16-18,weekday,2,2025,9
E05013790,18-20,weekday,2,2025,8
E05013790,20-22,weekday,2,2025,6
E05013790,06-08,weekend,1,2025,1
E05013790,08-10,weekend,1,2025,1
E05013790,10-12,weekend,1,2025,1
E05013790,12-14,weekend,1,2025,4
E05013790,14-16,weekend,1,2025,6
E05013790,16-18,weekend,1,2025,6
E05013790,18-20,weekend,1,2025,4
E05013790,20-22,weekend,1,2025,3
E05013790,06-08,weekend,2,2025,1
E05013790,08-10,weekend,2,2025,1
E05013790,10-12,weekend,2,2025,1
E05013790,12-14,weekend,2,2025,4
E05013790,14-16,weekend,2,2025,6
E05013790,16-18,weekend,2,2025,6
E05013790,18-20,weekend,2,2025,4
E05013790,20-22,weekend,2,2025,3
E05013791,06-08,weekday,1,2025,2
E05013791,08-10,weekday,1,2025,4
E05013791,10-12,weekday,1,2025,6
E05013791,12-14,weekday,1,2025,8
E05013791,14-16,weekday,1,2025,9
E05013791,16-18,weekday,1,2025,9
E05013791,18-20,weekday,1,2025,8
E05013791,20-22,weekday,1,2025,6
E05013791,06-08,weekday,2,2025,2
E05013791,08-10,weekday,2,2025,4
E05013791,10-12,weekday,2,2025,6
E05013791,12-14,weekday,2,2025,8
E05013791,14-16,weekday,2,2025,9
E05013791,16-18,weekday,2,2025,9
E05013791,18-20,weekday,2,2025,8
E05013791,20-22,weekday,2,2025,6
E05013791,06-08,weekend,1,2025,1
E05013791,08-10,weekend,1,2025,1
E05013791,10-12,weekend,1,2025,1
E05013791,12-14,weekend,1,2025,4
E05013791,14-16,weekend,1,2025,6
E05013791,16-18,weekend,1,2025,6
E05013791,18-20,weekend,1,2025,4
E05013791,20-22,weekend,1,2025,3
E05013791,06-08,weekend,2,2025,1
E05013791,08-10,weekend,2,2025,2
E05013791,10-12,weekend,2,2025,1
E05013791,12-14,weekend,2,2025,3
E05013791,14-16,weekend,2,2025,6
E05013791,16-18,weekend,2,2025,6
E05013791,18-20,weekend,2,2025,4
E05013791,20-22,weekend,2,2025,3
E05013792,06-08,weekday,1,2025,2
E05013792,08-10,weekday,1,2025,4
E05013792,10-12,weekday,1,2025,6
E05013792,12-14,weekday,1,2025,8
E05013792,14-16,weekday,1,2025,9
E05013792,16-18,weekday,1,2025,9
E05013792,18-20,weekday,1,2025,8
E05013792,20-22,weekday,1,2025,6
E05013792,06-08,weekday,2,2025,2
E05013792,08-10,weekday,2,2025,4
E05013792,10-12,weekday,2,2025,6
E05013792,12-14,weekday,2,2025,8
E05013792,14-16,weekday,2,2025,9
E05013792,16-18,weekday,2,2025,9
E05013792,18-20,weekday,2,2025,8
E05013792,20-22,weekday,2,2025,6
E05013792,06-08,weekend,1,2025,1
E05013792,08-10,weekend,1,2025,1
E05013792,10-12,weekend,1,2025,1
E05013792,12-14,weekend,1,2025,4
E05013792,14-16,weekend,1,2025,6
E05013792,16-18,weekend,1,2025,6
E05013792,18-20,weekend,1,2025,4
E05013792,20-22,weekend,1,2025,3
E05013792,06-08,weekend,2,2025,1
E05013792,08-10,weekend,2,2025,2
E05013792,10-12,weekend,2,2025,1
E05013792,12-14,weekend,2,2025,3
E05013792,14-16,weekend,2,2025,6
E05013792,16-18,weekend,2,2025,6
E05013792,18-20,weekend,2,2025,4
E05013792,20-22,weekend,2,2025,3
E05013793,06-08,weekday,1,2025,1
E05013793,08-10,weekday,1,2025,9
E05013793,10-12,weekday,1,2025,12
E05013793,12-14,weekday,1,2025,15
E05013793,14-16,weekday,1,2025,18
E05013793,16-18,weekday,1,2025,18
E05013793,18-20,weekday,1,2025,15
E05013793,20-22,weekday,1,2025,12
E05013793,06-08,weekday,2,2025,4
E05013793,08-10,weekday,2,2025,7
E05013793,10-12,weekday,2,2025,9
E05013793,12-14,weekday,2,2025,12
E05013793,14-16,weekday,2,2025,14
E05013793,16-18,weekday,2,2025,14
E05013793,18-20,weekday,2,2025,12
E05013793,20-22,weekday,2,2025,9
E05013793,06-08,weekend,1,2025,1
E05013793,08-10,weekend,1,2025,1
E05013793,10-12,weekend,1,2025,1
E05013793,12-14,weekend,1,2025,9
E05013793,14-16,weekend,1,2025,12
E05013793,16-18,weekend,1,2025,12
E05013793,18-20,weekend,1,2025,9
E05013793,20-22,weekend,1,2025,5
E05013793,06-08,weekend,2,2025,2
E05013793,08-10,weekend,2,2025,4
E05013793,10-12,weekend,2,2025,1
E05013793,12-14,weekend,2,2025,6
E05013793,14-16,weekend,2,2025,9
E05013793,16-18,weekend,2,2025,9
E05013793,18-20,weekend,2,2025,7
E05013793,20-22,weekend,2,2025,2
E05013794,06-08,weekday,1,2025,4
E05013794,08-10,weekday,1,2025,7
E05013794,10-12,weekday,1,2025,9
E05013794,12-14,weekday,1,2025,12
E05013794,14-16,weekday,1,2025,14
E05013794,16-18,weekday,1,2025,14
E05013794,18-20,weekday,1,2025,12
E05013794,20-22,weekday,1,2025,9
E05013794,06-08,weekday,2,2025,4
E05013794,08-10,weekday,2,2025,7
E05013794,10-12,weekday,2,2025,9
E05013794,12-14,weekday,2,2025,12
E05013794,14-16,weekday,2,2025,14
E05013794,16-18,weekday,2,2025,14
E05013794,18-20,weekday,2,2025,12
E05013794,20-22,weekday,2,2025,9
E05013794,06-08,weekend,1,2025,1
E05013794,08-10,weekend,1,2025,1
E05013794,10-12,weekend,1,2025,1
E05013794,12-14,weekend,1,2025,7
E05013794,14-16,weekend,1,2025,9
E05013794,16-18,weekend,1,2025,9
E05013794,18-20,weekend,1,2025,7
E05013794,20-22,weekend,1,2025,5
E05013794,06-08,weekend,2,2025,2
E05013794,08-10,weekend,2,2025,4
E05013794,10-12,weekend,2,2025,1
E05013794,12-14,weekend,2,2025,6
E05013794,14-16,weekend,2,2025,9
E05013794,16-18,weekend,2,2025,9
E05013794,18-20,weekend,2,2025,7
E05013794,20-22,weekend,2,2025,2
E05013795,06-08,weekday,1,2025,2
E05013795,08-10,weekday,1,2025,4
E05013795,10-12,weekday,1,2025,6
E05013795,12-14,weekday,1,2025,8
E05013795,14-16,weekday,1,2025,9
E05013795,16-18,weekday,1,2025,9
E05013795,18-20,weekday,1,2025,8
E05013795,20-22,weekday,1,2025,6
E05013795,06-08,weekday,2,2025,2
E05013795,08-10,weekday,2,2025,4
E05013795,10-12,weekday,2,2025,6
E05013795,12-14,weekday,2,2025,8
E05013795,14-16,weekday,2,2025,9
E05013795,16-18,weekday,2,2025,9
E05013795,18-20,weekday,2,2025,8
E05013795,20-22,weekday,2,2025,6
E05013795,06-08,weekend,1,2025,1
E05013795,08-10,weekend,1,2025,1
E05013795,10-12,weekend,1,2025,1
E05013795,12-14,weekend,1,2025,4
E05013795,14-16,weekend,1,2025,6
E05013795,16-18,weekend,1,2025,6
E05013795,18-20,weekend,1,2025,4
E05013795,20-22,weekend,1,2025,3
E05013795,06-08,weekend,2,2025,1
E05013795,08-10,weekend,2,2025,2
E05013795,10-12,weekend,2,2025,1
E05013795,12-14,weekend,2,2025,3
E05013795,14-16,weekend,2,2025,6
E05013795,16-18,weekend,2,2025,6
E05013795,18-20,weekend,2,2025,4
E05013795,20-22,weekend,2,2025,3
E05013796,06-08,weekday,1,2025,2
E05013796,08-10,weekday,1,2025,4
E05013796,10-12,weekday,1,2025,6
E05013796,12-14,weekday,1,2025,8
E05013796,14-16,weekday,1,2025,9
E05013796,16-18,weekday,1,2025,9
E05013796,18-20,weekday,1,2025,8
E05013796,20-22,weekday,1,2025,6
E05013796,06-08,weekday,2,2025,2
E05013796,08-10,weekday,2,2025,4
E05013796,10-12,weekday,2,2025,6
E05013796,12-14,weekday,2,2025,8
E05013796,14-16,weekday,2,2025,9
E05013796,16-18,weekday,2,2025,9
E05013796,18-20,weekday,2,2025,8
E05013796,20-22,weekday,2,2025,6
E05013796,06-08,weekend,1,2025,1
E05013796,08-10,weekend,1,2025,1
E05013796,10-12,weekend,1,2025,1
E05013796,12-14,weekend,1,2025,4
E05013796,14-16,weekend,1,2025,6
E05013796,16-18,weekend,1,2025,6
E05013796,18-20,weekend,1,2025,4
E05013796,20-22,weekend,1,2025,3
E05013796,06-08,weekend,2,2025,1
E05013796,08-10,weekend,2,2025,2
E05013796,10-12,weekend,2,2025,1
E05013796,12-14,weekend,2,2025,3
E05013796,14-16,weekend,2,2025,6
E05013796,16-18,weekend,2,2025,6
E05013796,18-20,weekend,2,2025,4
E05013796,20-22,weekend,2,2025,3
E05013797,06-08,weekday,1,2025,2
E05013797,08-10,weekday,1,2025,4
E05013797,10-12,weekday,1,2025,6
E05013797,12-14,weekday,1,2025,8
E05013797,14-16,weekday,1,2025,9
E05013797,16-18,weekday,1,2025,9
E05013797,18-20,weekday,1,2025,8
E05013797,20-22,weekday,1,2025,6
E05013797,06-08,weekday,2,2025,2
E05013797,08-10,weekday,2,2025,4
E05013797,10-12,weekday,2,2025,6
E05013797,12-14,weekday,2,2025,8
E05013797,14-16,weekday,2,2025,9
E05013797,16-18,weekday,2,2025,9
E05013797,18-20,weekday,2,2025,8
E05013797,20-22,weekday,2,2025,6
E05013797,06-08,weekend,1,2025,1
E05013797,08-10,weekend,1,2025,1
E05013797,10-12,weekend,1,2025,1
E05013797,12-14,weekend,1,2025,4
E05013797,14-16,weekend,1,2025,6
E05013797,16-18,weekend,1,2025,6
E05013797,18-20,weekend,1,2025,4
E05013797,20-22,weekend,1,2025,3
E05013797,06-08,weekend,2,2025,1
E05013797,08-10,weekend,2,2025,2
E05013797,10-12,weekend,2,2025,1
E05013797,12-14,weekend,2,2025,3
E05013797,14-16,weekend,2,2025,6
E05013797,16-18,weekend,2,2025,6
E05013797,18-20,weekend,2,2025,4
E05013797,20-22,weekend,2,2025,3
E05013798,06-08,weekday,1,2025,2
E05013798,08-10,weekday,1,2025,4
E05013798,10-12,weekday,1,2025,6
E05013798,12-14,weekday,1,2025,8
E05013798,14-16,weekday,1,2025,9
E05013798,16-18,weekday,1,2025,9
E05013798,18-20,weekday,1,2025,8
E05013798,20-22,weekday,1,2025,6
E05013798,06-08,weekday,2,2025,2
E05013798,08-10,weekday,2,2025,4
E05013798,10-12,weekday,2,2025,6
E05013798,12-14,weekday,2,2025,8
E05013798,14-16,weekday,2,2025,9
E05013798,16-18,weekday,2,2025,9
E05013798,18-20,weekday,2,2025,8
E05013798,20-22,weekday,2,2025,6
E05013798,06-08,weekend,1,2025,1
E05013798,08-10,weekend,1,2025,1
E05013798,10-12,weekend,1,2025,1
E05013798,12-14,weekend,1,2025,4
E05013798,14-16,weekend,1,2025,6
E05013798,16-18,weekend,1,2025,6
E05013798,18-20,weekend,1,2025,4
E05013798,20-22,weekend,1,2025,3
E05013798,06-08,weekend,2,2025,1
E05013798,08-10,weekend,2,2025,2
E05013798,10-12,weekend,2,2025,1
E05013798,12-14,weekend,2,2025,3
E05013798,14-16,weekend,2,2025,6
E05013798,16-18,weekend,2,2025,6
E05013798,18-20,weekend,2,2025,4
E05013798,20-22,weekend,2,2025,3
E05013799,06-08,weekday,1,2025,2
E05013799,08-10,weekday,1,2025,4
E05013799,10-12,weekday,1,2025,6
E05013799,12-14,weekday,1,2025,8
E05013799,14-16,weekday,1,2025,9
E05013799,16-18,weekday,1,2025,9
E05013799,18-20,weekday,1,2025,8
E05013799,20-22,weekday,1,2025,6
E05013799,06-08,weekday,2,2025,2
E05013799,08-10,weekday,2,2025,4
E05013799,10-12,weekday,2,2025,6
E05013799,12-14,weekday,2,2025,8
E05013799,14-16,weekday,2,2025,9
E05013799,16-18,weekday,2,2025,9
E05013799,18-20,weekday,2,2025,8
E05013799,20-22,weekday,2,2025,6
E05013799,06-08,weekend,1,2025,1
E05013799,08-10,weekend,1,2025,1
E05013799,10-12,weekend,1,2025,1
E05013799,12-14,weekend,1,2025,4
E05013799,14-16,weekend,1,2025,6
E05013799,16-18,weekend,1,2025,6
E05013799,18-20,weekend,1,2025,4
E05013799,20-22,weekend,1,2025,3
E05013799,06-08,weekend,2,2025,1
E05013799,08-10,weekend,2,2025,2
E05013799,10-12,weekend,2,2025,1
E05013799,12-14,weekend,2,2025,3
E05013799,14-16,weekend,2,2025,6
E05013799,16-18,weekend,2,2025,6
E05013799,18-20,weekend,2,2025,4
E05013799,20-22,weekend,2,2025,3
E05013800,06-08,weekday,1,2025,2
E05013800,08-10,weekday,1,2025,4
E05013800,10-12,weekday,1,2025,6
E05013800,12-14,weekday,1,2025,8
E05013800,14-16,weekday,1,2025,9
E05013800,16-18,weekday,1,2025,9
E05013800,18-20,weekday,1,2025,8
E05013800,20-22,weekday,1,2025,6
E05013800,06-08,weekday,2,2025,2
E05013800,08-10,weekday,2,2025,4
E05013800,10-12,weekday,2,2025,6
E05013800,12-14,weekday,2,2025,8
E05013800,14-16,weekday,2,2025,9
E05013800,16-18,weekday,2,2025,9
E05013800,18-20,weekday,2,2025,8
E05013800,20-22,weekday,2,2025,6
E05013800,06-08,weekend,1,2025,1
E05013800,08-10,weekend,1,2025,1
E05013800,10-12,weekend,1,2025,1
E05013800,12-14,weekend,1,2025,4
E05013800,14-16,weekend,1,2025,6
E05013800,16-18,weekend,1,2025,6
E05013800,18-20,weekend,1,2025,4
E05013800,20-22,weekend,1,2025,3
E05013800,06-08,weekend,2,2025,1
E05013800,08-10,weekend,2,2025,2
E05013800,10-12,weekend,2,2025,1
E05013800,12-14,weekend,2,2025,3
E05013800,14-16,weekend,2,2025,6
E05013800,16-18,weekend,2,2025,6
E05013800,18-20,weekend,2,2025,4
E05013800,20-22,weekend,2,2025,3
E05013801,06-08,weekday,1,2025,4
E05013801,08-10,weekday,1,2025,7
E05013801,10-12,weekday,1,2025,9
E05013801,12-14,weekday,1,2025,12
E05013801,14-16,weekday,1,2025,14
E05013801,16-18,weekday,1,2025,14
E05013801,18-20,weekday,1,2025,12
E05013801,20-22,weekday,1,2025,9
E05013801,06-08,weekday,2,2025,4
E05013801,08-10,weekday,2,2025,7
E05013801,10-12,weekday,2,2025,9
E05013801,12-14,weekday,2,2025,12
E05013801,14-16,weekday,2,2025,14
E05013801,16-18,weekday,2,2025,14
E05013801,18-20,weekday,2,2025,12
E05013801,20-22,weekday,2,2025,9
E05013801,06-08,weekend,1,2025,1
E05013801,08-10,weekend,1,2025,1
E05013801,10-12,weekend,1,2025,1
E05013801,12-14,weekend,1,2025,7
E05013801,14-16,weekend,1,2025,9
E05013801,16-18,weekend,1,2025,9
E05013801,18-20,weekend,1,2025,7
E05013801,20-22,weekend,1,2025,5
E05013801,06-08,weekend,2,2025,2
E05013801,08-10,weekend,2,2025,4
E05013801,10-12,weekend,2,2025,1
E05013801,12-14,weekend,2,2025,6
E05013801,14-16,weekend,2,2025,9
E05013801,16-18,weekend,2,2025,9
E05013801,18-20,weekend,2,2025,7
E05013801,20-22,weekend,2,2025,2
E05013802,06-08,weekday,1,2025,2
E05013802,08-10,weekday,1,2025,4
E05013802,10-12,weekday,1,2025,6
E05013802,12-14,weekday,1,2025,8
E05013802,14-16,weekday,1,2025,9
E05013802,16-18,weekday,1,2025,9
E05013802,18-20,weekday,1,2025,8
E05013802,20-22,weekday,1,2025,6
E05013802,06-08,weekday,2,2025,2
E05013802,08-10,weekday,2,2025,4
E05013802,10-12,weekday,2,2025,6
E05013802,12-14,weekday,2,2025,8
E05013802,14-16,weekday,2,2025,9
E05013802,16-18,weekday,2,2025,9
E05013802,18-20,weekday,2,2025,8
E05013802,20-22,weekday,2,2025,6
E05013802,06-08,weekend,1,2025,1
E05013802,08-10,weekend,1,2025,1
E05013802,10-12,weekend,1,2025,1
E05013802,12-14,weekend,1,2025,4
E05013802,14-16,weekend,1,2025,6
E05013802,16-18,weekend,1,2025,6
E05013802,18-20,weekend,1,2025,4
E05013802,20-22,weekend,1,2025,3
E05013802,06-08,weekend,2,2025,1
E05013802,08-10,weekend,2,2025,2
E05013802,10-12,weekend,2,2025,1
E05013802,12-14,weekend,2,2025,3
E05013802,14-16,weekend,2,2025,6
E05013802,16-18,weekend,2,2025,6
E05013802,18-20,weekend,2,2025,4
E05013802,20-22,weekend,2,2025,3
E05013803,06-08,weekday,1,2025,2
E05013803,08-10,weekday,1,2025,4
E05013803,10-12,weekday,1,2025,6
E05013803,12-14,weekday,1,2025,8
E05013803,14-16,weekday,1,2025,9
E05013803,16-18,weekday,1,2025,9
E05013803,18-20,weekday,1,2025,8
E05013803,20-22,weekday,1,2025,6
E05013803,06-08,weekday,2,2025,2
E05013803,08-10,weekday,2,2025,4
E05013803,10-12,weekday,2,2025,6
E05013803,12-14,weekday,2,2025,8
E05013803,14-16,weekday,2,2025,9
E05013803,16-18,weekday,2,2025,9
E05013803,18-20,weekday,2,2025,8
E05013803,20-22,weekday,2,2025,6
E05013803,06-08,weekend,1,2025,1
E05013803,08-10,weekend,1,2025,1
E05013803,10-12,weekend,1,2025,1
E05013803,12-14,weekend,1,2025,4
E05013803,14-16,weekend,1,2025,6
E05013803,16-18,weekend,1,2025,6
E05013803,18-20,weekend,1,2025,4
E05013803,20-22,weekend,1,2025,3
E05013803,06-08,weekend,2,2025,1
E05013803,08-10,weekend,2,2025,2
E05013803,10-12,weekend,2,2025,1
E05013803,12-14,weekend,2,2025,3
E05013803,14-16,weekend,2,2025,6
E05013803,16-18,weekend,2,2025,6
E05013803,18-20,weekend,2,2025,4
E05013803,20-22,weekend,2,2025,3
E05013804,06-08,weekday,1,2025,2
E05013804,08-10,weekday,1,2025,4
E05013804,10-12,weekday,1,2025,6
E05013804,12-14,weekday,1,2025,8
E05013804,14-16,weekday,1,2025,9
E05013804,16-18,weekday,1,2025,9
E05013804,18-20,weekday,1,2025,8
E05013804,20-22,weekday,1,2025,6
E05013804,06-08,weekday,2,2025,2
E05013804,08-10,weekday,2,2025,4
E05013804,10-12,weekday,2,2025,6
E05013804,12-14,weekday,2,2025,8
E05013804,14-16,weekday,2,2025,9
E05013804,16-18,weekday,2,2025,9
E05013804,18-20,weekday,2,2025,8
E05013804,20-22,weekday,2,2025,6
E05013804,06-08,weekend,1,2025,1
E05013804,08-10,weekend,1,2025,1
E05013804,10-12,weekend,1,2025,1
E05013804,12-14,weekend,1,2025,4
E05013804,14-16,weekend,1,2025,6
E05013804,16-18,weekend,1,2025,6
E05013804,18-20,weekend,1,2025,4
E05013804,20-22,weekend,1,2025,3
E05013804,06-08,weekend,2,2025,1
E05013804,08-10,weekend,2,2025,2
E05013804,10-12,weekend,2,2025,1
E05013804,12-14,weekend,2,2025,3
E05013804,14-16,weekend,2,2025,6
E05013804,16-18,weekend,2,2025,6
E05013804,18-20,weekend,2,2025,4
E05013804,20-22,weekend,2,2025,3
E05013805,06-08,weekday,1,2025,2
E05013805,08-10,weekday,1,2025,4
E05013805,10-12,weekday,1,2025,6
E05013805,12-14,weekday,1,2025,8
E05013805,14-16,weekday,1,2025,9
E05013805,16-18,weekday,1,2025,9
E05013805,18-20,weekday,1,2025,8
E05013805,20-22,weekday,1,2025,6
E05013805,06-08,weekday,2,2025,2
E05013805,08-10,weekday,2,2025,4
E05013805,10-12,weekday,2,2025,6
E05013805,12-14,weekday,2,2025,8
E05013805,14-16,weekday,2,2025,9
E05013805,16-18,weekday,2,2025,9
E05013805,18-20,weekday,2,2025,8
E05013805,20-22,weekday,2,2025,6
E05013805,06-08,weekend,1,2025,1
E05013805,08-10,weekend,1,2025,1
E05013805,10-12,weekend,1,2025,1
E05013805,12-14,weekend,1,2025,4
E05013805,14-16,weekend,1,2025,6
E05013805,16-18,weekend,1,2025,6
E05013805,18-20,weekend,1,2025,4
E05013805,20-22,weekend,1,2025,3
E05013805,06-08,weekend,2,2025,1
E05013805,08-10,weekend,2,2025,2
E05013805,10-12,weekend,2,2025,1
E05013805,12-14,weekend,2,2025,3
E05013805,14-16,weekend,2,2025,6
E05013805,16-18,weekend,2,2025,6
E05013805,18-20,weekend,2,2025,4
E05013805,20-22,weekend,2,2025,3
E05013806,06-08,weekday,1,2025,2
E05013806,08-10,weekday,1,2025,4
E05013806,10-12,weekday,1,2025,6
E05013806,12-14,weekday,1,2025,8
E05013806,14-16,weekday,1,2025,9
E05013806,16-18,weekday,1,2025,9
E05013806,18-20,weekday,1,2025,8
E05013806,20-22,weekday,1,2025,6
E05013806,06-08,weekday,2,2025,2
E05013806,08-10,weekday,2,2025,4
E05013806,10-12,weekday,2,2025,6
E05013806,12-14,weekday,2,2025,8
E05013806,14-16,weekday,2,2025,9
E05013806,16-18,weekday,2,2025,9
E05013806,18-20,weekday,2,2025,8
E05013806,20-22,weekday,2,2025,6
E05013806,06-08,weekend,1,2025,1
E05013806,08-10,weekend,1,2025,1
E05013806,10-12,weekend,1,2025,1
E05013806,12-14,weekend,1,2025,4
E05013806,14-16,weekend,1,2025,6
E05013806,16-18,weekend,1,2025,6
E05013806,18-20,weekend,1,2025,4
E05013806,20-22,weekend,1,2025,3
E05013806,06-08,weekend,2,2025,1
E05013806,08-10,weekend,2,2025,2
E05013806,10-12,weekend,2,2025,1
E05013806,12-14,weekend,2,2025,3
E05013806,14-16,weekend,2,2025,6
E05013806,16-18,weekend,2,2025,6
E05013806,18-20,weekend,2,2025,4
E05013806,20-22,weekend,2,2025,3
E05013807,06-08,weekday,1,2025,2
E05013807,08-10,weekday,1,2025,4
E05013807,10-12,weekday,1,2025,6
E05013807,12-14,weekday,1,2025,8
E05013807,14-16,weekday,1,2025,9
E05013807,16-18,weekday,1,2025,9
E05013807,18-20,weekday,1,2025,8
E05013807,20-22,weekday,1,2025,6
E05013807,06-08,weekday,2,2025,2
E05013807,08-10,weekday,2,2025,4
E05013807,10-12,weekday,2,2025,6
E05013807,12-14,weekday,2,2025,8
E05013807,14-16,weekday,2,2025,9
E05013807,16-18,weekday,2,2025,9
E05013807,18-20,weekday,2,2025,8
E05013807,20-22,weekday,2,2025,6
E05013807,06-08,weekend,1,2025,1
E05013807,08-10,weekend,1,2025,1
E05013807,10-12,weekend,1,2025,1
E05013807,12-14,weekend,1,2025,4
E05013807,14-16,weekend,1,2025,6
E05013807,16-18,weekend,1,2025,6
E05013807,18-20,weekend,1,2025,4
E05013807,20-22,weekend,1,2025,3
E05013807,06-08,weekend,2,2025,1
E05013807,08-10,weekend,2,2025,2
E05013807,10-12,weekend,2,2025,1
E05013807,12-14,weekend,2,2025,3
E05013807,14-16,weekend,2,2025,6
E05013807,16-18,weekend,2,2025,6
E05013807,18-20,weekend,2,2025,4
E05013807,20-22,weekend,2,2025,3
E05013808,06-08,weekday,1,2025,4
E05013808,08-10,weekday,1,2025,7
E05013808,10-12,weekday,1,2025,9
E05013808,12-14,weekday,1,2025,12
E05013808,14-16,weekday,1,2025,14
E05013808,16-18,weekday,1,2025,14
E05013808,18-20,weekday,1,2025,12
E05013808,20-22,weekday,1,2025,9
E05013808,06-08,weekday,2,2025,2
E05013808,08-10,weekday,2,2025,4
E05013808,10-12,weekday,2,2025,6
E05013808,12-14,weekday,2,2025,8
E05013808,14-16,weekday,2,2025,9
E05013808,16-18,weekday,2,2025,9
E05013808,18-20,weekday,2,2025,8
E05013808,20-22,weekday,2,2025,6
E05013808,06-08,weekend,1,2025,2
E05013808,08-10,weekend,1,2025,1
E05013808,10-12,weekend,1,2025,4
E05013808,12-14,weekend,1,2025,7
E05013808,14-16,weekend,1,2025,8
E05013808,16-18,weekend,1,2025,9
E05013808,18-20,weekend,1,2025,7
E05013808,20-22,weekend,1,2025,2
E05013808,06-08,weekend,2,2025,1
E05013808,08-10,weekend,2,2025,1
E05013808,10-12,weekend,2,2025,1
E05013808,12-14,weekend,2,2025,4
E05013808,14-16,weekend,2,2025,6
E05013808,16-18,weekend,2,2025,6
E05013808,18-20,weekend,2,2025,4
E05013808,20-22,weekend,2,2025,3
E05013809,06-08,weekday,1,2025,2
E05013809,08-10,weekday,1,2025,4
E05013809,10-12,weekday,1,2025,6
E05013809,12-14,weekday,1,2025,8
E05013809,14-16,weekday,1,2025,9
E05013809,16-18,weekday,1,2025,9
E05013809,18-20,weekday,1,2025,8
E05013809,20-22,weekday,1,2025,6
E05013809,06-08,weekday,2,2025,2
E05013809,08-10,weekday,2,2025,4
E05013809,10-12,weekday,2,2025,6
E05013809,12-14,weekday,2,2025,8
E05013809,14-16,weekday,2,2025,9
E05013809,16-18,weekday,2,2025,9
E05013809,18-20,weekday,2,2025,8
E05013809,20-22,weekday,2,2025,6
E05013809,06-08,weekend,1,2025,1
E05013809,08-10,weekend,1,2025,1
E05013809,10-12,weekend,1,2025,1
E05013809,12-14,weekend,1,2025,4
E05013809,14-16,weekend,1,2025,6
E05013809,16-18,weekend,1,2025,6
E05013809,18-20,weekend,1,2025,4
E05013809,20-22,weekend,1,2025,3
E05013809,06-08,weekend,2,2025,1
E05013809,08-10,weekend,2,2025,2
E05013809,10-12,weekend,2,2025,1
E05013809,12-14,weekend,2,2025,3
E05013809,14-16,weekend,2,2025,6
E05013809,16-18,weekend,2,2025,6
E05013809,18-20,weekend,2,2025,4
E05013809,20-22,weekend,2,2025,3
E05013810,06-08,weekday,1,2025,2
E05013810,08-10,weekday,1,2025,4
E05013810,10-12,weekday,1,2025,6
E05013810,12-14,weekday,1,2025,8
E05013810,14-16,weekday,1,2025,9
E05013810,16-18,weekday,1,2025,9
E05013810,18-20,weekday,1,2025,8
E05013810,20-22,weekday,1,2025,6
E05013810,06-08,weekday,2,2025,2
E05013810,08-10,weekday,2,2025,4
E05013810,10-12,weekday,2,2025,6
E05013810,12-14,weekday,2,2025,8
E05013810,14-16,weekday,2,2025,9
E05013810,16-18,weekday,2,2025,9
E05013810,18-20,weekday,2,2025,8
E05013810,20-22,weekday,2,2025,6
E05013810,06-08,weekend,1,2025,1
E05013810,08-10,weekend,1,2025,1
E05013810,10-12,weekend,1,2025,1
E05013810,12-14,weekend,1,2025,4
E05013810,14-16,weekend,1,2025,6
E05013810,16-18,weekend,1,2025,6
E05013810,18-20,weekend,1,2025,4
E05013810,20-22,weekend,1,2025,3
E05013810,06-08,weekend,2,2025,1
E05013810,08-10,weekend,2,2025,1
E05013810,10-12,weekend,2,2025,1
E05013810,12-14,weekend,2,2025,4
E05013810,14-16,weekend,2,2025,6
E05013810,16-18,weekend,2,2025,6
E05013810,18-20,weekend,2,2025,4
E05013810,20-22,weekend,2,2025,3
E05013811,06-08,weekday,1,2025,2
E05013811,08-10,weekday,1,2025,4
E05013811,10-12,weekday,1,2025,6
E05013811,12-14,weekday,1,2025,8
E05013811,14-16,weekday,1,2025,9
E05013811,16-18,weekday,1,2025,9
E05013811,18-20,weekday,1,2025,8
E05013811,20-22,weekday,1,2025,6
E05013811,06-08,weekday,2,2025,2
E05013811,08-10,weekday,2,2025,4
E05013811,10-12,weekday,2,2025,6
E05013811,12-14,weekday,2,2025,8
E05013811,14-16,weekday,2,2025,9
E05013811,16-18,weekday,2,2025,9
E05013811,18-20,weekday,2,2025,8
E05013811,20-22,weekday,2,2025,6
E05013811,06-08,weekend,1,2025,1
E05013811,08-10,weekend,1,2025,1
E05013811,10-12,weekend,1,2025,1
E05013811,12-14,weekend,1,2025,4
E05013811,14-16,weekend,1,2025,6
E05013811,16-18,weekend,1,2025,6
E05013811,18-20,weekend,1,2025,4
E05013811,20-22,weekend,1,2025,3
E05013811,06-08,weekend,2,2025,1
E05013811,08-10,weekend,2,2025,2
E05013811,10-12,weekend,2,2025,1
E05013811,12-14,weekend,2,2025,3
E05013811,14-16,weekend,2,2025,6
E05013811,16-18,weekend,2,2025,6
E05013811,18-20,weekend,2,2025,4
E05013811,20-22,weekend,2,2025,3
E05013812,06-08,weekday,1,2025,2
E05013812,08-10,weekday,1,2025,4
E05013812,10-12,weekday,1,2025,6
E05013812,12-14,weekday,1,2025,8
E05013812,14-16,weekday,1,2025,9
E05013812,16-18,weekday,1,2025,9
E05013812,18-20,weekday,1,2025,8
E05013812,20-22,weekday,1,2025,6
E05013812,06-08,weekday,2,2025,2
E05013812,08-10,weekday,2,2025,4
E05013812,10-12,weekday,2,2025,6
E05013812,12-14,weekday,2,2025,8
E05013812,14-16,weekday,2,2025,9
E05013812,16-18,weekday,2,2025,9
E05013812,18-20,weekday,2,2025,8
E05013812,20-22,weekday,2,2025,6
E05013812,06-08,weekend,1,2025,1
E05013812,08-10,weekend,1,2025,1
E05013812,10-12,weekend,1,2025,1
E05013812,12-14,weekend,1,2025,4
E05013812,14-16,weekend,1,2025,6
E05013812,16-18,weekend,1,2025,6
E05013812,18-20,weekend,1,2025,4
E05013812,20-22,weekend,1,2025,3
E05013812,06-08,weekend,2,2025,1
E05013812,08-10,weekend,2,2025,2
E05013812,10-12,weekend,2,2025,1
E05013812,12-14,weekend,2,2025,3
E05013812,14-16,weekend,2,2025,6
E05013812,16-18,weekend,2,2025,6
E05013812,18-20,weekend,2,2025,4
E05013812,20-22,weekend,2,2025,3
E05013813,06-08,weekday,1,2025,2
E05013813,08-10,weekday,1,2025,4
E05013813,10-12,weekday,1,2025,6
E05013813,12-14,weekday,1,2025,8
E05013813,14-16,weekday,1,2025,9
E05013813,16-18,weekday,1,2025,9
E05013813,18-20,weekday,1,2025,8
E05013813,20-22,weekday,1,2025,6
E05013813,06-08,weekday,2,2025,2
E05013813,08-10,weekday,2,2025,4
E05013813,10-12,weekday,2,2025,6
E05013813,12-14,weekday,2,2025,8
E05013813,14-16,weekday,2,2025,9
E05013813,16-18,weekday,2,2025,9
E05013813,18-20,weekday,2,2025,8
E05013813,20-22,weekday,2,2025,6
E05013813,06-08,weekend,1,2025,1
E05013813,08-10,weekend,1,2025,1
E05013813,10-12,weekend,1,2025,1
E05013813,12-14,weekend,1,2025,4
E05013813,14-16,weekend,1,2025,6
E05013813,16-18,weekend,1,2025,6
E05013813,18-20,weekend,1,2025,4
E05013813,20-22,weekend,1,2025,3
E05013813,06-08,weekend,2,2025,1
E05013813,08-10,weekend,2,2025,2
E05013813,10-12,weekend,2,2025,1
E05013813,12-14,weekend,2,2025,3
E05013813,14-16,weekend,2,2025,6
E05013813,16-18,weekend,2,2025,6
E05013813,18-20,weekend,2,2025,4
E05013813,20-22,weekend,2,2025,3
E05013814,06-08,weekday,1,2025,2
E05013814,08-10,weekday,1,2025,4
E05013814,10-12,weekday,1,2025,6
E05013814,12-14,weekday,1,2025,8
E05013814,14-16,weekday,1,2025,9
E05013814,16-18,weekday,1,2025,9
E05013814,18-20,weekday,1,2025,8
E05013814,20-22,weekday,1,2025,6
E05013814,06-08,weekday,2,2025,2
E05013814,08-10,weekday,2,2025,4
E05013814,10-12,weekday,2,2025,6
E05013814,12-14,weekday,2,2025,8
E05013814,14-16,weekday,2,2025,9
E05013814,16-18,weekday,2,2025,9
E05013814,18-20,weekday,2,2025,8
E05013814,20-22,weekday,2,2025,6
E05013814,06-08,weekend,1,2025,1
E05013814,08-10,weekend,1,2025,1
E05013814,10-12,weekend,1,2025,1
E05013814,12-14,weekend,1,2025,4
E05013814,14-16,weekend,1,2025,6
E05013814,16-18,weekend,1,2025,6
E05013814,18-20,weekend,1,2025,4
E05013814,20-22,weekend,1,2025,3
E05013814,06-08,weekend,2,2025,1
E05013814,08-10,weekend,2,2025,2
E05013814,10-12,weekend,2,2025,1
E05013814,12-14,weekend,2,2025,3
E05013814,14-16,weekend,2,2025,6
E05013814,16-18,weekend,2,2025,6
E05013814,18-20,weekend,2,2025,4
E05013814,20-22,weekend,2,2025,3
E05013815,06-08,weekday,1,2025,2
E05013815,08-10,weekday,1,2025,4
E05013815,10-12,weekday,1,2025,6
E05013815,12-14,weekday,1,2025,8
E05013815,14-16,weekday,1,2025,9
E05013815,16-18,weekday,1,2025,9
E05013815,18-20,weekday,1,2025,8
E05013815,20-22,weekday,1,2025,6
E05013815,06-08,weekday,2,2025,2
E05013815,08-10,weekday,2,2025,4
E05013815,10-12,weekday,2,2025,6
E05013815,12-14,weekday,2,2025,8
E05013815,14-16,weekday,2,2025,9
E05013815,16-18,weekday,2,2025,9
E05013815,18-20,weekday,2,2025,8
E05013815,20-22,weekday,2,2025,6
E05013815,06-08,weekend,1,2025,1
E05013815,08-10,weekend,1,2025,1
E05013815,10-12,weekend,1,2025,1
E05013815,12-14,weekend,1,2025,4
E05013815,14-16,weekend,1,2025,6
E05013815,16-18,weekend,1,2025,6
E05013815,18-20,weekend,1,2025,4
E05013815,20-22,weekend,1,2025,3
E05013815,06-08,weekend,2,2025,1
E05013815,08-10,weekend,2,2025,2
E05013815,10-12,weekend,2,2025,1
E05013815,12-14,weekend,2,2025,3
E05013815,14-16,weekend,2,2025,6
E05013815,16-18,weekend,2,2025,6
E05013815,18-20,weekend,2,2025,4
E05013815,20-22,weekend,2,2025,3
E05013816,06-08,weekday,1,2025,2
E05013816,08-10,weekday,1,2025,4
E05013816,10-12,weekday,1,2025,6
E05013816,12-14,weekday,1,2025,8
E05013816,14-16,weekday,1,2025,9
E05013816,16-18,weekday,1,2025,9
E05013816,18-20,weekday,1,2025,8
E05013816,20-22,weekday,1,2025,6
E05013816,06-08,weekday,2,2025,2
E05013816,08-10,weekday,2,2025,4
E05013816,10-12,weekday,2,2025,6
E05013816,12-14,weekday,2,2025,8
E05013816,14-16,weekday,2,2025,9
E05013816,16-18,weekday,2,2025,9
E05013816,18-20,weekday,2,2025,8
E05013816,20-22,weekday,2,2025,6
E05013816,06-08,weekend,1,2025,1
E05013816,08-10,weekend,1,2025,1
E05013816,10-12,weekend,1,2025,1
E05013816,12-14,weekend,1,2025,4
E05013816,14-16,weekend,1,2025,6
E05013816,16-18,weekend,1,2025,6
E05013816,18-20,weekend,1,2025,4
E05013816,20-22,weekend,1,2025,3
E05013816,06-08,weekend,2,2025,1
E05013816,08-10,weekend,2,2025,2
E05013816,10-12,weekend,2,2025,1
E05013816,12-14,weekend,2,2025,3
E05013816,14-16,weekend,2,2025,6
E05013816,16-18,weekend,2,2025,6
E05013816,18-20,weekend,2,2025,4
E05013816,20-22,weekend,2,2025,3
E05013817,06-08,weekday,1,2025,2
E05013817,08-10,weekday,1,2025,4
E05013817,10-12,weekday,1,2025,6
E05013817,12-14,weekday,1,2025,8
E05013817,14-16,weekday,1,2025,9
E05013817,16-18,weekday,1,2025,9
E05013817,18-20,weekday,1,2025,8
E05013817,20-22,weekday,1,2025,6
E05013817,06-08,weekday,2,2025,2
E05013817,08-10,weekday,2,2025,4
E05013817,10-12,weekday,2,2025,6
E05013817,12-14,weekday,2,2025,8
E05013817,14-16,weekday,2,2025,9
E05013817,16-18,weekday,2,2025,9
E05013817,18-20,weekday,2,2025,8
E05013817,20-22,weekday,2,2025,6
E05013817,06-08,weekend,1,2025,1
E05013817,08-10,weekend,1,2025,1
E05013817,10-12,weekend,1,2025,1
E05013817,12-14,weekend,1,2025,4
E05013817,14-16,weekend,1,2025,6
E05013817,16-18,weekend,1,2025,6
E05013817,18-20,weekend,1,2025,4
E05013817,20-22,weekend,1,2025,3
E05013817,06-08,weekend,2,2025,1
E05013817,08-10,weekend,2,2025,2
E05013817,10-12,weekend,2,2025,1
E05013817,12-14,weekend,2,2025,3
E05013817,14-16,weekend,2,2025,6
E05013817,16-18,weekend,2,2025,6
E05013817,18-20,weekend,2,2025,4
E05013817,20-22,weekend,2,2025,3
E05013818,06-08,weekday,1,2025,2
E05013818,08-10,weekday,1,2025,4
E05013818,10-12,weekday,1,2025,6
E05013818,12-14,weekday,1,2025,8
E05013818,14-16,weekday,1,2025,9
E05013818,16-18,weekday,1,2025,9
E05013818,18-20,weekday,1,2025,8
E05013818,20-22,weekday,1,2025,6
E05013818,06-08,weekday,2,2025,2
E05013818,08-10,weekday,2,2025,4
E05013818,10-12,weekday,2,2025,6
E05013818,12-14,weekday,2,2025,8
E05013818,14-16,weekday,2,2025,9
E05013818,16-18,weekday,2,2025,9
E05013818,18-20,weekday,2,2025,8
E05013818,20-22,weekday,2,2025,6
E05013818,06-08,weekend,1,2025,1
E05013818,08-10,weekend,1,2025,1
E05013818,10-12,weekend,1,2025,1
E05013818,12-14,weekend,1,2025,4
E05013818,14-16,weekend,1,2025,6
E05013818,16-18,weekend,1,2025,6
E05013818,18-20,weekend,1,2025,4
E05013818,20-22,weekend,1,2025,3
E05013818,06-08,weekend,2,2025,1
E05013818,08-10,weekend,2,2025,2
E05013818,10-12,weekend,2,2025,1
E05013818,12-14,weekend,2,2025,3
E05013818,14-16,weekend,2,2025,6
E05013818,16-18,weekend,2,2025,6
E05013818,18-20,weekend,2,2025,4
E05013818,20-22,weekend,2,2025,3
E05013819,06-08,weekday,1,2025,2
E05013819,08-10,weekday,1,2025,4
E05013819,10-12,weekday,1,2025,6
E05013819,12-14,weekday,1,2025,8
E05013819,14-16,weekday,1,2025,9
E05013819,16-18,weekday,1,2025,9
E05013819,18-20,weekday,1,2025,8
E05013819,20-22,weekday,1,2025,6
E05013819,06-08,weekday,2,2025,2
E05013819,08-10,weekday,2,2025,4
E05013819,10-12,weekday,2,2025,6
E05013819,12-14,weekday,2,2025,8
E05013819,14-16,weekday,2,2025,9
E05013819,16-18,weekday,2,2025,9
E05013819,18-20,weekday,2,2025,8
E05013819,20-22,weekday,2,2025,6
E05013819,06-08,weekend,1,2025,1
E05013819,08-10,weekend,1,2025,1
E05013819,10-12,weekend,1,2025,1
E05013819,12-14,weekend,1,2025,4
E05013819,14-16,weekend,1,2025,6
E05013819,16-18,weekend,1,2025,6
E05013819,18-20,weekend,1,2025,4
E05013819,20-22,weekend,1,2025,3
E05013819,06-08,weekend,2,2025,1
E05013819,08-10,weekend,2,2025,2
E05013819,10-12,weekend,2,2025,1
E05013819,12-14,weekend,2,2025,3
E05013819,14-16,weekend,2,2025,6
E05013819,16-18,weekend,2,2025,6
E05013819,18-20,weekend,2,2025,4
E05013819,20-22,weekend,2,2025,3
E05013820,06-08,weekday,1,2025,2
E05013820,08-10,weekday,1,2025,4
E05013820,10-12,weekday,1,2025,6
E05013820,12-14,weekday,1,2025,8
E05013820,14-16,weekday,1,2025,9
E05013820,16-18,weekday,1,2025,9
E05013820,18-20,weekday,1,2025,8
E05013820,20-22,weekday,1,2025,6
E05013820,06-08,weekday,2,2025,2
E05013820,08-10,weekday,2,2025,4
E05013820,10-12,weekday,2,2025,6
E05013820,12-14,weekday,2,2025,8
E05013820,14-16,weekday,2,2025,9
E05013820,16-18,weekday,2,2025,9
E05013820,18-20,weekday,2,2025,8
E05013820,20-22,weekday,2,2025,6
E05013820,06-08,weekend,1,2025,1
E05013820,08-10,weekend,1,2025,1
E05013820,10-12,weekend,1,2025,1
E05013820,12-14,weekend,1,2025,4
E05013820,14-16,weekend,1,2025,6
E05013820,16-18,weekend,1,2025,6
E05013820,18-20,weekend,1,2025,4
E05013820,20-22,weekend,1,2025,3
E05013820,06-08,weekend,2,2025,1
E05013820,08-10,weekend,2,2025,2
E05013820,10-12,weekend,2,2025,1
E05013820,12-14,weekend,2,2025,3
E05013820,14-16,weekend,2,2025,6
E05013820,16-18,weekend,2,2025,6
E05013820,18-20,weekend,2,2025,4
E05013820,20-22,weekend,2,2025,3
E05013821,06-08,weekday,1,2025,2
E05013821,08-10,weekday,1,2025,4
E05013821,10-12,weekday,1,2025,6
E05013821,12-14,weekday,1,2025,8
E05013821,14-16,weekday,1,2025,9
E05013821,16-18,weekday,1,2025,9
E05013821,18-20,weekday,1,2025,8
E05013821,20-22,weekday,1,2025,6
E05013821,06-08,weekday,2,2025,2
E05013821,08-10,weekday,2,2025,4
E05013821,10-12,weekday,2,2025,6
E05013821,12-14,weekday,2,2025,8
E05013821,14-16,weekday,2,2025,9
E05013821,16-18,weekday,2,2025,9
E05013821,18-20,weekday,2,2025,8
E05013821,20-22,weekday,2,2025,6
E05013821,06-08,weekend,1,2025,1
E05013821,08-10,weekend,1,2025,1
E05013821,10-12,weekend,1,2025,1
E05013821,12-14,weekend,1,2025,4
E05013821,14-16,weekend,1,2025,6
E05013821,16-18,weekend,1,2025,6
E05013821,18-20,weekend,1,2025,4
E05013821,20-22,weekend,1,2025,3
E05013821,06-08,weekend,2,2025,1
E05013821,08-10,weekend,2,2025,2
E05013821,10-12,weekend,2,2025,1
E05013821,12-14,weekend,2,2025,3
E05013821,14-16,weekend,2,2025,6
E05013821,16-18,weekend,2,2025,6
E05013821,18-20,weekend,2,2025,4
E05013821,20-22,weekend,2,2025,3
E05013822,06-08,weekday,1,2025,2
E05013822,08-10,weekday,1,2025,4
E05013822,10-12,weekday,1,2025,6
E05013822,12-14,weekday,1,2025,8
E05013822,14-16,weekday,1,2025,9
E05013822,16-18,weekday,1,2025,9
E05013822,18-20,weekday,1,2025,8
E05013822,20-22,weekday,1,2025,6
E05013822,06-08,weekday,2,2025,2
E05013822,08-10,weekday,2,2025,4
E05013822,10-12,weekday,2,2025,6
E05013822,12-14,weekday,2,2025,8
E05013822,14-16,weekday,2,2025,9
E05013822,16-18,weekday,2,2025,9
E05013822,18-20,weekday,2,2025,8
E05013822,20-22,weekday,2,2025,6
E05013822,06-08,weekend,1,2025,1
E05013822,08-10,weekend,1,2025,1
E05013822,10-12,weekend,1,2025,1
E05013822,12-14,weekend,1,2025,4
E05013822,14-16,weekend,1,2025,6
E05013822,16-18,weekend,1,2025,6
E05013822,18-20,weekend,1,2025,4
E05013822,20-22,weekend,1,2025,3
E05013822,06-08,weekend,2,2025,1
E05013822,08-10,weekend,2,2025,2
E05013822,10-12,weekend,2,2025,1
E05013822,12-14,weekend,2,2025,3
E05013822,14-16,weekend,2,2025,6
E05013822,16-18,weekend,2,2025,6
E05013822,18-20,weekend,2,2025,4
E05013822,20-22,weekend,2,2025,3
E05013823,06-08,weekday,1,2025,2
E05013823,08-10,weekday,1,2025,4
E05013823,10-12,weekday,1,2025,6
E05013823,12-14,weekday,1,2025,8
E05013823,14-16,weekday,1,2025,9
E05013823,16-18,weekday,1,2025,9
E05013823,18-20,weekday,1,2025,8
E05013823,20-22,weekday,1,2025,6
E05013823,06-08,weekday,2,2025,2
E05013823,08-10,weekday,2,2025,4
E05013823,10-12,weekday,2,2025,6
E05013823,12-14,weekday,2,2025,8
E05013823,14-16,weekday,2,2025,9
E05013823,16-18,weekday,2,2025,9
E05013823,18-20,weekday,2,2025,8
E05013823,20-22,weekday,2,2025,6
E05013823,06-08,weekend,1,2025,1
E05013823,08-10,weekend,1,2025,1
E05013823,10-12,weekend,1,2025,1
E05013823,12-14,weekend,1,2025,4
E05013823,14-16,weekend,1,2025,6
E05013823,16-18,weekend,1,2025,6
E05013823,18-20,weekend,1,2025,4
E05013823,20-22,weekend,1,2025,3
E05013823,06-08,weekend,2,2025,1
E05013823,08-10,weekend,2,2025,1
E05013823,10-12,weekend,2,2025,1
E05013823,12-14,weekend,2,2025,4
E05013823,14-16,weekend,2,2025,6
E05013823,16-18,weekend,2,2025,6
E05013823,18-20,weekend,2,2025,4
E05013823,20-22,weekend,2,2025,3
E05013824,06-08,weekday,1,2025,2
E05013824,08-10,weekday,1,2025,4
E05013824,10-12,weekday,1,2025,6
E05013824,12-14,weekday,1,2025,8
E05013824,14-16,weekday,1,2025,9
E05013824,16-18,weekday,1,2025,9
E05013824,18-20,weekday,1,2025,8
E05013824,20-22,weekday,1,2025,6
E05013824,06-08,weekday,2,2025,2
E05013824,08-10,weekday,2,2025,4
E05013824,10-12,weekday,2,2025,6
E05013824,12-14,weekday,2,2025,8
E05013824,14-16,weekday,2,2025,9
E05013824,16-18,weekday,2,2025,9
E05013824,18-20,weekday,2,2025,8
E05013824,20-22,weekday,2,2025,6
E05013824,06-08,weekend,1,2025,1
E05013824,08-10,weekend,1,2025,1
E05013824,10-12,weekend,1,2025,1
E05013824,12-14,weekend,1,2025,4
E05013824,14-16,weekend,1,2025,6
E05013824,16-18,weekend,1,2025,6
E05013824,18-20,weekend,1,2025,4
E05013824,20-22,weekend,1,2025,3
E05013824,06-08,weekend,2,2025,1
E05013824,08-10,weekend,2,2025,2
E05013824,10-12,weekend,2,2025,1
E05013824,12-14,weekend,2,2025,3
E05013824,14-16,weekend,2,2025,6
E05013824,16-18,weekend,2,2025,6
E05013824,18-20,weekend,2,2025,4
E05013824,20-22,weekend,2,2025,3
E05013825,06-08,weekday,1,2025,2
E05013825,08-10,weekday,1,2025,4
E05013825,10-12,weekday,1,2025,6
E05013825,12-14,weekday,1,2025,8
E05013825,14-16,weekday,1,2025,9
E05013825,16-18,weekday,1,2025,9
E05013825,18-20,weekday,1,2025,8
E05013825,20-22,weekday,1,2025,6
E05013825,06-08,weekday,2,2025,2
E05013825,08-10,weekday,2,2025,4
E05013825,10-12,weekday,2,2025,6
E05013825,12-14,weekday,2,2025,8
E05013825,14-16,weekday,2,2025,9
E05013825,16-18,weekday,2,2025,9
E05013825,18-20,weekday,2,2025,8
E05013825,20-22,weekday,2,2025,6
E05013825,06-08,weekend,1,2025,1
E05013825,08-10,weekend,1,2025,1
E05013825,10-12,weekend,1,2025,1
E05013825,12-14,weekend,1,2025,4
E05013825,14-16,weekend,1,2025,6
E05013825,16-18,weekend,1,2025,6
E05013825,18-20,weekend,1,2025,4
E05013825,20-22,weekend,1,2025,3
E05013825,06-08,weekend,2,2025,1
E05013825,08-10,weekend,2,2025,2
E05013825,10-12,weekend,2,2025,1
E05013825,12-14,weekend,2,2025,3
E05013825,14-16,weekend,2,2025,6
E05013825,16-18,weekend,2,2025,6
E05013825,18-20,weekend,2,2025,4
E05013825,20-22,weekend,2,2025,3
E05013826,06-08,weekday,1,2025,2
E05013826,08-10,weekday,1,2025,4
E05013826,10-12,weekday,1,2025,6
E05013826,12-14,weekday,1,2025,8
E05013826,14-16,weekday,1,2025,9
E05013826,16-18,weekday,1,2025,9
E05013826,18-20,weekday,1,2025,8
E05013826,20-22,weekday,1,2025,6
E05013826,06-08,weekday,2,2025,2
E05013826,08-10,weekday,2,2025,4
E05013826,10-12,weekday,2,2025,6
E05013826,12-14,weekday,2,2025,8
E05013826,14-16,weekday,2,2025,9
E05013826,16-18,weekday,2,2025,9
E05013826,18-20,weekday,2,2025,8
E05013826,20-22,weekday,2,2025,6
E05013826,06-08,weekend,1,2025,1
E05013826,08-10,weekend,1,2025,1
E05013826,10-12,weekend,1,2025,1
E05013826,12-14,weekend,1,2025,4
E05013826,14-16,weekend,1,2025,6
E05013826,16-18,weekend,1,2025,6
E05013826,18-20,weekend,1,2025,4
E05013826,20-22,weekend,1,2025,3
E05013826,06-08,weekend,2,2025,1
E05013826,08-10,weekend,2,2025,1
E05013826,10-12,weekend,2,2025,1
E05013826,12-14,weekend,2,2025,4
E05013826,14-16,weekend,2,2025,6
E05013826,16-18,weekend,2,2025,6
E05013826,18-20,weekend,2,2025,4
E05013826,20-22,weekend,2,2025,3
E05013827,06-08,weekday,1,2025,2
E05013827,08-10,weekday,1,2025,4
E05013827,10-12,weekday,1,2025,6
E05013827,12-14,weekday,1,2025,8
E05013827,14-16,weekday,1,2025,9
E05013827,16-18,weekday,1,2025,9
E05013827,18-20,weekday,1,2025,8
E05013827,20-22,weekday,1,2025,6
E05013827,06-08,weekday,2,2025,2
E05013827,08-10,weekday,2,2025,4
E05013827,10-12,weekday,2,2025,6
E05013827,12-14,weekday,2,2025,8
E05013827,14-16,weekday,2,2025,9
E05013827,16-18,weekday,2,2025,9
E05013827,18-20,weekday,2,2025,8
E05013827,20-22,weekday,2,2025,6
E05013827,06-08,weekend,1,2025,1
E05013827,08-10,weekend,1,2025,1
E05013827,10-12,weekend,1,2025,1
E05013827,12-14,weekend,1,2025,4
E05013827,14-16,weekend,1,2025,6
E05013827,16-18,weekend,1,2025,6
E05013827,18-20,weekend,1,2025,4
E05013827,20-22,weekend,1,2025,3
E05013827,06-08,weekend,2,2025,1
E05013827,08-10,weekend,2,2025,2
E05013827,10-12,weekend,2,2025,1
E05013827,12-14,weekend,2,2025,3
E05013827,14-16,weekend,2,2025,6
E05013827,16-18,weekend,2,2025,6
E05013827,18-20,weekend,2,2025,4
E05013827,20-22,weekend,2,2025,3
E05013828,06-08,weekday,1,2025,2
E05013828,08-10,weekday,1,2025,4
E05013828,10-12,weekday,1,2025,6
E05013828,12-14,weekday,1,2025,8
E05013828,14-16,weekday,1,2025,9
E05013828,16-18,weekday,1,2025,9
E05013828,18-20,weekday,1,2025,8
E05013828,20-22,weekday,1,2025,6
E05013828,06-08,weekday,2,2025,2
E05013828,08-10,weekday,2,2025,4
E05013828,10-12,weekday,2,2025,6
E05013828,12-14,weekday,2,2025,8
E05013828,14-16,weekday,2,2025,9
E05013828,16-18,weekday,2,2025,9
E05013828,18-20,weekday,2,2025,8
E05013828,20-22,weekday,2,2025,6
E05013828,06-08,weekend,1,2025,1
E05013828,08-10,weekend,1,2025,1
E05013828,10-12,weekend,1,2025,1
E05013828,12-14,weekend,1,2025,4
E05013828,14-16,weekend,1,2025,6
E05013828,16-18,weekend,1,2025,6
E05013828,18-20,weekend,1,2025,4
E05013828,20-22,weekend,1,2025,3
E05013828,06-08,weekend,2,2025,1
E05013828,08-10,weekend,2,2025,2
E05013828,10-12,weekend,2,2025,1
E05013828,12-14,weekend,2,2025,3
E05013828,14-16,weekend,2,2025,6
E05013828,16-18,weekend,2,2025,6
E05013828,18-20,weekend,2,2025,4
E05013828,20-22,weekend,2,2025,3
E05013829,06-08,weekday,1,2025,2
E05013829,08-10,weekday,1,2025,4
E05013829,10-12,weekday,1,2025,6
E05013829,12-14,weekday,1,2025,8
E05013829,14-16,weekday,1,2025,9
E05013829,16-18,weekday,1,2025,9
E05013829,18-20,weekday,1,2025,8
E05013829,20-22,weekday,1,2025,6
E05013829,06-08,weekday,2,2025,2
E05013829,08-10,weekday,2,2025,4
E05013829,10-12,weekday,2,2025,6
E05013829,12-14,weekday,2,2025,8
E05013829,14-16,weekday,2,2025,9
E05013829,16-18,weekday,2,2025,9
E05013829,18-20,weekday,2,2025,8
E05013829,20-22,weekday,2,2025,6
E05013829,06-08,weekend,1,2025,1
E05013829,08-10,weekend,1,2025,1
E05013829,10-12,weekend,1,2025,1
E05013829,12-14,weekend,1,2025,4
E05013829,14-16,weekend,1,2025,6
E05013829,16-18,weekend,1,2025,6
E05013829,18-20,weekend,1,2025,4
E05013829,20-22,weekend,1,2025,3
E05013829,06-08,weekend,2,2025,1
E05013829,08-10,weekend,2,2025,2
E05013829,10-12,weekend,2,2025,1
E05013829,12-14,weekend,2,2025,3
E05013829,14-16,weekend,2,2025,6
E05013829,16-18,weekend,2,2025,6
E05013829,18-20,weekend,2,2025,4
E05013829,20-22,weekend,2,2025,3
E05013882,06-08,weekday,1,2025,2
E05013882,08-10,weekday,1,2025,4
E05013882,10-12,weekday,1,2025,6
E05013882,12-14,weekday,1,2025,8
E05013882,14-16,weekday,1,2025,9
E05013882,16-18,weekday,1,2025,9
E05013882,18-20,weekday,1,2025,8
E05013882,20-22,weekday,1,2025,6
E05013882,06-08,weekday,2,2025,2
E05013882,08-10,weekday,2,2025,4
E05013882,10-12,weekday,2,2025,6
E05013882,12-14,weekday,2,2025,8
E05013882,14-16,weekday,2,2025,9
E05013882,16-18,weekday,2,2025,9
E05013882,18-20,weekday,2,2025,8
E05013882,20-22,weekday,2,2025,6
E05013882,06-08,weekend,1,2025,1
E05013882,08-10,weekend,1,2025,1
E05013882,10-12,weekend,1,2025,1
E05013882,12-14,weekend,1,2025,4
E05013882,14-16,weekend,1,2025,6
E05013882,16-18,weekend,1,2025,6
E05013882,18-20,weekend,1,2025,4
E05013882,20-22,weekend,1,2025,3
E05013882,06-08,weekend,2,2025,1
E05013882,08-10,weekend,2,2025,2
E05013882,10-12,weekend,2,2025,1
E05013882,12-14,weekend,2,2025,3
E05013882,14-16,weekend,2,2025,6
E05013882,16-18,weekend,2,2025,6
E05013882,18-20,weekend,2,2025,4
E05013882,20-22,weekend,2,2025,3
E05013883,06-08,weekday,1,2025,2
E05013883,08-10,weekday,1,2025,4
E05013883,10-12,weekday,1,2025,6
E05013883,12-14,weekday,1,2025,8
E05013883,14-16,weekday,1,2025,9
E05013883,16-18,weekday,1,2025,9
E05013883,18-20,weekday,1,2025,8
E05013883,20-22,weekday,1,2025,6
E05013883,06-08,weekday,2,2025,2
E05013883,08-10,weekday,2,2025,4
E05013883,10-12,weekday,2,2025,6
E05013883,12-14,weekday,2,2025,8
E05013883,14-16,weekday,2,2025,9
E05013883,16-18,weekday,2,2025,9
E05013883,18-20,weekday,2,2025,8
E05013883,20-22,weekday,2,2025,6
E05013883,06-08,weekend,1,2025,1
E05013883,08-10,weekend,1,2025,1
E05013883,10-12,weekend,1,2025,1
E05013883,12-14,weekend,1,2025,4
E05013883,14-16,weekend,1,2025,6
E05013883,16-18,weekend,1,2025,6
E05013883,18-20,weekend,1,2025,4
E05013883,20-22,weekend,1,2025,3
E05013883,06-08,weekend,2,2025,1
E05013883,08-10,weekend,2,2025,2
E05013883,10-12,weekend,2,2025,1
E05013883,12-14,weekend,2,2025,3
E05013883,14-16,weekend,2,2025,6
E05013883,16-18,weekend,2,2025,6
E05013883,18-20,weekend,2,2025,4
E05013883,20-22,weekend,2,2025,3
E05013884,06-08,weekday,1,2025,2
E05013884,08-10,weekday,1,2025,4
E05013884,10-12,weekday,1,2025,6
E05013884,12-14,weekday,1,2025,8
E05013884,14-16,weekday,1,2025,9
E05013884,16-18,weekday,1,2025,9
E05013884,18-20,weekday,1,2025,8
E05013884,20-22,weekday,1,2025,6
E05013884,06-08,weekday,2,2025,2
E05013884,08-10,weekday,2,2025,4
E05013884,10-12,weekday,2,2025,6
E05013884,12-14,weekday,2,2025,8
E05013884,14-16,weekday,2,2025,9
E05013884,16-18,weekday,2,2025,9
E05013884,18-20,weekday,2,2025,8
E05013884,20-22,weekday,2,2025,6
E05013884,06-08,weekend,1,2025,1
E05013884,08-10,weekend,1,2025,1
E05013884,10-12,weekend,1,2025,1
E05013884,12-14,weekend,1,2025,4
E05013884,14-16,weekend,1,2025,6
E05013884,16-18,weekend,1,2025,6
E05013884,18-20,weekend,1,2025,4
E05013884,20-22,weekend,1,2025,3
E05013884,06-08,weekend,2,2025,1
E05013884,08-10,weekend,2,2025,2
E05013884,10-12,weekend,2,2025,1
E05013884,12-14,weekend,2,2025,3
E05013884,14-16,weekend,2,2025,6
E05013884,16-18,weekend,2,2025,6
E05013884,18-20,weekend,2,2025,4
E05013884,20-22,weekend,2,2025,3
E05013885,06-08,weekday,1,2025,2
E05013885,08-10,weekday,1,2025,4
E05013885,10-12,weekday,1,2025,6
E05013885,12-14,weekday,1,2025,8
E05013885,14-16,weekday,1,2025,9
E05013885,16-18,weekday,1,2025,9
E05013885,18-20,weekday,1,2025,8
E05013885,20-22,weekday,1,2025,6
E05013885,06-08,weekday,2,2025,2
E05013885,08-10,weekday,2,2025,4
E05013885,10-12,weekday,2,2025,6
E05013885,12-14,weekday,2,2025,8
E05013885,14-16,weekday,2,2025,9
E05013885,16-18,weekday,2,2025,9
E05013885,18-20,weekday,2,2025,8
E05013885,20-22,weekday,2,2025,6
E05013885,06-08,weekend,1,2025,1
E05013885,08-10,weekend,1,2025,1
E05013885,10-12,weekend,1,2025,1
E05013885,12-14,weekend,1,2025,4
E05013885,14-16,weekend,1,2025,6
E05013885,16-18,weekend,1,2025,6
E05013885,18-20,weekend,1,2025,4
E05013885,20-22,weekend,1,2025,3
E05013885,06-08,weekend,2,2025,1
E05013885,08-10,weekend,2,2025,2
E05013885,10-12,weekend,2,2025,1
E05013885,12-14,weekend,2,2025,3
E05013885,14-16,weekend,2,2025,6
E05013885,16-18,weekend,2,2025,6
E05013885,18-20,weekend,2,2025,4
E05013885,20-22,weekend,2,2025,3
E05013886,06-08,weekday,1,2025,2
E05013886,08-10,weekday,1,2025,4
E05013886,10-12,weekday,1,2025,6
E05013886,12-14,weekday,1,2025,8
E05013886,14-16,weekday,1,2025,9
E05013886,16-18,weekday,1,2025,9
E05013886,18-20,weekday,1,2025,8
E05013886,20-22,weekday,1,2025,6
E05013886,06-08,weekday,2,2025,2
E05013886,08-10,weekday,2,2025,4
E05013886,10-12,weekday,2,2025,6
E05013886,12-14,weekday,2,2025,8
E05013886,14-16,weekday,2,2025,9
E05013886,16-18,weekday,2,2025,9
E05013886,18-20,weekday,2,2025,8
E05013886,20-22,weekday,2,2025,6
E05013886,06-08,weekend,1,2025,1
E05013886,08-10,weekend,1,2025,1
E05013886,10-12,weekend,1,2025,1
E05013886,12-14,weekend,1,2025,4
E05013886,14-16,weekend,1,2025,6
E05013886,16-18,weekend,1,2025,6
E05013886,18-20,weekend,1,2025,4
E05013886,20-22,weekend,1,2025,3
E05013886,06-08,weekend,2,2025,1
E05013886,08-10,weekend,2,2025,2
E05013886,10-12,weekend,2,2025,1
E05013886,12-14,weekend,2,2025,3
E05013886,14-16,weekend,2,2025,6
E05013886,16-18,weekend,2,2025,6
E05013886,18-20,weekend,2,2025,4
E05013886,20-22,weekend,2,2025,3
E05013887,06-08,weekday,1,2025,2
E05013887,08-10,weekday,1,2025,4
E05013887,10-12,weekday,1,2025,6
E05013887,12-14,weekday,1,2025,8
E05013887,14-16,weekday,1,2025,9
E05013887,16-18,weekday,1,2025,9
E05013887,18-20,weekday,1,2025,8
E05013887,20-22,weekday,1,2025,6
E05013887,06-08,weekday,2,2025,2
E05013887,08-10,weekday,2,2025,4
E05013887,10-12,weekday,2,2025,6
E05013887,12-14,weekday,2,2025,8
E05013887,14-16,weekday,2,2025,9
E05013887,16-18,weekday,2,2025,9
E05013887,18-20,weekday,2,2025,8
E05013887,20-22,weekday,2,2025,6
E05013887,06-08,weekend,1,2025,1
E05013887,08-10,weekend,1,2025,1
E05013887,10-12,weekend,1,2025,1
E05013887,12-14,weekend,1,2025,4
E05013887,14-16,weekend,1,2025,6
E05013887,16-18,weekend,1,2025,6
E05013887,18-20,weekend,1,2025,4
E05013887,20-22,weekend,1,2025,3
E05013887,06-08,weekend,2,2025,1
E05013887,08-10,weekend,2,2025,2
E05013887,10-12,weekend,2,2025,1
E05013887,12-14,weekend,2,2025,3
E05013887,14-16,weekend,2,2025,6
E05013887,16-18,weekend,2,2025,6
E05013887,18-20,weekend,2,2025,4
E05013887,20-22,weekend,2,2025,3
E05013888,06-08,weekday,1,2025,2
E05013888,08-10,weekday,1,2025,4
E05013888,10-12,weekday,1,2025,6
E05013888,12-14,weekday,1,2025,8
E05013888,14-16,weekday,1,2025,9
E05013888,16-18,weekday,1,2025,9
E05013888,18-20,weekday,1,2025,8
E05013888,20-22,weekday,1,2025,6
E05013888,06-08,weekday,2,2025,2
E05013888,08-10,weekday,2,2025,4
E05013888,10-12,weekday,2,2025,6
E05013888,12-14,weekday,2,2025,8
E05013888,14-16,weekday,2,2025,9
E05013888,16-18,weekday,2,2025,9
E05013888,18-20,weekday,2,2025,8
E05013888,20-22,weekday,2,2025,6
E05013888,06-08,weekend,1,2025,1
E05013888,08-10,weekend,1,2025,1
E05013888,10-12,weekend,1,2025,1
E05013888,12-14,weekend,1,2025,4
E05013888,14-16,weekend,1,2025,6
E05013888,16-18,weekend,1,2025,6
E05013888,18-20,weekend,1,2025,4
E05013888,20-22,weekend,1,2025,3
E05013888,06-08,weekend,2,2025,1
E05013888,08-10,weekend,2,2025,2
E05013888,10-12,weekend,2,2025,1
E05013888,12-14,weekend,2,2025,3
E05013888,14-16,weekend,2,2025,6
E05013888,16-18,weekend,2,2025,6
E05013888,18-20,weekend,2,2025,4
E05013888,20-22,weekend,2,2025,3
E05013889,06-08,weekday,1,2025,2
E05013889,08-10,weekday,1,2025,4
E05013889,10-12,weekday,1,2025,6
E05013889,12-14,weekday,1,2025,8
E05013889,14-16,weekday,1,2025,9
E05013889,16-18,weekday,1,2025,9
E05013889,18-20,weekday,1,2025,8
E05013889,20-22,weekday,1,2025,6
E05013889,06-08,weekday,2,2025,2
E05013889,08-10,weekday,2,2025,4
E05013889,10-12,weekday,2,2025,6
E05013889,12-14,weekday,2,2025,8
E05013889,14-16,weekday,2,2025,9
E05013889,16-18,weekday,2,2025,9
E05013889,18-20,weekday,2,2025,8
E05013889,20-22,weekday,2,2025,6
E05013889,06-08,weekend,1,2025,1
E05013889,08-10,weekend,1,2025,1
E05013889,10-12,weekend,1,2025,1
E05013889,12-14,weekend,1,2025,4
E05013889,14-16,weekend,1,2025,6
E05013889,16-18,weekend,1,2025,6
E05013889,18-20,weekend,1,2025,4
E05013889,20-22,weekend,1,2025,3
E05013889,06-08,weekend,2,2025,1
E05013889,08-10,weekend,2,2025,2
E05013889,10-12,weekend,2,2025,1
E05013889,12-14,weekend,2,2025,3
E05013889,14-16,weekend,2,2025,6
E05013889,16-18,weekend,2,2025,6
E05013889,18-20,weekend,2,2025,4
E05013889,20-22,weekend,2,2025,3
E05013890,06-08,weekday,1,2025,2
E05013890,08-10,weekday,1,2025,4
E05013890,10-12,weekday,1,2025,6
E05013890,12-14,weekday,1,2025,8
E05013890,14-16,weekday,1,2025,9
E05013890,16-18,weekday,1,2025,9
E05013890,18-20,weekday,1,2025,8
E05013890,20-22,weekday,1,2025,6
E05013890,06-08,weekday,2,2025,2
E05013890,08-10,weekday,2,2025,4
E05013890,10-12,weekday,2,2025,6
E05013890,12-14,weekday,2,2025,8
E05013890,14-16,weekday,2,2025,9
E05013890,16-18,weekday,2,2025,9
E05013890,18-20,weekday,2,2025,8
E05013890,20-22,weekday,2,2025,6
E05013890,06-08,weekend,1,2025,1
E05013890,08-10,weekend,1,2025,1
E05013890,10-12,weekend,1,2025,1
E05013890,12-14,weekend,1,2025,4
E05013890,14-16,weekend,1,2025,6
E05013890,16-18,weekend,1,2025,6
E05013890,18-20,weekend,1,2025,4
E05013890,20-22,weekend,1,2025,3
E05013890,06-08,weekend,2,2025,1
E05013890,08-10,weekend,2,2025,2
E05013890,10-12,weekend,2,2025,1
E05013890,12-14,weekend,2,2025,3
E05013890,14-16,weekend,2,2025,6
E05013890,16-18,weekend,2,2025,6
E05013890,18-20,weekend,2,2025,4
E05013890,20-22,weekend,2,2025,3
E05013891,06-08,weekday,1,2025,2
E05013891,08-10,weekday,1,2025,4
E05013891,10-12,weekday,1,2025,6
E05013891,12-14,weekday,1,2025,8
E05013891,14-16,weekday,1,2025,9
E05013891,16-18,weekday,1,2025,9
E05013891,18-20,weekday,1,2025,8
E05013891,20-22,weekday,1,2025,6
E05013891,06-08,weekday,2,2025,2
E05013891,08-10,weekday,2,2025,4
E05013891,10-12,weekday,2,2025,6
E05013891,12-14,weekday,2,2025,8
E05013891,14-16,weekday,2,2025,9
E05013891,16-18,weekday,2,2025,9
E05013891,18-20,weekday,2,2025,8
E05013891,20-22,weekday,2,2025,6
E05013891,06-08,weekend,1,2025,1
E05013891,08-10,weekend,1,2025,1
E05013891,10-12,weekend,1,2025,1
E05013891,12-14,weekend,1,2025,4
E05013891,14-16,weekend,1,2025,6
E05013891,16-18,weekend,1,2025,6
E05013891,18-20,weekend,1,2025,4
E05013891,20-22,weekend,1,2025,3
E05013891,06-08,weekend,2,2025,1
E05013891,08-10,weekend,2,2025,2
E05013891,10-12,weekend,2,2025,1
E05013891,12-14,weekend,2,2025,3
E05013891,14-16,weekend,2,2025,6
E05013891,16-18,weekend,2,2025,6
E05013891,18-20,weekend,2,2025,4
E05013891,20-22,weekend,2,2025,3
E05013892,06-08,weekday,1,2025,2
E05013892,08-10,weekday,1,2025,4
E05013892,10-12,weekday,1,2025,6
E05013892,12-14,weekday,1,2025,8
E05013892,14-16,weekday,1,2025,9
E05013892,16-18,weekday,1,2025,9
E05013892,18-20,weekday,1,2025,8
E05013892,20-22,weekday,1,2025,6
E05013892,06-08,weekday,2,2025,2
E05013892,08-10,weekday,2,2025,4
E05013892,10-12,weekday,2,2025,6
E05013892,12-14,weekday,2,2025,8
E05013892,14-16,weekday,2,2025,9
E05013892,16-18,weekday,2,2025,9
E05013892,18-20,weekday,2,2025,8
E05013892,20-22,weekday,2,2025,6
E05013892,06-08,weekend,1,2025,1
E05013892,08-10,weekend,1,2025,1
E05013892,10-12,weekend,1,2025,1
E05013892,12-14,weekend,1,2025,4
E05013892,14-16,weekend,1,2025,6
E05013892,16-18,weekend,1,2025,6
E05013892,18-20,weekend,1,2025,4
E05013892,20-22,weekend,1,2025,3
E05013892,06-08,weekend,2,2025,1
E05013892,08-10,weekend,2,2025,1
E05013892,10-12,weekend,2,2025,1
E05013892,12-14,weekend,2,2025,4
E05013892,14-16,weekend,2,2025,6
E05013892,16-18,weekend,2,2025,6
E05013892,18-20,weekend,2,2025,4
E05013892,20-22,weekend,2,2025,3
E05013893,06-08,weekday,1,2025,2
E05013893,08-10,weekday,1,2025,4
E05013893,10-12,weekday,1,2025,6
E05013893,12-14,weekday,1,2025,8
E05013893,14-16,weekday,1,2025,9
E05013893,16-18,weekday,1,2025,9
E05013893,18-20,weekday,1,2025,8
E05013893,20-22,weekday,1,2025,6
E05013893,06-08,weekday,2,2025,2
E05013893,08-10,weekday,2,2025,4
E05013893,10-12,weekday,2,2025,6
E05013893,12-14,weekday,2,2025,8
E05013893,14-16,weekday,2,2025,9
E05013893,16-18,weekday,2,2025,9
E05013893,18-20,weekday,2,2025,8
E05013893,20-22,weekday,2,2025,6
E05013893,06-08,weekend,1,2025,1
E05013893,08-10,weekend,1,2025,1
E05013893,10-12,weekend,1,2025,1
E05013893,12-14,weekend,1,2025,4
E05013893,14-16,weekend,1,2025,6
E05013893,16-18,weekend,1,2025,6
E05013893,18-20,weekend,1,2025,4
E05013893,20-22,weekend,1,2025,3
E05013893,06-08,weekend,2,2025,1
E05013893,08-10,weekend,2,2025,2
E05013893,10-12,weekend,2,2025,1
E05013893,12-14,weekend,2,2025,3
E05013893,14-16,weekend,2,2025,6
E05013893,16-18,weekend,2,2025,6
E05013893,18-20,weekend,2,2025,4
E05013893,20-22,weekend,2,2025,3
E05013894,06-08,weekday,1,2025,2
E05013894,08-10,weekday,1,2025,4
E05013894,10-12,weekday,1,2025,6
E05013894,12-14,weekday,1,2025,8
E05013894,14-16,weekday,1,2025,9
E05013894,16-18,weekday,1,2025,9
E05013894,18-20,weekday,1,2025,8
E05013894,20-22,weekday,1,2025,6
E05013894,06-08,weekday,2,2025,2
E05013894,08-10,weekday,2,2025,4
E05013894,10-12,weekday,2,2025,6
E05013894,12-14,weekday,2,2025,8
E05013894,14-16,weekday,2,2025,9
E05013894,16-18,weekday,2,2025,9
E05013894,18-20,weekday,2,2025,8
E05013894,20-22,weekday,2,2025,6
E05013894,06-08,weekend,1,2025,1
E05013894,08-10,weekend,1,2025,1
E05013894,10-12,weekend,1,2025,1
E05013894,12-14,weekend,1,2025,4
E05013894,14-16,weekend,1,2025,6
E05013894,16-18,weekend,1,2025,6
E05013894,18-20,weekend,1,2025,4
E05013894,20-22,weekend,1,2025,3
E05013894,06-08,weekend,2,2025,1
E05013894,08-10,weekend,2,2025,2
E05013894,10-12,weekend,2,2025,1
E05013894,12-14,weekend,2,2025,3
E05013894,14-16,weekend,2,2025,6
E05013894,16-18,weekend,2,2025,6
E05013894,18-20,weekend,2,2025,4
E05013894,20-22,weekend,2,2025,3
E05013895,06-08,weekday,1,2025,2
E05013895,08-10,weekday,1,2025,4
E05013895,10-12,weekday,1,2025,6
E05013895,12-14,weekday,1,2025,8
E05013895,14-16,weekday,1,2025,9
E05013895,16-18,weekday,1,2025,9
E05013895,18-20,weekday,1,2025,8
E05013895,20-22,weekday,1,2025,6
E05013895,06-08,weekday,2,2025,2
E05013895,08-10,weekday,2,2025,4
E05013895,10-12,weekday,2,2025,6
E05013895,12-14,weekday,2,2025,8
E05013895,14-16,weekday,2,2025,9
E05013895,16-18,weekday,2,2025,9
E05013895,18-20,weekday,2,2025,8
E05013895,20-22,weekday,2,2025,6
E05013895,06-08,weekend,1,2025,1
E05013895,08-10,weekend,1,2025,1
E05013895,10-12,weekend,1,2025,1
E05013895,12-14,weekend,1,2025,4
E05013895,14-16,weekend,1,2025,6
E05013895,16-18,weekend,1,2025,6
E05013895,18-20,weekend,1,2025,4
E05013895,20-22,weekend,1,2025,3
E05013895,06-08,weekend,2,2025,1
E05013895,08-10,weekend,2,2025,2
E05013895,10-12,weekend,2,2025,1
E05013895,12-14,weekend,2,2025,3
E05013895,14-16,weekend,2,2025,6
E05013895,16-18,weekend,2,2025,6
E05013895,18-20,weekend,2,2025,4
E05013895,20-22,weekend,2,2025,3
E05013896,06-08,weekday,1,2025,2
E05013896,08-10,weekday,1,2025,4
E05013896,10-12,weekday,1,2025,6
E05013896,12-14,weekday,1,2025,8
E05013896,14-16,weekday,1,2025,9
E05013896,16-18,weekday,1,2025,9
E05013896,18-20,weekday,1,2025,8
E05013896,20-22,weekday,1,2025,6
E05013896,06-08,weekday,2,2025,2
E05013896,08-10,weekday,2,2025,4
E05013896,10-12,weekday,2,2025,6
E05013896,12-14,weekday,2,2025,8
E05013896,14-16,weekday,2,2025,9
E05013896,16-18,weekday,2,2025,9
E05013896,18-20,weekday,2,2025,8
E05013896,20-22,weekday,2,2025,6
E05013896,06-08,weekend,1,2025,1
E05013896,08-10,weekend,1,2025,1
E05013896,10-12,weekend,1,2025,1
E05013896,12-14,weekend,1,2025,4
E05013896,14-16,weekend,1,2025,6
E05013896,16-18,weekend,1,2025,6
E05013896,18-20,weekend,1,2025,4
E05013896,20-22,weekend,1,2025,3
E05013896,06-08,weekend,2,2025,1
E05013896,08-10,weekend,2,2025,2
E05013896,10-12,weekend,2,2025,1
E05013896,12-14,weekend,2,2025,3
E05013896,14-16,weekend,2,2025,6
E05013896,16-18,weekend,2,2025,6
E05013896,18-20,weekend,2,2025,4
E05013896,20-22,weekend,2,2025,3
E05013897,06-08,weekday,1,2025,2
E05013897,08-10,weekday,1,2025,4
E05013897,10-12,weekday,1,2025,6
E05013897,12-14,weekday,1,2025,8
E05013897,14-16,weekday,1,2025,9
E05013897,16-18,weekday,1,2025,9
E05013897,18-20,weekday,1,2025,8
E05013897,20-22,weekday,1,2025,6
E05013897,06-08,weekday,2,2025,2
E05013897,08-10,weekday,2,2025,4
E05013897,10-12,weekday,2,2025,6
E05013897,12-14,weekday,2,2025,8
E05013897,14-16,weekday,2,2025,9
E05013897,16-18,weekday,2,2025,9
E05013897,18-20,weekday,2,2025,8
E05013897,20-22,weekday,2,2025,6
E05013897,06-08,weekend,1,2025,1
E05013897,08-10,weekend,1,2025,1
E05013897,10-12,weekend,1,2025,1
E05013897,12-14,weekend,1,2025,4
E05013897,14-16,weekend,1,2025,6
E05013897,16-18,weekend,1,2025,6
E05013897,18-20,weekend,1,2025,4
E05013897,20-22,weekend,1,2025,3
E05013897,06-08,weekend,2,2025,1
E05013897,08-10,weekend,2,2025,2
E05013897,10-12,weekend,2,2025,1
E05013897,12-14,weekend,2,2025,3
E05013897,14-16,weekend,2,2025,6
E05013897,16-18,weekend,2,2025,6
E05013897,18-20,weekend,2,2025,4
E05013897,20-22,weekend,2,2025,3
E05013898,06-08,weekday,1,2025,2
E05013898,08-10,weekday,1,2025,4
E05013898,10-12,weekday,1,2025,6
E05013898,12-14,weekday,1,2025,8
E05013898,14-16,weekday,1,2025,9
E05013898,16-18,weekday,1,2025,9
E05013898,18-20,weekday,1,2025,8
E05013898,20-22,weekday,1,2025,6
E05013898,06-08,weekday,2,2025,2
E05013898,08-10,weekday,2,2025,4
E05013898,10-12,weekday,2,2025,6
E05013898,12-14,weekday,2,2025,8
E05013898,14-16,weekday,2,2025,9
E05013898,16-18,weekday,2,2025,9
E05013898,18-20,weekday,2,2025,8
E05013898,20-22,weekday,2,2025,6
E05013898,06-08,weekend,1,2025,1
E05013898,08-10,weekend,1,2025,1
E05013898,10-12,weekend,1,2025,1
E05013898,12-14,weekend,1,2025,4
E05013898,14-16,weekend,1,2025,6
E05013898,16-18,weekend,1,2025,6
E05013898,18-20,weekend,1,2025,4
E05013898,20-22,weekend,1,2025,3
E05013898,06-08,weekend,2,2025,1
E05013898,08-10,weekend,2,2025,2
E05013898,10-12,weekend,2,2025,1
E05013898,12-14,weekend,2,2025,3
E05013898,14-16,weekend,2,2025,6
E05013898,16-18,weekend,2,2025,6
E05013898,18-20,weekend,2,2025,4
E05013898,20-22,weekend,2,2025,3
E05013899,06-08,weekday,1,2025,2
E05013899,08-10,weekday,1,2025,4
E05013899,10-12,weekday,1,2025,6
E05013899,12-14,weekday,1,2025,8
E05013899,14-16,weekday,1,2025,9
E05013899,16-18,weekday,1,2025,9
E05013899,18-20,weekday,1,2025,8
E05013899,20-22,weekday,1,2025,6
E05013899,06-08,weekday,2,2025,2
E05013899,08-10,weekday,2,2025,4
E05013899,10-12,weekday,2,2025,6
E05013899,12-14,weekday,2,2025,8
E05013899,14-16,weekday,2,2025,9
E05013899,16-18,weekday,2,2025,9
E05013899,18-20,weekday,2,2025,8
E05013899,20-22,weekday,2,2025,6
E05013899,06-08,weekend,1,2025,1
E05013899,08-10,weekend,1,2025,1
E05013899,10-12,weekend,1,2025,1
E05013899,12-14,weekend,1,2025,4
E05013899,14-16,weekend,1,2025,6
E05013899,16-18,weekend,1,2025,6
E05013899,18-20,weekend,1,2025,4
E05013899,20-22,weekend,1,2025,3
E05013899,06-08,weekend,2,2025,1
E05013899,08-10,weekend,2,2025,2
E05013899,10-12,weekend,2,2025,1
E05013899,12-14,weekend,2,2025,3
E05013899,14-16,weekend,2,2025,6
E05013899,16-18,weekend,2,2025,6
E05013899,18-20,weekend,2,2025,4
E05013899,20-22,weekend,2,2025,3
E05013900,06-08,weekday,1,2025,2
E05013900,08-10,weekday,1,2025,4
E05013900,10-12,weekday,1,2025,6
E05013900,12-14,weekday,1,2025,8
E05013900,14-16,weekday,1,2025,9
E05013900,16-18,weekday,1,2025,9
E05013900,18-20,weekday,1,2025,8
E05013900,20-22,weekday,1,2025,6
E05013900,06-08,weekday,2,2025,2
E05013900,08-10,weekday,2,2025,4
E05013900,10-12,weekday,2,2025,6
E05013900,12-14,weekday,2,2025,8
E05013900,14-16,weekday,2,2025,9
E05013900,16-18,weekday,2,2025,9
E05013900,18-20,weekday,2,2025,8
E05013900,20-22,weekday,2,2025,6
E05013900,06-08,weekend,1,2025,1
E05013900,08-10,weekend,1,2025,1
E05013900,10-12,weekend,1,2025,1
E05013900,12-14,weekend,1,2025,4
E05013900,14-16,weekend,1,2025,6
E05013900,16-18,weekend,1,2025,6
E05013900,18-20,weekend,1,2025,4
E05013900,20-22,weekend,1,2025,3
E05013900,06-08,weekend,2,2025,1
E05013900,08-10,weekend,2,2025,2
E05013900,10-12,weekend,2,2025,1
E05013900,12-14,weekend,2,2025,3
E05013900,14-16,weekend,2,2025,6
E05013900,16-18,weekend,2,2025,6
E05013900,18-20,weekend,2,2025,4
E05013900,20-22,weekend,2,2025,3
E05013901,06-08,weekday,1,2025,2
E05013901,08-10,weekday,1,2025,4
E05013901,10-12,weekday,1,2025,6
E05013901,12-14,weekday,1,2025,8
E05013901,14-16,weekday,1,2025,9
E05013901,16-18,weekday,1,2025,9
E05013901,18-20,weekday,1,2025,8
E05013901,20-22,weekday,1,2025,6
E05013901,06-08,weekday,2,2025,2
E05013901,08-10,weekday,2,2025,4
E05013901,10-12,weekday,2,2025,6
E05013901,12-14,weekday,2,2025,8
E05013901,14-16,weekday,2,2025,9
E05013901,16-18,weekday,2,2025,9
E05013901,18-20,weekday,2,2025,8
E05013901,20-22,weekday,2,2025,6
E05013901,06-08,weekend,1,2025,1
E05013901,08-10,weekend,1,2025,1
E05013901,10-12,weekend,1,2025,1
E05013901,12-14,weekend,1,2025,4
E05013901,14-16,weekend,1,2025,6
E05013901,16-18,weekend,1,2025,6
E05013901,18-20,weekend,1,2025,4
E05013901,20-22,weekend,1,2025,3
E05013901,06-08,weekend,2,2025,1
E05013901,08-10,weekend,2,2025,2
E05013901,10-12,weekend,2,2025,1
E05013901,12-14,weekend,2,2025,3
E05013901,14-16,weekend,2,2025,6
E05013901,16-18,weekend,2,2025,6
E05013901,18-20,weekend,2,2025,4
E05013901,20-22,weekend,2,2025,3
E05013902,06-08,weekday,1,2025,2
E05013902,08-10,weekday,1,2025,4
E05013902,10-12,weekday,1,2025,6
E05013902,12-14,weekday,1,2025,8
E05013902,14-16,weekday,1,2025,9
E05013902,16-18,weekday,1,2025,9
E05013902,18-20,weekday,1,2025,8
E05013902,20-22,weekday,1,2025,6
E05013902,06-08,weekday,2,2025,2
E05013902,08-10,weekday,2,2025,4
E05013902,10-12,weekday,2,2025,6
E05013902,12-14,weekday,2,2025,8
E05013902,14-16,weekday,2,2025,9
E05013902,16-18,weekday,2,2025,9
E05013902,18-20,weekday,2,2025,8
E05013902,20-22,weekday,2,2025,6
E05013902,06-08,weekend,1,2025,1
E05013902,08-10,weekend,1,2025,1
E05013902,10-12,weekend,1,2025,1
E05013902,12-14,weekend,1,2025,4
E05013902,14-16,weekend,1,2025,6
E05013902,16-18,weekend,1,2025,6
E05013902,18-20,weekend,1,2025,4
E05013902,20-22,weekend,1,2025,3
E05013902,06-08,weekend,2,2025,1
E05013902,08-10,weekend,2,2025,2
E05013902,10-12,weekend,2,2025,1
E05013902,12-14,weekend,2,2025,3
E05013902,14-16,weekend,2,2025,6
E05013902,16-18,weekend,2,2025,6
E05013902,18-20,weekend,2,2025,4
E05013902,20-22,weekend,2,2025,3
E05013903,06-08,weekday,1,2025,2
E05013903,08-10,weekday,1,2025,4
E05013903,10-12,weekday,1,2025,6
E05013903,12-14,weekday,1,2025,8
E05013903,14-16,weekday,1,2025,9
E05013903,16-18,weekday,1,2025,9
E05013903,18-20,weekday,1,2025,8
E05013903,20-22,weekday,1,2025,6
E05013903,06-08,weekday,2,2025,2
E05013903,08-10,weekday,2,2025,4
E05013903,10-12,weekday,2,2025,6
E05013903,12-14,weekday,2,2025,8
E05013903,14-16,weekday,2,2025,9
E05013903,16-18,weekday,2,2025,9
E05013903,18-20,weekday,2,2025,8
E05013903,20-22,weekday,2,2025,6
E05013903,06-08,weekend,1,2025,1
E05013903,08-10,weekend,1,2025,1
E05013903,10-12,weekend,1,2025,1
E05013903,12-14,weekend,1,2025,4
E05013903,14-16,weekend,1,2025,6
E05013903,16-18,weekend,1,2025,6
E05013903,18-20,weekend,1,2025,4
E05013903,20-22,weekend,1,2025,3
E05013903,06-08,weekend,2,2025,1
E05013903,08-10,weekend,2,2025,2
E05013903,10-12,weekend,2,2025,1
E05013903,12-14,weekend,2,2025,3
E05013903,14-16,weekend,2,2025,6
E05013903,16-18,weekend,2,2025,6
E05013903,18-20,weekend,2,2025,4
E05013903,20-22,weekend,2,2025,3
E05013904,06-08,weekday,1,2025,2
E05013904,08-10,weekday,1,2025,4
E05013904,10-12,weekday,1,2025,6
E05013904,12-14,weekday,1,2025,8
E05013904,14-16,weekday,1,2025,9
E05013904,16-18,weekday,1,2025,9
E05013904,18-20,weekday,1,2025,8
E05013904,20-22,weekday,1,2025,6
E05013904,06-08,weekday,2,2025,2
E05013904,08-10,weekday,2,2025,4
E05013904,10-12,weekday,2,2025,6
E05013904,12-14,weekday,2,2025,8
E05013904,14-16,weekday,2,2025,9
E05013904,16-18,weekday,2,2025,9
E05013904,18-20,weekday,2,2025,8
E05013904,20-22,weekday,2,2025,6
E05013904,06-08,weekend,1,2025,1
E05013904,08-10,weekend,1,2025,1
E05013904,10-12,weekend,1,2025,1
E05013904,12-14,weekend,1,2025,4
E05013904,14-16,weekend,1,2025,6
E05013904,16-18,weekend,1,2025,6
E05013904,18-20,weekend,1,2025,4
E05013904,20-22,weekend,1,2025,3
E05013904,06-08,weekend,2,2025,1
E05013904,08-10,weekend,2,2025,2
E05013904,10-12,weekend,2,2025,1
E05013904,12-14,weekend,2,2025,3
E05013904,14-16,weekend,2,2025,6
E05013904,16-18,weekend,2,2025,6
E05013904,18-20,weekend,2,2025,4
E05013904,20-22,weekend,2,2025,3
E05013905,06-08,weekday,1,2025,2
E05013905,08-10,weekday,1,2025,4
E05013905,10-12,weekday,1,2025,6
E05013905,12-14,weekday,1,2025,8
E05013905,14-16,weekday,1,2025,9
E05013905,16-18,weekday,1,2025,9
E05013905,18-20,weekday,1,2025,8
E05013905,20-22,weekday,1,2025,6
E05013905,06-08,weekday,2,2025,2
E05013905,08-10,weekday,2,2025,4
E05013905,10-12,weekday,2,2025,6
E05013905,12-14,weekday,2,2025,8
E05013905,14-16,weekday,2,2025,9
E05013905,16-18,weekday,2,2025,9
E05013905,18-20,weekday,2,2025,8
E05013905,20-22,weekday,2,2025,6
E05013905,06-08,weekend,1,2025,1
E05013905,08-10,weekend,1,2025,1
E05013905,10-12,weekend,1,2025,1
E05013905,12-14,weekend,1,2025,4
E05013905,14-16,weekend,1,2025,6
E05013905,16-18,weekend,1,2025,6
E05013905,18-20,weekend,1,2025,4
E05013905,20-22,weekend,1,2025,3
E05013905,06-08,weekend,2,2025,1
E05013905,08-10,weekend,2,2025,2
E05013905,10-12,weekend,2,2025,1
E05013905,12-14,weekend,2,2025,3
E05013905,14-16,weekend,2,2025,6
E05013905,16-18,weekend,2,2025,6
E05013905,18-20,weekend,2,2025,4
E05013905,20-22,weekend,2,2025,3
E05013906,06-08,weekday,1,2025,2
E05013906,08-10,weekday,1,2025,4
E05013906,10-12,weekday,1,2025,6
E05013906,12-14,weekday,1,2025,8
E05013906,14-16,weekday,1,2025,9
E05013906,16-18,weekday,1,2025,9
E05013906,18-20,weekday,1,2025,8
E05013906,20-22,weekday,1,2025,6
E05013906,06-08,weekday,2,2025,2
E05013906,08-10,weekday,2,2025,4
E05013906,10-12,weekday,2,2025,6
E05013906,12-14,weekday,2,2025,8
E05013906,14-16,weekday,2,2025,9
E05013906,16-18,weekday,2,2025,9
E05013906,18-20,weekday,2,2025,8
E05013906,20-22,weekday,2,2025,6
E05013906,06-08,weekend,1,2025,1
E05013906,08-10,weekend,1,2025,1
E05013906,10-12,weekend,1,2025,1
E05013906,12-14,weekend,1,2025,4
E05013906,14-16,weekend,1,2025,6
E05013906,16-18,weekend,1,2025,6
E05013906,18-20,weekend,1,2025,4
E05013906,20-22,weekend,1,2025,3
E05013906,06-08,weekend,2,2025,1
E05013906,08-10,weekend,2,2025,2
E05013906,10-12,weekend,2,2025,1
E05013906,12-14,weekend,2,2025,3
E05013906,14-16,weekend,2,2025,6
E05013906,16-18,weekend,2,2025,6
E05013906,18-20,weekend,2,2025,4
E05013906,20-22,weekend,2,2025,3
E05013907,06-08,weekday,1,2025,2
E05013907,08-10,weekday,1,2025,4
E05013907,10-12,weekday,1,2025,6
E05013907,12-14,weekday,1,2025,8
E05013907,14-16,weekday,1,2025,9
E05013907,16-18,weekday,1,2025,9
E05013907,18-20,weekday,1,2025,8
E05013907,20-22,weekday,1,2025,6
E05013907,06-08,weekday,2,2025,2
E05013907,08-10,weekday,2,2025,4
E05013907,10-12,weekday,2,2025,6
E05013907,12-14,weekday,2,2025,8
E05013907,14-16,weekday,2,2025,9
E05013907,16-18,weekday,2,2025,9
E05013907,18-20,weekday,2,2025,8
E05013907,20-22,weekday,2,2025,6
E05013907,06-08,weekend,1,2025,1
E05013907,08-10,weekend,1,2025,1
E05013907,10-12,weekend,1,2025,1
E05013907,12-14,weekend,1,2025,4
E05013907,14-16,weekend,1,2025,6
E05013907,16-18,weekend,1,2025,6
E05013907,18-20,weekend,1,2025,4
E05013907,20-22,weekend,1,2025,3
E05013907,06-08,weekend,2,2025,1
E05013907,08-10,weekend,2,2025,2
E05013907,10-12,weekend,2,2025,1
E05013907,12-14,weekend,2,2025,3
E05013907,14-16,weekend,2,2025,6
E05013907,16-18,weekend,2,2025,6
E05013907,18-20,weekend,2,2025,4
E05013907,20-22,weekend,2,2025,3
E05013908,06-08,weekday,1,2025,2
E05013908,08-10,weekday,1,2025,4
E05013908,10-12,weekday,1,2025,6
E05013908,12-14,weekday,1,2025,8
E05013908,14-16,weekday,1,2025,9
E05013908,16-18,weekday,1,2025,9
E05013908,18-20,weekday,1,2025,8
E05013908,20-22,weekday,1,2025,6
E05013908,06-08,weekday,2,2025,2
E05013908,08-10,weekday,2,2025,4
E05013908,10-12,weekday,2,2025,6
E05013908,12-14,weekday,2,2025,8
E05013908,14-16,weekday,2,2025,9
E05013908,16-18,weekday,2,2025,9
E05013908,18-20,weekday,2,2025,8
E05013908,20-22,weekday,2,2025,6
E05013908,06-08,weekend,1,2025,1
E05013908,08-10,weekend,1,2025,1
E05013908,10-12,weekend,1,2025,1
E05013908,12-14,weekend,1,2025,4
E05013908,14-16,weekend,1,2025,6
E05013908,16-18,weekend,1,2025,6
E05013908,18-20,weekend,1,2025,4
E05013908,20-22,weekend,1,2025,3
E05013908,06-08,weekend,2,2025,1
E05013908,08-10,weekend,2,2025,2
E05013908,10-12,weekend,2,2025,1
E05013908,12-14,weekend,2,2025,3
E05013908,14-16,weekend,2,2025,6
E05013908,16-18,weekend,2,2025,6
E05013908,18-20,weekend,2,2025,4
E05013908,20-22,weekend,2,2025,3
E05013909,06-08,weekday,1,2025,2
E05013909,08-10,weekday,1,2025,4
E05013909,10-12,weekday,1,2025,6
E05013909,12-14,weekday,1,2025,8
E05013909,14-16,weekday,1,2025,9
E05013909,16-18,weekday,1,2025,9
E05013909,18-20,weekday,1,2025,8
E05013909,20-22,weekday,1,2025,6
E05013909,06-08,weekday,2,2025,2
E05013909,08-10,weekday,2,2025,4
E05013909,10-12,weekday,2,2025,6
E05013909,12-14,weekday,2,2025,8
E05013909,14-16,weekday,2,2025,9
E05013909,16-18,weekday,2,2025,9
E05013909,18-20,weekday,2,2025,8
E05013909,20-22,weekday,2,2025,6
E05013909,06-08,weekend,1,2025,1
E05013909,08-10,weekend,1,2025,1
E05013909,10-12,weekend,1,2025,1
E05013909,12-14,weekend,1,2025,4
E05013909,14-16,weekend,1,2025,6
E05013909,16-18,weekend,1,2025,6
E05013909,18-20,weekend,1,2025,4
E05013909,20-22,weekend,1,2025,3
E05013909,06-08,weekend,2,2025,1
E05013909,08-10,weekend,2,2025,2
E05013909,10-12,weekend,2,2025,1
E05013909,12-14,weekend,2,2025,3
E05013909,14-16,weekend,2,2025,6
E05013909,16-18,weekend,2,2025,6
E05013909,18-20,weekend,2,2025,4
E05013909,20-22,weekend,2,2025,3
E05013910,06-08,weekday,1,2025,2
E05013910,08-10,weekday,1,2025,4
E05013910,10-12,weekday,1,2025,6
E05013910,12-14,weekday,1,2025,8
E05013910,14-16,weekday,1,2025,9
E05013910,16-18,weekday,1,2025,9
E05013910,18-20,weekday,1,2025,8
E05013910,20-22,weekday,1,2025,6
E05013910,06-08,weekday,2,2025,2
E05013910,08-10,weekday,2,2025,4
E05013910,10-12,weekday,2,2025,6
E05013910,12-14,weekday,2,2025,8
E05013910,14-16,weekday,2,2025,9
E05013910,16-18,weekday,2,2025,9
E05013910,18-20,weekday,2,2025,8
E05013910,20-22,weekday,2,2025,6
E05013910,06-08,weekend,1,2025,1
E05013910,08-10,weekend,1,2025,1
E05013910,10-12,weekend,1,2025,1
E05013910,12-14,weekend,1,2025,4
E05013910,14-16,weekend,1,2025,6
E05013910,16-18,weekend,1,2025,6
E05013910,18-20,weekend,1,2025,4
E05013910,20-22,weekend,1,2025,3
E05013910,06-08,weekend,2,2025,1
E05013910,08-10,weekend,2,2025,2
E05013910,10-12,weekend,2,2025,1
E05013910,12-14,weekend,2,2025,3
E05013910,14-16,weekend,2,2025,6
E05013910,16-18,weekend,2,2025,6
E05013910,18-20,weekend,2,2025,4
E05013910,20-22,weekend,2,2025,3
E05013911,06-08,weekday,1,2025,2
E05013911,08-10,weekday,1,2025,4
E05013911,10-12,weekday,1,2025,6
E05013911,12-14,weekday,1,2025,8
E05013911,14-16,weekday,1,2025,9
E05013911,16-18,weekday,1,2025,9
E05013911,18-20,weekday,1,2025,8
E05013911,20-22,weekday,1,2025,6
E05013911,06-08,weekday,2,2025,2
E05013911,08-10,weekday,2,2025,4
E05013911,10-12,weekday,2,2025,6
E05013911,12-14,weekday,2,2025,8
E05013911,14-16,weekday,2,2025,9
E05013911,16-18,weekday,2,2025,9
E05013911,18-20,weekday,2,2025,8
E05013911,20-22,weekday,2,2025,6
E05013911,06-08,weekend,1,2025,1
E05013911,08-10,weekend,1,2025,1
E05013911,10-12,weekend,1,2025,1
E05013911,12-14,weekend,1,2025,4
E05013911,14-16,weekend,1,2025,6
E05013911,16-18,weekend,1,2025,6
E05013911,18-20,weekend,1,2025,4
E05013911,20-22,weekend,1,2025,3
E05013911,06-08,weekend,2,2025,1
E05013911,08-10,weekend,2,2025,2
E05013911,10-12,weekend,2,2025,1
E05013911,12-14,weekend,2,2025,3
E05013911,14-16,weekend,2,2025,6
E05013911,16-18,weekend,2,2025,6
E05013911,18-20,weekend,2,2025,4
E05013911,20-22,weekend,2,2025,3
E05013912,06-08,weekday,1,2025,2
E05013912,08-10,weekday,1,2025,4
E05013912,10-12,weekday,1,2025,6
E05013912,12-14,weekday,1,2025,8
E05013912,14-16,weekday,1,2025,9
E05013912,16-18,weekday,1,2025,9
E05013912,18-20,weekday,1,2025,8
E05013912,20-22,weekday,1,2025,6
E05013912,06-08,weekday,2,2025,2
E05013912,08-10,weekday,2,2025,4
E05013912,10-12,weekday,2,2025,6
E05013912,12-14,weekday,2,2025,8
E05013912,14-16,weekday,2,2025,9
E05013912,16-18,weekday,2,2025,9
E05013912,18-20,weekday,2,2025,8
E05013912,20-22,weekday,2,2025,6
E05013912,06-08,weekend,1,2025,1
E05013912,08-10,weekend,1,2025,1
E05013912,10-12,weekend,1,2025,1
E05013912,12-14,weekend,1,2025,4
E05013912,14-16,weekend,1,2025,6
E05013912,16-18,weekend,1,2025,6
E05013912,18-20,weekend,1,2025,4
E05013912,20-22,weekend,1,2025,3
E05013912,06-08,weekend,2,2025,1
E05013912,08-10,weekend,2,2025,2
E05013912,10-12,weekend,2,2025,1
E05013912,12-14,weekend,2,2025,3
E05013912,14-16,weekend,2,2025,6
E05013912,16-18,weekend,2,2025,6
E05013912,18-20,weekend,2,2025,4
E05013912,20-22,weekend,2,2025,3
E05013913,06-08,weekday,1,2025,2
E05013913,08-10,weekday,1,2025,4
E05013913,10-12,weekday,1,2025,6
E05013913,12-14,weekday,1,2025,8
E05013913,14-16,weekday,1,2025,9
E05013913,16-18,weekday,1,2025,9
E05013913,18-20,weekday,1,2025,8
E05013913,20-22,weekday,1,2025,6
E05013913,06-08,weekday,2,2025,2
E05013913,08-10,weekday,2,2025,4
E05013913,10-12,weekday,2,2025,6
E05013913,12-14,weekday,2,2025,8
E05013913,14-16,weekday,2,2025,9
E05013913,16-18,weekday,2,2025,9
E05013913,18-20,weekday,2,2025,8
E05013913,20-22,weekday,2,2025,6
E05013913,06-08,weekend,1,2025,1
E05013913,08-10,weekend,1,2025,1
E05013913,10-12,weekend,1,2025,1
E05013913,12-14,weekend,1,2025,4
E05013913,14-16,weekend,1,2025,6
E05013913,16-18,weekend,1,2025,6
E05013913,18-20,weekend,1,2025,4
E05013913,20-22,weekend,1,2025,3
E05013913,06-08,weekend,2,2025,1
E05013913,08-10,weekend,2,2025,2
E05013913,10-12,weekend,2,2025,1
E05013913,12-14,weekend,2,2025,3
E05013913,14-16,weekend,2,2025,6
E05013913,16-18,weekend,2,2025,6
E05013913,18-20,weekend,2,2025,4
E05013913,20-22,weekend,2,2025,3
E05013914,06-08,weekday,1,2025,2
E05013914,08-10,weekday,1,2025,4
E05013914,10-12,weekday,1,2025,6
E05013914,12-14,weekday,1,2025,8
E05013914,14-16,weekday,1,2025,9
E05013914,16-18,weekday,1,2025,9
E05013914,18-20,weekday,1,2025,8
E05013914,20-22,weekday,1,2025,6
E05013914,06-08,weekday,2,2025,2
E05013914,08-10,weekday,2,2025,4
E05013914,10-12,weekday,2,2025,6
E05013914,12-14,weekday,2,2025,8
E05013914,14-16,weekday,2,2025,9
E05013914,16-18,weekday,2,2025,9
E05013914,18-20,weekday,2,2025,8
E05013914,20-22,weekday,2,2025,6
E05013914,06-08,weekend,1,2025,1
E05013914,08-10,weekend,1,2025,1
E05013914,10-12,weekend,1,2025,1
E05013914,12-14,weekend,1,2025,4
E05013914,14-16,weekend,1,2025,6
E05013914,16-18,weekend,1,2025,6
E05013914,18-20,weekend,1,2025,4
E05013914,20-22,weekend,1,2025,3
E05013914,06-08,weekend,2,2025,1
E05013914,08-10,weekend,2,2025,2
E05013914,10-12,weekend,2,2025,1
E05013914,12-14,weekend,2,2025,3
E05013914,14-16,weekend,2,2025,6
E05013914,16-18,weekend,2,2025,6
E05013914,18-20,weekend,2,2025,4
E05013914,20-22,weekend,2,2025,3
E05013915,06-08,weekday,1,2025,2
E05013915,08-10,weekday,1,2025,4
E05013915,10-12,weekday,1,2025,6
E05013915,12-14,weekday,1,2025,8
E05013915,14-16,weekday,1,2025,9
E05013915,16-18,weekday,1,2025,9
E05013915,18-20,weekday,1,2025,8
E05013915,20-22,weekday,1,2025,6
E05013915,06-08,weekday,2,2025,2
E05013915,08-10,weekday,2,2025,4
E05013915,10-12,weekday,2,2025,6
E05013915,12-14,weekday,2,2025,8
E05013915,14-16,weekday,2,2025,9
E05013915,16-18,weekday,2,2025,9
E05013915,18-20,weekday,2,2025,8
E05013915,20-22,weekday,2,2025,6
E05013915,06-08,weekend,1,2025,1
E05013915,08-10,weekend,1,2025,1
E05013915,10-12,weekend,1,2025,1
E05013915,12-14,weekend,1,2025,4
E05013915,14-16,weekend,1,2025,6
E05013915,16-18,weekend,1,2025,6
E05013915,18-20,weekend,1,2025,4
E05013915,20-22,weekend,1,2025,3
E05013915,06-08,weekend,2,2025,1
E05013915,08-10,weekend,2,2025,2
E05013915,10-12,weekend,2,2025,1
E05013915,12-14,weekend,2,2025,3
E05013915,14-16,weekend,2,2025,6
E05013915,16-18,weekend,2,2025,6
E05013915,18-20,weekend,2,2025,4
E05013915,20-22,weekend,2,2025,3
E05013916,06-08,weekday,1,2025,2
E05013916,08-10,weekday,1,2025,4
E05013916,10-12,weekday,1,2025,6
E05013916,12-14,weekday,1,2025,8
E05013916,14-16,weekday,1,2025,9
E05013916,16-18,weekday,1,2025,9
E05013916,18-20,weekday,1,2025,8
E05013916,20-22,weekday,1,2025,6
E05013916,06-08,weekday,2,2025,2
E05013916,08-10,weekday,2,2025,4
E05013916,10-12,weekday,2,2025,6
E05013916,12-14,weekday,2,2025,8
E05013916,14-16,weekday,2,2025,9
E05013916,16-18,weekday,2,2025,9
E05013916,18-20,weekday,2,2025,8
E05013916,20-22,weekday,2,2025,6
E05013916,06-08,weekend,1,2025,1
E05013916,08-10,weekend,1,2025,1
E05013916,10-12,weekend,1,2025,1
E05013916,12-14,weekend,1,2025,4
E05013916,14-16,weekend,1,2025,6
E05013916,16-18,weekend,1,2025,6
E05013916,18-20,weekend,1,2025,4
E05013916,20-22,weekend,1,2025,3
E05013916,06-08,weekend,2,2025,1
E05013916,08-10,weekend,2,2025,2
E05013916,10-12,weekend,2,2025,1
E05013916,12-14,weekend,2,2025,3
E05013916,14-16,weekend,2,2025,6
E05013916,16-18,weekend,2,2025,6
E05013916,18-20,weekend,2,2025,4
E05013916,20-22,weekend,2,2025,3
E05013917,06-08,weekday,1,2025,2
E05013917,08-10,weekday,1,2025,4
E05013917,10-12,weekday,1,2025,6
E05013917,12-14,weekday,1,2025,8
E05013917,14-16,weekday,1,2025,9
E05013917,16-18,weekday,1,2025,9
E05013917,18-20,weekday,1,2025,8
E05013917,20-22,weekday,1,2025,6
E05013917,06-08,weekday,2,2025,2
E05013917,08-10,weekday,2,2025,4
E05013917,10-12,weekday,2,2025,6
E05013917,12-14,weekday,2,2025,8
E05013917,14-16,weekday,2,2025,9
E05013917,16-18,weekday,2,2025,9
E05013917,18-20,weekday,2,2025,8
E05013917,20-22,weekday,2,2025,6
E05013917,06-08,weekend,1,2025,1
E05013917,08-10,weekend,1,2025,1
E05013917,10-12,weekend,1,2025,1
E05013917,12-14,weekend,1,2025,4
E05013917,14-16,weekend,1,2025,6
E05013917,16-18,weekend,1,2025,6
E05013917,18-20,weekend,1,2025,4
E05013917,20-22,weekend,1,2025,3
E05013917,06-08,weekend,2,2025,1
E05013917,08-10,weekend,2,2025,2
E05013917,10-12,weekend,2,2025,1
E05013917,12-14,weekend,2,2025,3
E05013917,14-16,weekend,2,2025,6
E05013917,16-18,weekend,2,2025,6
E05013917,18-20,weekend,2,2025,4
E05013917,20-22,weekend,2,2025,3
E05013918,06-08,weekday,1,2025,2
E05013918,08-10,weekday,1,2025,4
E05013918,10-12,weekday,1,2025,6
E05013918,12-14,weekday,1,2025,8
E05013918,14-16,weekday,1,2025,9
E05013918,16-18,weekday,1,2025,9
E05013918,18-20,weekday,1,2025,8
E05013918,20-22,weekday,1,2025,6
E05013918,06-08,weekday,2,2025,2
E05013918,08-10,weekday,2,2025,4
E05013918,10-12,weekday,2,2025,6
E05013918,12-14,weekday,2,2025,8
E05013918,14-16,weekday,2,2025,9
E05013918,16-18,weekday,2,2025,9
E05013918,18-20,weekday,2,2025,8
E05013918,20-22,weekday,2,2025,6
E05013918,06-08,weekend,1,2025,1
E05013918,08-10,weekend,1,2025,1
E05013918,10-12,weekend,1,2025,1
E05013918,12-14,weekend,1,2025,4
E05013918,14-16,weekend,1,2025,6
E05013918,16-18,weekend,1,2025,6
E05013918,18-20,weekend,1,2025,4
E05013918,20-22,weekend,1,2025,3
E05013918,06-08,weekend,2,2025,1
E05013918,08-10,weekend,2,2025,2
E05013918,10-12,weekend,2,2025,1
E05013918,12-14,weekend,2,2025,3
E05013918,14-16,weekend,2,2025,6
E05013918,16-18,weekend,2,2025,6
E05013918,18-20,weekend,2,2025,4
E05013918,20-22,weekend,2,2025,3
E05013919,06-08,weekday,1,2025,2
E05013919,08-10,weekday,1,2025,4
E05013919,10-12,weekday,1,2025,6
E05013919,12-14,weekday,1,2025,8
E05013919,14-16,weekday,1,2025,9
E05013919,16-18,weekday,1,2025,9
E05013919,18-20,weekday,1,2025,8
E05013919,20-22,weekday,1,2025,6
E05013919,06-08,weekday,2,2025,2
E05013919,08-10,weekday,2,2025,4
E05013919,10-12,weekday,2,2025,6
E05013919,12-14,weekday,2,2025,8
E05013919,14-16,weekday,2,2025,9
E05013919,16-18,weekday,2,2025,9
E05013919,18-20,weekday,2,2025,8
E05013919,20-22,weekday,2,2025,6
E05013919,06-08,weekend,1,2025,1
E05013919,08-10,weekend,1,2025,1
E05013919,10-12,weekend,1,2025,1
E05013919,12-14,weekend,1,2025,4
E05013919,14-16,weekend,1,2025,6
E05013919,16-18,weekend,1,2025,6
E05013919,18-20,weekend,1,2025,4
E05013919,20-22,weekend,1,2025,3
E05013919,06-08,weekend,2,2025,1
E05013919,08-10,weekend,2,2025,2
E05013919,10-12,weekend,2,2025,1
E05013919,12-14,weekend,2,2025,3
E05013919,14-16,weekend,2,2025,6
E05013919,16-18,weekend,2,2025,6
E05013919,18-20,weekend,2,2025,4
E05013919,20-22,weekend,2,2025,3
E05013920,06-08,weekday,1,2025,2
E05013920,08-10,weekday,1,2025,4
E05013920,10-12,weekday,1,2025,6
E05013920,12-14,weekday,1,2025,8
E05013920,14-16,weekday,1,2025,9
E05013920,16-18,weekday,1,2025,9
E05013920,18-20,weekday,1,2025,8
E05013920,20-22,weekday,1,2025,6
E05013920,06-08,weekday,2,2025,2
E05013920,08-10,weekday,2,2025,4
E05013920,10-12,weekday,2,2025,6
E05013920,12-14,weekday,2,2025,8
E05013920,14-16,weekday,2,2025,9
E05013920,16-18,weekday,2,2025,9
E05013920,18-20,weekday,2,2025,8
E05013920,20-22,weekday,2,2025,6
E05013920,06-08,weekend,1,2025,1
E05013920,08-10,weekend,1,2025,1
E05013920,10-12,weekend,1,2025,1
E05013920,12-14,weekend,1,2025,4
E05013920,14-16,weekend,1,2025,6
E05013920,16-18,weekend,1,2025,6
E05013920,18-20,weekend,1,2025,4
E05013920,20-22,weekend,1,2025,3
E05013920,06-08,weekend,2,2025,1
E05013920,08-10,weekend,2,2025,2
E05013920,10-12,weekend,2,2025,1
E05013920,12-14,weekend,2,2025,3
E05013920,14-16,weekend,2,2025,6
E05013920,16-18,weekend,2,2025,6
E05013920,18-20,weekend,2,2025,4
E05013920,20-22,weekend,2,2025,3
E05013921,06-08,weekday,1,2025,2
E05013921,08-10,weekday,1,2025,4
E05013921,10-12,weekday,1,2025,6
E05013921,12-14,weekday,1,2025,8
E05013921,14-16,weekday,1,2025,9
E05013921,16-18,weekday,1,2025,9
E05013921,18-20,weekday,1,2025,8
E05013921,20-22,weekday,1,2025,6
E05013921,06-08,weekday,2,2025,2
E05013921,08-10,weekday,2,2025,4
E05013921,10-12,weekday,2,2025,6
E05013921,12-14,weekday,2,2025,8
E05013921,14-16,weekday,2,2025,9
E05013921,16-18,weekday,2,2025,9
E05013921,18-20,weekday,2,2025,8
E05013921,20-22,weekday,2,2025,6
E05013921,06-08,weekend,1,2025,1
E05013921,08-10,weekend,1,2025,1
E05013921,10-12,weekend,1,2025,1
E05013921,12-14,weekend,1,2025,4
E05013921,14-16,weekend,1,2025,6
E05013921,16-18,weekend,1,2025,6
E05013921,18-20,weekend,1,2025,4
E05013921,20-22,weekend,1,2025,3
E05013921,06-08,weekend,2,2025,1
E05013921,08-10,weekend,2,2025,2
E05013921,10-12,weekend,2,2025,1
E05013921,12-14,weekend,2,2025,3
E05013921,14-16,weekend,2,2025,6
E05013921,16-18,weekend,2,2025,6
E05013921,18-20,weekend,2,2025,4
E05013921,20-22,weekend,2,2025,3
E05013922,06-08,weekday,1,2025,2
E05013922,08-10,weekday,1,2025,4
E05013922,10-12,weekday,1,2025,6
E05013922,12-14,weekday,1,2025,8
E05013922,14-16,weekday,1,2025,9
E05013922,16-18,weekday,1,2025,9
E05013922,18-20,weekday,1,2025,8
E05013922,20-22,weekday,1,2025,6
E05013922,06-08,weekday,2,2025,2
E05013922,08-10,weekday,2,2025,4
E05013922,10-12,weekday,2,2025,6
E05013922,12-14,weekday,2,2025,8
E05013922,14-16,weekday,2,2025,9
E05013922,16-18,weekday,2,2025,9
E05013922,18-20,weekday,2,2025,8
E05013922,20-22,weekday,2,2025,6
E05013922,06-08,weekend,1,2025,1
E05013922,08-10,weekend,1,2025,1
E05013922,10-12,weekend,1,2025,1
E05013922,12-14,weekend,1,2025,4
E05013922,14-16,weekend,1,2025,6
E05013922,16-18,weekend,1,2025,6
E05013922,18-20,weekend,1,2025,4
E05013922,20-22,weekend,1,2025,3
E05013922,06-08,weekend,2,2025,1
E05013922,08-10,weekend,2,2025,2
E05013922,10-12,weekend,2,2025,1
E05013922,12-14,weekend,2,2025,3
E05013922,14-16,weekend,2,2025,6
E05013922,16-18,weekend,2,2025,6
E05013922,18-20,weekend,2,2025,4
E05013922,20-22,weekend,2,2025,3
E05013923,06-08,weekday,1,2025,2
E05013923,08-10,weekday,1,2025,4
E05013923,10-12,weekday,1,2025,6
E05013923,12-14,weekday,1,2025,8
E05013923,14-16,weekday,1,2025,9
E05013923,16-18,weekday,1,2025,9
E05013923,18-20,weekday,1,2025,8
E05013923,20-22,weekday,1,2025,6
E05013923,06-08,weekday,2,2025,2
E05013923,08-10,weekday,2,2025,4
E05013923,10-12,weekday,2,2025,6
E05013923,12-14,weekday,2,2025,8
E05013923,14-16,weekday,2,2025,9
E05013923,16-18,weekday,2,2025,9
E05013923,18-20,weekday,2,2025,8
E05013923,20-22,weekday,2,2025,6
E05013923,06-08,weekend,1,2025,1
E05013923,08-10,weekend,1,2025,1
E05013923,10-12,weekend,1,2025,1
E05013923,12-14,weekend,1,2025,4
E05013923,14-16,weekend,1,2025,6
E05013923,16-18,weekend,1,2025,6
E05013923,18-20,weekend,1,2025,4
E05013923,20-22,weekend,1,2025,3
E05013923,06-08,weekend,2,2025,1
E05013923,08-10,weekend,2,2025,2
E05013923,10-12,weekend,2,2025,1
E05013923,12-14,weekend,2,2025,3
E05013923,14-16,weekend,2,2025,6
E05013923,16-18,weekend,2,2025,6
E05013923,18-20,weekend,2,2025,4
E05013923,20-22,weekend,2,2025,3
E05013924,06-08,weekday,1,2025,2
E05013924,08-10,weekday,1,2025,4
E05013924,10-12,weekday,1,2025,6
E05013924,12-14,weekday,1,2025,8
E05013924,14-16,weekday,1,2025,9
E05013924,16-18,weekday,1,2025,9
E05013924,18-20,weekday,1,2025,8
E05013924,20-22,weekday,1,2025,6
E05013924,06-08,weekday,2,2025,2
E05013924,08-10,weekday,2,2025,4
E05013924,10-12,weekday,2,2025,6
E05013924,12-14,weekday,2,2025,8
E05013924,14-16,weekday,2,2025,9
E05013924,16-18,weekday,2,2025,9
E05013924,18-20,weekday,2,2025,8
E05013924,20-22,weekday,2,2025,6
E05013924,06-08,weekend,1,2025,1
E05013924,08-10,weekend,1,2025,1
E05013924,10-12,weekend,1,2025,1
E05013924,12-14,weekend,1,2025,4
E05013924,14-16,weekend,1,2025,6
E05013924,16-18,weekend,1,2025,6
E05013924,18-20,weekend,1,2025,4
E05013924,20-22,weekend,1,2025,3
E05013924,06-08,weekend,2,2025,1
E05013924,08-10,weekend,2,2025,2
E05013924,10-12,weekend,2,2025,1
E05013924,12-14,weekend,2,2025,3
E05013924,14-16,weekend,2,2025,6
E05013924,16-18,weekend,2,2025,6
E05013924,18-20,weekend,2,2025,4
E05013924,20-22,weekend,2,2025,3
E05013925,06-08,weekday,1,2025,2
E05013925,08-10,weekday,1,2025,4
E05013925,10-12,weekday,1,2025,6
E05013925,12-14,weekday,1,2025,8
E05013925,14-16,weekday,1,2025,9
E05013925,16-18,weekday,1,2025,9
E05013925,18-20,weekday,1,2025,8
E05013925,20-22,weekday,1,2025,6
E05013925,06-08,weekday,2,2025,2
E05013925,08-10,weekday,2,2025,4
E05013925,10-12,weekday,2,2025,6
E05013925,12-14,weekday,2,2025,8
E05013925,14-16,weekday,2,2025,9
E05013925,16-18,weekday,2,2025,9
E05013925,18-20,weekday,2,2025,8
E05013925,20-22,weekday,2,2025,6
E05013925,06-08,weekend,1,2025,1
E05013925,08-10,weekend,1,2025,1
E05013925,10-12,weekend,1,2025,1
E05013925,12-14,weekend,1,2025,4
E05013925,14-16,weekend,1,2025,6
E05013925,16-18,weekend,1,2025,6
E05013925,18-20,weekend,1,2025,4
E05013925,20-22,weekend,1,2025,3
E05013925,06-08,weekend,2,2025,1
E05013925,08-10,weekend,2,2025,2
E05013925,10-12,weekend,2,2025,1
E05013925,12-14,weekend,2,2025,3
E05013925,14-16,weekend,2,2025,6
E05013925,16-18,weekend,2,2025,6
E05013925,18-20,weekend,2,2025,4
E05013925,20-22,weekend,2,2025,3
E05013926,06-08,weekday,1,2025,2
E05013926,08-10,weekday,1,2025,4
E05013926,10-12,weekday,1,2025,6
E05013926,12-14,weekday,1,2025,8
E05013926,14-16,weekday,1,2025,9
E05013926,16-18,weekday,1,2025,9
E05013926,18-20,weekday,1,2025,8
E05013926,20-22,weekday,1,2025,6
E05013926,06-08,weekday,2,2025,2
E05013926,08-10,weekday,2,2025,4
E05013926,10-12,weekday,2,2025,6
E05013926,12-14,weekday,2,2025,8
E05013926,14-16,weekday,2,2025,9
E05013926,16-18,weekday,2,2025,9
E05013926,18-20,weekday,2,2025,8
E05013926,20-22,weekday,2,2025,6
E05013926,06-08,weekend,1,2025,1
E05013926,08-10,weekend,1,2025,1
E05013926,10-12,weekend,1,2025,1
E05013926,12-14,weekend,1,2025,4
E05013926,14-16,weekend,1,2025,6
E05013926,16-18,weekend,1,2025,6
E05013926,18-20,weekend,1,2025,4
E05013926,20-22,weekend,1,2025,3
E05013926,06-08,weekend,2,2025,1
E05013926,08-10,weekend,2,2025,2
E05013926,10-12,weekend,2,2025,1
E05013926,12-14,weekend,2,2025,3
E05013926,14-16,weekend,2,2025,6
E05013926,16-18,weekend,2,2025,6
E05013926,18-20,weekend,2,2025,4
E05013926,20-22,weekend,2,2025,3
E05013927,06-08,weekday,1,2025,2
E05013927,08-10,weekday,1,2025,4
E05013927,10-12,weekday,1,2025,6
E05013927,12-14,weekday,1,2025,8
E05013927,14-16,weekday,1,2025,9
E05013927,16-18,weekday,1,2025,9
E05013927,18-20,weekday,1,2025,8
E05013927,20-22,weekday,1,2025,6
E05013927,06-08,weekday,2,2025,2
E05013927,08-10,weekday,2,2025,4
E05013927,10-12,weekday,2,2025,6
E05013927,12-14,weekday,2,2025,8
E05013927,14-16,weekday,2,2025,9
E05013927,16-18,weekday,2,2025,9
E05013927,18-20,weekday,2,2025,8
E05013927,20-22,weekday,2,2025,6
E05013927,06-08,weekend,1,2025,1
E05013927,08-10,weekend,1,2025,1
E05013927,10-12,weekend,1,2025,1
E05013927,12-14,weekend,1,2025,4
E05013927,14-16,weekend,1,2025,6
E05013927,16-18,weekend,1,2025,6
E05013927,18-20,weekend,1,2025,4
E05013927,20-22,weekend,1,2025,3
E05013927,06-08,weekend,2,2025,1
E05013927,08-10,weekend,2,2025,2
E05013927,10-12,weekend,2,2025,1
E05013927,12-14,weekend,2,2025,3
E05013927,14-16,weekend,2,2025,6
E05013927,16-18,weekend,2,2025,6
E05013927,18-20,weekend,2,2025,4
E05013927,20-22,weekend,2,2025,3
E05013928,06-08,weekday,1,2025,2
E05013928,08-10,weekday,1,2025,4
E05013928,10-12,weekday,1,2025,6
E05013928,12-14,weekday,1,2025,8
E05013928,14-16,weekday,1,2025,9
E05013928,16-18,weekday,1,2025,9
E05013928,18-20,weekday,1,2025,8
E05013928,20-22,weekday,1,2025,6
E05013928,06-08,weekday,2,2025,2
E05013928,08-10,weekday,2,2025,4
E05013928,10-12,weekday,2,2025,6
E05013928,12-14,weekday,2,2025,8
E05013928,14-16,weekday,2,2025,9
E05013928,16-18,weekday,2,2025,9
E05013928,18-20,weekday,2,2025,8
E05013928,20-22,weekday,2,2025,6
E05013928,06-08,weekend,1,2025,1
E05013928,08-10,weekend,1,2025,1
E05013928,10-12,weekend,1,2025,1
E05013928,12-14,weekend,1,2025,4
E05013928,14-16,weekend,1,2025,6
E05013928,16-18,weekend,1,2025,6
E05013928,18-20,weekend,1,2025,4
E05013928,20-22,weekend,1,2025,3
E05013928,06-08,weekend,2,2025,1
E05013928,08-10,weekend,2,2025,2
E05013928,10-12,weekend,2,2025,1
E05013928,12-14,weekend,2,2025,3
E05013928,14-16,weekend,2,2025,6
E05013928,16-18,weekend,2,2025,6
E05013928,18-20,weekend,2,2025,4
E05013928,20-22,weekend,2,2025,3
E05013929,06-08,weekday,1,2025,2
E05013929,08-10,weekday,1,2025,4
E05013929,10-12,weekday,1,2025,6
E05013929,12-14,weekday,1,2025,8
E05013929,14-16,weekday,1,2025,9
E05013929,16-18,weekday,1,2025,9
E05013929,18-20,weekday,1,2025,8
E05013929,20-22,weekday,1,2025,6
E05013929,06-08,weekday,2,2025,2
E05013929,08-10,weekday,2,2025,4
E05013929,10-12,weekday,2,2025,6
E05013929,12-14,weekday,2,2025,8
E05013929,14-16,weekday,2,2025,9
E05013929,16-18,weekday,2,2025,9
E05013929,18-20,weekday,2,2025,8
E05013929,20-22,weekday,2,2025,6
E05013929,06-08,weekend,1,2025,1
E05013929,08-10,weekend,1,2025,1
E05013929,10-12,weekend,1,2025,1
E05013929,12-14,weekend,1,2025,4
E05013929,14-16,weekend,1,2025,6
E05013929,16-18,weekend,1,2025,6
E05013929,18-20,weekend,1,2025,4
E05013929,20-22,weekend,1,2025,3
E05013929,06-08,weekend,2,2025,1
E05013929,08-10,weekend,2,2025,2
E05013929,10-12,weekend,2,2025,1
E05013929,12-14,weekend,2,2025,3
E05013929,14-16,weekend,2,2025,6
E05013929,16-18,weekend,2,2025,6
E05013929,18-20,weekend,2,2025,4
E05013929,20-22,weekend,2,2025,3
E05013930,06-08,weekday,1,2025,2
E05013930,08-10,weekday,1,2025,4
E05013930,10-12,weekday,1,2025,6
E05013930,12-14,weekday,1,2025,8
E05013930,14-16,weekday,1,2025,9
E05013930,16-18,weekday,1,2025,9
E05013930,18-20,weekday,1,2025,8
E05013930,20-22,weekday,1,2025,6
E05013930,06-08,weekday,2,2025,2
E05013930,08-10,weekday,2,2025,4
E05013930,10-12,weekday,2,2025,6
E05013930,12-14,weekday,2,2025,8
E05013930,14-16,weekday,2,2025,9
E05013930,16-18,weekday,2,2025,9
E05013930,18-20,weekday,2,2025,8
E05013930,20-22,weekday,2,2025,6
E05013930,06-08,weekend,1,2025,1
E05013930,08-10,weekend,1,2025,1
E05013930,10-12,weekend,1,2025,1
E05013930,12-14,weekend,1,2025,4
E05013930,14-16,weekend,1,2025,6
E05013930,16-18,weekend,1,2025,6
E05013930,18-20,weekend,1,2025,4
E05013930,20-22,weekend,1,2025,3
E05013930,06-08,weekend,2,2025,1
E05013930,08-10,weekend,2,2025,2
E05013930,10-12,weekend,2,2025,1
E05013930,12-14,weekend,2,2025,3
E05013930,14-16,weekend,2,2025,6
E05013930,16-18,weekend,2,2025,6
E05013930,18-20,weekend,2,2025,4
E05013930,20-22,weekend,2,2025,3
E05013931,06-08,weekday,1,2025,2
E05013931,08-10,weekday,1,2025,4
E05013931,10-12,weekday,1,2025,6
E05013931,12-14,weekday,1,2025,8
E05013931,14-16,weekday,1,2025,9
E05013931,16-18,weekday,1,2025,9
E05013931,18-20,weekday,1,2025,8
E05013931,20-22,weekday,1,2025,6
E05013931,06-08,weekday,2,2025,2
E05013931,08-10,weekday,2,2025,4
E05013931,10-12,weekday,2,2025,6
E05013931,12-14,weekday,2,2025,8
E05013931,14-16,weekday,2,2025,9
E05013931,16-18,weekday,2,2025,9
E05013931,18-20,weekday,2,2025,8
E05013931,20-22,weekday,2,2025,6
E05013931,06-08,weekend,1,2025,1
E05013931,08-10,weekend,1,2025,1
E05013931,10-12,weekend,1,2025,1
E05013931,12-14,weekend,1,2025,4
E05013931,14-16,weekend,1,2025,6
E05013931,16-18,weekend,1,2025,6
E05013931,18-20,weekend,1,2025,4
E05013931,20-22,weekend,1,2025,3
E05013931,06-08,weekend,2,2025,1
E05013931,08-10,weekend,2,2025,1
E05013931,10-12,weekend,2,2025,1
E05013931,12-14,weekend,2,2025,4
E05013931,14-16,weekend,2,2025,6
E05013931,16-18,weekend,2,2025,6
E05013931,18-20,weekend,2,2025,4
E05013931,20-22,weekend,2,2025,3
E05013932,06-08,weekday,1,2025,2
E05013932,08-10,weekday,1,2025,4
E05013932,10-12,weekday,1,2025,6
E05013932,12-14,weekday,1,2025,8
E05013932,14-16,weekday,1,2025,9
E05013932,16-18,weekday,1,2025,9
E05013932,18-20,weekday,1,2025,8
E05013932,20-22,weekday,1,2025,6
E05013932,06-08,weekday,2,2025,2
E05013932,08-10,weekday,2,2025,4
E05013932,10-12,weekday,2,2025,6
E05013932,12-14,weekday,2,2025,8
E05013932,14-16,weekday,2,2025,9
E05013932,16-18,weekday,2,2025,9
E05013932,18-20,weekday,2,2025,8
E05013932,20-22,weekday,2,2025,6
E05013932,06-08,weekend,1,2025,1
E05013932,08-10,weekend,1,2025,1
E05013932,10-12,weekend,1,2025,1
E05013932,12-14,weekend,1,2025,4
E05013932,14-16,weekend,1,2025,6
E05013932,16-18,weekend,1,2025,6
E05013932,18-20,weekend,1,2025,4
E05013932,20-22,weekend,1,2025,3
E05013932,06-08,weekend,2,2025,1
E05013932,08-10,weekend,2,2025,2
E05013932,10-12,weekend,2,2025,1
E05013932,12-14,weekend,2,2025,3
E05013932,14-16,weekend,2,2025,6
E05013932,16-18,weekend,2,2025,6
E05013932,18-20,weekend,2,2025,4
E05013932,20-22,weekend,2,2025,3
E05013933,06-08,weekday,1,2025,2
E05013933,08-10,weekday,1,2025,4
E05013933,10-12,weekday,1,2025,6
E05013933,12-14,weekday,1,2025,8
E05013933,14-16,weekday,1,2025,9
E05013933,16-18,weekday,1,2025,9
E05013933,18-20,weekday,1,2025,8
E05013933,20-22,weekday,1,2025,6
E05013933,06-08,weekday,2,2025,2
E05013933,08-10,weekday,2,2025,4
E05013933,10-12,weekday,2,2025,6
E05013933,12-14,weekday,2,2025,8
E05013933,14-16,weekday,2,2025,9
E05013933,16-18,weekday,2,2025,9
E05013933,18-20,weekday,2,2025,8
E05013933,20-22,weekday,2,2025,6
E05013933,06-08,weekend,1,2025,1
E05013933,08-10,weekend,1,2025,1
E05013933,10-12,weekend,1,2025,1
E05013933,12-14,weekend,1,2025,4
E05013933,14-16,weekend,1,2025,6
E05013933,16-18,weekend,1,2025,6
E05013933,18-20,weekend,1,2025,4
E05013933,20-22,weekend,1,2025,3
E05013933,06-08,weekend,2,2025,1
E05013933,08-10,weekend,2,2025,2
E05013933,10-12,weekend,2,2025,1
E05013933,12-14,weekend,2,2025,3
E05013933,14-16,weekend,2,2025,6
E05013933,16-18,weekend,2,2025,6
E05013933,18-20,weekend,2,2025,4
E05013933,20-22,weekend,2,2025,3
E05013934,06-08,weekday,1,2025,2
E05013934,08-10,weekday,1,2025,4
E05013934,10-12,weekday,1,2025,6
E05013934,12-14,weekday,1,2025,8
E05013934,14-16,weekday,1,2025,9
E05013934,16-18,weekday,1,2025,9
E05013934,18-20,weekday,1,2025,8
E05013934,20-22,weekday,1,2025,6
E05013934,06-08,weekday,2,2025,2
E05013934,08-10,weekday,2,2025,4
E05013934,10-12,weekday,2,2025,6
E05013934,12-14,weekday,2,2025,8
E05013934,14-16,weekday,2,2025,9
E05013934,16-18,weekday,2,2025,9
E05013934,18-20,weekday,2,2025,8
E05013934,20-22,weekday,2,2025,6
E05013934,06-08,weekend,1,2025,1
E05013934,08-10,weekend,1,2025,1
E05013934,10-12,weekend,1,2025,1
E05013934,12-14,weekend,1,2025,4
E05013934,14-16,weekend,1,2025,6
E05013934,16-18,weekend,1,2025,6
E05013934,18-20,weekend,1,2025,4
E05013934,20-22,weekend,1,2025,3
E05013934,06-08,weekend,2,2025,1
E05013934,08-10,weekend,2,2025,2
E05013934,10-12,weekend,2,2025,1
E05013934,12-14,weekend,2,2025,3
E05013934,14-16,weekend,2,2025,6
E05013934,16-18,weekend,2,2025,6
E05013934,18-20,weekend,2,2025,4
E05013934,20-22,weekend,2,2025,3
E05013935,06-08,weekday,1,2025,2
E05013935,08-10,weekday,1,2025,4
E05013935,10-12,weekday,1,2025,6
E05013935,12-14,weekday,1,2025,8
E05013935,14-16,weekday,1,2025,9
E05013935,16-18,weekday,1,2025,9
E05013935,18-20,weekday,1,2025,8
E05013935,20-22,weekday,1,2025,6
E05013935,06-08,weekday,2,2025,2
E05013935,08-10,weekday,2,2025,4
E05013935,10-12,weekday,2,2025,6
E05013935,12-14,weekday,2,2025,8
E05013935,14-16,weekday,2,2025,9
E05013935,16-18,weekday,2,2025,9
E05013935,18-20,weekday,2,2025,8
E05013935,20-22,weekday,2,2025,6
E05013935,06-08,weekend,1,2025,1
E05013935,08-10,weekend,1,2025,1
E05013935,10-12,weekend,1,2025,1
E05013935,12-14,weekend,1,2025,4
E05013935,14-16,weekend,1,2025,6
E05013935,16-18,weekend,1,2025,6
E05013935,18-20,weekend,1,2025,4
E05013935,20-22,weekend,1,2025,3
E05013935,06-08,weekend,2,2025,1
E05013935,08-10,weekend,2,2025,2
E05013935,10-12,weekend,2,2025,1
E05013935,12-14,weekend,2,2025,3
E05013935,14-16,weekend,2,2025,6
E05013935,16-18,weekend,2,2025,6
E05013935,18-20,weekend,2,2025,4
E05013935,20-22,weekend,2,2025,3
E05013936,06-08,weekday,1,2025,2
E05013936,08-10,weekday,1,2025,4
E05013936,10-12,weekday,1,2025,6
E05013936,12-14,weekday,1,2025,8
E05013936,14-16,weekday,1,2025,9
E05013936,16-18,weekday,1,2025,9
E05013936,18-20,weekday,1,2025,8
E05013936,20-22,weekday,1,2025,6
E05013936,06-08,weekday,2,2025,2
E05013936,08-10,weekday,2,2025,4
E05013936,10-12,weekday,2,2025,6
E05013936,12-14,weekday,2,2025,8
E05013936,14-16,weekday,2,2025,9
E05013936,16-18,weekday,2,2025,9
E05013936,18-20,weekday,2,2025,8
E05013936,20-22,weekday,2,2025,6
E05013936,06-08,weekend,1,2025,1
E05013936,08-10,weekend,1,2025,1
E05013936,10-12,weekend,1,2025,1
E05013936,12-14,weekend,1,2025,4
E05013936,14-16,weekend,1,2025,6
E05013936,16-18,weekend,1,2025,6
E05013936,18-20,weekend,1,2025,4
E05013936,20-22,weekend,1,2025,3
E05013936,06-08,weekend,2,2025,1
E05013936,08-10,weekend,2,2025,1
E05013936,10-12,weekend,2,2025,1
E05013936,12-14,weekend,2,2025,4
E05013936,14-16,weekend,2,2025,6
E05013936,16-18,weekend,2,2025,6
E05013936,18-20,weekend,2,2025,4
E05013936,20-22,weekend,2,2025,3
E05013937,06-08,weekday,1,2025,2
E05013937,08-10,weekday,1,2025,4
E05013937,10-12,weekday,1,2025,6
E05013937,12-14,weekday,1,2025,8
E05013937,14-16,weekday,1,2025,9
E05013937,16-18,weekday,1,2025,9
E05013937,18-20,weekday,1,2025,8
E05013937,20-22,weekday,1,2025,6
E05013937,06-08,weekday,2,2025,2
E05013937,08-10,weekday,2,2025,4
E05013937,10-12,weekday,2,2025,6
E05013937,12-14,weekday,2,2025,8
E05013937,14-16,weekday,2,2025,9
E05013937,16-18,weekday,2,2025,9
E05013937,18-20,weekday,2,2025,8
E05013937,20-22,weekday,2,2025,6
E05013937,06-08,weekend,1,2025,1
E05013937,08-10,weekend,1,2025,1
E05013937,10-12,weekend,1,2025,1
E05013937,12-14,weekend,1,2025,4
E05013937,14-16,weekend,1,2025,6
E05013937,16-18,weekend,1,2025,6
E05013937,18-20,weekend,1,2025,4
E05013937,20-22,weekend,1,2025,3
E05013937,06-08,weekend,2,2025,1
E05013937,08-10,weekend,2,2025,1
E05013937,10-12,weekend,2,2025,1
E05013937,12-14,weekend,2,2025,4
E05013937,14-16,weekend,2,2025,6
E05013937,16-18,weekend,2,2025,6
E05013937,18-20,weekend,2,2025,4
E05013937,20-22,weekend,2,2025,3
E05013938,06-08,weekday,1,2025,2
E05013938,08-10,weekday,1,2025,4
E05013938,10-12,weekday,1,2025,6
E05013938,12-14,weekday,1,2025,8
E05013938,14-16,weekday,1,2025,9
E05013938,16-18,weekday,1,2025,9
E05013938,18-20,weekday,1,2025,8
E05013938,20-22,weekday,1,2025,6
E05013938,06-08,weekday,2,2025,2
E05013938,08-10,weekday,2,2025,4
E05013938,10-12,weekday,2,2025,6
E05013938,12-14,weekday,2,2025,8
E05013938,14-16,weekday,2,2025,9
E05013938,16-18,weekday,2,2025,9
E05013938,18-20,weekday,2,2025,8
E05013938,20-22,weekday,2,2025,6
E05013938,06-08,weekend,1,2025,1
E05013938,08-10,weekend,1,2025,1
E05013938,10-12,weekend,1,2025,1
E05013938,12-14,weekend,1,2025,4
E05013938,14-16,weekend,1,2025,6
E05013938,16-18,weekend,1,2025,6
E05013938,18-20,weekend,1,2025,4
E05013938,20-22,weekend,1,2025,3
E05013938,06-08,weekend,2,2025,1
E05013938,08-10,weekend,2,2025,2
E05013938,10-12,weekend,2,2025,1
E05013938,12-14,weekend,2,2025,3
E05013938,14-16,weekend,2,2025,6
E05013938,16-18,weekend,2,2025,6
E05013938,18-20,weekend,2,2025,4
E05013938,20-22,weekend,2,2025,3
E05013939,06-08,weekday,1,2025,2
E05013939,08-10,weekday,1,2025,4
E05013939,10-12,weekday,1,2025,6
E05013939,12-14,weekday,1,2025,8
E05013939,14-16,weekday,1,2025,9
E05013939,16-18,weekday,1,2025,9
E05013939,18-20,weekday,1,2025,8
E05013939,20-22,weekday,1,2025,6
E05013939,06-08,weekday,2,2025,2
E05013939,08-10,weekday,2,2025,4
E05013939,10-12,weekday,2,2025,6
E05013939,12-14,weekday,2,2025,8
E05013939,14-16,weekday,2,2025,9
E05013939,16-18,weekday,2,2025,9
E05013939,18-20,weekday,2,2025,8
E05013939,20-22,weekday,2,2025,6
E05013939,06-08,weekend,1,2025,1
E05013939,08-10,weekend,1,2025,1
E05013939,10-12,weekend,1,2025,1
E05013939,12-14,weekend,1,2025,4
E05013939,14-16,weekend,1,2025,6
E05013939,16-18,weekend,1,2025,6
E05013939,18-20,weekend,1,2025,4
E05013939,20-22,weekend,1,2025,3
E05013939,06-08,weekend,2,2025,1
E05013939,08-10,weekend,2,2025,2
E05013939,10-12,weekend,2,2025,1
E05013939,12-14,weekend,2,2025,3
E05013939,14-16,weekend,2,2025,6
E05013939,16-18,weekend,2,2025,6
E05013939,18-20,weekend,2,2025,4
E05013939,20-22,weekend,2,2025,3
E05013940,06-08,weekday,1,2025,2
E05013940,08-10,weekday,1,2025,4
E05013940,10-12,weekday,1,2025,6
E05013940,12-14,weekday,1,2025,8
E05013940,14-16,weekday,1,2025,9
E05013940,16-18,weekday,1,2025,9
E05013940,18-20,weekday,1,2025,8
E05013940,20-22,weekday,1,2025,6
E05013940,06-08,weekday,2,2025,2
E05013940,08-10,weekday,2,2025,4
E05013940,10-12,weekday,2,2025,6
E05013940,12-14,weekday,2,2025,8
E05013940,14-16,weekday,2,2025,9
E05013940,16-18,weekday,2,2025,9
E05013940,18-20,weekday,2,2025,8
E05013940,20-22,weekday,2,2025,6
E05013940,06-08,weekend,1,2025,1
E05013940,08-10,weekend,1,2025,1
E05013940,10-12,weekend,1,2025,1
E05013940,12-14,weekend,1,2025,4
E05013940,14-16,weekend,1,2025,6
E05013940,16-18,weekend,1,2025,6
E05013940,18-20,weekend,1,2025,4
E05013940,20-22,weekend,1,2025,3
E05013940,06-08,weekend,2,2025,1
E05013940,08-10,weekend,2,2025,2
E05013940,10-12,weekend,2,2025,1
E05013940,12-14,weekend,2,2025,3
E05013940,14-16,weekend,2,2025,6
E05013940,16-18,weekend,2,2025,6
E05013940,18-20,weekend,2,2025,4
E05013940,20-22,weekend,2,2025,3
E05013941,06-08,weekday,1,2025,2
E05013941,08-10,weekday,1,2025,4
E05013941,10-12,weekday,1,2025,6
E05013941,12-14,weekday,1,2025,8
E05013941,14-16,weekday,1,2025,9
E05013941,16-18,weekday,1,2025,9
E05013941,18-20,weekday,1,2025,8
E05013941,20-22,weekday,1,2025,6
E05013941,06-08,weekday,2,2025,2
E05013941,08-10,weekday,2,2025,4
E05013941,10-12,weekday,2,2025,6
E05013941,12-14,weekday,2,2025,8
E05013941,14-16,weekday,2,2025,9
E05013941,16-18,weekday,2,2025,9
E05013941,18-20,weekday,2,2025,8
E05013941,20-22,weekday,2,2025,6
E05013941,06-08,weekend,1,2025,1
E05013941,08-10,weekend,1,2025,1
E05013941,10-12,weekend,1,2025,1
E05013941,12-14,weekend,1,2025,4
E05013941,14-16,weekend,1,2025,6
E05013941,16-18,weekend,1,2025,6
E05013941,18-20,weekend,1,2025,4
E05013941,20-22,weekend,1,2025,3
E05013941,06-08,weekend,2,2025,1
E05013941,08-10,weekend,2,2025,2
E05013941,10-12,weekend,2,2025,1
E05013941,12-14,weekend,2,2025,3
E05013941,14-16,weekend,2,2025,6
E05013941,16-18,weekend,2,2025,6
E05013941,18-20,weekend,2,2025,4
E05013941,20-22,weekend,2,2025,3
E05013942,06-08,weekday,1,2025,2
E05013942,08-10,weekday,1,2025,4
E05013942,10-12,weekday,1,2025,6
E05013942,12-14,weekday,1,2025,8
E05013942,14-16,weekday,1,2025,9
E05013942,16-18,weekday,1,2025,9
E05013942,18-20,weekday,1,2025,8
E05013942,20-22,weekday,1,2025,6
E05013942,06-08,weekday,2,2025,2
E05013942,08-10,weekday,2,2025,4
E05013942,10-12,weekday,2,2025,6
E05013942,12-14,weekday,2,2025,8
E05013942,14-16,weekday,2,2025,9
E05013942,16-18,weekday,2,2025,9
E05013942,18-20,weekday,2,2025,8
E05013942,20-22,weekday,2,2025,6
E05013942,06-08,weekend,1,2025,1
E05013942,08-10,weekend,1,2025,1
E05013942,10-12,weekend,1,2025,1
E05013942,12-14,weekend,1,2025,4
E05013942,14-16,weekend,1,2025,6
E05013942,16-18,weekend,1,2025,6
E05013942,18-20,weekend,1,2025,4
E05013942,20-22,weekend,1,2025,3
E05013942,06-08,weekend,2,2025,1
E05013942,08-10,weekend,2,2025,2
E05013942,10-12,weekend,2,2025,1
E05013942,12-14,weekend,2,2025,3
E05013942,14-16,weekend,2,2025,6
E05013942,16-18,weekend,2,2025,6
E05013942,18-20,weekend,2,2025,4
E05013942,20-22,weekend,2,2025,3
E05013943,06-08,weekday,1,2025,2
E05013943,08-10,weekday,1,2025,4
E05013943,10-12,weekday,1,2025,6
E05013943,12-14,weekday,1,2025,8
E05013943,14-16,weekday,1,2025,9
E05013943,16-18,weekday,1,2025,9
E05013943,18-20,weekday,1,2025,8
E05013943,20-22,weekday,1,2025,6
E05013943,06-08,weekday,2,2025,2
E05013943,08-10,weekday,2,2025,4
E05013943,10-12,weekday,2,2025,6
E05013943,12-14,weekday,2,2025,8
E05013943,14-16,weekday,2,2025,9
E05013943,16-18,weekday,2,2025,9
E05013943,18-20,weekday,2,2025,8
E05013943,20-22,weekday,2,2025,6
E05013943,06-08,weekend,1,2025,1
E05013943,08-10,weekend,1,2025,1
E05013943,10-12,weekend,1,2025,1
E05013943,12-14,weekend,1,2025,4
E05013943,14-16,weekend,1,2025,6
E05013943,16-18,weekend,1,2025,6
E05013943,18-20,weekend,1,2025,4
E05013943,20-22,weekend,1,2025,3
E05013943,06-08,weekend,2,2025,1
E05013943,08-10,weekend,2,2025,2
E05013943,10-12,weekend,2,2025,1
E05013943,12-14,weekend,2,2025,3
E05013943,14-16,weekend,2,2025,6
E05013943,16-18,weekend,2,2025,6
E05013943,18-20,weekend,2,2025,4
E05013943,20-22,weekend,2,2025,3
E05013944,06-08,weekday,1,2025,2
E05013944,08-10,weekday,1,2025,4
E05013944,10-12,weekday,1,2025,6
E05013944,12-14,weekday,1,2025,8
E05013944,14-16,weekday,1,2025,9
E05013944,16-18,weekday,1,2025,9
E05013944,18-20,weekday,1,2025,8
E05013944,20-22,weekday,1,2025,6
E05013944,06-08,weekday,2,2025,2
E05013944,08-10,weekday,2,2025,4
E05013944,10-12,weekday,2,2025,6
E05013944,12-14,weekday,2,2025,8
E05013944,14-16,weekday,2,2025,9
E05013944,16-18,weekday,2,2025,9
E05013944,18-20,weekday,2,2025,8
E05013944,20-22,weekday,2,2025,6
E05013944,06-08,weekend,1,2025,1
E05013944,08-10,weekend,1,2025,1
E05013944,10-12,weekend,1,2025,1
E05013944,12-14,weekend,1,2025,4
E05013944,14-16,weekend,1,2025,6
E05013944,16-18,weekend,1,2025,6
E05013944,18-20,weekend,1,2025,4
E05013944,20-22,weekend,1,2025,3
E05013944,06-08,weekend,2,2025,1
E05013944,08-10,weekend,2,2025,2
E05013944,10-12,weekend,2,2025,1
E05013944,12-14,weekend,2,2025,3
E05013944,14-16,weekend,2,2025,6
E05013944,16-18,weekend,2,2025,6
E05013944,18-20,weekend,2,2025,4
E05013944,20-22,weekend,2,2025,3
E05013945,06-08,weekday,1,2025,2
E05013945,08-10,weekday,1,2025,4
E05013945,10-12,weekday,1,2025,6
E05013945,12-14,weekday,1,2025,8
E05013945,14-16,weekday,1,2025,9
E05013945,16-18,weekday,1,2025,9
E05013945,18-20,weekday,1,2025,8
E05013945,20-22,weekday,1,2025,6
E05013945,06-08,weekday,2,2025,2
E05013945,08-10,weekday,2,2025,4
E05013945,10-12,weekday,2,2025,6
E05013945,12-14,weekday,2,2025,8
E05013945,14-16,weekday,2,2025,9
E05013945,16-18,weekday,2,2025,9
E05013945,18-20,weekday,2,2025,8
E05013945,20-22,weekday,2,2025,6
E05013945,06-08,weekend,1,2025,1
E05013945,08-10,weekend,1,2025,1
E05013945,10-12,weekend,1,2025,1
E05013945,12-14,weekend,1,2025,4
E05013945,14-16,weekend,1,2025,6
E05013945,16-18,weekend,1,2025,6
E05013945,18-20,weekend,1,2025,4
E05013945,20-22,weekend,1,2025,3
E05013945,06-08,weekend,2,2025,1
E05013945,08-10,weekend,2,2025,2
E05013945,10-12,weekend,2,2025,1
E05013945,12-14,weekend,2,2025,3
E05013945,14-16,weekend,2,2025,6
E05013945,16-18,weekend,2,2025,6
E05013945,18-20,weekend,2,2025,4
E05013945,20-22,weekend,2,2025,3
E05013946,06-08,weekday,1,2025,2
E05013946,08-10,weekday,1,2025,4
E05013946,10-12,weekday,1,2025,6
E05013946,12-14,weekday,1,2025,8
E05013946,14-16,weekday,1,2025,9
E05013946,16-18,weekday,1,2025,9
E05013946,18-20,weekday,1,2025,8
E05013946,20-22,weekday,1,2025,6
E05013946,06-08,weekday,2,2025,2
E05013946,08-10,weekday,2,2025,4
E05013946,10-12,weekday,2,2025,6
E05013946,12-14,weekday,2,2025,8
E05013946,14-16,weekday,2,2025,9
E05013946,16-18,weekday,2,2025,9
E05013946,18-20,weekday,2,2025,8
E05013946,20-22,weekday,2,2025,6
E05013946,06-08,weekend,1,2025,1
E05013946,08-10,weekend,1,2025,1
E05013946,10-12,weekend,1,2025,1
E05013946,12-14,weekend,1,2025,4
E05013946,14-16,weekend,1,2025,6
E05013946,16-18,weekend,1,2025,6
E05013946,18-20,weekend,1,2025,4
E05013946,20-22,weekend,1,2025,3
E05013946,06-08,weekend,2,2025,1
E05013946,08-10,weekend,2,2025,2
E05013946,10-12,weekend,2,2025,1
E05013946,12-14,weekend,2,2025,3
E05013946,14-16,weekend,2,2025,6
E05013946,16-18,weekend,2,2025,6
E05013946,18-20,weekend,2,2025,4
E05013946,20-22,weekend,2,2025,3
E05013967,06-08,weekday,1,2025,2
E05013967,08-10,weekday,1,2025,4
E05013967,10-12,weekday,1,2025,6
E05013967,12-14,weekday,1,2025,8
E05013967,14-16,weekday,1,2025,9
E05013967,16-18,weekday,1,2025,9
E05013967,18-20,weekday,1,2025,8
E05013967,20-22,weekday,1,2025,6
E05013967,06-08,weekday,2,2025,2
E05013967,08-10,weekday,2,2025,4
E05013967,10-12,weekday,2,2025,6
E05013967,12-14,weekday,2,2025,8
E05013967,14-16,weekday,2,2025,9
E05013967,16-18,weekday,2,2025,9
E05013967,18-20,weekday,2,2025,8
E05013967,20-22,weekday,2,2025,6
E05013967,06-08,weekend,1,2025,1
E05013967,08-10,weekend,1,2025,1
E05013967,10-12,weekend,1,2025,1
E05013967,12-14,weekend,1,2025,4
E05013967,14-16,weekend,1,2025,6
E05013967,16-18,weekend,1,2025,6
E05013967,18-20,weekend,1,2025,4
E05013967,20-22,weekend,1,2025,3
E05013967,06-08,weekend,2,2025,1
E05013967,08-10,weekend,2,2025,2
E05013967,10-12,weekend,2,2025,1
E05013967,12-14,weekend,2,2025,3
E05013967,14-16,weekend,2,2025,6
E05013967,16-18,weekend,2,2025,6
E05013967,18-20,weekend,2,2025,4
E05013967,20-22,weekend,2,2025,3
E05013968,06-08,weekday,1,2025,2
E05013968,08-10,weekday,1,2025,4
E05013968,10-12,weekday,1,2025,6
E05013968,12-14,weekday,1,2025,8
E05013968,14-16,weekday,1,2025,9
E05013968,16-18,weekday,1,2025,9
E05013968,18-20,weekday,1,2025,8
E05013968,20-22,weekday,1,2025,6
E05013968,06-08,weekday,2,2025,2
E05013968,08-10,weekday,2,2025,4
E05013968,10-12,weekday,2,2025,6
E05013968,12-14,weekday,2,2025,8
E05013968,14-16,weekday,2,2025,9
E05013968,16-18,weekday,2,2025,9
E05013968,18-20,weekday,2,2025,8
E05013968,20-22,weekday,2,2025,6
E05013968,06-08,weekend,1,2025,1
E05013968,08-10,weekend,1,2025,1
E05013968,10-12,weekend,1,2025,1
E05013968,12-14,weekend,1,2025,4
E05013968,14-16,weekend,1,2025,6
E05013968,16-18,weekend,1,2025,6
E05013968,18-20,weekend,1,2025,4
E05013968,20-22,weekend,1,2025,3
E05013968,06-08,weekend,2,2025,1
E05013968,08-10,weekend,2,2025,1
E05013968,10-12,weekend,2,2025,1
E05013968,12-14,weekend,2,2025,4
E05013968,14-16,weekend,2,2025,6
E05013968,16-18,weekend,2,2025,6
E05013968,18-20,weekend,2,2025,4
E05013968,20-22,weekend,2,2025,3
E05013969,06-08,weekday,1,2025,2
E05013969,08-10,weekday,1,2025,4
E05013969,10-12,weekday,1,2025,6
E05013969,12-14,weekday,1,2025,8
E05013969,14-16,weekday,1,2025,9
E05013969,16-18,weekday,1,2025,9
E05013969,18-20,weekday,1,2025,8
E05013969,20-22,weekday,1,2025,6
E05013969,06-08,weekday,2,2025,2
E05013969,08-10,weekday,2,2025,4
E05013969,10-12,weekday,2,2025,6
E05013969,12-14,weekday,2,2025,8
E05013969,14-16,weekday,2,2025,9
E05013969,16-18,weekday,2,2025,9
E05013969,18-20,weekday,2,2025,8
E05013969,20-22,weekday,2,2025,6
E05013969,06-08,weekend,1,2025,1
E05013969,08-10,weekend,1,2025,1
E05013969,10-12,weekend,1,2025,1
E05013969,12-14,weekend,1,2025,4
E05013969,14-16,weekend,1,2025,6
E05013969,16-18,weekend,1,2025,6
E05013969,18-20,weekend,1,2025,4
E05013969,20-22,weekend,1,2025,3
E05013969,06-08,weekend,2,2025,1
E05013969,08-10,weekend,2,2025,2
E05013969,10-12,weekend,2,2025,1
E05013969,12-14,weekend,2,2025,3
E05013969,14-16,weekend,2,2025,6
E05013969,16-18,weekend,2,2025,6
E05013969,18-20,weekend,2,2025,4
E05013969,20-22,weekend,2,2025,3
E05013970,06-08,weekday,1,2025,2
E05013970,08-10,weekday,1,2025,4
E05013970,10-12,weekday,1,2025,6
E05013970,12-14,weekday,1,2025,8
E05013970,14-16,weekday,1,2025,9
E05013970,16-18,weekday,1,2025,9
E05013970,18-20,weekday,1,2025,8
E05013970,20-22,weekday,1,2025,6
E05013970,06-08,weekday,2,2025,2
E05013970,08-10,weekday,2,2025,4
E05013970,10-12,weekday,2,2025,6
E05013970,12-14,weekday,2,2025,8
E05013970,14-16,weekday,2,2025,9
E05013970,16-18,weekday,2,2025,9
E05013970,18-20,weekday,2,2025,8
E05013970,20-22,weekday,2,2025,6
E05013970,06-08,weekend,1,2025,1
E05013970,08-10,weekend,1,2025,1
E05013970,10-12,weekend,1,2025,1
E05013970,12-14,weekend,1,2025,4
E05013970,14-16,weekend,1,2025,6
E05013970,16-18,weekend,1,2025,6
E05013970,18-20,weekend,1,2025,4
E05013970,20-22,weekend,1,2025,3
E05013970,06-08,weekend,2,2025,1
E05013970,08-10,weekend,2,2025,2
E05013970,10-12,weekend,2,2025,1
E05013970,12-14,weekend,2,2025,3
E05013970,14-16,weekend,2,2025,6
E05013970,16-18,weekend,2,2025,6
E05013970,18-20,weekend,2,2025,4
E05013970,20-22,weekend,2,2025,3
E05013971,06-08,weekday,1,2025,2
E05013971,08-10,weekday,1,2025,4
E05013971,10-12,weekday,1,2025,6
E05013971,12-14,weekday,1,2025,8
E05013971,14-16,weekday,1,2025,9
E05013971,16-18,weekday,1,2025,9
E05013971,18-20,weekday,1,2025,8
E05013971,20-22,weekday,1,2025,6
E05013971,06-08,weekday,2,2025,2
E05013971,08-10,weekday,2,2025,4
E05013971,10-12,weekday,2,2025,6
E05013971,12-14,weekday,2,2025,8
E05013971,14-16,weekday,2,2025,9
E05013971,16-18,weekday,2,2025,9
E05013971,18-20,weekday,2,2025,8
E05013971,20-22,weekday,2,2025,6
E05013971,06-08,weekend,1,2025,1
E05013971,08-10,weekend,1,2025,1
E05013971,10-12,weekend,1,2025,1
E05013971,12-14,weekend,1,2025,4
E05013971,14-16,weekend,1,2025,6
E05013971,16-18,weekend,1,2025,6
E05013971,18-20,weekend,1,2025,4
E05013971,20-22,weekend,1,2025,3
E05013971,06-08,weekend,2,2025,1
E05013971,08-10,weekend,2,2025,1
E05013971,10-12,weekend,2,2025,1
E05013971,12-14,weekend,2,2025,4
E05013971,14-16,weekend,2,2025,6
E05013971,16-18,weekend,2,2025,6
E05013971,18-20,weekend,2,2025,4
E05013971,20-22,weekend,2,2025,3
E05013972,06-08,weekday,1,2025,2
E05013972,08-10,weekday,1,2025,4
E05013972,10-12,weekday,1,2025,6
E05013972,12-14,weekday,1,2025,8
E05013972,14-16,weekday,1,2025,9
E05013972,16-18,weekday,1,2025,9
E05013972,18-20,weekday,1,2025,8
E05013972,20-22,weekday,1,2025,6
E05013972,06-08,weekday,2,2025,2
E05013972,08-10,weekday,2,2025,4
E05013972,10-12,weekday,2,2025,6
E05013972,12-14,weekday,2,2025,8
E05013972,14-16,weekday,2,2025,9
E05013972,16-18,weekday,2,2025,9
E05013972,18-20,weekday,2,2025,8
E05013972,20-22,weekday,2,2025,6
E05013972,06-08,weekend,1,2025,1
E05013972,08-10,weekend,1,2025,1
E05013972,10-12,weekend,1,2025,1
E05013972,12-14,weekend,1,2025,4
E05013972,14-16,weekend,1,2025,6
E05013972,16-18,weekend,1,2025,6
E05013972,18-20,weekend,1,2025,4
E05013972,20-22,weekend,1,2025,3
E05013972,06-08,weekend,2,2025,1
E05013972,08-10,weekend,2,2025,1
E05013972,10-12,weekend,2,2025,1
E05013972,12-14,weekend,2,2025,4
E05013972,14-16,weekend,2,2025,6
E05013972,16-18,weekend,2,2025,6
E05013972,18-20,weekend,2,2025,4
E05013972,20-22,weekend,2,2025,3
E05013973,06-08,weekday,1,2025,2
E05013973,08-10,weekday,1,2025,4
E05013973,10-12,weekday,1,2025,6
E05013973,12-14,weekday,1,2025,8
E05013973,14-16,weekday,1,2025,9
E05013973,16-18,weekday,1,2025,9
E05013973,18-20,weekday,1,2025,8
E05013973,20-22,weekday,1,2025,6
E05013973,06-08,weekday,2,2025,2
E05013973,08-10,weekday,2,2025,4
E05013973,10-12,weekday,2,2025,6
E05013973,12-14,weekday,2,2025,8
E05013973,14-16,weekday,2,2025,9
E05013973,16-18,weekday,2,2025,9
E05013973,18-20,weekday,2,2025,8
E05013973,20-22,weekday,2,2025,6
E05013973,06-08,weekend,1,2025,1
E05013973,08-10,weekend,1,2025,1
E05013973,10-12,weekend,1,2025,1
E05013973,12-14,weekend,1,2025,4
E05013973,14-16,weekend,1,2025,6
E05013973,16-18,weekend,1,2025,6
E05013973,18-20,weekend,1,2025,4
E05013973,20-22,weekend,1,2025,3
E05013973,06-08,weekend,2,2025,1
E05013973,08-10,weekend,2,2025,2
E05013973,10-12,weekend,2,2025,1
E05013973,12-14,weekend,2,2025,3
E05013973,14-16,weekend,2,2025,6
E05013973,16-18,weekend,2,2025,6
E05013973,18-20,weekend,2,2025,4
E05013973,20-22,weekend,2,2025,3
E05013974,06-08,weekday,1,2025,2
E05013974,08-10,weekday,1,2025,4
E05013974,10-12,weekday,1,2025,6
E05013974,12-14,weekday,1,2025,8
E05013974,14-16,weekday,1,2025,9
E05013974,16-18,weekday,1,2025,9
E05013974,18-20,weekday,1,2025,8
E05013974,20-22,weekday,1,2025,6
E05013974,06-08,weekday,2,2025,2
E05013974,08-10,weekday,2,2025,4
E05013974,10-12,weekday,2,2025,6
E05013974,12-14,weekday,2,2025,8
E05013974,14-16,weekday,2,2025,9
E05013974,16-18,weekday,2,2025,9
E05013974,18-20,weekday,2,2025,8
E05013974,20-22,weekday,2,2025,6
E05013974,06-08,weekend,1,2025,1
E05013974,08-10,weekend,1,2025,1
E05013974,10-12,weekend,1,2025,1
E05013974,12-14,weekend,1,2025,4
E05013974,14-16,weekend,1,2025,6
E05013974,16-18,weekend,1,2025,6
E05013974,18-20,weekend,1,2025,4
E05013974,20-22,weekend,1,2025,3
E05013974,06-08,weekend,2,2025,1
E05013974,08-10,weekend,2,2025,1
E05013974,10-12,weekend,2,2025,1
E05013974,12-14,weekend,2,2025,4
E05013974,14-16,weekend,2,2025,6
E05013974,16-18,weekend,2,2025,6
E05013974,18-20,weekend,2,2025,4
E05013974,20-22,weekend,2,2025,3
E05013975,06-08,weekday,1,2025,2
E05013975,08-10,weekday,1,2025,4
E05013975,10-12,weekday,1,2025,6
E05013975,12-14,weekday,1,2025,8
E05013975,14-16,weekday,1,2025,9
E05013975,16-18,weekday,1,2025,9
E05013975,18-20,weekday,1,2025,8
E05013975,20-22,weekday,1,2025,6
E05013975,06-08,weekday,2,2025,2
E05013975,08-10,weekday,2,2025,4
E05013975,10-12,weekday,2,2025,6
E05013975,12-14,weekday,2,2025,8
E05013975,14-16,weekday,2,2025,9
E05013975,16-18,weekday,2,2025,9
E05013975,18-20,weekday,2,2025,8
E05013975,20-22,weekday,2,2025,6
E05013975,06-08,weekend,1,2025,1
E05013975,08-10,weekend,1,2025,1
E05013975,10-12,weekend,1,2025,1
E05013975,12-14,weekend,1,2025,4
E05013975,14-16,weekend,1,2025,6
E05013975,16-18,weekend,1,2025,6
E05013975,18-20,weekend,1,2025,4
E05013975,20-22,weekend,1,2025,3
E05013975,06-08,weekend,2,2025,1
E05013975,08-10,weekend,2,2025,2
E05013975,10-12,weekend,2,2025,1
E05013975,12-14,weekend,2,2025,3
E05013975,14-16,weekend,2,2025,6
E05013975,16-18,weekend,2,2025,6
E05013975,18-20,weekend,2,2025,4
E05013975,20-22,weekend,2,2025,3
E05013976,06-08,weekday,1,2025,2
E05013976,08-10,weekday,1,2025,4
E05013976,10-12,weekday,1,2025,6
E05013976,12-14,weekday,1,2025,8
E05013976,14-16,weekday,1,2025,9
E05013976,16-18,weekday,1,2025,9
E05013976,18-20,weekday,1,2025,8
E05013976,20-22,weekday,1,2025,6
E05013976,06-08,weekday,2,2025,2
E05013976,08-10,weekday,2,2025,4
E05013976,10-12,weekday,2,2025,6
E05013976,12-14,weekday,2,2025,8
E05013976,14-16,weekday,2,2025,9
E05013976,16-18,weekday,2,2025,9
E05013976,18-20,weekday,2,2025,8
E05013976,20-22,weekday,2,2025,6
E05013976,06-08,weekend,1,2025,1
E05013976,08-10,weekend,1,2025,1
E05013976,10-12,weekend,1,2025,1
E05013976,12-14,weekend,1,2025,4
E05013976,14-16,weekend,1,2025,6
E05013976,16-18,weekend,1,2025,6
E05013976,18-20,weekend,1,2025,4
E05013976,20-22,weekend,1,2025,3
E05013976,06-08,weekend,2,2025,1
E05013976,08-10,weekend,2,2025,2
E05013976,10-12,weekend,2,2025,1
E05013976,12-14,weekend,2,2025,3
E05013976,14-16,weekend,2,2025,6
E05013976,16-18,weekend,2,2025,6
E05013976,18-20,weekend,2,2025,4
E05013976,20-22,weekend,2,2025,3
E05013977,06-08,weekday,1,2025,2
E05013977,08-10,weekday,1,2025,4
E05013977,10-12,weekday,1,2025,6
E05013977,12-14,weekday,1,2025,8
E05013977,14-16,weekday,1,2025,9
E05013977,16-18,weekday,1,2025,9
E05013977,18-20,weekday,1,2025,8
E05013977,20-22,weekday,1,2025,6
E05013977,06-08,weekday,2,2025,2
E05013977,08-10,weekday,2,2025,4
E05013977,10-12,weekday,2,2025,6
E05013977,12-14,weekday,2,2025,8
E05013977,14-16,weekday,2,2025,9
E05013977,16-18,weekday,2,2025,9
E05013977,18-20,weekday,2,2025,8
E05013977,20-22,weekday,2,2025,6
E05013977,06-08,weekend,1,2025,1
E05013977,08-10,weekend,1,2025,1
E05013977,10-12,weekend,1,2025,1
E05013977,12-14,weekend,1,2025,4
E05013977,14-16,weekend,1,2025,6
E05013977,16-18,weekend,1,2025,6
E05013977,18-20,weekend,1,2025,4
E05013977,20-22,weekend,1,2025,3
E05013977,06-08,weekend,2,2025,1
E05013977,08-10,weekend,2,2025,2
E05013977,10-12,weekend,2,2025,1
E05013977,12-14,weekend,2,2025,3
E05013977,14-16,weekend,2,2025,6
E05013977,16-18,weekend,2,2025,6
E05013977,18-20,weekend,2,2025,4
E05013977,20-22,weekend,2,2025,3
E05013978,06-08,weekday,1,2025,2
E05013978,08-10,weekday,1,2025,4
E05013978,10-12,weekday,1,2025,6
E05013978,12-14,weekday,1,2025,8
E05013978,14-16,weekday,1,2025,9
E05013978,16-18,weekday,1,2025,9
E05013978,18-20,weekday,1,2025,8
E05013978,20-22,weekday,1,2025,6
E05013978,06-08,weekday,2,2025,2
E05013978,08-10,weekday,2,2025,4
E05013978,10-12,weekday,2,2025,6
E05013978,12-14,weekday,2,2025,8
E05013978,14-16,weekday,2,2025,9
E05013978,16-18,weekday,2,2025,9
E05013978,18-20,weekday,2,2025,8
E05013978,20-22,weekday,2,2025,6
E05013978,06-08,weekend,1,2025,1
E05013978,08-10,weekend,1,2025,1
E05013978,10-12,weekend,1,2025,1
E05013978,12-14,weekend,1,2025,4
E05013978,14-16,weekend,1,2025,6
E05013978,16-18,weekend,1,2025,6
E05013978,18-20,weekend,1,2025,4
E05013978,20-22,weekend,1,2025,3
E05013978,06-08,weekend,2,2025,1
E05013978,08-10,weekend,2,2025,2
E05013978,10-12,weekend,2,2025,1
E05013978,12-14,weekend,2,2025,3
E05013978,14-16,weekend,2,2025,6
E05013978,16-18,weekend,2,2025,6
E05013978,18-20,weekend,2,2025,4
E05013978,20-22,weekend,2,2025,3
E05013979,06-08,weekday,1,2025,2
E05013979,08-10,weekday,1,2025,4
E05013979,10-12,weekday,1,2025,6
E05013979,12-14,weekday,1,2025,8
E05013979,14-16,weekday,1,2025,9
E05013979,16-18,weekday,1,2025,9
E05013979,18-20,weekday,1,2025,8
E05013979,20-22,weekday,1,2025,6
E05013979,06-08,weekday,2,2025,2
E05013979,08-10,weekday,2,2025,4
E05013979,10-12,weekday,2,2025,6
E05013979,12-14,weekday,2,2025,8
E05013979,14-16,weekday,2,2025,9
E05013979,16-18,weekday,2,2025,9
E05013979,18-20,weekday,2,2025,8
E05013979,20-22,weekday,2,2025,6
E05013979,06-08,weekend,1,2025,1
E05013979,08-10,weekend,1,2025,1
E05013979,10-12,weekend,1,2025,1
E05013979,12-14,weekend,1,2025,4
E05013979,14-16,weekend,1,2025,6
E05013979,16-18,weekend,1,2025,6
E05013979,18-20,weekend,1,2025,4
E05013979,20-22,weekend,1,2025,3
E05013979,06-08,weekend,2,2025,1
E05013979,08-10,weekend,2,2025,1
E05013979,10-12,weekend,2,2025,1
E05013979,12-14,weekend,2,2025,4
E05013979,14-16,weekend,2,2025,6
E05013979,16-18,weekend,2,2025,6
E05013979,18-20,weekend,2,2025,4
E05013979,20-22,weekend,2,2025,3
E05013980,06-08,weekday,1,2025,2
E05013980,08-10,weekday,1,2025,4
E05013980,10-12,weekday,1,2025,6
E05013980,12-14,weekday,1,2025,8
E05013980,14-16,weekday,1,2025,9
E05013980,16-18,weekday,1,2025,9
E05013980,18-20,weekday,1,2025,8
E05013980,20-22,weekday,1,2025,6
E05013980,06-08,weekday,2,2025,2
E05013980,08-10,weekday,2,2025,4
E05013980,10-12,weekday,2,2025,6
E05013980,12-14,weekday,2,2025,8
E05013980,14-16,weekday,2,2025,9
E05013980,16-18,weekday,2,2025,9
E05013980,18-20,weekday,2,2025,8
E05013980,20-22,weekday,2,2025,6
E05013980,06-08,weekend,1,2025,1
E05013980,08-10,weekend,1,2025,1
E05013980,10-12,weekend,1,2025,1
E05013980,12-14,weekend,1,2025,4
E05013980,14-16,weekend,1,2025,6
E05013980,16-18,weekend,1,2025,6
E05013980,18-20,weekend,1,2025,4
E05013980,20-22,weekend,1,2025,3
E05013980,06-08,weekend,2,2025,1
E05013980,08-10,weekend,2,2025,2
E05013980,10-12,weekend,2,2025,1
E05013980,12-14,weekend,2,2025,3
E05013980,14-16,weekend,2,2025,6
E05013980,16-18,weekend,2,2025,6
E05013980,18-20,weekend,2,2025,4
E05013980,20-22,weekend,2,2025,3
E05013981,06-08,weekday,1,2025,2
E05013981,08-10,weekday,1,2025,4
E05013981,10-12,weekday,1,2025,6
E05013981,12-14,weekday,1,2025,8
E05013981,14-16,weekday,1,2025,9
E05013981,16-18,weekday,1,2025,9
E05013981,18-20,weekday,1,2025,8
E05013981,20-22,weekday,1,2025,6
E05013981,06-08,weekday,2,2025,2
E05013981,08-10,weekday,2,2025,4
E05013981,10-12,weekday,2,2025,6
E05013981,12-14,weekday,2,2025,8
E05013981,14-16,weekday,2,2025,9
E05013981,16-18,weekday,2,2025,9
E05013981,18-20,weekday,2,2025,8
E05013981,20-22,weekday,2,2025,6
E05013981,06-08,weekend,1,2025,1
E05013981,08-10,weekend,1,2025,1
E05013981,10-12,weekend,1,2025,1
E05013981,12-14,weekend,1,2025,4
E05013981,14-16,weekend,1,2025,6
E05013981,16-18,weekend,1,2025,6
E05013981,18-20,weekend,1,2025,4
E05013981,20-22,weekend,1,2025,3
E05013981,06-08,weekend,2,2025,1
E05013981,08-10,weekend,2,2025,2
E05013981,10-12,weekend,2,2025,1
E05013981,12-14,weekend,2,2025,3
E05013981,14-16,weekend,2,2025,6
E05013981,16-18,weekend,2,2025,6
E05013981,18-20,weekend,2,2025,4
E05013981,20-22,weekend,2,2025,3
E05013982,06-08,weekday,1,2025,2
E05013982,08-10,weekday,1,2025,4
E05013982,10-12,weekday,1,2025,6
E05013982,12-14,weekday,1,2025,8
E05013982,14-16,weekday,1,2025,9
E05013982,16-18,weekday,1,2025,9
E05013982,18-20,weekday,1,2025,8
E05013982,20-22,weekday,1,2025,6
E05013982,06-08,weekday,2,2025,2
E05013982,08-10,weekday,2,2025,4
E05013982,10-12,weekday,2,2025,6
E05013982,12-14,weekday,2,2025,8
E05013982,14-16,weekday,2,2025,9
E05013982,16-18,weekday,2,2025,9
E05013982,18-20,weekday,2,2025,8
E05013982,20-22,weekday,2,2025,6
E05013982,06-08,weekend,1,2025,1
E05013982,08-10,weekend,1,2025,1
E05013982,10-12,weekend,1,2025,1
E05013982,12-14,weekend,1,2025,4
E05013982,14-16,weekend,1,2025,6
E05013982,16-18,weekend,1,2025,6
E05013982,18-20,weekend,1,2025,4
E05013982,20-22,weekend,1,2025,3
E05013982,06-08,weekend,2,2025,1
E05013982,08-10,weekend,2,2025,1
E05013982,10-12,weekend,2,2025,1
E05013982,12-14,weekend,2,2025,4
E05013982,14-16,weekend,2,2025,6
E05013982,16-18,weekend,2,2025,6
E05013982,18-20,weekend,2,2025,4
E05013982,20-22,weekend,2,2025,3
E05013983,06-08,weekday,1,2025,2
E05013983,08-10,weekday,1,2025,4
E05013983,10-12,weekday,1,2025,6
E05013983,12-14,weekday,1,2025,8
E05013983,14-16,weekday,1,2025,9
E05013983,16-18,weekday,1,2025,9
E05013983,18-20,weekday,1,2025,8
E05013983,20-22,weekday,1,2025,6
E05013983,06-08,weekday,2,2025,2
E05013983,08-10,weekday,2,2025,4
E05013983,10-12,weekday,2,2025,6
E05013983,12-14,weekday,2,2025,8
E05013983,14-16,weekday,2,2025,9
E05013983,16-18,weekday,2,2025,9
E05013983,18-20,weekday,2,2025,8
E05013983,20-22,weekday,2,2025,6
E05013983,06-08,weekend,1,2025,1
E05013983,08-10,weekend,1,2025,1
E05013983,10-12,weekend,1,2025,1
E05013983,12-14,weekend,1,2025,4
E05013983,14-16,weekend,1,2025,6
E05013983,16-18,weekend,1,2025,6
E05013983,18-20,weekend,1,2025,4
E05013983,20-22,weekend,1,2025,3
E05013983,06-08,weekend,2,2025,1
E05013983,08-10,weekend,2,2025,2
E05013983,10-12,weekend,2,2025,1
E05013983,12-14,weekend,2,2025,3
E05013983,14-16,weekend,2,2025,6
E05013983,16-18,weekend,2,2025,6
E05013983,18-20,weekend,2,2025,4
E05013983,20-22,weekend,2,2025,3
E05013984,06-08,weekday,1,2025,2
E05013984,08-10,weekday,1,2025,4
E05013984,10-12,weekday,1,2025,6
E05013984,12-14,weekday,1,2025,8
E05013984,14-16,weekday,1,2025,9
E05013984,16-18,weekday,1,2025,9
E05013984,18-20,weekday,1,2025,8
E05013984,20-22,weekday,1,2025,6
E05013984,06-08,weekday,2,2025,2
E05013984,08-10,weekday,2,2025,4
E05013984,10-12,weekday,2,2025,6
E05013984,12-14,weekday,2,2025,8
E05013984,14-16,weekday,2,2025,9
E05013984,16-18,weekday,2,2025,9
E05013984,18-20,weekday,2,2025,8
E05013984,20-22,weekday,2,2025,6
E05013984,06-08,weekend,1,2025,1
E05013984,08-10,weekend,1,2025,1
E05013984,10-12,weekend,1,2025,1
E05013984,12-14,weekend,1,2025,4
E05013984,14-16,weekend,1,2025,6
E05013984,16-18,weekend,1,2025,6
E05013984,18-20,weekend,1,2025,4
E05013984,20-22,weekend,1,2025,3
E05013984,06-08,weekend,2,2025,1
E05013984,08-10,weekend,2,2025,2
E05013984,10-12,weekend,2,2025,1
E05013984,12-14,weekend,2,2025,3
E05013984,14-16,weekend,2,2025,6
E05013984,16-18,weekend,2,2025,6
E05013984,18-20,weekend,2,2025,4
E05013984,20-22,weekend,2,2025,3
E05013985,06-08,weekday,1,2025,2
E05013985,08-10,weekday,1,2025,4
E05013985,10-12,weekday,1,2025,6
E05013985,12-14,weekday,1,2025,8
E05013985,14-16,weekday,1,2025,9
E05013985,16-18,weekday,1,2025,9
E05013985,18-20,weekday,1,2025,8
E05013985,20-22,weekday,1,2025,6
E05013985,06-08,weekday,2,2025,2
E05013985,08-10,weekday,2,2025,4
E05013985,10-12,weekday,2,2025,6
E05013985,12-14,weekday,2,2025,8
E05013985,14-16,weekday,2,2025,9
E05013985,16-18,weekday,2,2025,9
E05013985,18-20,weekday,2,2025,8
E05013985,20-22,weekday,2,2025,6
E05013985,06-08,weekend,1,2025,1
E05013985,08-10,weekend,1,2025,1
E05013985,10-12,weekend,1,2025,1
E05013985,12-14,weekend,1,2025,4
E05013985,14-16,weekend,1,2025,6
E05013985,16-18,weekend,1,2025,6
E05013985,18-20,weekend,1,2025,4
E05013985,20-22,weekend,1,2025,3
E05013985,06-08,weekend,2,2025,1
E05013985,08-10,weekend,2,2025,2
E05013985,10-12,weekend,2,2025,1
E05013985,12-14,weekend,2,2025,3
E05013985,14-16,weekend,2,2025,6
E05013985,16-18,weekend,2,2025,6
E05013985,18-20,weekend,2,2025,4
E05013985,20-22,weekend,2,2025,3
E05013986,06-08,weekday,1,2025,2
E05013986,08-10,weekday,1,2025,4
E05013986,10-12,weekday,1,2025,6
E05013986,12-14,weekday,1,2025,8
E05013986,14-16,weekday,1,2025,9
E05013986,16-18,weekday,1,2025,9
E05013986,18-20,weekday,1,2025,8
E05013986,20-22,weekday,1,2025,6
E05013986,06-08,weekday,2,2025,2
E05013986,08-10,weekday,2,2025,4
E05013986,10-12,weekday,2,2025,6
E05013986,12-14,weekday,2,2025,8
E05013986,14-16,weekday,2,2025,9
E05013986,16-18,weekday,2,2025,9
E05013986,18-20,weekday,2,2025,8
E05013986,20-22,weekday,2,2025,6
E05013986,06-08,weekend,1,2025,1
E05013986,08-10,weekend,1,2025,1
E05013986,10-12,weekend,1,2025,1
E05013986,12-14,weekend,1,2025,4
E05013986,14-16,weekend,1,2025,6
E05013986,16-18,weekend,1,2025,6
E05013986,18-20,weekend,1,2025,4
E05013986,20-22,weekend,1,2025,3
E05013986,06-08,weekend,2,2025,1
E05013986,08-10,weekend,2,2025,1
E05013986,10-12,weekend,2,2025,1
E05013986,12-14,weekend,2,2025,4
E05013986,14-16,weekend,2,2025,6
E05013986,16-18,weekend,2,2025,6
E05013986,18-20,weekend,2,2025,4
E05013986,20-22,weekend,2,2025,3
E05013987,06-08,weekday,1,2025,2
E05013987,08-10,weekday,1,2025,4
E05013987,10-12,weekday,1,2025,6
E05013987,12-14,weekday,1,2025,8
E05013987,14-16,weekday,1,2025,9
E05013987,16-18,weekday,1,2025,9
E05013987,18-20,weekday,1,2025,8
E05013987,20-22,weekday,1,2025,6
E05013987,06-08,weekday,2,2025,2
E05013987,08-10,weekday,2,2025,4
E05013987,10-12,weekday,2,2025,6
E05013987,12-14,weekday,2,2025,8
E05013987,14-16,weekday,2,2025,9
E05013987,16-18,weekday,2,2025,9
E05013987,18-20,weekday,2,2025,8
E05013987,20-22,weekday,2,2025,6
E05013987,06-08,weekend,1,2025,1
E05013987,08-10,weekend,1,2025,1
E05013987,10-12,weekend,1,2025,1
E05013987,12-14,weekend,1,2025,4
E05013987,14-16,weekend,1,2025,6
E05013987,16-18,weekend,1,2025,6
E05013987,18-20,weekend,1,2025,4
E05013987,20-22,weekend,1,2025,3
E05013987,06-08,weekend,2,2025,1
E05013987,08-10,weekend,2,2025,2
E05013987,10-12,weekend,2,2025,1
E05013987,12-14,weekend,2,2025,3
E05013987,14-16,weekend,2,2025,6
E05013987,16-18,weekend,2,2025,6
E05013987,18-20,weekend,2,2025,4
E05013987,20-22,weekend,2,2025,3
E05013988,06-08,weekday,1,2025,2
E05013988,08-10,weekday,1,2025,4
E05013988,10-12,weekday,1,2025,6
E05013988,12-14,weekday,1,2025,8
E05013988,14-16,weekday,1,2025,9
E05013988,16-18,weekday,1,2025,9
E05013988,18-20,weekday,1,2025,8
E05013988,20-22,weekday,1,2025,6
E05013988,06-08,weekday,2,2025,2
E05013988,08-10,weekday,2,2025,4
E05013988,10-12,weekday,2,2025,6
E05013988,12-14,weekday,2,2025,8
E05013988,14-16,weekday,2,2025,9
E05013988,16-18,weekday,2,2025,9
E05013988,18-20,weekday,2,2025,8
E05013988,20-22,weekday,2,2025,6
E05013988,06-08,weekend,1,2025,1
E05013988,08-10,weekend,1,2025,1
E05013988,10-12,weekend,1,2025,1
E05013988,12-14,weekend,1,2025,4
E05013988,14-16,weekend,1,2025,6
E05013988,16-18,weekend,1,2025,6
E05013988,18-20,weekend,1,2025,4
E05013988,20-22,weekend,1,2025,3
E05013988,06-08,weekend,2,2025,1
E05013988,08-10,weekend,2,2025,1
E05013988,10-12,weekend,2,2025,1
E05013988,12-14,weekend,2,2025,4
E05013988,14-16,weekend,2,2025,6
E05013988,16-18,weekend,2,2025,6
E05013988,18-20,weekend,2,2025,4
E05013988,20-22,weekend,2,2025,3
E05013989,06-08,weekday,1,2025,2
E05013989,08-10,weekday,1,2025,4
E05013989,10-12,weekday,1,2025,6
E05013989,12-14,weekday,1,2025,8
E05013989,14-16,weekday,1,2025,9
E05013989,16-18,weekday,1,2025,9
E05013989,18-20,weekday,1,2025,8
E05013989,20-22,weekday,1,2025,6
E05013989,06-08,weekday,2,2025,2
E05013989,08-10,weekday,2,2025,4
E05013989,10-12,weekday,2,2025,6
E05013989,12-14,weekday,2,2025,8
E05013989,14-16,weekday,2,2025,9
E05013989,16-18,weekday,2,2025,9
E05013989,18-20,weekday,2,2025,8
E05013989,20-22,weekday,2,2025,6
E05013989,06-08,weekend,1,2025,1
E05013989,08-10,weekend,1,2025,1
E05013989,10-12,weekend,1,2025,1
E05013989,12-14,weekend,1,2025,4
E05013989,14-16,weekend,1,2025,6
E05013989,16-18,weekend,1,2025,6
E05013989,18-20,weekend,1,2025,4
E05013989,20-22,weekend,1,2025,3
E05013989,06-08,weekend,2,2025,1
E05013989,08-10,weekend,2,2025,1
E05013989,10-12,weekend,2,2025,1
E05013989,12-14,weekend,2,2025,4
E05013989,14-16,weekend,2,2025,6
E05013989,16-18,weekend,2,2025,6
E05013989,18-20,weekend,2,2025,4
E05013989,20-22,weekend,2,2025,3
E05013990,06-08,weekday,1,2025,2
E05013990,08-10,weekday,1,2025,4
E05013990,10-12,weekday,1,2025,6
E05013990,12-14,weekday,1,2025,8
E05013990,14-16,weekday,1,2025,9
E05013990,16-18,weekday,1,2025,9
E05013990,18-20,weekday,1,2025,8
E05013990,20-22,weekday,1,2025,6
E05013990,06-08,weekday,2,2025,2
E05013990,08-10,weekday,2,2025,4
E05013990,10-12,weekday,2,2025,6
E05013990,12-14,weekday,2,2025,8
E05013990,14-16,weekday,2,2025,9
E05013990,16-18,weekday,2,2025,9
E05013990,18-20,weekday,2,2025,8
E05013990,20-22,weekday,2,2025,6
E05013990,06-08,weekend,1,2025,1
E05013990,08-10,weekend,1,2025,1
E05013990,10-12,weekend,1,2025,1
E05013990,12-14,weekend,1,2025,4
E05013990,14-16,weekend,1,2025,6
E05013990,16-18,weekend,1,2025,6
E05013990,18-20,weekend,1,2025,4
E05013990,20-22,weekend,1,2025,3
E05013990,06-08,weekend,2,2025,1
E05013990,08-10,weekend,2,2025,1
E05013990,10-12,weekend,2,2025,1
E05013990,12-14,weekend,2,2025,4
E05013990,14-16,weekend,2,2025,6
E05013990,16-18,weekend,2,2025,6
E05013990,18-20,weekend,2,2025,4
E05013990,20-22,weekend,2,2025,3
E05013991,06-08,weekday,1,2025,2
E05013991,08-10,weekday,1,2025,4
E05013991,10-12,weekday,1,2025,6
E05013991,12-14,weekday,1,2025,8
E05013991,14-16,weekday,1,2025,9
E05013991,16-18,weekday,1,2025,9
E05013991,18-20,weekday,1,2025,8
E05013991,20-22,weekday,1,2025,6
E05013991,06-08,weekday,2,2025,2
E05013991,08-10,weekday,2,2025,4
E05013991,10-12,weekday,2,2025,6
E05013991,12-14,weekday,2,2025,8
E05013991,14-16,weekday,2,2025,9
E05013991,16-18,weekday,2,2025,9
E05013991,18-20,weekday,2,2025,8
E05013991,20-22,weekday,2,2025,6
E05013991,06-08,weekend,1,2025,1
E05013991,08-10,weekend,1,2025,1
E05013991,10-12,weekend,1,2025,1
E05013991,12-14,weekend,1,2025,4
E05013991,14-16,weekend,1,2025,6
E05013991,16-18,weekend,1,2025,6
E05013991,18-20,weekend,1,2025,4
E05013991,20-22,weekend,1,2025,3
E05013991,06-08,weekend,2,2025,1
E05013991,08-10,weekend,2,2025,2
E05013991,10-12,weekend,2,2025,1
E05013991,12-14,weekend,2,2025,3
E05013991,14-16,weekend,2,2025,6
E05013991,16-18,weekend,2,2025,6
E05013991,18-20,weekend,2,2025,4
E05013991,20-22,weekend,2,2025,3
E05013992,06-08,weekday,1,2025,2
E05013992,08-10,weekday,1,2025,4
E05013992,10-12,weekday,1,2025,6
E05013992,12-14,weekday,1,2025,8
E05013992,14-16,weekday,1,2025,9
E05013992,16-18,weekday,1,2025,9
E05013992,18-20,weekday,1,2025,8
E05013992,20-22,weekday,1,2025,6
E05013992,06-08,weekday,2,2025,2
E05013992,08-10,weekday,2,2025,4
E05013992,10-12,weekday,2,2025,6
E05013992,12-14,weekday,2,2025,8
E05013992,14-16,weekday,2,2025,9
E05013992,16-18,weekday,2,2025,9
E05013992,18-20,weekday,2,2025,8
E05013992,20-22,weekday,2,2025,6
E05013992,06-08,weekend,1,2025,1
E05013992,08-10,weekend,1,2025,1
E05013992,10-12,weekend,1,2025,1
E05013992,12-14,weekend,1,2025,4
E05013992,14-16,weekend,1,2025,6
E05013992,16-18,weekend,1,2025,6
E05013992,18-20,weekend,1,2025,4
E05013992,20-22,weekend,1,2025,3
E05013992,06-08,weekend,2,2025,1
E05013992,08-10,weekend,2,2025,1
E05013992,10-12,weekend,2,2025,1
E05013992,12-14,weekend,2,2025,4
E05013992,14-16,weekend,2,2025,6
E05013992,16-18,weekend,2,2025,6
E05013992,18-20,weekend,2,2025,4
E05013992,20-22,weekend,2,2025,3
E05013993,06-08,weekday,1,2025,2
E05013993,08-10,weekday,1,2025,4
E05013993,10-12,weekday,1,2025,6
E05013993,12-14,weekday,1,2025,8
E05013993,14-16,weekday,1,2025,9
E05013993,16-18,weekday,1,2025,9
E05013993,18-20,weekday,1,2025,8
E05013993,20-22,weekday,1,2025,6
E05013993,06-08,weekday,2,2025,2
E05013993,08-10,weekday,2,2025,4
E05013993,10-12,weekday,2,2025,6
E05013993,12-14,weekday,2,2025,8
E05013993,14-16,weekday,2,2025,9
E05013993,16-18,weekday,2,2025,9
E05013993,18-20,weekday,2,2025,8
E05013993,20-22,weekday,2,2025,6
E05013993,06-08,weekend,1,2025,1
E05013993,08-10,weekend,1,2025,1
E05013993,10-12,weekend,1,2025,1
E05013993,12-14,weekend,1,2025,4
E05013993,14-16,weekend,1,2025,6
E05013993,16-18,weekend,1,2025,6
E05013993,18-20,weekend,1,2025,4
E05013993,20-22,weekend,1,2025,3
E05013993,06-08,weekend,2,2025,1
E05013993,08-10,weekend,2,2025,2
E05013993,10-12,weekend,2,2025,1
E05013993,12-14,weekend,2,2025,3
E05013993,14-16,weekend,2,2025,6
E05013993,16-18,weekend,2,2025,6
E05013993,18-20,weekend,2,2025,4
E05013993,20-22,weekend,2,2025,3
E05013994,06-08,weekday,1,2025,2
E05013994,08-10,weekday,1,2025,4
E05013994,10-12,weekday,1,2025,6
E05013994,12-14,weekday,1,2025,8
E05013994,14-16,weekday,1,2025,9
E05013994,16-18,weekday,1,2025,9
E05013994,18-20,weekday,1,2025,8
E05013994,20-22,weekday,1,2025,6
E05013994,06-08,weekday,2,2025,2
E05013994,08-10,weekday,2,2025,4
E05013994,10-12,weekday,2,2025,6
E05013994,12-14,weekday,2,2025,8
E05013994,14-16,weekday,2,2025,9
E05013994,16-18,weekday,2,2025,9
E05013994,18-20,weekday,2,2025,8
E05013994,20-22,weekday,2,2025,6
E05013994,06-08,weekend,1,2025,1
E05013994,08-10,weekend,1,2025,1
E05013994,10-12,weekend,1,2025,1
E05013994,12-14,weekend,1,2025,4
E05013994,14-16,weekend,1,2025,6
E05013994,16-18,weekend,1,2025,6
E05013994,18-20,weekend,1,2025,4
E05013994,20-22,weekend,1,2025,3
E05013994,06-08,weekend,2,2025,1
E05013994,08-10,weekend,2,2025,2
E05013994,10-12,weekend,2,2025,1
E05013994,12-14,weekend,2,2025,3
E05013994,14-16,weekend,2,2025,6
E05013994,16-18,weekend,2,2025,6
E05013994,18-20,weekend,2,2025,4
E05013994,20-22,weekend,2,2025,3
E05013995,06-08,weekday,1,2025,2
E05013995,08-10,weekday,1,2025,4
E05013995,10-12,weekday,1,2025,6
E05013995,12-14,weekday,1,2025,8
E05013995,14-16,weekday,1,2025,9
E05013995,16-18,weekday,1,2025,9
E05013995,18-20,weekday,1,2025,8
E05013995,20-22,weekday,1,2025,6
E05013995,06-08,weekday,2,2025,2
E05013995,08-10,weekday,2,2025,4
E05013995,10-12,weekday,2,2025,6
E05013995,12-14,weekday,2,2025,8
E05013995,14-16,weekday,2,2025,9
E05013995,16-18,weekday,2,2025,9
E05013995,18-20,weekday,2,2025,8
E05013995,20-22,weekday,2,2025,6
E05013995,06-08,weekend,1,2025,1
E05013995,08-10,weekend,1,2025,1
E05013995,10-12,weekend,1,2025,1
E05013995,12-14,weekend,1,2025,4
E05013995,14-16,weekend,1,2025,6
E05013995,16-18,weekend,1,2025,6
E05013995,18-20,weekend,1,2025,4
E05013995,20-22,weekend,1,2025,3
E05013995,06-08,weekend,2,2025,1
E05013995,08-10,weekend,2,2025,2
E05013995,10-12,weekend,2,2025,1
E05013995,12-14,weekend,2,2025,3
E05013995,14-16,weekend,2,2025,6
E05013995,16-18,weekend,2,2025,6
E05013995,18-20,weekend,2,2025,4
E05013995,20-22,weekend,2,2025,3
E05013996,06-08,weekday,1,2025,2
E05013996,08-10,weekday,1,2025,4
E05013996,10-12,weekday,1,2025,6
E05013996,12-14,weekday,1,2025,8
E05013996,14-16,weekday,1,2025,9
E05013996,16-18,weekday,1,2025,9
E05013996,18-20,weekday,1,2025,8
E05013996,20-22,weekday,1,2025,6
E05013996,06-08,weekday,2,2025,2
E05013996,08-10,weekday,2,2025,4
E05013996,10-12,weekday,2,2025,6
E05013996,12-14,weekday,2,2025,8
E05013996,14-16,weekday,2,2025,9
E05013996,16-18,weekday,2,2025,9
E05013996,18-20,weekday,2,2025,8
E05013996,20-22,weekday,2,2025,6
E05013996,06-08,weekend,1,2025,1
E05013996,08-10,weekend,1,2025,1
E05013996,10-12,weekend,1,2025,1
E05013996,12-14,weekend,1,2025,4
E05013996,14-16,weekend,1,2025,6
E05013996,16-18,weekend,1,2025,6
E05013996,18-20,weekend,1,2025,4
E05013996,20-22,weekend,1,2025,3
E05013996,06-08,weekend,2,2025,1
E05013996,08-10,weekend,2,2025,1
E05013996,10-12,weekend,2,2025,1
E05013996,12-14,weekend,2,2025,4
E05013996,14-16,weekend,2,2025,6
E05013996,16-18,weekend,2,2025,6
E05013996,18-20,weekend,2,2025,4
E05013996,20-22,weekend,2,2025,3
E05013997,06-08,weekday,1,2025,2
E05013997,08-10,weekday,1,2025,4
E05013997,10-12,weekday,1,2025,6
E05013997,12-14,weekday,1,2025,8
E05013997,14-16,weekday,1,2025,9
E05013997,16-18,weekday,1,2025,9
E05013997,18-20,weekday,1,2025,8
E05013997,20-22,weekday,1,2025,6
E05013997,06-08,weekday,2,2025,2
E05013997,08-10,weekday,2,2025,4
E05013997,10-12,weekday,2,2025,6
E05013997,12-14,weekday,2,2025,8
E05013997,14-16,weekday,2,2025,9
E05013997,16-18,weekday,2,2025,9
E05013997,18-20,weekday,2,2025,8
E05013997,20-22,weekday,2,2025,6
E05013997,06-08,weekend,1,2025,1
E05013997,08-10,weekend,1,2025,1
E05013997,10-12,weekend,1,2025,1
E05013997,12-14,weekend,1,2025,4
E05013997,14-16,weekend,1,2025,6
E05013997,16-18,weekend,1,2025,6
E05013997,18-20,weekend,1,2025,4
E05013997,20-22,weekend,1,2025,3
E05013997,06-08,weekend,2,2025,1
E05013997,08-10,weekend,2,2025,2
E05013997,10-12,weekend,2,2025,1
E05013997,12-14,weekend,2,2025,3
E05013997,14-16,weekend,2,2025,6
E05013997,16-18,weekend,2,2025,6
E05013997,18-20,weekend,2,2025,4
E05013997,20-22,weekend,2,2025,3
E05013998,06-08,weekday,1,2025,2
E05013998,08-10,weekday,1,2025,4
E05013998,10-12,weekday,1,2025,6
E05013998,12-14,weekday,1,2025,8
E05013998,14-16,weekday,1,2025,9
E05013998,16-18,weekday,1,2025,9
E05013998,18-20,weekday,1,2025,8
E05013998,20-22,weekday,1,2025,6
E05013998,06-08,weekday,2,2025,2
E05013998,08-10,weekday,2,2025,4
E05013998,10-12,weekday,2,2025,6
E05013998,12-14,weekday,2,2025,8
E05013998,14-16,weekday,2,2025,9
E05013998,16-18,weekday,2,2025,9
E05013998,18-20,weekday,2,2025,8
E05013998,20-22,weekday,2,2025,6
E05013998,06-08,weekend,1,2025,1
E05013998,08-10,weekend,1,2025,1
E05013998,10-12,weekend,1,2025,1
E05013998,12-14,weekend,1,2025,4
E05013998,14-16,weekend,1,2025,6
E05013998,16-18,weekend,1,2025,6
E05013998,18-20,weekend,1,2025,4
E05013998,20-22,weekend,1,2025,3
E05013998,06-08,weekend,2,2025,1
E05013998,08-10,weekend,2,2025,1
E05013998,10-12,weekend,2,2025,1
E05013998,12-14,weekend,2,2025,4
E05013998,14-16,weekend,2,2025,6
E05013998,16-18,weekend,2,2025,6
E05013998,18-20,weekend,2,2025,4
E05013998,20-22,weekend,2,2025,3
E05013999,06-08,weekday,1,2025,2
E05013999,08-10,weekday,1,2025,4
E05013999,10-12,weekday,1,2025,6
E05013999,12-14,weekday,1,2025,8
E05013999,14-16,weekday,1,2025,9
E05013999,16-18,weekday,1,2025,9
E05013999,18-20,weekday,1,2025,8
E05013999,20-22,weekday,1,2025,6
E05013999,06-08,weekday,2,2025,2
E05013999,08-10,weekday,2,2025,4
E05013999,10-12,weekday,2,2025,6
E05013999,12-14,weekday,2,2025,8
E05013999,14-16,weekday,2,2025,9
E05013999,16-18,weekday,2,2025,9
E05013999,18-20,weekday,2,2025,8
E05013999,20-22,weekday,2,2025,6
E05013999,06-08,weekend,1,2025,1
E05013999,08-10,weekend,1,2025,1
E05013999,10-12,weekend,1,2025,1
E05013999,12-14,weekend,1,2025,4
E05013999,14-16,weekend,1,2025,6
E05013999,16-18,weekend,1,2025,6
E05013999,18-20,weekend,1,2025,4
E05013999,20-22,weekend,1,2025,3
E05013999,06-08,weekend,2,2025,1
E05013999,08-10,weekend,2,2025,2
E05013999,10-12,weekend,2,2025,1
E05013999,12-14,weekend,2,2025,3
E05013999,14-16,weekend,2,2025,6
E05013999,16-18,weekend,2,2025,6
E05013999,18-20,weekend,2,2025,4
E05013999,20-22,weekend,2,2025,3
E05014000,06-08,weekday,1,2025,2
E05014000,08-10,weekday,1,2025,4
E05014000,10-12,weekday,1,2025,6
E05014000,12-14,weekday,1,2025,8
E05014000,14-16,weekday,1,2025,9
E05014000,16-18,weekday,1,2025,9
E05014000,18-20,weekday,1,2025,8
E05014000,20-22,weekday,1,2025,6
E05014000,06-08,weekday,2,2025,2
E05014000,08-10,weekday,2,2025,4
E05014000,10-12,weekday,2,2025,6
E05014000,12-14,weekday,2,2025,8
E05014000,14-16,weekday,2,2025,9
E05014000,16-18,weekday,2,2025,9
E05014000,18-20,weekday,2,2025,8
E05014000,20-22,weekday,2,2025,6
E05014000,06-08,weekend,1,2025,1
E05014000,08-10,weekend,1,2025,1
E05014000,10-12,weekend,1,2025,1
E05014000,12-14,weekend,1,2025,4
E05014000,14-16,weekend,1,2025,6
E05014000,16-18,weekend,1,2025,6
E05014000,18-20,weekend,1,2025,4
E05014000,20-22,weekend,1,2025,3
E05014000,06-08,weekend,2,2025,1
E05014000,08-10,weekend,2,2025,1
E05014000,10-12,weekend,2,2025,1
E05014000,12-14,weekend,2,2025,4
E05014000,14-16,weekend,2,2025,6
E05014000,16-18,weekend,2,2025,6
E05014000,18-20,weekend,2,2025,4
E05014000,20-22,weekend,2,2025,3
E05014001,06-08,weekday,1,2025,2
E05014001,08-10,weekday,1,2025,4
E05014001,10-12,weekday,1,2025,6
E05014001,12-14,weekday,1,2025,8
E05014001,14-16,weekday,1,2025,9
E05014001,16-18,weekday,1,2025,9
E05014001,18-20,weekday,1,2025,8
E05014001,20-22,weekday,1,2025,6
E05014001,06-08,weekday,2,2025,2
E05014001,08-10,weekday,2,2025,4
E05014001,10-12,weekday,2,2025,6
E05014001,12-14,weekday,2,2025,8
E05014001,14-16,weekday,2,2025,9
E05014001,16-18,weekday,2,2025,9
E05014001,18-20,weekday,2,2025,8
E05014001,20-22,weekday,2,2025,6
E05014001,06-08,weekend,1,2025,1
E05014001,08-10,weekend,1,2025,1
E05014001,10-12,weekend,1,2025,1
E05014001,12-14,weekend,1,2025,4
E05014001,14-16,weekend,1,2025,6
E05014001,16-18,weekend,1,2025,6
E05014001,18-20,weekend,1,2025,4
E05014001,20-22,weekend,1,2025,3
E05014001,06-08,weekend,2,2025,1
E05014001,08-10,weekend,2,2025,1
E05014001,10-12,weekend,2,2025,1
E05014001,12-14,weekend,2,2025,4
E05014001,14-16,weekend,2,2025,6
E05014001,16-18,weekend,2,2025,6
E05014001,18-20,weekend,2,2025,4
E05014001,20-22,weekend,2,2025,3
E05014002,06-08,weekday,1,2025,2
E05014002,08-10,weekday,1,2025,4
E05014002,10-12,weekday,1,2025,6
E05014002,12-14,weekday,1,2025,8
E05014002,14-16,weekday,1,2025,9
E05014002,16-18,weekday,1,2025,9
E05014002,18-20,weekday,1,2025,8
E05014002,20-22,weekday,1,2025,6
E05014002,06-08,weekday,2,2025,2
E05014002,08-10,weekday,2,2025,4
E05014002,10-12,weekday,2,2025,6
E05014002,12-14,weekday,2,2025,8
E05014002,14-16,weekday,2,2025,9
E05014002,16-18,weekday,2,2025,9
E05014002,18-20,weekday,2,2025,8
E05014002,20-22,weekday,2,2025,6
E05014002,06-08,weekend,1,2025,1
E05014002,08-10,weekend,1,2025,1
E05014002,10-12,weekend,1,2025,1
E05014002,12-14,weekend,1,2025,4
E05014002,14-16,weekend,1,2025,6
E05014002,16-18,weekend,1,2025,6
E05014002,18-20,weekend,1,2025,4
E05014002,20-22,weekend,1,2025,3
E05014002,06-08,weekend,2,2025,1
E05014002,08-10,weekend,2,2025,2
E05014002,10-12,weekend,2,2025,1
E05014002,12-14,weekend,2,2025,3
E05014002,14-16,weekend,2,2025,6
E05014002,16-18,weekend,2,2025,6
E05014002,18-20,weekend,2,2025,4
E05014002,20-22,weekend,2,2025,3
E05014003,06-08,weekday,1,2025,2
E05014003,08-10,weekday,1,2025,4
E05014003,10-12,weekday,1,2025,6
E05014003,12-14,weekday,1,2025,8
E05014003,14-16,weekday,1,2025,9
E05014003,16-18,weekday,1,2025,9
E05014003,18-20,weekday,1,2025,8
E05014003,20-22,weekday,1,2025,6
E05014003,06-08,weekday,2,2025,2
E05014003,08-10,weekday,2,2025,4
E05014003,10-12,weekday,2,2025,6
E05014003,12-14,weekday,2,2025,8
E05014003,14-16,weekday,2,2025,9
E05014003,16-18,weekday,2,2025,9
E05014003,18-20,weekday,2,2025,8
E05014003,20-22,weekday,2,2025,6
E05014003,06-08,weekend,1,2025,1
E05014003,08-10,weekend,1,2025,1
E05014003,10-12,weekend,1,2025,1
E05014003,12-14,weekend,1,2025,4
E05014003,14-16,weekend,1,2025,6
E05014003,16-18,weekend,1,2025,6
E05014003,18-20,weekend,1,2025,4
E05014003,20-22,weekend,1,2025,3
E05014003,06-08,weekend,2,2025,1
E05014003,08-10,weekend,2,2025,2
E05014003,10-12,weekend,2,2025,1
E05014003,12-14,weekend,2,2025,3
E05014003,14-16,weekend,2,2025,6
E05014003,16-18,weekend,2,2025,6
E05014003,18-20,weekend,2,2025,4
E05014003,20-22,weekend,2,2025,3
E05014004,06-08,weekday,1,2025,2
E05014004,08-10,weekday,1,2025,4
E05014004,10-12,weekday,1,2025,6
E05014004,12-14,weekday,1,2025,8
E05014004,14-16,weekday,1,2025,9
E05014004,16-18,weekday,1,2025,9
E05014004,18-20,weekday,1,2025,8
E05014004,20-22,weekday,1,2025,6
E05014004,06-08,weekday,2,2025,2
E05014004,08-10,weekday,2,2025,4
E05014004,10-12,weekday,2,2025,6
E05014004,12-14,weekday,2,2025,8
E05014004,14-16,weekday,2,2025,9
E05014004,16-18,weekday,2,2025,9
E05014004,18-20,weekday,2,2025,8
E05014004,20-22,weekday,2,2025,6
E05014004,06-08,weekend,1,2025,1
E05014004,08-10,weekend,1,2025,1
E05014004,10-12,weekend,1,2025,1
E05014004,12-14,weekend,1,2025,4
E05014004,14-16,weekend,1,2025,6
E05014004,16-18,weekend,1,2025,6
E05014004,18-20,weekend,1,2025,4
E05014004,20-22,weekend,1,2025,3
E05014004,06-08,weekend,2,2025,1
E05014004,08-10,weekend,2,2025,2
E05014004,10-12,weekend,2,2025,1
E05014004,12-14,weekend,2,2025,3
E05014004,14-16,weekend,2,2025,6
E05014004,16-18,weekend,2,2025,6
E05014004,18-20,weekend,2,2025,4
E05014004,20-22,weekend,2,2025,3
E05014005,06-08,weekday,1,2025,2
E05014005,08-10,weekday,1,2025,4
E05014005,10-12,weekday,1,2025,6
E05014005,12-14,weekday,1,2025,8
E05014005,14-16,weekday,1,2025,9
E05014005,16-18,weekday,1,2025,9
E05014005,18-20,weekday,1,2025,8
E05014005,20-22,weekday,1,2025,6
E05014005,06-08,weekday,2,2025,2
E05014005,08-10,weekday,2,2025,4
E05014005,10-12,weekday,2,2025,6
E05014005,12-14,weekday,2,2025,8
E05014005,14-16,weekday,2,2025,9
E05014005,16-18,weekday,2,2025,9
E05014005,18-20,weekday,2,2025,8
E05014005,20-22,weekday,2,2025,6
E05014005,06-08,weekend,1,2025,1
E05014005,08-10,weekend,1,2025,1
E05014005,10-12,weekend,1,2025,1
E05014005,12-14,weekend,1,2025,4
E05014005,14-16,weekend,1,2025,6
E05014005,16-18,weekend,1,2025,6
E05014005,18-20,weekend,1,2025,4
E05014005,20-22,weekend,1,2025,3
E05014005,06-08,weekend,2,2025,1
E05014005,08-10,weekend,2,2025,2
E05014005,10-12,weekend,2,2025,1
E05014005,12-14,weekend,2,2025,3
E05014005,14-16,weekend,2,2025,6
E05014005,16-18,weekend,2,2025,6
E05014005,18-20,weekend,2,2025,4
E05014005,20-22,weekend,2,2025,3
E05014006,06-08,weekday,1,2025,2
E05014006,08-10,weekday,1,2025,4
E05014006,10-12,weekday,1,2025,6
E05014006,12-14,weekday,1,2025,8
E05014006,14-16,weekday,1,2025,9
E05014006,16-18,weekday,1,2025,9
E05014006,18-20,weekday,1,2025,8
E05014006,20-22,weekday,1,2025,6
E05014006,06-08,weekday,2,2025,2
E05014006,08-10,weekday,2,2025,4
E05014006,10-12,weekday,2,2025,6
E05014006,12-14,weekday,2,2025,8
E05014006,14-16,weekday,2,2025,9
E05014006,16-18,weekday,2,2025,9
E05014006,18-20,weekday,2,2025,8
E05014006,20-22,weekday,2,2025,6
E05014006,06-08,weekend,1,2025,1
E05014006,08-10,weekend,1,2025,1
E05014006,10-12,weekend,1,2025,1
E05014006,12-14,weekend,1,2025,4
E05014006,14-16,weekend,1,2025,6
E05014006,16-18,weekend,1,2025,6
E05014006,18-20,weekend,1,2025,4
E05014006,20-22,weekend,1,2025,3
E05014006,06-08,weekend,2,2025,1
E05014006,08-10,weekend,2,2025,1
E05014006,10-12,weekend,2,2025,1
E05014006,12-14,weekend,2,2025,4
E05014006,14-16,weekend,2,2025,6
E05014006,16-18,weekend,2,2025,6
E05014006,18-20,weekend,2,2025,4
E05014006,20-22,weekend,2,2025,3
E05014007,06-08,weekday,1,2025,2
E05014007,08-10,weekday,1,2025,4
E05014007,10-12,weekday,1,2025,6
E05014007,12-14,weekday,1,2025,8
E05014007,14-16,weekday,1,2025,9
E05014007,16-18,weekday,1,2025,9
E05014007,18-20,weekday,1,2025,8
E05014007,20-22,weekday,1,2025,6
E05014007,06-08,weekday,2,2025,2
E05014007,08-10,weekday,2,2025,4
E05014007,10-12,weekday,2,2025,6
E05014007,12-14,weekday,2,2025,8
E05014007,14-16,weekday,2,2025,9
E05014007,16-18,weekday,2,2025,9
E05014007,18-20,weekday,2,2025,8
E05014007,20-22,weekday,2,2025,6
E05014007,06-08,weekend,1,2025,1
E05014007,08-10,weekend,1,2025,1
E05014007,10-12,weekend,1,2025,1
E05014007,12-14,weekend,1,2025,4
E05014007,14-16,weekend,1,2025,6
E05014007,16-18,weekend,1,2025,6
E05014007,18-20,weekend,1,2025,4
E05014007,20-22,weekend,1,2025,3
E05014007,06-08,weekend,2,2025,1
E05014007,08-10,weekend,2,2025,2
E05014007,10-12,weekend,2,2025,1
E05014007,12-14,weekend,2,2025,3
E05014007,14-16,weekend,2,2025,6
E05014007,16-18,weekend,2,2025,6
E05014007,18-20,weekend,2,2025,4
E05014007,20-22,weekend,2,2025,3
E05014008,06-08,weekday,1,2025,2
E05014008,08-10,weekday,1,2025,4
E05014008,10-12,weekday,1,2025,6
E05014008,12-14,weekday,1,2025,8
E05014008,14-16,weekday,1,2025,9
E05014008,16-18,weekday,1,2025,9
E05014008,18-20,weekday,1,2025,8
E05014008,20-22,weekday,1,2025,6
E05014008,06-08,weekday,2,2025,2
E05014008,08-10,weekday,2,2025,4
E05014008,10-12,weekday,2,2025,6
E05014008,12-14,weekday,2,2025,8
E05014008,14-16,weekday,2,2025,9
E05014008,16-18,weekday,2,2025,9
E05014008,18-20,weekday,2,2025,8
E05014008,20-22,weekday,2,2025,6
E05014008,06-08,weekend,1,2025,1
E05014008,08-10,weekend,1,2025,1
E05014008,10-12,weekend,1,2025,1
E05014008,12-14,weekend,1,2025,4
E05014008,14-16,weekend,1,2025,6
E05014008,16-18,weekend,1,2025,6
E05014008,18-20,weekend,1,2025,4
E05014008,20-22,weekend,1,2025,3
E05014008,06-08,weekend,2,2025,1
E05014008,08-10,weekend,2,2025,2
E05014008,10-12,weekend,2,2025,1
E05014008,12-14,weekend,2,2025,3
E05014008,14-16,weekend,2,2025,6
E05014008,16-18,weekend,2,2025,6
E05014008,18-20,weekend,2,2025,4
E05014008,20-22,weekend,2,2025,3
E05014009,06-08,weekday,1,2025,2
E05014009,08-10,weekday,1,2025,4
E05014009,10-12,weekday,1,2025,6
E05014009,12-14,weekday,1,2025,8
E05014009,14-16,weekday,1,2025,9
E05014009,16-18,weekday,1,2025,9
E05014009,18-20,weekday,1,2025,8
E05014009,20-22,weekday,1,2025,6
E05014009,06-08,weekday,2,2025,2
E05014009,08-10,weekday,2,2025,4
E05014009,10-12,weekday,2,2025,6
E05014009,12-14,weekday,2,2025,8
E05014009,14-16,weekday,2,2025,9
E05014009,16-18,weekday,2,2025,9
E05014009,18-20,weekday,2,2025,8
E05014009,20-22,weekday,2,2025,6
E05014009,06-08,weekend,1,2025,1
E05014009,08-10,weekend,1,2025,1
E05014009,10-12,weekend,1,2025,1
E05014009,12-14,weekend,1,2025,4
E05014009,14-16,weekend,1,2025,6
E05014009,16-18,weekend,1,2025,6
E05014009,18-20,weekend,1,2025,4
E05014009,20-22,weekend,1,2025,3
E05014009,06-08,weekend,2,2025,1
E05014009,08-10,weekend,2,2025,2
E05014009,10-12,weekend,2,2025,1
E05014009,12-14,weekend,2,2025,3
E05014009,14-16,weekend,2,2025,6
E05014009,16-18,weekend,2,2025,6
E05014009,18-20,weekend,2,2025,4
E05014009,20-22,weekend,2,2025,3
E05014010,06-08,weekday,1,2025,2
E05014010,08-10,weekday,1,2025,4
E05014010,10-12,weekday,1,2025,6
E05014010,12-14,weekday,1,2025,8
E05014010,14-16,weekday,1,2025,9
E05014010,16-18,weekday,1,2025,9
E05014010,18-20,weekday,1,2025,8
E05014010,20-22,weekday,1,2025,6
E05014010,06-08,weekday,2,2025,2
E05014010,08-10,weekday,2,2025,4
E05014010,10-12,weekday,2,2025,6
E05014010,12-14,weekday,2,2025,8
E05014010,14-16,weekday,2,2025,9
E05014010,16-18,weekday,2,2025,9
E05014010,18-20,weekday,2,2025,8
E05014010,20-22,weekday,2,2025,6
E05014010,06-08,weekend,1,2025,1
E05014010,08-10,weekend,1,2025,1
E05014010,10-12,weekend,1,2025,1
E05014010,12-14,weekend,1,2025,4
E05014010,14-16,weekend,1,2025,6
E05014010,16-18,weekend,1,2025,6
E05014010,18-20,weekend,1,2025,4
E05014010,20-22,weekend,1,2025,3
E05014010,06-08,weekend,2,2025,1
E05014010,08-10,weekend,2,2025,2
E05014010,10-12,weekend,2,2025,1
E05014010,12-14,weekend,2,2025,3
E05014010,14-16,weekend,2,2025,6
E05014010,16-18,weekend,2,2025,6
E05014010,18-20,weekend,2,2025,4
E05014010,20-22,weekend,2,2025,3
E05014011,06-08,weekday,1,2025,2
E05014011,08-10,weekday,1,2025,4
E05014011,10-12,weekday,1,2025,6
E05014011,12-14,weekday,1,2025,8
E05014011,14-16,weekday,1,2025,9
E05014011,16-18,weekday,1,2025,9
E05014011,18-20,weekday,1,2025,8
E05014011,20-22,weekday,1,2025,6
E05014011,06-08,weekday,2,2025,2
E05014011,08-10,weekday,2,2025,4
E05014011,10-12,weekday,2,2025,6
E05014011,12-14,weekday,2,2025,8
E05014011,14-16,weekday,2,2025,9
E05014011,16-18,weekday,2,2025,9
E05014011,18-20,weekday,2,2025,8
E05014011,20-22,weekday,2,2025,6
E05014011,06-08,weekend,1,2025,1
E05014011,08-10,weekend,1,2025,1
E05014011,10-12,weekend,1,2025,1
E05014011,12-14,weekend,1,2025,4
E05014011,14-16,weekend,1,2025,6
E05014011,16-18,weekend,1,2025,6
E05014011,18-20,weekend,1,2025,4
E05014011,20-22,weekend,1,2025,3
E05014011,06-08,weekend,2,2025,1
E05014011,08-10,weekend,2,2025,2
E05014011,10-12,weekend,2,2025,1
E05014011,12-14,weekend,2,2025,3
E05014011,14-16,weekend,2,2025,6
E05014011,16-18,weekend,2,2025,6
E05014011,18-20,weekend,2,2025,4
E05014011,20-22,weekend,2,2025,3
E05014012,06-08,weekday,1,2025,2
E05014012,08-10,weekday,1,2025,4
E05014012,10-12,weekday,1,2025,6
E05014012,12-14,weekday,1,2025,8
E05014012,14-16,weekday,1,2025,9
E05014012,16-18,weekday,1,2025,9
E05014012,18-20,weekday,1,2025,8
E05014012,20-22,weekday,1,2025,6
E05014012,06-08,weekday,2,2025,2
E05014012,08-10,weekday,2,2025,4
E05014012,10-12,weekday,2,2025,6
E05014012,12-14,weekday,2,2025,8
E05014012,14-16,weekday,2,2025,9
E05014012,16-18,weekday,2,2025,9
E05014012,18-20,weekday,2,2025,8
E05014012,20-22,weekday,2,2025,6
E05014012,06-08,weekend,1,2025,1
E05014012,08-10,weekend,1,2025,1
E05014012,10-12,weekend,1,2025,1
E05014012,12-14,weekend,1,2025,4
E05014012,14-16,weekend,1,2025,6
E05014012,16-18,weekend,1,2025,6
E05014012,18-20,weekend,1,2025,4
E05014012,20-22,weekend,1,2025,3
E05014012,06-08,weekend,2,2025,1
E05014012,08-10,weekend,2,2025,2
E05014012,10-12,weekend,2,2025,1
E05014012,12-14,weekend,2,2025,3
E05014012,14-16,weekend,2,2025,6
E05014012,16-18,weekend,2,2025,6
E05014012,18-20,weekend,2,2025,4
E05014012,20-22,weekend,2,2025,3
E05014013,06-08,weekday,1,2025,2
E05014013,08-10,weekday,1,2025,4
E05014013,10-12,weekday,1,2025,6
E05014013,12-14,weekday,1,2025,8
E05014013,14-16,weekday,1,2025,9
E05014013,16-18,weekday,1,2025,9
E05014013,18-20,weekday,1,2025,8
E05014013,20-22,weekday,1,2025,6
E05014013,06-08,weekday,2,2025,2
E05014013,08-10,weekday,2,2025,4
E05014013,10-12,weekday,2,2025,6
E05014013,12-14,weekday,2,2025,8
E05014013,14-16,weekday,2,2025,9
E05014013,16-18,weekday,2,2025,9
E05014013,18-20,weekday,2,2025,8
E05014013,20-22,weekday,2,2025,6
E05014013,06-08,weekend,1,2025,1
E05014013,08-10,weekend,1,2025,1
E05014013,10-12,weekend,1,2025,1
E05014013,12-14,weekend,1,2025,4
E05014013,14-16,weekend,1,2025,6
E05014013,16-18,weekend,1,2025,6
E05014013,18-20,weekend,1,2025,4
E05014013,20-22,weekend,1,2025,3
E05014013,06-08,weekend,2,2025,1
E05014013,08-10,weekend,2,2025,2
E05014013,10-12,weekend,2,2025,1
E05014013,12-14,weekend,2,2025,3
E05014013,14-16,weekend,2,2025,6
E05014013,16-18,weekend,2,2025,6
E05014013,18-20,weekend,2,2025,4
E05014013,20-22,weekend,2,2025,3
E05014014,06-08,weekday,1,2025,2
E05014014,08-10,weekday,1,2025,4
E05014014,10-12,weekday,1,2025,6
E05014014,12-14,weekday,1,2025,8
E05014014,14-16,weekday,1,2025,9
E05014014,16-18,weekday,1,2025,9
E05014014,18-20,weekday,1,2025,8
E05014014,20-22,weekday,1,2025,6
E05014014,06-08,weekday,2,2025,2
E05014014,08-10,weekday,2,2025,4
E05014014,10-12,weekday,2,2025,6
E05014014,12-14,weekday,2,2025,8
E05014014,14-16,weekday,2,2025,9
E05014014,16-18,weekday,2,2025,9
E05014014,18-20,weekday,2,2025,8
E05014014,20-22,weekday,2,2025,6
E05014014,06-08,weekend,1,2025,1
E05014014,08-10,weekend,1,2025,1
E05014014,10-12,weekend,1,2025,1
E05014014,12-14,weekend,1,2025,4
E05014014,14-16,weekend,1,2025,6
E05014014,16-18,weekend,1,2025,6
E05014014,18-20,weekend,1,2025,4
E05014014,20-22,weekend,1,2025,3
E05014014,06-08,weekend,2,2025,1
E05014014,08-10,weekend,2,2025,2
E05014014,10-12,weekend,2,2025,1
E05014014,12-14,weekend,2,2025,3
E05014014,14-16,weekend,2,2025,6
E05014014,16-18,weekend,2,2025,6
E05014014,18-20,weekend,2,2025,4
E05014014,20-22,weekend,2,2025,3
E05014015,06-08,weekday,1,2025,2
E05014015,08-10,weekday,1,2025,4
E05014015,10-12,weekday,1,2025,6
E05014015,12-14,weekday,1,2025,8
E05014015,14-16,weekday,1,2025,9
E05014015,16-18,weekday,1,2025,9
E05014015,18-20,weekday,1,2025,8
E05014015,20-22,weekday,1,2025,6
E05014015,06-08,weekday,2,2025,2
E05014015,08-10,weekday,2,2025,4
E05014015,10-12,weekday,2,2025,6
E05014015,12-14,weekday,2,2025,8
E05014015,14-16,weekday,2,2025,9
E05014015,16-18,weekday,2,2025,9
E05014015,18-20,weekday,2,2025,8
E05014015,20-22,weekday,2,2025,6
E05014015,06-08,weekend,1,2025,1
E05014015,08-10,weekend,1,2025,1
E05014015,10-12,weekend,1,2025,1
E05014015,12-14,weekend,1,2025,4
E05014015,14-16,weekend,1,2025,6
E05014015,16-18,weekend,1,2025,6
E05014015,18-20,weekend,1,2025,4
E05014015,20-22,weekend,1,2025,3
E05014015,06-08,weekend,2,2025,1
E05014015,08-10,weekend,2,2025,2
E05014015,10-12,weekend,2,2025,1
E05014015,12-14,weekend,2,2025,3
E05014015,14-16,weekend,2,2025,6
E05014015,16-18,weekend,2,2025,6
E05014015,18-20,weekend,2,2025,4
E05014015,20-22,weekend,2,2025,3
E05014016,06-08,weekday,1,2025,2
E05014016,08-10,weekday,1,2025,4
E05014016,10-12,weekday,1,2025,6
E05014016,12-14,weekday,1,2025,8
E05014016,14-16,weekday,1,2025,9
E05014016,16-18,weekday,1,2025,9
E05014016,18-20,weekday,1,2025,8
E05014016,20-22,weekday,1,2025,6
E05014016,06-08,weekday,2,2025,2
E05014016,08-10,weekday,2,2025,4
E05014016,10-12,weekday,2,2025,6
E05014016,12-14,weekday,2,2025,8
E05014016,14-16,weekday,2,2025,9
E05014016,16-18,weekday,2,2025,9
E05014016,18-20,weekday,2,2025,8
E05014016,20-22,weekday,2,2025,6
E05014016,06-08,weekend,1,2025,1
E05014016,08-10,weekend,1,2025,1
E05014016,10-12,weekend,1,2025,1
E05014016,12-14,weekend,1,2025,4
E05014016,14-16,weekend,1,2025,6
E05014016,16-18,weekend,1,2025,6
E05014016,18-20,weekend,1,2025,4
E05014016,20-22,weekend,1,2025,3
E05014016,06-08,weekend,2,2025,1
E05014016,08-10,weekend,2,2025,2
E05014016,10-12,weekend,2,2025,1
E05014016,12-14,weekend,2,2025,3
E05014016,14-16,weekend,2,2025,6
E05014016,16-18,weekend,2,2025,6
E05014016,18-20,weekend,2,2025,4
E05014016,20-22,weekend,2,2025,3
E05014017,06-08,weekday,1,2025,2
E05014017,08-10,weekday,1,2025,4
E05014017,10-12,weekday,1,2025,6
E05014017,12-14,weekday,1,2025,8
E05014017,14-16,weekday,1,2025,9
E05014017,16-18,weekday,1,2025,9
E05014017,18-20,weekday,1,2025,8
E05014017,20-22,weekday,1,2025,6
E05014017,06-08,weekday,2,2025,2
E05014017,08-10,weekday,2,2025,4
E05014017,10-12,weekday,2,2025,6
E05014017,12-14,weekday,2,2025,8
E05014017,14-16,weekday,2,2025,9
E05014017,16-18,weekday,2,2025,9
E05014017,18-20,weekday,2,2025,8
E05014017,20-22,weekday,2,2025,6
E05014017,06-08,weekend,1,2025,1
E05014017,08-10,weekend,1,2025,1
E05014017,10-12,weekend,1,2025,1
E05014017,12-14,weekend,1,2025,4
E05014017,14-16,weekend,1,2025,6
E05014017,16-18,weekend,1,2025,6
E05014017,18-20,weekend,1,2025,4
E05014017,20-22,weekend,1,2025,3
E05014017,06-08,weekend,2,2025,1
E05014017,08-10,weekend,2,2025,2
E05014017,10-12,weekend,2,2025,1
E05014017,12-14,weekend,2,2025,3
E05014017,14-16,weekend,2,2025,6
E05014017,16-18,weekend,2,2025,6
E05014017,18-20,weekend,2,2025,4
E05014017,20-22,weekend,2,2025,3
E05014018,06-08,weekday,1,2025,2
E05014018,08-10,weekday,1,2025,4
E05014018,10-12,weekday,1,2025,6
E05014018,12-14,weekday,1,2025,8
E05014018,14-16,weekday,1,2025,9
E05014018,16-18,weekday,1,2025,9
E05014018,18-20,weekday,1,2025,8
E05014018,20-22,weekday,1,2025,6
E05014018,06-08,weekday,2,2025,2
E05014018,08-10,weekday,2,2025,4
E05014018,10-12,weekday,2,2025,6
E05014018,12-14,weekday,2,2025,8
E05014018,14-16,weekday,2,2025,9
E05014018,16-18,weekday,2,2025,9
E05014018,18-20,weekday,2,2025,8
E05014018,20-22,weekday,2,2025,6
E05014018,06-08,weekend,1,2025,1
E05014018,08-10,weekend,1,2025,1
E05014018,10-12,weekend,1,2025,1
E05014018,12-14,weekend,1,2025,4
E05014018,14-16,weekend,1,2025,6
E05014018,16-18,weekend,1,2025,6
E05014018,18-20,weekend,1,2025,4
E05014018,20-22,weekend,1,2025,3
E05014018,06-08,weekend,2,2025,1
E05014018,08-10,weekend,2,2025,2
E05014018,10-12,weekend,2,2025,1
E05014018,12-14,weekend,2,2025,3
E05014018,14-16,weekend,2,2025,6
E05014018,16-18,weekend,2,2025,6
E05014018,18-20,weekend,2,2025,4
E05014018,20-22,weekend,2,2025,3
E05014019,06-08,weekday,1,2025,2
E05014019,08-10,weekday,1,2025,4
E05014019,10-12,weekday,1,2025,6
E05014019,12-14,weekday,1,2025,8
E05014019,14-16,weekday,1,2025,9
E05014019,16-18,weekday,1,2025,9
E05014019,18-20,weekday,1,2025,8
E05014019,20-22,weekday,1,2025,6
E05014019,06-08,weekday,2,2025,2
E05014019,08-10,weekday,2,2025,4
E05014019,10-12,weekday,2,2025,6
E05014019,12-14,weekday,2,2025,8
E05014019,14-16,weekday,2,2025,9
E05014019,16-18,weekday,2,2025,9
E05014019,18-20,weekday,2,2025,8
E05014019,20-22,weekday,2,2025,6
E05014019,06-08,weekend,1,2025,1
E05014019,08-10,weekend,1,2025,1
E05014019,10-12,weekend,1,2025,1
E05014019,12-14,weekend,1,2025,4
E05014019,14-16,weekend,1,2025,6
E05014019,16-18,weekend,1,2025,6
E05014019,18-20,weekend,1,2025,4
E05014019,20-22,weekend,1,2025,3
E05014019,06-08,weekend,2,2025,1
E05014019,08-10,weekend,2,2025,2
E05014019,10-12,weekend,2,2025,1
E05014019,12-14,weekend,2,2025,3
E05014019,14-16,weekend,2,2025,6
E05014019,16-18,weekend,2,2025,6
E05014019,18-20,weekend,2,2025,4
E05014019,20-22,weekend,2,2025,3
E05014020,06-08,weekday,1,2025,2
E05014020,08-10,weekday,1,2025,4
E05014020,10-12,weekday,1,2025,6
E05014020,12-14,weekday,1,2025,8
E05014020,14-16,weekday,1,2025,9
E05014020,16-18,weekday,1,2025,9
E05014020,18-20,weekday,1,2025,8
E05014020,20-22,weekday,1,2025,6
E05014020,06-08,weekday,2,2025,2
E05014020,08-10,weekday,2,2025,4
E05014020,10-12,weekday,2,2025,6
E05014020,12-14,weekday,2,2025,8
E05014020,14-16,weekday,2,2025,9
E05014020,16-18,weekday,2,2025,9
E05014020,18-20,weekday,2,2025,8
E05014020,20-22,weekday,2,2025,6
E05014020,06-08,weekend,1,2025,1
E05014020,08-10,weekend,1,2025,1
E05014020,10-12,weekend,1,2025,1
E05014020,12-14,weekend,1,2025,4
E05014020,14-16,weekend,1,2025,6
E05014020,16-18,weekend,1,2025,6
E05014020,18-20,weekend,1,2025,4
E05014020,20-22,weekend,1,2025,3
E05014020,06-08,weekend,2,2025,1
E05014020,08-10,weekend,2,2025,2
E05014020,10-12,weekend,2,2025,1
E05014020,12-14,weekend,2,2025,3
E05014020,14-16,weekend,2,2025,6
E05014020,16-18,weekend,2,2025,6
E05014020,18-20,weekend,2,2025,4
E05014020,20-22,weekend,2,2025,3
E05014021,06-08,weekday,1,2025,2
E05014021,08-10,weekday,1,2025,4
E05014021,10-12,weekday,1,2025,6
E05014021,12-14,weekday,1,2025,8
E05014021,14-16,weekday,1,2025,9
E05014021,16-18,weekday,1,2025,9
E05014021,18-20,weekday,1,2025,8
E05014021,20-22,weekday,1,2025,6
E05014021,06-08,weekday,2,2025,2
E05014021,08-10,weekday,2,2025,4
E05014021,10-12,weekday,2,2025,6
E05014021,12-14,weekday,2,2025,8
E05014021,14-16,weekday,2,2025,9
E05014021,16-18,weekday,2,2025,9
E05014021,18-20,weekday,2,2025,8
E05014021,20-22,weekday,2,2025,6
E05014021,06-08,weekend,1,2025,1
E05014021,08-10,weekend,1,2025,1
E05014021,10-12,weekend,1,2025,1
E05014021,12-14,weekend,1,2025,4
E05014021,14-16,weekend,1,2025,6
E05014021,16-18,weekend,1,2025,6
E05014021,18-20,weekend,1,2025,4
E05014021,20-22,weekend,1,2025,3
E05014021,06-08,weekend,2,2025,1
E05014021,08-10,weekend,2,2025,2
E05014021,10-12,weekend,2,2025,1
E05014021,12-14,weekend,2,2025,3
E05014021,14-16,weekend,2,2025,6
E05014021,16-18,weekend,2,2025,6
E05014021,18-20,weekend,2,2025,4
E05014021,20-22,weekend,2,2025,3
E05014022,06-08,weekday,1,2025,2
E05014022,08-10,weekday,1,2025,4
E05014022,10-12,weekday,1,2025,6
E05014022,12-14,weekday,1,2025,8
E05014022,14-16,weekday,1,2025,9
E05014022,16-18,weekday,1,2025,9
E05014022,18-20,weekday,1,2025,8
E05014022,20-22,weekday,1,2025,6
E05014022,06-08,weekday,2,2025,2
E05014022,08-10,weekday,2,2025,4
E05014022,10-12,weekday,2,2025,6
E05014022,12-14,weekday,2,2025,8
E05014022,14-16,weekday,2,2025,9
E05014022,16-18,weekday,2,2025,9
E05014022,18-20,weekday,2,2025,8
E05014022,20-22,weekday,2,2025,6
E05014022,06-08,weekend,1,2025,1
E05014022,08-10,weekend,1,2025,1
E05014022,10-12,weekend,1,2025,1
E05014022,12-14,weekend,1,2025,4
E05014022,14-16,weekend,1,2025,6
E05014022,16-18,weekend,1,2025,6
E05014022,18-20,weekend,1,2025,4
E05014022,20-22,weekend,1,2025,3
E05014022,06-08,weekend,2,2025,1
E05014022,08-10,weekend,2,2025,2
E05014022,10-12,weekend,2,2025,1
E05014022,12-14,weekend,2,2025,3
E05014022,14-16,weekend,2,2025,6
E05014022,16-18,weekend,2,2025,6
E05014022,18-20,weekend,2,2025,4
E05014022,20-22,weekend,2,2025,3
E05014023,06-08,weekday,1,2025,2
E05014023,08-10,weekday,1,2025,4
E05014023,10-12,weekday,1,2025,6
E05014023,12-14,weekday,1,2025,8
E05014023,14-16,weekday,1,2025,9
E05014023,16-18,weekday,1,2025,9
E05014023,18-20,weekday,1,2025,8
E05014023,20-22,weekday,1,2025,6
E05014023,06-08,weekday,2,2025,2
E05014023,08-10,weekday,2,2025,4
E05014023,10-12,weekday,2,2025,6
E05014023,12-14,weekday,2,2025,8
E05014023,14-16,weekday,2,2025,9
E05014023,16-18,weekday,2,2025,9
E05014023,18-20,weekday,2,2025,8
E05014023,20-22,weekday,2,2025,6
E05014023,06-08,weekend,1,2025,1
E05014023,08-10,weekend,1,2025,1
E05014023,10-12,weekend,1,2025,1
E05014023,12-14,weekend,1,2025,4
E05014023,14-16,weekend,1,2025,6
E05014023,16-18,weekend,1,2025,6
E05014023,18-20,weekend,1,2025,4
E05014023,20-22,weekend,1,2025,3
E05014023,06-08,weekend,2,2025,1
E05014023,08-10,weekend,2,2025,2
E05014023,10-12,weekend,2,2025,1
E05014023,12-14,weekend,2,2025,3
E05014023,14-16,weekend,2,2025,6
E05014023,16-18,weekend,2,2025,6
E05014023,18-20,weekend,2,2025,4
E05014023,20-22,weekend,2,2025,3
E05014024,06-08,weekday,1,2025,2
E05014024,08-10,weekday,1,2025,4
E05014024,10-12,weekday,1,2025,6
E05014024,12-14,weekday,1,2025,8
E05014024,14-16,weekday,1,2025,9
E05014024,16-18,weekday,1,2025,9
E05014024,18-20,weekday,1,2025,8
E05014024,20-22,weekday,1,2025,6
E05014024,06-08,weekday,2,2025,2
E05014024,08-10,weekday,2,2025,4
E05014024,10-12,weekday,2,2025,6
E05014024,12-14,weekday,2,2025,8
E05014024,14-16,weekday,2,2025,9
E05014024,16-18,weekday,2,2025,9
E05014024,18-20,weekday,2,2025,8
E05014024,20-22,weekday,2,2025,6
E05014024,06-08,weekend,1,2025,1
E05014024,08-10,weekend,1,2025,1
E05014024,10-12,weekend,1,2025,1
E05014024,12-14,weekend,1,2025,4
E05014024,14-16,weekend,1,2025,6
E05014024,16-18,weekend,1,2025,6
E05014024,18-20,weekend,1,2025,4
E05014024,20-22,weekend,1,2025,3
E05014024,06-08,weekend,2,2025,1
E05014024,08-10,weekend,2,2025,2
E05014024,10-12,weekend,2,2025,1
E05014024,12-14,weekend,2,2025,3
E05014024,14-16,weekend,2,2025,6
E05014024,16-18,weekend,2,2025,6
E05014024,18-20,weekend,2,2025,4
E05014024,20-22,weekend,2,2025,3
E05014025,06-08,weekday,1,2025,2
E05014025,08-10,weekday,1,2025,4
E05014025,10-12,weekday,1,2025,6
E05014025,12-14,weekday,1,2025,8
E05014025,14-16,weekday,1,2025,9
E05014025,16-18,weekday,1,2025,9
E05014025,18-20,weekday,1,2025,8
E05014025,20-22,weekday,1,2025,6
E05014025,06-08,weekday,2,2025,2
E05014025,08-10,weekday,2,2025,4
E05014025,10-12,weekday,2,2025,6
E05014025,12-14,weekday,2,2025,8
E05014025,14-16,weekday,2,2025,9
E05014025,16-18,weekday,2,2025,9
E05014025,18-20,weekday,2,2025,8
E05014025,20-22,weekday,2,2025,6
E05014025,06-08,weekend,1,2025,1
E05014025,08-10,weekend,1,2025,1
E05014025,10-12,weekend,1,2025,1
E05014025,12-14,weekend,1,2025,4
E05014025,14-16,weekend,1,2025,6
E05014025,16-18,weekend,1,2025,6
E05014025,18-20,weekend,1,2025,4
E05014025,20-22,weekend,1,2025,3
E05014025,06-08,weekend,2,2025,1
E05014025,08-10,weekend,2,2025,2
E05014025,10-12,weekend,2,2025,1
E05014025,12-14,weekend,2,2025,3
E05014025,14-16,weekend,2,2025,6
E05014025,16-18,weekend,2,2025,6
E05014025,18-20,weekend,2,2025,4
E05014025,20-22,weekend,2,2025,3
E05014026,06-08,weekday,1,2025,2
E05014026,08-10,weekday,1,2025,4
E05014026,10-12,weekday,1,2025,6
E05014026,12-14,weekday,1,2025,8
E05014026,14-16,weekday,1,2025,9
E05014026,16-18,weekday,1,2025,9
E05014026,18-20,weekday,1,2025,8
E05014026,20-22,weekday,1,2025,6
E05014026,06-08,weekday,2,2025,2
E05014026,08-10,weekday,2,2025,4
E05014026,10-12,weekday,2,2025,6
E05014026,12-14,weekday,2,2025,8
E05014026,14-16,weekday,2,2025,9
E05014026,16-18,weekday,2,2025,9
E05014026,18-20,weekday,2,2025,8
E05014026,20-22,weekday,2,2025,6
E05014026,06-08,weekend,1,2025,1
E05014026,08-10,weekend,1,2025,1
E05014026,10-12,weekend,1,2025,1
E05014026,12-14,weekend,1,2025,4
E05014026,14-16,weekend,1,2025,6
E05014026,16-18,weekend,1,2025,6
E05014026,18-20,weekend,1,2025,4
E05014026,20-22,weekend,1,2025,3
E05014026,06-08,weekend,2,2025,1
E05014026,08-10,weekend,2,2025,2
E05014026,10-12,weekend,2,2025,1
E05014026,12-14,weekend,2,2025,3
E05014026,14-16,weekend,2,2025,6
E05014026,16-18,weekend,2,2025,6
E05014026,18-20,weekend,2,2025,4
E05014026,20-22,weekend,2,2025,3
E05014027,06-08,weekday,1,2025,2
E05014027,08-10,weekday,1,2025,4
E05014027,10-12,weekday,1,2025,6
E05014027,12-14,weekday,1,2025,8
E05014027,14-16,weekday,1,2025,9
E05014027,16-18,weekday,1,2025,9
E05014027,18-20,weekday,1,2025,8
E05014027,20-22,weekday,1,2025,6
E05014027,06-08,weekday,2,2025,2
E05014027,08-10,weekday,2,2025,4
E05014027,10-12,weekday,2,2025,6
E05014027,12-14,weekday,2,2025,8
E05014027,14-16,weekday,2,2025,9
E05014027,16-18,weekday,2,2025,9
E05014027,18-20,weekday,2,2025,8
E05014027,20-22,weekday,2,2025,6
E05014027,06-08,weekend,1,2025,1
E05014027,08-10,weekend,1,2025,1
E05014027,10-12,weekend,1,2025,1
E05014027,12-14,weekend,1,2025,4
E05014027,14-16,weekend,1,2025,6
E05014027,16-18,weekend,1,2025,6
E05014027,18-20,weekend,1,2025,4
E05014027,20-22,weekend,1,2025,3
E05014027,06-08,weekend,2,2025,1
E05014027,08-10,weekend,2,2025,2
E05014027,10-12,weekend,2,2025,1
E05014027,12-14,weekend,2,2025,3
E05014027,14-16,weekend,2,2025,6
E05014027,16-18,weekend,2,2025,6
E05014027,18-20,weekend,2,2025,4
E05014027,20-22,weekend,2,2025,3
E05014028,06-08,weekday,1,2025,2
E05014028,08-10,weekday,1,2025,4
E05014028,10-12,weekday,1,2025,6
E05014028,12-14,weekday,1,2025,8
E05014028,14-16,weekday,1,2025,9
E05014028,16-18,weekday,1,2025,9
E05014028,18-20,weekday,1,2025,8
E05014028,20-22,weekday,1,2025,6
E05014028,06-08,weekday,2,2025,2
E05014028,08-10,weekday,2,2025,4
E05014028,10-12,weekday,2,2025,6
E05014028,12-14,weekday,2,2025,8
E05014028,14-16,weekday,2,2025,9
E05014028,16-18,weekday,2,2025,9
E05014028,18-20,weekday,2,2025,8
E05014028,20-22,weekday,2,2025,6
E05014028,06-08,weekend,1,2025,1
E05014028,08-10,weekend,1,2025,1
E05014028,10-12,weekend,1,2025,1
E05014028,12-14,weekend,1,2025,4
E05014028,14-16,weekend,1,2025,6
E05014028,16-18,weekend,1,2025,6
E05014028,18-20,weekend,1,2025,4
E05014028,20-22,weekend,1,2025,3
E05014028,06-08,weekend,2,2025,1
E05014028,08-10,weekend,2,2025,2
E05014028,10-12,weekend,2,2025,1
E05014028,12-14,weekend,2,2025,3
E05014028,14-16,weekend,2,2025,6
E05014028,16-18,weekend,2,2025,6
E05014028,18-20,weekend,2,2025,4
E05014028,20-22,weekend,2,2025,3
E05014029,06-08,weekday,1,2025,2
E05014029,08-10,weekday,1,2025,4
E05014029,10-12,weekday,1,2025,6
E05014029,12-14,weekday,1,2025,8
E05014029,14-16,weekday,1,2025,9
E05014029,16-18,weekday,1,2025,9
E05014029,18-20,weekday,1,2025,8
E05014029,20-22,weekday,1,2025,6
E05014029,06-08,weekday,2,2025,2
E05014029,08-10,weekday,2,2025,4
E05014029,10-12,weekday,2,2025,6
E05014029,12-14,weekday,2,2025,8
E05014029,14-16,weekday,2,2025,9
E05014029,16-18,weekday,2,2025,9
E05014029,18-20,weekday,2,2025,8
E05014029,20-22,weekday,2,2025,6
E05014029,06-08,weekend,1,2025,1
E05014029,08-10,weekend,1,2025,1
E05014029,10-12,weekend,1,2025,1
E05014029,12-14,weekend,1,2025,4
E05014029,14-16,weekend,1,2025,6
E05014029,16-18,weekend,1,2025,6
E05014029,18-20,weekend,1,2025,4
E05014029,20-22,weekend,1,2025,3
E05014029,06-08,weekend,2,2025,1
E05014029,08-10,weekend,2,2025,2
E05014029,10-12,weekend,2,2025,1
E05014029,12-14,weekend,2,2025,3
E05014029,14-16,weekend,2,2025,6
E05014029,16-18,weekend,2,2025,6
E05014029,18-20,weekend,2,2025,4
E05014029,20-22,weekend,2,2025,3
E05014030,06-08,weekday,1,2025,2
E05014030,08-10,weekday,1,2025,4
E05014030,10-12,weekday,1,2025,6
E05014030,12-14,weekday,1,2025,8
E05014030,14-16,weekday,1,2025,9
E05014030,16-18,weekday,1,2025,9
E05014030,18-20,weekday,1,2025,8
E05014030,20-22,weekday,1,2025,6
E05014030,06-08,weekday,2,2025,2
E05014030,08-10,weekday,2,2025,4
E05014030,10-12,weekday,2,2025,6
E05014030,12-14,weekday,2,2025,8
E05014030,14-16,weekday,2,2025,9
E05014030,16-18,weekday,2,2025,9
E05014030,18-20,weekday,2,2025,8
E05014030,20-22,weekday,2,2025,6
E05014030,06-08,weekend,1,2025,1
E05014030,08-10,weekend,1,2025,1
E05014030,10-12,weekend,1,2025,1
E05014030,12-14,weekend,1,2025,4
E05014030,14-16,weekend,1,2025,6
E05014030,16-18,weekend,1,2025,6
E05014030,18-20,weekend,1,2025,4
E05014030,20-22,weekend,1,2025,3
E05014030,06-08,weekend,2,2025,1
E05014030,08-10,weekend,2,2025,2
E05014030,10-12,weekend,2,2025,1
E05014030,12-14,weekend,2,2025,3
E05014030,14-16,weekend,2,2025,6
E05014030,16-18,weekend,2,2025,6
E05014030,18-20,weekend,2,2025,4
E05014030,20-22,weekend,2,2025,3
E05014053,06-08,weekday,1,2025,2
E05014053,08-10,weekday,1,2025,4
E05014053,10-12,weekday,1,2025,6
E05014053,12-14,weekday,1,2025,8
E05014053,14-16,weekday,1,2025,9
E05014053,16-18,weekday,1,2025,9
E05014053,18-20,weekday,1,2025,8
E05014053,20-22,weekday,1,2025,6
E05014053,06-08,weekday,2,2025,2
E05014053,08-10,weekday,2,2025,4
E05014053,10-12,weekday,2,2025,6
E05014053,12-14,weekday,2,2025,8
E05014053,14-16,weekday,2,2025,9
E05014053,16-18,weekday,2,2025,9
E05014053,18-20,weekday,2,2025,8
E05014053,20-22,weekday,2,2025,6
E05014053,06-08,weekend,1,2025,1
E05014053,08-10,weekend,1,2025,1
E05014053,10-12,weekend,1,2025,1
E05014053,12-14,weekend,1,2025,4
E05014053,14-16,weekend,1,2025,6
E05014053,16-18,weekend,1,2025,6
E05014053,18-20,weekend,1,2025,4
E05014053,20-22,weekend,1,2025,3
E05014053,06-08,weekend,2,2025,1
E05014053,08-10,weekend,2,2025,2
E05014053,10-12,weekend,2,2025,1
E05014053,12-14,weekend,2,2025,3
E05014053,14-16,weekend,2,2025,6
E05014053,16-18,weekend,2,2025,6
E05014053,18-20,weekend,2,2025,4
E05014053,20-22,weekend,2,2025,3
E05014054,06-08,weekday,1,2025,2
E05014054,08-10,weekday,1,2025,4
E05014054,10-12,weekday,1,2025,6
E05014054,12-14,weekday,1,2025,8
E05014054,14-16,weekday,1,2025,9
E05014054,16-18,weekday,1,2025,9
E05014054,18-20,weekday,1,2025,8
E05014054,20-22,weekday,1,2025,6
E05014054,06-08,weekday,2,2025,2
E05014054,08-10,weekday,2,2025,4
E05014054,10-12,weekday,2,2025,6
E05014054,12-14,weekday,2,2025,8
E05014054,14-16,weekday,2,2025,9
E05014054,16-18,weekday,2,2025,9
E05014054,18-20,weekday,2,2025,8
E05014054,20-22,weekday,2,2025,6
E05014054,06-08,weekend,1,2025,1
E05014054,08-10,weekend,1,2025,1
E05014054,10-12,weekend,1,2025,1
E05014054,12-14,weekend,1,2025,4
E05014054,14-16,weekend,1,2025,6
E05014054,16-18,weekend,1,2025,6
E05014054,18-20,weekend,1,2025,4
E05014054,20-22,weekend,1,2025,3
E05014054,06-08,weekend,2,2025,1
E05014054,08-10,weekend,2,2025,2
E05014054,10-12,weekend,2,2025,1
E05014054,12-14,weekend,2,2025,3
E05014054,14-16,weekend,2,2025,6
E05014054,16-18,weekend,2,2025,6
E05014054,18-20,weekend,2,2025,4
E05014054,20-22,weekend,2,2025,3
E05014055,06-08,weekday,1,2025,2
E05014055,08-10,weekday,1,2025,4
E05014055,10-12,weekday,1,2025,6
E05014055,12-14,weekday,1,2025,8
E05014055,14-16,weekday,1,2025,9
E05014055,16-18,weekday,1,2025,9
E05014055,18-20,weekday,1,2025,8
E05014055,20-22,weekday,1,2025,6
E05014055,06-08,weekday,2,2025,2
E05014055,08-10,weekday,2,2025,4
E05014055,10-12,weekday,2,2025,6
E05014055,12-14,weekday,2,2025,8
E05014055,14-16,weekday,2,2025,9
E05014055,16-18,weekday,2,2025,9
E05014055,18-20,weekday,2,2025,8
E05014055,20-22,weekday,2,2025,6
E05014055,06-08,weekend,1,2025,1
E05014055,08-10,weekend,1,2025,1
E05014055,10-12,weekend,1,2025,1
E05014055,12-14,weekend,1,2025,4
E05014055,14-16,weekend,1,2025,6
E05014055,16-18,weekend,1,2025,6
E05014055,18-20,weekend,1,2025,4
E05014055,20-22,weekend,1,2025,3
E05014055,06-08,weekend,2,2025,1
E05014055,08-10,weekend,2,2025,2
E05014055,10-12,weekend,2,2025,1
E05014055,12-14,weekend,2,2025,3
E05014055,14-16,weekend,2,2025,6
E05014055,16-18,weekend,2,2025,6
E05014055,18-20,weekend,2,2025,4
E05014055,20-22,weekend,2,2025,3
E05014056,06-08,weekday,1,2025,2
E05014056,08-10,weekday,1,2025,4
E05014056,10-12,weekday,1,2025,6
E05014056,12-14,weekday,1,2025,8
E05014056,14-16,weekday,1,2025,9
E05014056,16-18,weekday,1,2025,9
E05014056,18-20,weekday,1,2025,8
E05014056,20-22,weekday,1,2025,6
E05014056,06-08,weekday,2,2025,2
E05014056,08-10,weekday,2,2025,4
E05014056,10-12,weekday,2,2025,6
E05014056,12-14,weekday,2,2025,8
E05014056,14-16,weekday,2,2025,9
E05014056,16-18,weekday,2,2025,9
E05014056,18-20,weekday,2,2025,8
E05014056,20-22,weekday,2,2025,6
E05014056,06-08,weekend,1,2025,1
E05014056,08-10,weekend,1,2025,1
E05014056,10-12,weekend,1,2025,1
E05014056,12-14,weekend,1,2025,4
E05014056,14-16,weekend,1,2025,6
E05014056,16-18,weekend,1,2025,6
E05014056,18-20,weekend,1,2025,4
E05014056,20-22,weekend,1,2025,3
E05014056,06-08,weekend,2,2025,1
E05014056,08-10,weekend,2,2025,2
E05014056,10-12,weekend,2,2025,1
E05014056,12-14,weekend,2,2025,3
E05014056,14-16,weekend,2,2025,6
E05014056,16-18,weekend,2,2025,6
E05014056,18-20,weekend,2,2025,4
E05014056,20-22,weekend,2,2025,3
E05014057,06-08,weekday,1,2025,2
E05014057,08-10,weekday,1,2025,4
E05014057,10-12,weekday,1,2025,6
E05014057,12-14,weekday,1,2025,8
E05014057,14-16,weekday,1,2025,9
E05014057,16-18,weekday,1,2025,9
E05014057,18-20,weekday,1,2025,8
E05014057,20-22,weekday,1,2025,6
E05014057,06-08,weekday,2,2025,2
E05014057,08-10,weekday,2,2025,4
E05014057,10-12,weekday,2,2025,6
E05014057,12-14,weekday,2,2025,8
E05014057,14-16,weekday,2,2025,9
E05014057,16-18,weekday,2,2025,9
E05014057,18-20,weekday,2,2025,8
E05014057,20-22,weekday,2,2025,6
E05014057,06-08,weekend,1,2025,1
E05014057,08-10,weekend,1,2025,1
E05014057,10-12,weekend,1,2025,1
E05014057,12-14,weekend,1,2025,4
E05014057,14-16,weekend,1,2025,6
E05014057,16-18,weekend,1,2025,6
E05014057,18-20,weekend,1,2025,4
E05014057,20-22,weekend,1,2025,3
E05014057,06-08,weekend,2,2025,1
E05014057,08-10,weekend,2,2025,2
E05014057,10-12,weekend,2,2025,1
E05014057,12-14,weekend,2,2025,3
E05014057,14-16,weekend,2,2025,6
E05014057,16-18,weekend,2,2025,6
E05014057,18-20,weekend,2,2025,4
E05014057,20-22,weekend,2,2025,3
E05014058,06-08,weekday,1,2025,2
E05014058,08-10,weekday,1,2025,4
E05014058,10-12,weekday,1,2025,6
E05014058,12-14,weekday,1,2025,8
E05014058,14-16,weekday,1,2025,9
E05014058,16-18,weekday,1,2025,9
E05014058,18-20,weekday,1,2025,8
E05014058,20-22,weekday,1,2025,6
E05014058,06-08,weekday,2,2025,2
E05014058,08-10,weekday,2,2025,4
E05014058,10-12,weekday,2,2025,6
E05014058,12-14,weekday,2,2025,8
E05014058,14-16,weekday,2,2025,9
E05014058,16-18,weekday,2,2025,9
E05014058,18-20,weekday,2,2025,8
E05014058,20-22,weekday,2,2025,6
E05014058,06-08,weekend,1,2025,1
E05014058,08-10,weekend,1,2025,1
E05014058,10-12,weekend,1,2025,1
E05014058,12-14,weekend,1,2025,4
E05014058,14-16,weekend,1,2025,6
E05014058,16-18,weekend,1,2025,6
E05014058,18-20,weekend,1,2025,4
E05014058,20-22,weekend,1,2025,3
E05014058,06-08,weekend,2,2025,1
E05014058,08-10,weekend,2,2025,2
E05014058,10-12,weekend,2,2025,1
E05014058,12-14,weekend,2,2025,3
E05014058,14-16,weekend,2,2025,6
E05014058,16-18,weekend,2,2025,6
E05014058,18-20,weekend,2,2025,4
E05014058,20-22,weekend,2,2025,3
E05014059,06-08,weekday,1,2025,2
E05014059,08-10,weekday,1,2025,4
E05014059,10-12,weekday,1,2025,6
E05014059,12-14,weekday,1,2025,8
E05014059,14-16,weekday,1,2025,9
E05014059,16-18,weekday,1,2025,9
E05014059,18-20,weekday,1,2025,8
E05014059,20-22,weekday,1,2025,6
E05014059,06-08,weekday,2,2025,2
E05014059,08-10,weekday,2,2025,4
E05014059,10-12,weekday,2,2025,6
E05014059,12-14,weekday,2,2025,8
E05014059,14-16,weekday,2,2025,9
E05014059,16-18,weekday,2,2025,9
E05014059,18-20,weekday,2,2025,8
E05014059,20-22,weekday,2,2025,6
E05014059,06-08,weekend,1,2025,1
E05014059,08-10,weekend,1,2025,1
E05014059,10-12,weekend,1,2025,1
E05014059,12-14,weekend,1,2025,4
E05014059,14-16,weekend,1,2025,6
E05014059,16-18,weekend,1,2025,6
E05014059,18-20,weekend,1,2025,4
E05014059,20-22,weekend,1,2025,3
E05014059,06-08,weekend,2,2025,1
E05014059,08-10,weekend,2,2025,1
E05014059,10-12,weekend,2,2025,1
E05014059,12-14,weekend,2,2025,4
E05014059,14-16,weekend,2,2025,6
E05014059,16-18,weekend,2,2025,6
E05014059,18-20,weekend,2,2025,4
E05014059,20-22,weekend,2,2025,3
E05014060,06-08,weekday,1,2025,2
E05014060,08-10,weekday,1,2025,4
E05014060,10-12,weekday,1,2025,6
E05014060,12-14,weekday,1,2025,8
E05014060,14-16,weekday,1,2025,9
E05014060,16-18,weekday,1,2025,9
E05014060,18-20,weekday,1,2025,8
E05014060,20-22,weekday,1,2025,6
E05014060,06-08,weekday,2,2025,2
E05014060,08-10,weekday,2,2025,4
E05014060,10-12,weekday,2,2025,6
E05014060,12-14,weekday,2,2025,8
E05014060,14-16,weekday,2,2025,9
E05014060,16-18,weekday,2,2025,9
E05014060,18-20,weekday,2,2025,8
E05014060,20-22,weekday,2,2025,6
E05014060,06-08,weekend,1,2025,1
E05014060,08-10,weekend,1,2025,1
E05014060,10-12,weekend,1,2025,1
E05014060,12-14,weekend,1,2025,4
E05014060,14-16,weekend,1,2025,6
E05014060,16-18,weekend,1,2025,6
E05014060,18-20,weekend,1,2025,4
E05014060,20-22,weekend,1,2025,3
E05014060,06-08,weekend,2,2025,1
E05014060,08-10,weekend,2,2025,2
E05014060,10-12,weekend,2,2025,1
E05014060,12-14,weekend,2,2025,3
E05014060,14-16,weekend,2,2025,6
E05014060,16-18,weekend,2,2025,6
E05014060,18-20,weekend,2,2025,4
E05014060,20-22,weekend,2,2025,3
E05014061,06-08,weekday,1,2025,2
E05014061,08-10,weekday,1,2025,4
E05014061,10-12,weekday,1,2025,6
E05014061,12-14,weekday,1,2025,8
E05014061,14-16,weekday,1,2025,9
E05014061,16-18,weekday,1,2025,9
E05014061,18-20,weekday,1,2025,8
E05014061,20-22,weekday,1,2025,6
E05014061,06-08,weekday,2,2025,2
E05014061,08-10,weekday,2,2025,4
E05014061,10-12,weekday,2,2025,6
E05014061,12-14,weekday,2,2025,8
E05014061,14-16,weekday,2,2025,9
E05014061,16-18,weekday,2,2025,9
E05014061,18-20,weekday,2,2025,8
E05014061,20-22,weekday,2,2025,6
E05014061,06-08,weekend,1,2025,1
E05014061,08-10,weekend,1,2025,1
E05014061,10-12,weekend,1,2025,1
E05014061,12-14,weekend,1,2025,4
E05014061,14-16,weekend,1,2025,6
E05014061,16-18,weekend,1,2025,6
E05014061,18-20,weekend,1,2025,4
E05014061,20-22,weekend,1,2025,3
E05014061,06-08,weekend,2,2025,1
E05014061,08-10,weekend,2,2025,2
E05014061,10-12,weekend,2,2025,1
E05014061,12-14,weekend,2,2025,3
E05014061,14-16,weekend,2,2025,6
E05014061,16-18,weekend,2,2025,6
E05014061,18-20,weekend,2,2025,4
E05014061,20-22,weekend,2,2025,3
E05014062,06-08,weekday,1,2025,2
E05014062,08-10,weekday,1,2025,4
E05014062,10-12,weekday,1,2025,6
E05014062,12-14,weekday,1,2025,8
E05014062,14-16,weekday,1,2025,9
E05014062,16-18,weekday,1,2025,9
E05014062,18-20,weekday,1,2025,8
E05014062,20-22,weekday,1,2025,6
E05014062,06-08,weekday,2,2025,2
E05014062,08-10,weekday,2,2025,4
E05014062,10-12,weekday,2,2025,6
E05014062,12-14,weekday,2,2025,8
E05014062,14-16,weekday,2,2025,9
E05014062,16-18,weekday,2,2025,9
E05014062,18-20,weekday,2,2025,8
E05014062,20-22,weekday,2,2025,6
E05014062,06-08,weekend,1,2025,1
E05014062,08-10,weekend,1,2025,1
E05014062,10-12,weekend,1,2025,1
E05014062,12-14,weekend,1,2025,4
E05014062,14-16,weekend,1,2025,6
E05014062,16-18,weekend,1,2025,6
E05014062,18-20,weekend,1,2025,4
E05014062,20-22,weekend,1,2025,3
E05014062,06-08,weekend,2,2025,1
E05014062,08-10,weekend,2,2025,1
E05014062,10-12,weekend,2,2025,1
E05014062,12-14,weekend,2,2025,4
E05014062,14-16,weekend,2,2025,6
E05014062,16-18,weekend,2,2025,6
E05014062,18-20,weekend,2,2025,4
E05014062,20-22,weekend,2,2025,3
E05014063,06-08,weekday,1,2025,2
E05014063,08-10,weekday,1,2025,4
E05014063,10-12,weekday,1,2025,6
E05014063,12-14,weekday,1,2025,8
E05014063,14-16,weekday,1,2025,9
E05014063,16-18,weekday,1,2025,9
E05014063,18-20,weekday,1,2025,8
E05014063,20-22,weekday,1,2025,6
E05014063,06-08,weekday,2,2025,2
E05014063,08-10,weekday,2,2025,4
E05014063,10-12,weekday,2,2025,6
E05014063,12-14,weekday,2,2025,8
E05014063,14-16,weekday,2,2025,9
E05014063,16-18,weekday,2,2025,9
E05014063,18-20,weekday,2,2025,8
E05014063,20-22,weekday,2,2025,6
E05014063,06-08,weekend,1,2025,1
E05014063,08-10,weekend,1,2025,1
E05014063,10-12,weekend,1,2025,1
E05014063,12-14,weekend,1,2025,4
E05014063,14-16,weekend,1,2025,6
E05014063,16-18,weekend,1,2025,6
E05014063,18-20,weekend,1,2025,4
E05014063,20-22,weekend,1,2025,3
E05014063,06-08,weekend,2,2025,1
E05014063,08-10,weekend,2,2025,2
E05014063,10-12,weekend,2,2025,1
E05014063,12-14,weekend,2,2025,3
E05014063,14-16,weekend,2,2025,6
E05014063,16-18,weekend,2,2025,6
E05014063,18-20,weekend,2,2025,4
E05014063,20-22,weekend,2,2025,3
E05014064,06-08,weekday,1,2025,2
E05014064,08-10,weekday,1,2025,4
E05014064,10-12,weekday,1,2025,6
E05014064,12-14,weekday,1,2025,8
E05014064,14-16,weekday,1,2025,9
E05014064,16-18,weekday,1,2025,9
E05014064,18-20,weekday,1,2025,8
E05014064,20-22,weekday,1,2025,6
E05014064,06-08,weekday,2,2025,2
E05014064,08-10,weekday,2,2025,4
E05014064,10-12,weekday,2,2025,6
E05014064,12-14,weekday,2,2025,8
E05014064,14-16,weekday,2,2025,9
E05014064,16-18,weekday,2,2025,9
E05014064,18-20,weekday,2,2025,8
E05014064,20-22,weekday,2,2025,6
E05014064,06-08,weekend,1,2025,1
E05014064,08-10,weekend,1,2025,1
E05014064,10-12,weekend,1,2025,1
E05014064,12-14,weekend,1,2025,4
E05014064,14-16,weekend,1,2025,6
E05014064,16-18,weekend,1,2025,6
E05014064,18-20,weekend,1,2025,4
E05014064,20-22,weekend,1,2025,3
E05014064,06-08,weekend,2,2025,1
E05014064,08-10,weekend,2,2025,2
E05014064,10-12,weekend,2,2025,1
E05014064,12-14,weekend,2,2025,3
E05014064,14-16,weekend,2,2025,6
E05014064,16-18,weekend,2,2025,6
E05014064,18-20,weekend,2,2025,4
E05014064,20-22,weekend,2,2025,3
E05014065,06-08,weekday,1,2025,2
E05014065,08-10,weekday,1,2025,4
E05014065,10-12,weekday,1,2025,6
E05014065,12-14,weekday,1,2025,8
E05014065,14-16,weekday,1,2025,9
E05014065,16-18,weekday,1,2025,9
E05014065,18-20,weekday,1,2025,8
E05014065,20-22,weekday,1,2025,6
E05014065,06-08,weekday,2,2025,2
E05014065,08-10,weekday,2,2025,4
E05014065,10-12,weekday,2,2025,6
E05014065,12-14,weekday,2,2025,8
E05014065,14-16,weekday,2,2025,9
E05014065,16-18,weekday,2,2025,9
E05014065,18-20,weekday,2,2025,8
E05014065,20-22,weekday,2,2025,6
E05014065,06-08,weekend,1,2025,1
E05014065,08-10,weekend,1,2025,1
E05014065,10-12,weekend,1,2025,1
E05014065,12-14,weekend,1,2025,4
E05014065,14-16,weekend,1,2025,6
E05014065,16-18,weekend,1,2025,6
E05014065,18-20,weekend,1,2025,4
E05014065,20-22,weekend,1,2025,3
E05014065,06-08,weekend,2,2025,1
E05014065,08-10,weekend,2,2025,2
E05014065,10-12,weekend,2,2025,1
E05014065,12-14,weekend,2,2025,3
E05014065,14-16,weekend,2,2025,6
E05014065,16-18,weekend,2,2025,6
E05014065,18-20,weekend,2,2025,4
E05014065,20-22,weekend,2,2025,3
E05014066,06-08,weekday,1,2025,2
E05014066,08-10,weekday,1,2025,4
E05014066,10-12,weekday,1,2025,6
E05014066,12-14,weekday,1,2025,8
E05014066,14-16,weekday,1,2025,9
E05014066,16-18,weekday,1,2025,9
E05014066,18-20,weekday,1,2025,8
E05014066,20-22,weekday,1,2025,6
E05014066,06-08,weekday,2,2025,2
E05014066,08-10,weekday,2,2025,4
E05014066,10-12,weekday,2,2025,6
E05014066,12-14,weekday,2,2025,8
E05014066,14-16,weekday,2,2025,9
E05014066,16-18,weekday,2,2025,9
E05014066,18-20,weekday,2,2025,8
E05014066,20-22,weekday,2,2025,6
E05014066,06-08,weekend,1,2025,1
E05014066,08-10,weekend,1,2025,1
E05014066,10-12,weekend,1,2025,1
E05014066,12-14,weekend,1,2025,4
E05014066,14-16,weekend,1,2025,6
E05014066,16-18,weekend,1,2025,6
E05014066,18-20,weekend,1,2025,4
E05014066,20-22,weekend,1,2025,3
E05014066,06-08,weekend,2,2025,1
E05014066,08-10,weekend,2,2025,2
E05014066,10-12,weekend,2,2025,1
E05014066,12-14,weekend,2,2025,3
E05014066,14-16,weekend,2,2025,6
E05014066,16-18,weekend,2,2025,6
E05014066,18-20,weekend,2,2025,4
E05014066,20-22,weekend,2,2025,3
E05014067,06-08,weekday,1,2025,2
E05014067,08-10,weekday,1,2025,4
E05014067,10-12,weekday,1,2025,6
E05014067,12-14,weekday,1,2025,8
E05014067,14-16,weekday,1,2025,9
E05014067,16-18,weekday,1,2025,9
E05014067,18-20,weekday,1,2025,8
E05014067,20-22,weekday,1,2025,6
E05014067,06-08,weekday,2,2025,2
E05014067,08-10,weekday,2,2025,4
E05014067,10-12,weekday,2,2025,6
E05014067,12-14,weekday,2,2025,8
E05014067,14-16,weekday,2,2025,9
E05014067,16-18,weekday,2,2025,9
E05014067,18-20,weekday,2,2025,8
E05014067,20-22,weekday,2,2025,6
E05014067,06-08,weekend,1,2025,1
E05014067,08-10,weekend,1,2025,1
E05014067,10-12,weekend,1,2025,1
E05014067,12-14,weekend,1,2025,4
E05014067,14-16,weekend,1,2025,6
E05014067,16-18,weekend,1,2025,6
E05014067,18-20,weekend,1,2025,4
E05014067,20-22,weekend,1,2025,3
E05014067,06-08,weekend,2,2025,1
E05014067,08-10,weekend,2,2025,2
E05014067,10-12,weekend,2,2025,1
E05014067,12-14,weekend,2,2025,3
E05014067,14-16,weekend,2,2025,6
E05014067,16-18,weekend,2,2025,6
E05014067,18-20,weekend,2,2025,4
E05014067,20-22,weekend,2,2025,3
E05014068,06-08,weekday,1,2025,2
E05014068,08-10,weekday,1,2025,4
E05014068,10-12,weekday,1,2025,6
E05014068,12-14,weekday,1,2025,8
E05014068,14-16,weekday,1,2025,9
E05014068,16-18,weekday,1,2025,9
E05014068,18-20,weekday,1,2025,8
E05014068,20-22,weekday,1,2025,6
E05014068,06-08,weekday,2,2025,2
E05014068,08-10,weekday,2,2025,4
E05014068,10-12,weekday,2,2025,6
E05014068,12-14,weekday,2,2025,8
E05014068,14-16,weekday,2,2025,9
E05014068,16-18,weekday,2,2025,9
E05014068,18-20,weekday,2,2025,8
E05014068,20-22,weekday,2,2025,6
E05014068,06-08,weekend,1,2025,1
E05014068,08-10,weekend,1,2025,1
E05014068,10-12,weekend,1,2025,1
E05014068,12-14,weekend,1,2025,4
E05014068,14-16,weekend,1,2025,6
E05014068,16-18,weekend,1,2025,6
E05014068,18-20,weekend,1,2025,4
E05014068,20-22,weekend,1,2025,3
E05014068,06-08,weekend,2,2025,1
E05014068,08-10,weekend,2,2025,2
E05014068,10-12,weekend,2,2025,1
E05014068,12-14,weekend,2,2025,3
E05014068,14-16,weekend,2,2025,6
E05014068,16-18,weekend,2,2025,6
E05014068,18-20,weekend,2,2025,4
E05014068,20-22,weekend,2,2025,3
E05014069,06-08,weekday,1,2025,2
E05014069,08-10,weekday,1,2025,4
E05014069,10-12,weekday,1,2025,6
E05014069,12-14,weekday,1,2025,8
E05014069,14-16,weekday,1,2025,9
E05014069,16-18,weekday,1,2025,9
E05014069,18-20,weekday,1,2025,8
E05014069,20-22,weekday,1,2025,6
E05014069,06-08,weekday,2,2025,2
E05014069,08-10,weekday,2,2025,4
E05014069,10-12,weekday,2,2025,6
E05014069,12-14,weekday,2,2025,8
E05014069,14-16,weekday,2,2025,9
E05014069,16-18,weekday,2,2025,9
E05014069,18-20,weekday,2,2025,8
E05014069,20-22,weekday,2,2025,6
E05014069,06-08,weekend,1,2025,1
E05014069,08-10,weekend,1,2025,1
E05014069,10-12,weekend,1,2025,1
E05014069,12-14,weekend,1,2025,4
E05014069,14-16,weekend,1,2025,6
E05014069,16-18,weekend,1,2025,6
E05014069,18-20,weekend,1,2025,4
E05014069,20-22,weekend,1,2025,3
E05014069,06-08,weekend,2,2025,1
E05014069,08-10,weekend,2,2025,2
E05014069,10-12,weekend,2,2025,1
E05014069,12-14,weekend,2,2025,3
E05014069,14-16,weekend,2,2025,6
E05014069,16-18,weekend,2,2025,6
E05014069,18-20,weekend,2,2025,4
E05014069,20-22,weekend,2,2025,3
E05014070,06-08,weekday,1,2025,2
E05014070,08-10,weekday,1,2025,4
E05014070,10-12,weekday,1,2025,6
E05014070,12-14,weekday,1,2025,8
E05014070,14-16,weekday,1,2025,9
E05014070,16-18,weekday,1,2025,9
E05014070,18-20,weekday,1,2025,8
E05014070,20-22,weekday,1,2025,6
E05014070,06-08,weekday,2,2025,2
E05014070,08-10,weekday,2,2025,4
E05014070,10-12,weekday,2,2025,6
E05014070,12-14,weekday,2,2025,8
E05014070,14-16,weekday,2,2025,9
E05014070,16-18,weekday,2,2025,9
E05014070,18-20,weekday,2,2025,8
E05014070,20-22,weekday,2,2025,6
E05014070,06-08,weekend,1,2025,1
E05014070,08-10,weekend,1,2025,1
E05014070,10-12,weekend,1,2025,1
E05014070,12-14,weekend,1,2025,4
E05014070,14-16,weekend,1,2025,6
E05014070,16-18,weekend,1,2025,6
E05014070,18-20,weekend,1,2025,4
E05014070,20-22,weekend,1,2025,3
E05014070,06-08,weekend,2,2025,1
E05014070,08-10,weekend,2,2025,2
E05014070,10-12,weekend,2,2025,1
E05014070,12-14,weekend,2,2025,3
E05014070,14-16,weekend,2,2025,6
E05014070,16-18,weekend,2,2025,6
E05014070,18-20,weekend,2,2025,4
E05014070,20-22,weekend,2,2025,3
E05014071,06-08,weekday,1,2025,2
E05014071,08-10,weekday,1,2025,4
E05014071,10-12,weekday,1,2025,6
E05014071,12-14,weekday,1,2025,8
E05014071,14-16,weekday,1,2025,9
E05014071,16-18,weekday,1,2025,9
E05014071,18-20,weekday,1,2025,8
E05014071,20-22,weekday,1,2025,6
E05014071,06-08,weekday,2,2025,2
E05014071,08-10,weekday,2,2025,4
E05014071,10-12,weekday,2,2025,6
E05014071,12-14,weekday,2,2025,8
E05014071,14-16,weekday,2,2025,9
E05014071,16-18,weekday,2,2025,9
E05014071,18-20,weekday,2,2025,8
E05014071,20-22,weekday,2,2025,6
E05014071,06-08,weekend,1,2025,1
E05014071,08-10,weekend,1,2025,1
E05014071,10-12,weekend,1,2025,1
E05014071,12-14,weekend,1,2025,4
E05014071,14-16,weekend,1,2025,6
E05014071,16-18,weekend,1,2025,6
E05014071,18-20,weekend,1,2025,4
E05014071,20-22,weekend,1,2025,3
E05014071,06-08,weekend,2,2025,1
E05014071,08-10,weekend,2,2025,2
E05014071,10-12,weekend,2,2025,1
E05014071,12-14,weekend,2,2025,3
E05014071,14-16,weekend,2,2025,6
E05014071,16-18,weekend,2,2025,6
E05014071,18-20,weekend,2,2025,4
E05014071,20-22,weekend,2,2025,3
E05014072,06-08,weekday,1,2025,2
E05014072,08-10,weekday,1,2025,4
E05014072,10-12,weekday,1,2025,6
E05014072,12-14,weekday,1,2025,8
E05014072,14-16,weekday,1,2025,9
E05014072,16-18,weekday,1,2025,9
E05014072,18-20,weekday,1,2025,8
E05014072,20-22,weekday,1,2025,6
E05014072,06-08,weekday,2,2025,2
E05014072,08-10,weekday,2,2025,4
E05014072,10-12,weekday,2,2025,6
E05014072,12-14,weekday,2,2025,8
E05014072,14-16,weekday,2,2025,9
E05014072,16-18,weekday,2,2025,9
E05014072,18-20,weekday,2,2025,8
E05014072,20-22,weekday,2,2025,6
E05014072,06-08,weekend,1,2025,1
E05014072,08-10,weekend,1,2025,1
E05014072,10-12,weekend,1,2025,1
E05014072,12-14,weekend,1,2025,4
E05014072,14-16,weekend,1,2025,6
E05014072,16-18,weekend,1,2025,6
E05014072,18-20,weekend,1,2025,4
E05014072,20-22,weekend,1,2025,3
E05014072,06-08,weekend,2,2025,1
E05014072,08-10,weekend,2,2025,2
E05014072,10-12,weekend,2,2025,1
E05014072,12-14,weekend,2,2025,3
E05014072,14-16,weekend,2,2025,6
E05014072,16-18,weekend,2,2025,6
E05014072,18-20,weekend,2,2025,4
E05014072,20-22,weekend,2,2025,3
E05014073,06-08,weekday,1,2025,2
E05014073,08-10,weekday,1,2025,4
E05014073,10-12,weekday,1,2025,6
E05014073,12-14,weekday,1,2025,8
E05014073,14-16,weekday,1,2025,9
E05014073,16-18,weekday,1,2025,9
E05014073,18-20,weekday,1,2025,8
E05014073,20-22,weekday,1,2025,6
E05014073,06-08,weekday,2,2025,2
E05014073,08-10,weekday,2,2025,4
E05014073,10-12,weekday,2,2025,6
E05014073,12-14,weekday,2,2025,8
E05014073,14-16,weekday,2,2025,9
E05014073,16-18,weekday,2,2025,9
E05014073,18-20,weekday,2,2025,8
E05014073,20-22,weekday,2,2025,6
E05014073,06-08,weekend,1,2025,1
E05014073,08-10,weekend,1,2025,1
E05014073,10-12,weekend,1,2025,1
E05014073,12-14,weekend,1,2025,4
E05014073,14-16,weekend,1,2025,6
E05014073,16-18,weekend,1,2025,6
E05014073,18-20,weekend,1,2025,4
E05014073,20-22,weekend,1,2025,3
E05014073,06-08,weekend,2,2025,1
E05014073,08-10,weekend,2,2025,2
E05014073,10-12,weekend,2,2025,1
E05014073,12-14,weekend,2,2025,3
E05014073,14-16,weekend,2,2025,6
E05014073,16-18,weekend,2,2025,6
E05014073,18-20,weekend,2,2025,4
E05014073,20-22,weekend,2,2025,3
E05014074,06-08,weekday,1,2025,2
E05014074,08-10,weekday,1,2025,4
E05014074,10-12,weekday,1,2025,6
E05014074,12-14,weekday,1,2025,8
E05014074,14-16,weekday,1,2025,9
E05014074,16-18,weekday,1,2025,9
E05014074,18-20,weekday,1,2025,8
E05014074,20-22,weekday,1,2025,6
E05014074,06-08,weekday,2,2025,2
E05014074,08-10,weekday,2,2025,4
E05014074,10-12,weekday,2,2025,6
E05014074,12-14,weekday,2,2025,8
E05014074,14-16,weekday,2,2025,9
E05014074,16-18,weekday,2,2025,9
E05014074,18-20,weekday,2,2025,8
E05014074,20-22,weekday,2,2025,6
E05014074,06-08,weekend,1,2025,1
E05014074,08-10,weekend,1,2025,1
E05014074,10-12,weekend,1,2025,1
E05014074,12-14,weekend,1,2025,4
E05014074,14-16,weekend,1,2025,6
E05014074,16-18,weekend,1,2025,6
E05014074,18-20,weekend,1,2025,4
E05014074,20-22,weekend,1,2025,3
E05014074,06-08,weekend,2,2025,1
E05014074,08-10,weekend,2,2025,1
E05014074,10-12,weekend,2,2025,1
E05014074,12-14,weekend,2,2025,4
E05014074,14-16,weekend,2,2025,6
E05014074,16-18,weekend,2,2025,6
E05014074,18-20,weekend,2,2025,4
E05014074,20-22,weekend,2,2025,3
E05014075,06-08,weekday,1,2025,2
E05014075,08-10,weekday,1,2025,4
E05014075,10-12,weekday,1,2025,6
E05014075,12-14,weekday,1,2025,8
E05014075,14-16,weekday,1,2025,9
E05014075,16-18,weekday,1,2025,9
E05014075,18-20,weekday,1,2025,8
E05014075,20-22,weekday,1,2025,6
E05014075,06-08,weekday,2,2025,2
E05014075,08-10,weekday,2,2025,4
E05014075,10-12,weekday,2,2025,6
E05014075,12-14,weekday,2,2025,8
E05014075,14-16,weekday,2,2025,9
E05014075,16-18,weekday,2,2025,9
E05014075,18-20,weekday,2,2025,8
E05014075,20-22,weekday,2,2025,6
E05014075,06-08,weekend,1,2025,1
E05014075,08-10,weekend,1,2025,1
E05014075,10-12,weekend,1,2025,1
E05014075,12-14,weekend,1,2025,4
E05014075,14-16,weekend,1,2025,6
E05014075,16-18,weekend,1,2025,6
E05014075,18-20,weekend,1,2025,4
E05014075,20-22,weekend,1,2025,3
E05014075,06-08,weekend,2,2025,1
E05014075,08-10,weekend,2,2025,2
E05014075,10-12,weekend,2,2025,1
E05014075,12-14,weekend,2,2025,3
E05014075,14-16,weekend,2,2025,6
E05014075,16-18,weekend,2,2025,6
E05014075,18-20,weekend,2,2025,4
E05014075,20-22,weekend,2,2025,3
E05014076,06-08,weekday,1,2025,2
E05014076,08-10,weekday,1,2025,4
E05014076,10-12,weekday,1,2025,6
E05014076,12-14,weekday,1,2025,8
E05014076,14-16,weekday,1,2025,9
E05014076,16-18,weekday,1,2025,9
E05014076,18-20,weekday,1,2025,8
E05014076,20-22,weekday,1,2025,6
E05014076,06-08,weekday,2,2025,2
E05014076,08-10,weekday,2,2025,4
E05014076,10-12,weekday,2,2025,6
E05014076,12-14,weekday,2,2025,8
E05014076,14-16,weekday,2,2025,9
E05014076,16-18,weekday,2,2025,9
E05014076,18-20,weekday,2,2025,8
E05014076,20-22,weekday,2,2025,6
E05014076,06-08,weekend,1,2025,1
E05014076,08-10,weekend,1,2025,1
E05014076,10-12,weekend,1,2025,1
E05014076,12-14,weekend,1,2025,4
E05014076,14-16,weekend,1,2025,6
E05014076,16-18,weekend,1,2025,6
E05014076,18-20,weekend,1,2025,4
E05014076,20-22,weekend,1,2025,3
E05014076,06-08,weekend,2,2025,1
E05014076,08-10,weekend,2,2025,2
E05014076,10-12,weekend,2,2025,1
E05014076,12-14,weekend,2,2025,3
E05014076,14-16,weekend,2,2025,6
E05014076,16-18,weekend,2,2025,6
E05014076,18-20,weekend,2,2025,4
E05014076,20-22,weekend,2,2025,3
E05014077,06-08,weekday,1,2025,2
E05014077,08-10,weekday,1,2025,4
E05014077,10-12,weekday,1,2025,6
E05014077,12-14,weekday,1,2025,8
E05014077,14-16,weekday,1,2025,9
E05014077,16-18,weekday,1,2025,9
E05014077,18-20,weekday,1,2025,8
E05014077,20-22,weekday,1,2025,6
E05014077,06-08,weekday,2,2025,2
E05014077,08-10,weekday,2,2025,4
E05014077,10-12,weekday,2,2025,6
E05014077,12-14,weekday,2,2025,8
E05014077,14-16,weekday,2,2025,9
E05014077,16-18,weekday,2,2025,9
E05014077,18-20,weekday,2,2025,8
E05014077,20-22,weekday,2,2025,6
E05014077,06-08,weekend,1,2025,1
E05014077,08-10,weekend,1,2025,1
E05014077,10-12,weekend,1,2025,1
E05014077,12-14,weekend,1,2025,4
E05014077,14-16,weekend,1,2025,6
E05014077,16-18,weekend,1,2025,6
E05014077,18-20,weekend,1,2025,4
E05014077,20-22,weekend,1,2025,3
E05014077,06-08,weekend,2,2025,1
E05014077,08-10,weekend,2,2025,2
E05014077,10-12,weekend,2,2025,1
E05014077,12-14,weekend,2,2025,3
E05014077,14-16,weekend,2,2025,6
E05014077,16-18,weekend,2,2025,6
E05014077,18-20,weekend,2,2025,4
E05014077,20-22,weekend,2,2025,3
E05014078,06-08,weekday,1,2025,2
E05014078,08-10,weekday,1,2025,4
E05014078,10-12,weekday,1,2025,6
E05014078,12-14,weekday,1,2025,8
E05014078,14-16,weekday,1,2025,9
E05014078,16-18,weekday,1,2025,9
E05014078,18-20,weekday,1,2025,8
E05014078,20-22,weekday,1,2025,6
E05014078,06-08,weekday,2,2025,2
E05014078,08-10,weekday,2,2025,4
E05014078,10-12,weekday,2,2025,6
E05014078,12-14,weekday,2,2025,8
E05014078,14-16,weekday,2,2025,9
E05014078,16-18,weekday,2,2025,9
E05014078,18-20,weekday,2,2025,8
E05014078,20-22,weekday,2,2025,6
E05014078,06-08,weekend,1,2025,1
E05014078,08-10,weekend,1,2025,1
E05014078,10-12,weekend,1,2025,1
E05014078,12-14,weekend,1,2025,4
E05014078,14-16,weekend,1,2025,6
E05014078,16-18,weekend,1,2025,6
E05014078,18-20,weekend,1,2025,4
E05014078,20-22,weekend,1,2025,3
E05014078,06-08,weekend,2,2025,1
E05014078,08-10,weekend,2,2025,2
E05014078,10-12,weekend,2,2025,1
E05014078,12-14,weekend,2,2025,3
E05014078,14-16,weekend,2,2025,6
E05014078,16-18,weekend,2,2025,6
E05014078,18-20,weekend,2,2025,4
E05014078,20-22,weekend,2,2025,3
E05014079,06-08,weekday,1,2025,2
E05014079,08-10,weekday,1,2025,4
E05014079,10-12,weekday,1,2025,6
E05014079,12-14,weekday,1,2025,8
E05014079,14-16,weekday,1,2025,9
E05014079,16-18,weekday,1,2025,9
E05014079,18-20,weekday,1,2025,8
E05014079,20-22,weekday,1,2025,6
E05014079,06-08,weekday,2,2025,2
E05014079,08-10,weekday,2,2025,4
E05014079,10-12,weekday,2,2025,6
E05014079,12-14,weekday,2,2025,8
E05014079,14-16,weekday,2,2025,9
E05014079,16-18,weekday,2,2025,9
E05014079,18-20,weekday,2,2025,8
E05014079,20-22,weekday,2,2025,6
E05014079,06-08,weekend,1,2025,1
E05014079,08-10,weekend,1,2025,1
E05014079,10-12,weekend,1,2025,1
E05014079,12-14,weekend,1,2025,4
E05014079,14-16,weekend,1,2025,6
E05014079,16-18,weekend,1,2025,6
E05014079,18-20,weekend,1,2025,4
E05014079,20-22,weekend,1,2025,3
E05014079,06-08,weekend,2,2025,1
E05014079,08-10,weekend,2,2025,2
E05014079,10-12,weekend,2,2025,1
E05014079,12-14,weekend,2,2025,3
E05014079,14-16,weekend,2,2025,6
E05014079,16-18,weekend,2,2025,6
E05014079,18-20,weekend,2,2025,4
E05014079,20-22,weekend,2,2025,3
E05014080,06-08,weekday,1,2025,2
E05014080,08-10,weekday,1,2025,4
E05014080,10-12,weekday,1,2025,6
E05014080,12-14,weekday,1,2025,8
E05014080,14-16,weekday,1,2025,9
E05014080,16-18,weekday,1,2025,9
E05014080,18-20,weekday,1,2025,8
E05014080,20-22,weekday,1,2025,6
E05014080,06-08,weekday,2,2025,2
E05014080,08-10,weekday,2,2025,4
E05014080,10-12,weekday,2,2025,6
E05014080,12-14,weekday,2,2025,8
E05014080,14-16,weekday,2,2025,9
E05014080,16-18,weekday,2,2025,9
E05014080,18-20,weekday,2,2025,8
E05014080,20-22,weekday,2,2025,6
E05014080,06-08,weekend,1,2025,1
E05014080,08-10,weekend,1,2025,1
E05014080,10-12,weekend,1,2025,1
E05014080,12-14,weekend,1,2025,4
E05014080,14-16,weekend,1,2025,6
E05014080,16-18,weekend,1,2025,6
E05014080,18-20,weekend,1,2025,4
E05014080,20-22,weekend,1,2025,3
E05014080,06-08,weekend,2,2025,1
E05014080,08-10,weekend,2,2025,2
E05014080,10-12,weekend,2,2025,1
E05014080,12-14,weekend,2,2025,3
E05014080,14-16,weekend,2,2025,6
E05014080,16-18,weekend,2,2025,6
E05014080,18-20,weekend,2,2025,4
E05014080,20-22,weekend,2,2025,3
E05014081,06-08,weekday,1,2025,2
E05014081,08-10,weekday,1,2025,4
E05014081,10-12,weekday,1,2025,6
E05014081,12-14,weekday,1,2025,8
E05014081,14-16,weekday,1,2025,9
E05014081,16-18,weekday,1,2025,9
E05014081,18-20,weekday,1,2025,8
E05014081,20-22,weekday,1,2025,6
E05014081,06-08,weekday,2,2025,2
E05014081,08-10,weekday,2,2025,4
E05014081,10-12,weekday,2,2025,6
E05014081,12-14,weekday,2,2025,8
E05014081,14-16,weekday,2,2025,9
E05014081,16-18,weekday,2,2025,9
E05014081,18-20,weekday,2,2025,8
E05014081,20-22,weekday,2,2025,6
E05014081,06-08,weekend,1,2025,1
E05014081,08-10,weekend,1,2025,1
E05014081,10-12,weekend,1,2025,1
E05014081,12-14,weekend,1,2025,4
E05014081,14-16,weekend,1,2025,6
E05014081,16-18,weekend,1,2025,6
E05014081,18-20,weekend,1,2025,4
E05014081,20-22,weekend,1,2025,3
E05014081,06-08,weekend,2,2025,1
E05014081,08-10,weekend,2,2025,2
E05014081,10-12,weekend,2,2025,1
E05014081,12-14,weekend,2,2025,3
E05014081,14-16,weekend,2,2025,6
E05014081,16-18,weekend,2,2025,6
E05014081,18-20,weekend,2,2025,4
E05014081,20-22,weekend,2,2025,3
E05014082,06-08,weekday,1,2025,2
E05014082,08-10,weekday,1,2025,4
E05014082,10-12,weekday,1,2025,6
E05014082,12-14,weekday,1,2025,8
E05014082,14-16,weekday,1,2025,9
E05014082,16-18,weekday,1,2025,9
E05014082,18-20,weekday,1,2025,8
E05014082,20-22,weekday,1,2025,6
E05014082,06-08,weekday,2,2025,2
E05014082,08-10,weekday,2,2025,4
E05014082,10-12,weekday,2,2025,6
E05014082,12-14,weekday,2,2025,8
E05014082,14-16,weekday,2,2025,9
E05014082,16-18,weekday,2,2025,9
E05014082,18-20,weekday,2,2025,8
E05014082,20-22,weekday,2,2025,6
E05014082,06-08,weekend,1,2025,1
E05014082,08-10,weekend,1,2025,1
E05014082,10-12,weekend,1,2025,1
E05014082,12-14,weekend,1,2025,4
E05014082,14-16,weekend,1,2025,6
E05014082,16-18,weekend,1,2025,6
E05014082,18-20,weekend,1,2025,4
E05014082,20-22,weekend,1,2025,3
E05014082,06-08,weekend,2,2025,1
E05014082,08-10,weekend,2,2025,2
E05014082,10-12,weekend,2,2025,1
E05014082,12-14,weekend,2,2025,3
E05014082,14-16,weekend,2,2025,6
E05014082,16-18,weekend,2,2025,6
E05014082,18-20,weekend,2,2025,4
E05014082,20-22,weekend,2,2025,3
E05014083,06-08,weekday,1,2025,2
E05014083,08-10,weekday,1,2025,4
E05014083,10-12,weekday,1,2025,6
E05014083,12-14,weekday,1,2025,8
E05014083,14-16,weekday,1,2025,9
E05014083,16-18,weekday,1,2025,9
E05014083,18-20,weekday,1,2025,8
E05014083,20-22,weekday,1,2025,6
E05014083,06-08,weekday,2,2025,2
E05014083,08-10,weekday,2,2025,4
E05014083,10-12,weekday,2,2025,6
E05014083,12-14,weekday,2,2025,8
E05014083,14-16,weekday,2,2025,9
E05014083,16-18,weekday,2,2025,9
E05014083,18-20,weekday,2,2025,8
E05014083,20-22,weekday,2,2025,6
E05014083,06-08,weekend,1,2025,1
E05014083,08-10,weekend,1,2025,1
E05014083,10-12,weekend,1,2025,1
E05014083,12-14,weekend,1,2025,4
E05014083,14-16,weekend,1,2025,6
E05014083,16-18,weekend,1,2025,6
E05014083,18-20,weekend,1,2025,4
E05014083,20-22,weekend,1,2025,3
E05014083,06-08,weekend,2,2025,1
E05014083,08-10,weekend,2,2025,2
E05014083,10-12,weekend,2,2025,1
E05014083,12-14,weekend,2,2025,3
E05014083,14-16,weekend,2,2025,6
E05014083,16-18,weekend,2,2025,6
E05014083,18-20,weekend,2,2025,4
E05014083,20-22,weekend,2,2025,3
E05014084,06-08,weekday,1,2025,2
E05014084,08-10,weekday,1,2025,4
E05014084,10-12,weekday,1,2025,6
E05014084,12-14,weekday,1,2025,8
E05014084,14-16,weekday,1,2025,9
E05014084,16-18,weekday,1,2025,9
E05014084,18-20,weekday,1,2025,8
E05014084,20-22,weekday,1,2025,6
E05014084,06-08,weekday,2,2025,2
E05014084,08-10,weekday,2,2025,4
E05014084,10-12,weekday,2,2025,6
E05014084,12-14,weekday,2,2025,8
E05014084,14-16,weekday,2,2025,9
E05014084,16-18,weekday,2,2025,9
E05014084,18-20,weekday,2,2025,8
E05014084,20-22,weekday,2,2025,6
E05014084,06-08,weekend,1,2025,1
E05014084,08-10,weekend,1,2025,1
E05014084,10-12,weekend,1,2025,1
E05014084,12-14,weekend,1,2025,4
E05014084,14-16,weekend,1,2025,6
E05014084,16-18,weekend,1,2025,6
E05014084,18-20,weekend,1,2025,4
E05014084,20-22,weekend,1,2025,3
E05014084,06-08,weekend,2,2025,1
E05014084,08-10,weekend,2,2025,2
E05014084,10-12,weekend,2,2025,1
E05014084,12-14,weekend,2,2025,3
E05014084,14-16,weekend,2,2025,6
E05014084,16-18,weekend,2,2025,6
E05014084,18-20,weekend,2,2025,4
E05014084,20-22,weekend,2,2025,3
E05014085,06-08,weekday,1,2025,2
E05014085,08-10,weekday,1,2025,4
E05014085,10-12,weekday,1,2025,6
E05014085,12-14,weekday,1,2025,8
E05014085,14-16,weekday,1,2025,9
E05014085,16-18,weekday,1,2025,9
E05014085,18-20,weekday,1,2025,8
E05014085,20-22,weekday,1,2025,6
E05014085,06-08,weekday,2,2025,2
E05014085,08-10,weekday,2,2025,4
E05014085,10-12,weekday,2,2025,6
E05014085,12-14,weekday,2,2025,8
E05014085,14-16,weekday,2,2025,9
E05014085,16-18,weekday,2,2025,9
E05014085,18-20,weekday,2,2025,8
E05014085,20-22,weekday,2,2025,6
E05014085,06-08,weekend,1,2025,1
E05014085,08-10,weekend,1,2025,1
E05014085,10-12,weekend,1,2025,1
E05014085,12-14,weekend,1,2025,4
E05014085,14-16,weekend,1,2025,6
E05014085,16-18,weekend,1,2025,6
E05014085,18-20,weekend,1,2025,4
E05014085,20-22,weekend,1,2025,3
E05014085,06-08,weekend,2,2025,1
E05014085,08-10,weekend,2,2025,2
E05014085,10-12,weekend,2,2025,1
E05014085,12-14,weekend,2,2025,3
E05014085,14-16,weekend,2,2025,6
E05014085,16-18,weekend,2,2025,6
E05014085,18-20,weekend,2,2025,4
E05014085,20-22,weekend,2,2025,3
E05014086,06-08,weekday,1,2025,2
E05014086,08-10,weekday,1,2025,4
E05014086,10-12,weekday,1,2025,6
E05014086,12-14,weekday,1,2025,8
E05014086,14-16,weekday,1,2025,9
E05014086,16-18,weekday,1,2025,9
E05014086,18-20,weekday,1,2025,8
E05014086,20-22,weekday,1,2025,6
E05014086,06-08,weekday,2,2025,2
E05014086,08-10,weekday,2,2025,4
E05014086,10-12,weekday,2,2025,6
E05014086,12-14,weekday,2,2025,8
E05014086,14-16,weekday,2,2025,9
E05014086,16-18,weekday,2,2025,9
E05014086,18-20,weekday,2,2025,8
E05014086,20-22,weekday,2,2025,6
E05014086,06-08,weekend,1,2025,1
E05014086,08-10,weekend,1,2025,1
E05014086,10-12,weekend,1,2025,1
E05014086,12-14,weekend,1,2025,4
E05014086,14-16,weekend,1,2025,6
E05014086,16-18,weekend,1,2025,6
E05014086,18-20,weekend,1,2025,4
E05014086,20-22,weekend,1,2025,3
E05014086,06-08,weekend,2,2025,1
E05014086,08-10,weekend,2,2025,1
E05014086,10-12,weekend,2,2025,1
E05014086,12-14,weekend,2,2025,4
E05014086,14-16,weekend,2,2025,6
E05014086,16-18,weekend,2,2025,6
E05014086,18-20,weekend,2,2025,4
E05014086,20-22,weekend,2,2025,3
E05014087,06-08,weekday,1,2025,2
E05014087,08-10,weekday,1,2025,4
E05014087,10-12,weekday,1,2025,6
E05014087,12-14,weekday,1,2025,8
E05014087,14-16,weekday,1,2025,9
E05014087,16-18,weekday,1,2025,9
E05014087,18-20,weekday,1,2025,8
E05014087,20-22,weekday,1,2025,6
E05014087,06-08,weekday,2,2025,2
E05014087,08-10,weekday,2,2025,4
E05014087,10-12,weekday,2,2025,6
E05014087,12-14,weekday,2,2025,8
E05014087,14-16,weekday,2,2025,9
E05014087,16-18,weekday,2,2025,9
E05014087,18-20,weekday,2,2025,8
E05014087,20-22,weekday,2,2025,6
E05014087,06-08,weekend,1,2025,1
E05014087,08-10,weekend,1,2025,1
E05014087,10-12,weekend,1,2025,1
E05014087,12-14,weekend,1,2025,4
E05014087,14-16,weekend,1,2025,6
E05014087,16-18,weekend,1,2025,6
E05014087,18-20,weekend,1,2025,4
E05014087,20-22,weekend,1,2025,3
E05014087,06-08,weekend,2,2025,1
E05014087,08-10,weekend,2,2025,2
E05014087,10-12,weekend,2,2025,1
E05014087,12-14,weekend,2,2025,3
E05014087,14-16,weekend,2,2025,6
E05014087,16-18,weekend,2,2025,6
E05014087,18-20,weekend,2,2025,4
E05014087,20-22,weekend,2,2025,3
E05014088,06-08,weekday,1,2025,2
E05014088,08-10,weekday,1,2025,4
E05014088,10-12,weekday,1,2025,6
E05014088,12-14,weekday,1,2025,8
E05014088,14-16,weekday,1,2025,9
E05014088,16-18,weekday,1,2025,9
E05014088,18-20,weekday,1,2025,8
E05014088,20-22,weekday,1,2025,6
E05014088,06-08,weekday,2,2025,2
E05014088,08-10,weekday,2,2025,4
E05014088,10-12,weekday,2,2025,6
E05014088,12-14,weekday,2,2025,8
E05014088,14-16,weekday,2,2025,9
E05014088,16-18,weekday,2,2025,9
E05014088,18-20,weekday,2,2025,8
E05014088,20-22,weekday,2,2025,6
E05014088,06-08,weekend,1,2025,1
E05014088,08-10,weekend,1,2025,1
E05014088,10-12,weekend,1,2025,1
E05014088,12-14,weekend,1,2025,4
E05014088,14-16,weekend,1,2025,6
E05014088,16-18,weekend,1,2025,6
E05014088,18-20,weekend,1,2025,4
E05014088,20-22,weekend,1,2025,3
E05014088,06-08,weekend,2,2025,1
E05014088,08-10,weekend,2,2025,2
E05014088,10-12,weekend,2,2025,1
E05014088,12-14,weekend,2,2025,3
E05014088,14-16,weekend,2,2025,6
E05014088,16-18,weekend,2,2025,6
E05014088,18-20,weekend,2,2025,4
E05014088,20-22,weekend,2,2025,3
E05014089,06-08,weekday,1,2025,2
E05014089,08-10,weekday,1,2025,4
E05014089,10-12,weekday,1,2025,6
E05014089,12-14,weekday,1,2025,8
E05014089,14-16,weekday,1,2025,9
E05014089,16-18,weekday,1,2025,9
E05014089,18-20,weekday,1,2025,8
E05014089,20-22,weekday,1,2025,6
E05014089,06-08,weekday,2,2025,2
E05014089,08-10,weekday,2,2025,4
E05014089,10-12,weekday,2,2025,6
E05014089,12-14,weekday,2,2025,8
E05014089,14-16,weekday,2,2025,9
E05014089,16-18,weekday,2,2025,9
E05014089,18-20,weekday,2,2025,8
E05014089,20-22,weekday,2,2025,6
E05014089,06-08,weekend,1,2025,1
E05014089,08-10,weekend,1,2025,1
E05014089,10-12,weekend,1,2025,1
E05014089,12-14,weekend,1,2025,4
E05014089,14-16,weekend,1,2025,6
E05014089,16-18,weekend,1,2025,6
E05014089,18-20,weekend,1,2025,4
E05014089,20-22,weekend,1,2025,3
E05014089,06-08,weekend,2,2025,1
E05014089,08-10,weekend,2,2025,2
E05014089,10-12,weekend,2,2025,1
E05014089,12-14,weekend,2,2025,3
E05014089,14-16,weekend,2,2025,6
E05014089,16-18,weekend,2,2025,6
E05014089,18-20,weekend,2,2025,4
E05014089,20-22,weekend,2,2025,3
E05014090,06-08,weekday,1,2025,2
E05014090,08-10,weekday,1,2025,4
E05014090,10-12,weekday,1,2025,6
E05014090,12-14,weekday,1,2025,8
E05014090,14-16,weekday,1,2025,9
E05014090,16-18,weekday,1,2025,9
E05014090,18-20,weekday,1,2025,8
E05014090,20-22,weekday,1,2025,6
E05014090,06-08,weekday,2,2025,2
E05014090,08-10,weekday,2,2025,4
E05014090,10-12,weekday,2,2025,6
E05014090,12-14,weekday,2,2025,8
E05014090,14-16,weekday,2,2025,9
E05014090,16-18,weekday,2,2025,9
E05014090,18-20,weekday,2,2025,8
E05014090,20-22,weekday,2,2025,6
E05014090,06-08,weekend,1,2025,1
E05014090,08-10,weekend,1,2025,1
E05014090,10-12,weekend,1,2025,1
E05014090,12-14,weekend,1,2025,4
E05014090,14-16,weekend,1,2025,6
E05014090,16-18,weekend,1,2025,6
E05014090,18-20,weekend,1,2025,4
E05014090,20-22,weekend,1,2025,3
E05014090,06-08,weekend,2,2025,1
E05014090,08-10,weekend,2,2025,2
E05014090,10-12,weekend,2,2025,1
E05014090,12-14,weekend,2,2025,3
E05014090,14-16,weekend,2,2025,6
E05014090,16-18,weekend,2,2025,6
E05014090,18-20,weekend,2,2025,4
E05014090,20-22,weekend,2,2025,3
E05014091,06-08,weekday,1,2025,2
E05014091,08-10,weekday,1,2025,4
E05014091,10-12,weekday,1,2025,6
E05014091,12-14,weekday,1,2025,8
E05014091,14-16,weekday,1,2025,9
E05014091,16-18,weekday,1,2025,9
E05014091,18-20,weekday,1,2025,8
E05014091,20-22,weekday,1,2025,6
E05014091,06-08,weekday,2,2025,2
E05014091,08-10,weekday,2,2025,4
E05014091,10-12,weekday,2,2025,6
E05014091,12-14,weekday,2,2025,8
E05014091,14-16,weekday,2,2025,9
E05014091,16-18,weekday,2,2025,9
E05014091,18-20,weekday,2,2025,8
E05014091,20-22,weekday,2,2025,6
E05014091,06-08,weekend,1,2025,1
E05014091,08-10,weekend,1,2025,1
E05014091,10-12,weekend,1,2025,1
E05014091,12-14,weekend,1,2025,4
E05014091,14-16,weekend,1,2025,6
E05014091,16-18,weekend,1,2025,6
E05014091,18-20,weekend,1,2025,4
E05014091,20-22,weekend,1,2025,3
E05014091,06-08,weekend,2,2025,1
E05014091,08-10,weekend,2,2025,1
E05014091,10-12,weekend,2,2025,1
E05014091,12-14,weekend,2,2025,4
E05014091,14-16,weekend,2,2025,6
E05014091,16-18,weekend,2,2025,6
E05014091,18-20,weekend,2,2025,4
E05014091,20-22,weekend,2,2025,3
E05014092,06-08,weekday,1,2025,2
E05014092,08-10,weekday,1,2025,4
E05014092,10-12,weekday,1,2025,6
E05014092,12-14,weekday,1,2025,8
E05014092,14-16,weekday,1,2025,9
E05014092,16-18,weekday,1,2025,9
E05014092,18-20,weekday,1,2025,8
E05014092,20-22,weekday,1,2025,6
E05014092,06-08,weekday,2,2025,2
E05014092,08-10,weekday,2,2025,4
E05014092,10-12,weekday,2,2025,6
E05014092,12-14,weekday,2,2025,8
E05014092,14-16,weekday,2,2025,9
E05014092,16-18,weekday,2,2025,9
E05014092,18-20,weekday,2,2025,8
E05014092,20-22,weekday,2,2025,6
E05014092,06-08,weekend,1,2025,1
E05014092,08-10,weekend,1,2025,1
E05014092,10-12,weekend,1,2025,1
E05014092,12-14,weekend,1,2025,4
E05014092,14-16,weekend,1,2025,6
E05014092,16-18,weekend,1,2025,6
E05014092,18-20,weekend,1,2025,4
E05014092,20-22,weekend,1,2025,3
E05014092,06-08,weekend,2,2025,1
E05014092,08-10,weekend,2,2025,2
E05014092,10-12,weekend,2,2025,1
E05014092,12-14,weekend,2,2025,3
E05014092,14-16,weekend,2,2025,6
E05014092,16-18,weekend,2,2025,6
E05014092,18-20,weekend,2,2025,4
E05014092,20-22,weekend,2,2025,3
E05014093,06-08,weekday,1,2025,2
E05014093,08-10,weekday,1,2025,4
E05014093,10-12,weekday,1,2025,6
E05014093,12-14,weekday,1,2025,8
E05014093,14-16,weekday,1,2025,9
E05014093,16-18,weekday,1,2025,9
E05014093,18-20,weekday,1,2025,8
E05014093,20-22,weekday,1,2025,6
E05014093,06-08,weekday,2,2025,2
E05014093,08-10,weekday,2,2025,4
E05014093,10-12,weekday,2,2025,6
E05014093,12-14,weekday,2,2025,8
E05014093,14-16,weekday,2,2025,9
E05014093,16-18,weekday,2,2025,9
E05014093,18-20,weekday,2,2025,8
E05014093,20-22,weekday,2,2025,6
E05014093,06-08,weekend,1,2025,1
E05014093,08-10,weekend,1,2025,1
E05014093,10-12,weekend,1,2025,1
E05014093,12-14,weekend,1,2025,4
E05014093,14-16,weekend,1,2025,6
E05014093,16-18,weekend,1,2025,6
E05014093,18-20,weekend,1,2025,4
E05014093,20-22,weekend,1,2025,3
E05014093,06-08,weekend,2,2025,1
E05014093,08-10,weekend,2,2025,2
E05014093,10-12,weekend,2,2025,1
E05014093,12-14,weekend,2,2025,3
E05014093,14-16,weekend,2,2025,6
E05014093,16-18,weekend,2,2025,6
E05014093,18-20,weekend,2,2025,4
E05014093,20-22,weekend,2,2025,3
E05014094,06-08,weekday,1,2025,2
E05014094,08-10,weekday,1,2025,4
E05014094,10-12,weekday,1,2025,6
E05014094,12-14,weekday,1,2025,8
E05014094,14-16,weekday,1,2025,9
E05014094,16-18,weekday,1,2025,9
E05014094,18-20,weekday,1,2025,8
E05014094,20-22,weekday,1,2025,6
E05014094,06-08,weekday,2,2025,2
E05014094,08-10,weekday,2,2025,4
E05014094,10-12,weekday,2,2025,6
E05014094,12-14,weekday,2,2025,8
E05014094,14-16,weekday,2,2025,9
E05014094,16-18,weekday,2,2025,9
E05014094,18-20,weekday,2,2025,8
E05014094,20-22,weekday,2,2025,6
E05014094,06-08,weekend,1,2025,1
E05014094,08-10,weekend,1,2025,1
E05014094,10-12,weekend,1,2025,1
E05014094,12-14,weekend,1,2025,4
E05014094,14-16,weekend,1,2025,6
E05014094,16-18,weekend,1,2025,6
E05014094,18-20,weekend,1,2025,4
E05014094,20-22,weekend,1,2025,3
E05014094,06-08,weekend,2,2025,1
E05014094,08-10,weekend,2,2025,2
E05014094,10-12,weekend,2,2025,1
E05014094,12-14,weekend,2,2025,3
E05014094,14-16,weekend,2,2025,6
E05014094,16-18,weekend,2,2025,6
E05014094,18-20,weekend,2,2025,4
E05014094,20-22,weekend,2,2025,3
E05014095,06-08,weekday,1,2025,2
E05014095,08-10,weekday,1,2025,4
E05014095,10-12,weekday,1,2025,6
E05014095,12-14,weekday,1,2025,8
E05014095,14-16,weekday,1,2025,9
E05014095,16-18,weekday,1,2025,9
E05014095,18-20,weekday,1,2025,8
E05014095,20-22,weekday,1,2025,6
E05014095,06-08,weekday,2,2025,2
E05014095,08-10,weekday,2,2025,4
E05014095,10-12,weekday,2,2025,6
E05014095,12-14,weekday,2,2025,8
E05014095,14-16,weekday,2,2025,9
E05014095,16-18,weekday,2,2025,9
E05014095,18-20,weekday,2,2025,8
E05014095,20-22,weekday,2,2025,6
E05014095,06-08,weekend,1,2025,1
E05014095,08-10,weekend,1,2025,1
E05014095,10-12,weekend,1,2025,1
E05014095,12-14,weekend,1,2025,4
E05014095,14-16,weekend,1,2025,6
E05014095,16-18,weekend,1,2025,6
E05014095,18-20,weekend,1,2025,4
E05014095,20-22,weekend,1,2025,3
E05014095,06-08,weekend,2,2025,1
E05014095,08-10,weekend,2,2025,2
E05014095,10-12,weekend,2,2025,1
E05014095,12-14,weekend,2,2025,3
E05014095,14-16,weekend,2,2025,6
E05014095,16-18,weekend,2,2025,6
E05014095,18-20,weekend,2,2025,4
E05014095,20-22,weekend,2,2025,3
E05014096,06-08,weekday,1,2025,2
E05014096,08-10,weekday,1,2025,4
E05014096,10-12,weekday,1,2025,6
E05014096,12-14,weekday,1,2025,8
E05014096,14-16,weekday,1,2025,9
E05014096,16-18,weekday,1,2025,9
E05014096,18-20,weekday,1,2025,8
E05014096,20-22,weekday,1,2025,6
E05014096,06-08,weekday,2,2025,2
E05014096,08-10,weekday,2,2025,4
E05014096,10-12,weekday,2,2025,6
E05014096,12-14,weekday,2,2025,8
E05014096,14-16,weekday,2,2025,9
E05014096,16-18,weekday,2,2025,9
E05014096,18-20,weekday,2,2025,8
E05014096,20-22,weekday,2,2025,6
E05014096,06-08,weekend,1,2025,1
E05014096,08-10,weekend,1,2025,1
E05014096,10-12,weekend,1,2025,1
E05014096,12-14,weekend,1,2025,4
E05014096,14-16,weekend,1,2025,6
E05014096,16-18,weekend,1,2025,6
E05014096,18-20,weekend,1,2025,4
E05014096,20-22,weekend,1,2025,3
E05014096,06-08,weekend,2,2025,1
E05014096,08-10,weekend,2,2025,2
E05014096,10-12,weekend,2,2025,1
E05014096,12-14,weekend,2,2025,3
E05014096,14-16,weekend,2,2025,6
E05014096,16-18,weekend,2,2025,6
E05014096,18-20,weekend,2,2025,4
E05014096,20-22,weekend,2,2025,3
E05014097,06-08,weekday,1,2025,2
E05014097,08-10,weekday,1,2025,4
E05014097,10-12,weekday,1,2025,6
E05014097,12-14,weekday,1,2025,8
E05014097,14-16,weekday,1,2025,9
E05014097,16-18,weekday,1,2025,9
E05014097,18-20,weekday,1,2025,8
E05014097,20-22,weekday,1,2025,6
E05014097,06-08,weekday,2,2025,2
E05014097,08-10,weekday,2,2025,4
E05014097,10-12,weekday,2,2025,6
E05014097,12-14,weekday,2,2025,8
E05014097,14-16,weekday,2,2025,9
E05014097,16-18,weekday,2,2025,9
E05014097,18-20,weekday,2,2025,8
E05014097,20-22,weekday,2,2025,6
E05014097,06-08,weekend,1,2025,1
E05014097,08-10,weekend,1,2025,1
E05014097,10-12,weekend,1,2025,1
E05014097,12-14,weekend,1,2025,4
E05014097,14-16,weekend,1,2025,6
E05014097,16-18,weekend,1,2025,6
E05014097,18-20,weekend,1,2025,4
E05014097,20-22,weekend,1,2025,3
E05014097,06-08,weekend,2,2025,1
E05014097,08-10,weekend,2,2025,2
E05014097,10-12,weekend,2,2025,1
E05014097,12-14,weekend,2,2025,3
E05014097,14-16,weekend,2,2025,6
E05014097,16-18,weekend,2,2025,6
E05014097,18-20,weekend,2,2025,4
E05014097,20-22,weekend,2,2025,3
E05014098,06-08,weekday,1,2025,2
E05014098,08-10,weekday,1,2025,4
E05014098,10-12,weekday,1,2025,6
E05014098,12-14,weekday,1,2025,8
E05014098,14-16,weekday,1,2025,9
E05014098,16-18,weekday,1,2025,9
E05014098,18-20,weekday,1,2025,8
E05014098,20-22,weekday,1,2025,6
E05014098,06-08,weekday,2,2025,2
E05014098,08-10,weekday,2,2025,4
E05014098,10-12,weekday,2,2025,6
E05014098,12-14,weekday,2,2025,8
E05014098,14-16,weekday,2,2025,9
E05014098,16-18,weekday,2,2025,9
E05014098,18-20,weekday,2,2025,8
E05014098,20-22,weekday,2,2025,6
E05014098,06-08,weekend,1,2025,1
E05014098,08-10,weekend,1,2025,1
E05014098,10-12,weekend,1,2025,1
E05014098,12-14,weekend,1,2025,4
E05014098,14-16,weekend,1,2025,6
E05014098,16-18,weekend,1,2025,6
E05014098,18-20,weekend,1,2025,4
E05014098,20-22,weekend,1,2025,3
E05014098,06-08,weekend,2,2025,1
E05014098,08-10,weekend,2,2025,2
E05014098,10-12,weekend,2,2025,1
E05014098,12-14,weekend,2,2025,3
E05014098,14-16,weekend,2,2025,6
E05014098,16-18,weekend,2,2025,6
E05014098,18-20,weekend,2,2025,4
E05014098,20-22,weekend,2,2025,3
E05014099,06-08,weekday,1,2025,2
E05014099,08-10,weekday,1,2025,4
E05014099,10-12,weekday,1,2025,6
E05014099,12-14,weekday,1,2025,8
E05014099,14-16,weekday,1,2025,9
E05014099,16-18,weekday,1,2025,9
E05014099,18-20,weekday,1,2025,8
E05014099,20-22,weekday,1,2025,6
E05014099,06-08,weekday,2,2025,2
E05014099,08-10,weekday,2,2025,4
E05014099,10-12,weekday,2,2025,6
E05014099,12-14,weekday,2,2025,8
E05014099,14-16,weekday,2,2025,9
E05014099,16-18,weekday,2,2025,9
E05014099,18-20,weekday,2,2025,8
E05014099,20-22,weekday,2,2025,6
E05014099,06-08,weekend,1,2025,1
E05014099,08-10,weekend,1,2025,1
E05014099,10-12,weekend,1,2025,1
E05014099,12-14,weekend,1,2025,4
E05014099,14-16,weekend,1,2025,6
E05014099,16-18,weekend,1,2025,6
E05014099,18-20,weekend,1,2025,4
E05014099,20-22,weekend,1,2025,3
E05014099,06-08,weekend,2,2025,1
E05014099,08-10,weekend,2,2025,2
E05014099,10-12,weekend,2,2025,1
E05014099,12-14,weekend,2,2025,3
E05014099,14-16,weekend,2,2025,6
E05014099,16-18,weekend,2,2025,6
E05014099,18-20,weekend,2,2025,4
E05014099,20-22,weekend,2,2025,3
E05014100,06-08,weekday,1,2025,2
E05014100,08-10,weekday,1,2025,4
E05014100,10-12,weekday,1,2025,6
E05014100,12-14,weekday,1,2025,8
E05014100,14-16,weekday,1,2025,9
E05014100,16-18,weekday,1,2025,9
E05014100,18-20,weekday,1,2025,8
E05014100,20-22,weekday,1,2025,6
E05014100,06-08,weekday,2,2025,2
E05014100,08-10,weekday,2,2025,4
E05014100,10-12,weekday,2,2025,6
E05014100,12-14,weekday,2,2025,8
E05014100,14-16,weekday,2,2025,9
E05014100,16-18,weekday,2,2025,9
E05014100,18-20,weekday,2,2025,8
E05014100,20-22,weekday,2,2025,6
E05014100,06-08,weekend,1,2025,1
E05014100,08-10,weekend,1,2025,1
E05014100,10-12,weekend,1,2025,1
E05014100,12-14,weekend,1,2025,4
E05014100,14-16,weekend,1,2025,6
E05014100,16-18,weekend,1,2025,6
E05014100,18-20,weekend,1,2025,4
E05014100,20-22,weekend,1,2025,3
E05014100,06-08,weekend,2,2025,1
E05014100,08-10,weekend,2,2025,2
E05014100,10-12,weekend,2,2025,1
E05014100,12-14,weekend,2,2025,3
E05014100,14-16,weekend,2,2025,6
E05014100,16-18,weekend,2,2025,6
E05014100,18-20,weekend,2,2025,4
E05014100,20-22,weekend,2,2025,3
E05014101,06-08,weekday,1,2025,2
E05014101,08-10,weekday,1,2025,4
E05014101,10-12,weekday,1,2025,6
E05014101,12-14,weekday,1,2025,8
E05014101,14-16,weekday,1,2025,9
E05014101,16-18,weekday,1,2025,9
E05014101,18-20,weekday,1,2025,8
E05014101,20-22,weekday,1,2025,6
E05014101,06-08,weekday,2,2025,2
E05014101,08-10,weekday,2,2025,4
E05014101,10-12,weekday,2,2025,6
E05014101,12-14,weekday,2,2025,8
E05014101,14-16,weekday,2,2025,9
E05014101,16-18,weekday,2,2025,9
E05014101,18-20,weekday,2,2025,8
E05014101,20-22,weekday,2,2025,6
E05014101,06-08,weekend,1,2025,1
E05014101,08-10,weekend,1,2025,1
E05014101,10-12,weekend,1,2025,1
E05014101,12-14,weekend,1,2025,4
E05014101,14-16,weekend,1,2025,6
E05014101,16-18,weekend,1,2025,6
E05014101,18-20,weekend,1,2025,4
E05014101,20-22,weekend,1,2025,3
E05014101,06-08,weekend,2,2025,1
E05014101,08-10,weekend,2,2025,2
E05014101,10-12,weekend,2,2025,1
E05014101,12-14,weekend,2,2025,3
E05014101,14-16,weekend,2,2025,6
E05014101,16-18,weekend,2,2025,6
E05014101,18-20,weekend,2,2025,4
E05014101,20-22,weekend,2,2025,3
E05014102,06-08,weekday,1,2025,2
E05014102,08-10,weekday,1,2025,4
E05014102,10-12,weekday,1,2025,6
E05014102,12-14,weekday,1,2025,8
E05014102,14-16,weekday,1,2025,9
E05014102,16-18,weekday,1,2025,9
E05014102,18-20,weekday,1,2025,8
E05014102,20-22,weekday,1,2025,6
E05014102,06-08,weekday,2,2025,2
E05014102,08-10,weekday,2,2025,4
E05014102,10-12,weekday,2,2025,6
E05014102,12-14,weekday,2,2025,8
E05014102,14-16,weekday,2,2025,9
E05014102,16-18,weekday,2,2025,9
E05014102,18-20,weekday,2,2025,8
E05014102,20-22,weekday,2,2025,6
E05014102,06-08,weekend,1,2025,1
E05014102,08-10,weekend,1,2025,1
E05014102,10-12,weekend,1,2025,1
E05014102,12-14,weekend,1,2025,4
E05014102,14-16,weekend,1,2025,6
E05014102,16-18,weekend,1,2025,6
E05014102,18-20,weekend,1,2025,4
E05014102,20-22,weekend,1,2025,3
E05014102,06-08,weekend,2,2025,1
E05014102,08-10,weekend,2,2025,2
E05014102,10-12,weekend,2,2025,1
E05014102,12-14,weekend,2,2025,3
E05014102,14-16,weekend,2,2025,6
E05014102,16-18,weekend,2,2025,6
E05014102,18-20,weekend,2,2025,4
E05014102,20-22,weekend,2,2025,3
E05014103,06-08,weekday,1,2025,2
E05014103,08-10,weekday,1,2025,4
E05014103,10-12,weekday,1,2025,6
E05014103,12-14,weekday,1,2025,8
E05014103,14-16,weekday,1,2025,9
E05014103,16-18,weekday,1,2025,9
E05014103,18-20,weekday,1,2025,8
E05014103,20-22,weekday,1,2025,6
E05014103,06-08,weekday,2,2025,2
E05014103,08-10,weekday,2,2025,4
E05014103,10-12,weekday,2,2025,6
E05014103,12-14,weekday,2,2025,8
E05014103,14-16,weekday,2,2025,9
E05014103,16-18,weekday,2,2025,9
E05014103,18-20,weekday,2,2025,8
E05014103,20-22,weekday,2,2025,6
E05014103,06-08,weekend,1,2025,1
E05014103,08-10,weekend,1,2025,1
E05014103,10-12,weekend,1,2025,1
E05014103,12-14,weekend,1,2025,4
E05014103,14-16,weekend,1,2025,6
E05014103,16-18,weekend,1,2025,6
E05014103,18-20,weekend,1,2025,4
E05014103,20-22,weekend,1,2025,3
E05014103,06-08,weekend,2,2025,1
E05014103,08-10,weekend,2,2025,2
E05014103,10-12,weekend,2,2025,1
E05014103,12-14,weekend,2,2025,3
E05014103,14-16,weekend,2,2025,6
E05014103,16-18,weekend,2,2025,6
E05014103,18-20,weekend,2,2025,4
E05014103,20-22,weekend,2,2025,3
E05014104,06-08,weekday,1,2025,2
E05014104,08-10,weekday,1,2025,4
E05014104,10-12,weekday,1,2025,6
E05014104,12-14,weekday,1,2025,8
E05014104,14-16,weekday,1,2025,9
E05014104,16-18,weekday,1,2025,9
E05014104,18-20,weekday,1,2025,8
E05014104,20-22,weekday,1,2025,6
E05014104,06-08,weekday,2,2025,2
E05014104,08-10,weekday,2,2025,4
E05014104,10-12,weekday,2,2025,6
E05014104,12-14,weekday,2,2025,8
E05014104,14-16,weekday,2,2025,9
E05014104,16-18,weekday,2,2025,9
E05014104,18-20,weekday,2,2025,8
E05014104,20-22,weekday,2,2025,6
E05014104,06-08,weekend,1,2025,1
E05014104,08-10,weekend,1,2025,1
E05014104,10-12,weekend,1,2025,1
E05014104,12-14,weekend,1,2025,4
E05014104,14-16,weekend,1,2025,6
E05014104,16-18,weekend,1,2025,6
E05014104,18-20,weekend,1,2025,4
E05014104,20-22,weekend,1,2025,3
E05014104,06-08,weekend,2,2025,1
E05014104,08-10,weekend,2,2025,2
E05014104,10-12,weekend,2,2025,1
E05014104,12-14,weekend,2,2025,3
E05014104,14-16,weekend,2,2025,6
E05014104,16-18,weekend,2,2025,6
E05014104,18-20,weekend,2,2025,4
E05014104,20-22,weekend,2,2025,3
E05014105,06-08,weekday,1,2025,2
E05014105,08-10,weekday,1,2025,4
E05014105,10-12,weekday,1,2025,6
E05014105,12-14,weekday,1,2025,8
E05014105,14-16,weekday,1,2025,9
E05014105,16-18,weekday,1,2025,9
E05014105,18-20,weekday,1,2025,8
E05014105,20-22,weekday,1,2025,6
E05014105,06-08,weekday,2,2025,2
E05014105,08-10,weekday,2,2025,4
E05014105,10-12,weekday,2,2025,6
E05014105,12-14,weekday,2,2025,8
E05014105,14-16,weekday,2,2025,9
E05014105,16-18,weekday,2,2025,9
E05014105,18-20,weekday,2,2025,8
E05014105,20-22,weekday,2,2025,6
E05014105,06-08,weekend,1,2025,1
E05014105,08-10,weekend,1,2025,1
E05014105,10-12,weekend,1,2025,1
E05014105,12-14,weekend,1,2025,4
E05014105,14-16,weekend,1,2025,6
E05014105,16-18,weekend,1,2025,6
E05014105,18-20,weekend,1,2025,4
E05014105,20-22,weekend,1,2025,3
E05014105,06-08,weekend,2,2025,1
E05014105,08-10,weekend,2,2025,2
E05014105,10-12,weekend,2,2025,1
E05014105,12-14,weekend,2,2025,3
E05014105,14-16,weekend,2,2025,6
E05014105,16-18,weekend,2,2025,6
E05014105,18-20,weekend,2,2025,4
E05014105,20-22,weekend,2,2025,3
E05014106,06-08,weekday,1,2025,2
E05014106,08-10,weekday,1,2025,4
E05014106,10-12,weekday,1,2025,6
E05014106,12-14,weekday,1,2025,8
E05014106,14-16,weekday,1,2025,9
E05014106,16-18,weekday,1,2025,9
E05014106,18-20,weekday,1,2025,8
E05014106,20-22,weekday,1,2025,6
E05014106,06-08,weekday,2,2025,2
E05014106,08-10,weekday,2,2025,4
E05014106,10-12,weekday,2,2025,6
E05014106,12-14,weekday,2,2025,8
E05014106,14-16,weekday,2,2025,9
E05014106,16-18,weekday,2,2025,9
E05014106,18-20,weekday,2,2025,8
E05014106,20-22,weekday,2,2025,6
E05014106,06-08,weekend,1,2025,1
E05014106,08-10,weekend,1,2025,1
E05014106,10-12,weekend,1,2025,1
E05014106,12-14,weekend,1,2025,4
E05014106,14-16,weekend,1,2025,6
E05014106,16-18,weekend,1,2025,6
E05014106,18-20,weekend,1,2025,4
E05014106,20-22,weekend,1,2025,3
E05014106,06-08,weekend,2,2025,1
E05014106,08-10,weekend,2,2025,2
E05014106,10-12,weekend,2,2025,1
E05014106,12-14,weekend,2,2025,3
E05014106,14-16,weekend,2,2025,6
E05014106,16-18,weekend,2,2025,6
E05014106,18-20,weekend,2,2025,4
E05014106,20-22,weekend,2,2025,3
E05014107,06-08,weekday,1,2025,2
E05014107,08-10,weekday,1,2025,4
E05014107,10-12,weekday,1,2025,6
E05014107,12-14,weekday,1,2025,8
E05014107,14-16,weekday,1,2025,9
E05014107,16-18,weekday,1,2025,9
E05014107,18-20,weekday,1,2025,8
E05014107,20-22,weekday,1,2025,6
E05014107,06-08,weekday,2,2025,2
E05014107,08-10,weekday,2,2025,4
E05014107,10-12,weekday,2,2025,6
E05014107,12-14,weekday,2,2025,8
E05014107,14-16,weekday,2,2025,9
E05014107,16-18,weekday,2,2025,9
E05014107,18-20,weekday,2,2025,8
E05014107,20-22,weekday,2,2025,6
E05014107,06-08,weekend,1,2025,1
E05014107,08-10,weekend,1,2025,1
E05014107,10-12,weekend,1,2025,1
E05014107,12-14,weekend,1,2025,4
E05014107,14-16,weekend,1,2025,6
E05014107,16-18,weekend,1,2025,6
E05014107,18-20,weekend,1,2025,4
E05014107,20-22,weekend,1,2025,3
E05014107,06-08,weekend,2,2025,1
E05014107,08-10,weekend,2,2025,2
E05014107,10-12,weekend,2,2025,1
E05014107,12-14,weekend,2,2025,3
E05014107,14-16,weekend,2,2025,6
E05014107,16-18,weekend,2,2025,6
E05014107,18-20,weekend,2,2025,4
E05014107,20-22,weekend,2,2025,3
E05014108,06-08,weekday,1,2025,2
E05014108,08-10,weekday,1,2025,4
E05014108,10-12,weekday,1,2025,6
E05014108,12-14,weekday,1,2025,8
E05014108,14-16,weekday,1,2025,9
E05014108,16-18,weekday,1,2025,9
E05014108,18-20,weekday,1,2025,8
E05014108,20-22,weekday,1,2025,6
E05014108,06-08,weekday,2,2025,2
E05014108,08-10,weekday,2,2025,4
E05014108,10-12,weekday,2,2025,6
E05014108,12-14,weekday,2,2025,8
E05014108,14-16,weekday,2,2025,9
E05014108,16-18,weekday,2,2025,9
E05014108,18-20,weekday,2,2025,8
E05014108,20-22,weekday,2,2025,6
E05014108,06-08,weekend,1,2025,1
E05014108,08-10,weekend,1,2025,1
E05014108,10-12,weekend,1,2025,1
E05014108,12-14,weekend,1,2025,4
E05014108,14-16,weekend,1,2025,6
E05014108,16-18,weekend,1,2025,6
E05014108,18-20,weekend,1,2025,4
E05014108,20-22,weekend,1,2025,3
E05014108,06-08,weekend,2,2025,1
E05014108,08-10,weekend,2,2025,2
E05014108,10-12,weekend,2,2025,1
E05014108,12-14,weekend,2,2025,3
E05014108,14-16,weekend,2,2025,6
E05014108,16-18,weekend,2,2025,6
E05014108,18-20,weekend,2,2025,4
E05014108,20-22,weekend,2,2025,3
E05014109,06-08,weekday,1,2025,2
E05014109,08-10,weekday,1,2025,4
E05014109,10-12,weekday,1,2025,6
E05014109,12-14,weekday,1,2025,8
E05014109,14-16,weekday,1,2025,9
E05014109,16-18,weekday,1,2025,9
E05014109,18-20,weekday,1,2025,8
E05014109,20-22,weekday,1,2025,6
E05014109,06-08,weekday,2,2025,2
E05014109,08-10,weekday,2,2025,4
E05014109,10-12,weekday,2,2025,6
E05014109,12-14,weekday,2,2025,8
E05014109,14-16,weekday,2,2025,9
E05014109,16-18,weekday,2,2025,9
E05014109,18-20,weekday,2,2025,8
E05014109,20-22,weekday,2,2025,6
E05014109,06-08,weekend,1,2025,1
E05014109,08-10,weekend,1,2025,1
E05014109,10-12,weekend,1,2025,1
E05014109,12-14,weekend,1,2025,4
E05014109,14-16,weekend,1,2025,6
E05014109,16-18,weekend,1,2025,6
E05014109,18-20,weekend,1,2025,4
E05014109,20-22,weekend,1,2025,3
E05014109,06-08,weekend,2,2025,1
E05014109,08-10,weekend,2,2025,2
E05014109,10-12,weekend,2,2025,1
E05014109,12-14,weekend,2,2025,3
E05014109,14-16,weekend,2,2025,6
E05014109,16-18,weekend,2,2025,6
E05014109,18-20,weekend,2,2025,4
E05014109,20-22,weekend,2,2025,3
E05014110,06-08,weekday,1,2025,2
E05014110,08-10,weekday,1,2025,4
E05014110,10-12,weekday,1,2025,6
E05014110,12-14,weekday,1,2025,8
E05014110,14-16,weekday,1,2025,9
E05014110,16-18,weekday,1,2025,9
E05014110,18-20,weekday,1,2025,8
E05014110,20-22,weekday,1,2025,6
E05014110,06-08,weekday,2,2025,2
E05014110,08-10,weekday,2,2025,4
E05014110,10-12,weekday,2,2025,6
E05014110,12-14,weekday,2,2025,8
E05014110,14-16,weekday,2,2025,9
E05014110,16-18,weekday,2,2025,9
E05014110,18-20,weekday,2,2025,8
E05014110,20-22,weekday,2,2025,6
E05014110,06-08,weekend,1,2025,1
E05014110,08-10,weekend,1,2025,1
E05014110,10-12,weekend,1,2025,1
E05014110,12-14,weekend,1,2025,4
E05014110,14-16,weekend,1,2025,6
E05014110,16-18,weekend,1,2025,6
E05014110,18-20,weekend,1,2025,4
E05014110,20-22,weekend,1,2025,3
E05014110,06-08,weekend,2,2025,1
E05014110,08-10,weekend,2,2025,2
E05014110,10-12,weekend,2,2025,1
E05014110,12-14,weekend,2,2025,3
E05014110,14-16,weekend,2,2025,6
E05014110,16-18,weekend,2,2025,6
E05014110,18-20,weekend,2,2025,4
E05014110,20-22,weekend,2,2025,3
E05014111,06-08,weekday,1,2025,2
E05014111,08-10,weekday,1,2025,4
E05014111,10-12,weekday,1,2025,6
E05014111,12-14,weekday,1,2025,8
E05014111,14-16,weekday,1,2025,9
E05014111,16-18,weekday,1,2025,9
E05014111,18-20,weekday,1,2025,8
E05014111,20-22,weekday,1,2025,6
E05014111,06-08,weekday,2,2025,2
E05014111,08-10,weekday,2,2025,4
E05014111,10-12,weekday,2,2025,6
E05014111,12-14,weekday,2,2025,8
E05014111,14-16,weekday,2,2025,9
E05014111,16-18,weekday,2,2025,9
E05014111,18-20,weekday,2,2025,8
E05014111,20-22,weekday,2,2025,6
E05014111,06-08,weekend,1,2025,1
E05014111,08-10,weekend,1,2025,1
E05014111,10-12,weekend,1,2025,1
E05014111,12-14,weekend,1,2025,4
E05014111,14-16,weekend,1,2025,6
E05014111,16-18,weekend,1,2025,6
E05014111,18-20,weekend,1,2025,4
E05014111,20-22,weekend,1,2025,3
E05014111,06-08,weekend,2,2025,1
E05014111,08-10,weekend,2,2025,2
E05014111,10-12,weekend,2,2025,1
E05014111,12-14,weekend,2,2025,3
E05014111,14-16,weekend,2,2025,6
E05014111,16-18,weekend,2,2025,6
E05014111,18-20,weekend,2,2025,4
E05014111,20-22,weekend,2,2025,3
E05014112,06-08,weekday,1,2025,2
E05014112,08-10,weekday,1,2025,4
E05014112,10-12,weekday,1,2025,6
E05014112,12-14,weekday,1,2025,8
E05014112,14-16,weekday,1,2025,9
E05014112,16-18,weekday,1,2025,9
E05014112,18-20,weekday,1,2025,8
E05014112,20-22,weekday,1,2025,6
E05014112,06-08,weekday,2,2025,2
E05014112,08-10,weekday,2,2025,4
E05014112,10-12,weekday,2,2025,6
E05014112,12-14,weekday,2,2025,8
E05014112,14-16,weekday,2,2025,9
E05014112,16-18,weekday,2,2025,9
E05014112,18-20,weekday,2,2025,8
E05014112,20-22,weekday,2,2025,6
E05014112,06-08,weekend,1,2025,1
E05014112,08-10,weekend,1,2025,1
E05014112,10-12,weekend,1,2025,1
E05014112,12-14,weekend,1,2025,4
E05014112,14-16,weekend,1,2025,6
E05014112,16-18,weekend,1,2025,6
E05014112,18-20,weekend,1,2025,4
E05014112,20-22,weekend,1,2025,3
E05014112,06-08,weekend,2,2025,1
E05014112,08-10,weekend,2,2025,2
E05014112,10-12,weekend,2,2025,1
E05014112,12-14,weekend,2,2025,3
E05014112,14-16,weekend,2,2025,6
E05014112,16-18,weekend,2,2025,6
E05014112,18-20,weekend,2,2025,4
E05014112,20-22,weekend,2,2025,3
E05014113,06-08,weekday,1,2025,2
E05014113,08-10,weekday,1,2025,4
E05014113,10-12,weekday,1,2025,6
E05014113,12-14,weekday,1,2025,8
E05014113,14-16,weekday,1,2025,9
E05014113,16-18,weekday,1,2025,9
E05014113,18-20,weekday,1,2025,8
E05014113,20-22,weekday,1,2025,6
E05014113,06-08,weekday,2,2025,2
E05014113,08-10,weekday,2,2025,4
E05014113,10-12,weekday,2,2025,6
E05014113,12-14,weekday,2,2025,8
E05014113,14-16,weekday,2,2025,9
E05014113,16-18,weekday,2,2025,9
E05014113,18-20,weekday,2,2025,8
E05014113,20-22,weekday,2,2025,6
E05014113,06-08,weekend,1,2025,1
E05014113,08-10,weekend,1,2025,1
E05014113,10-12,weekend,1,2025,1
E05014113,12-14,weekend,1,2025,4
E05014113,14-16,weekend,1,2025,6
E05014113,16-18,weekend,1,2025,6
E05014113,18-20,weekend,1,2025,4
E05014113,20-22,weekend,1,2025,3
E05014113,06-08,weekend,2,2025,1
E05014113,08-10,weekend,2,2025,2
E05014113,10-12,weekend,2,2025,1
E05014113,12-14,weekend,2,2025,3
E05014113,14-16,weekend,2,2025,6
E05014113,16-18,weekend,2,2025,6
E05014113,18-20,weekend,2,2025,4
E05014113,20-22,weekend,2,2025,3
E05014114,06-08,weekday,1,2025,2
E05014114,08-10,weekday,1,2025,4
E05014114,10-12,weekday,1,2025,6
E05014114,12-14,weekday,1,2025,8
E05014114,14-16,weekday,1,2025,9
E05014114,16-18,weekday,1,2025,9
E05014114,18-20,weekday,1,2025,8
E05014114,20-22,weekday,1,2025,6
E05014114,06-08,weekday,2,2025,2
E05014114,08-10,weekday,2,2025,4
E05014114,10-12,weekday,2,2025,6
E05014114,12-14,weekday,2,2025,8
E05014114,14-16,weekday,2,2025,9
E05014114,16-18,weekday,2,2025,9
E05014114,18-20,weekday,2,2025,8
E05014114,20-22,weekday,2,2025,6
E05014114,06-08,weekend,1,2025,1
E05014114,08-10,weekend,1,2025,1
E05014114,10-12,weekend,1,2025,1
E05014114,12-14,weekend,1,2025,4
E05014114,14-16,weekend,1,2025,6
E05014114,16-18,weekend,1,2025,6
E05014114,18-20,weekend,1,2025,4
E05014114,20-22,weekend,1,2025,3
E05014114,06-08,weekend,2,2025,1
E05014114,08-10,weekend,2,2025,2
E05014114,10-12,weekend,2,2025,1
E05014114,12-14,weekend,2,2025,3
E05014114,14-16,weekend,2,2025,6
E05014114,16-18,weekend,2,2025,6
E05014114,18-20,weekend,2,2025,4
E05014114,20-22,weekend,2,2025,3
E05014115,06-08,weekday,1,2025,2
E05014115,08-10,weekday,1,2025,4
E05014115,10-12,weekday,1,2025,6
E05014115,12-14,weekday,1,2025,8
E05014115,14-16,weekday,1,2025,9
E05014115,16-18,weekday,1,2025,9
E05014115,18-20,weekday,1,2025,8
E05014115,20-22,weekday,1,2025,6
E05014115,06-08,weekday,2,2025,2
E05014115,08-10,weekday,2,2025,4
E05014115,10-12,weekday,2,2025,6
E05014115,12-14,weekday,2,2025,8
E05014115,14-16,weekday,2,2025,9
E05014115,16-18,weekday,2,2025,9
E05014115,18-20,weekday,2,2025,8
E05014115,20-22,weekday,2,2025,6
E05014115,06-08,weekend,1,2025,1
E05014115,08-10,weekend,1,2025,1
E05014115,10-12,weekend,1,2025,1
E05014115,12-14,weekend,1,2025,4
E05014115,14-16,weekend,1,2025,6
E05014115,16-18,weekend,1,2025,6
E05014115,18-20,weekend,1,2025,4
E05014115,20-22,weekend,1,2025,3
E05014115,06-08,weekend,2,2025,1
E05014115,08-10,weekend,2,2025,2
E05014115,10-12,weekend,2,2025,1
E05014115,12-14,weekend,2,2025,3
E05014115,14-16,weekend,2,2025,6
E05014115,16-18,weekend,2,2025,6
E05014115,18-20,weekend,2,2025,4
E05014115,20-22,weekend,2,2025,3
E05014116,06-08,weekday,1,2025,2
E05014116,08-10,weekday,1,2025,4
E05014116,10-12,weekday,1,2025,6
E05014116,12-14,weekday,1,2025,8
E05014116,14-16,weekday,1,2025,9
E05014116,16-18,weekday,1,2025,9
E05014116,18-20,weekday,1,2025,8
E05014116,20-22,weekday,1,2025,6
E05014116,06-08,weekday,2,2025,2
E05014116,08-10,weekday,2,2025,4
E05014116,10-12,weekday,2,2025,6
E05014116,12-14,weekday,2,2025,8
E05014116,14-16,weekday,2,2025,9
E05014116,16-18,weekday,2,2025,9
E05014116,18-20,weekday,2,2025,8
E05014116,20-22,weekday,2,2025,6
E05014116,06-08,weekend,1,2025,1
E05014116,08-10,weekend,1,2025,1
E05014116,10-12,weekend,1,2025,1
E05014116,12-14,weekend,1,2025,4
E05014116,14-16,weekend,1,2025,6
E05014116,16-18,weekend,1,2025,6
E05014116,18-20,weekend,1,2025,4
E05014116,20-22,weekend,1,2025,3
E05014116,06-08,weekend,2,2025,1
E05014116,08-10,weekend,2,2025,2
E05014116,10-12,weekend,2,2025,1
E05014116,12-14,weekend,2,2025,3
E05014116,14-16,weekend,2,2025,6
E05014116,16-18,weekend,2,2025,6
E05014116,18-20,weekend,2,2025,4
E05014116,20-22,weekend,2,2025,3
E05014117,06-08,weekday,1,2025,2
E05014117,08-10,weekday,1,2025,4
E05014117,10-12,weekday,1,2025,6
E05014117,12-14,weekday,1,2025,8
E05014117,14-16,weekday,1,2025,9
E05014117,16-18,weekday,1,2025,9
E05014117,18-20,weekday,1,2025,8
E05014117,20-22,weekday,1,2025,6
E05014117,06-08,weekday,2,2025,2
E05014117,08-10,weekday,2,2025,4
E05014117,10-12,weekday,2,2025,6
E05014117,12-14,weekday,2,2025,8
E05014117,14-16,weekday,2,2025,9
E05014117,16-18,weekday,2,2025,9
E05014117,18-20,weekday,2,2025,8
E05014117,20-22,weekday,2,2025,6
E05014117,06-08,weekend,1,2025,1
E05014117,08-10,weekend,1,2025,1
E05014117,10-12,weekend,1,2025,1
E05014117,12-14,weekend,1,2025,4
E05014117,14-16,weekend,1,2025,6
E05014117,16-18,weekend,1,2025,6
E05014117,18-20,weekend,1,2025,4
E05014117,20-22,weekend,1,2025,3
E05014117,06-08,weekend,2,2025,1
E05014117,08-10,weekend,2,2025,2
E05014117,10-12,weekend,2,2025,1
E05014117,12-14,weekend,2,2025,3
E05014117,14-16,weekend,2,2025,6
E05014117,16-18,weekend,2,2025,6
E05014117,18-20,weekend,2,2025,4
E05014117,20-22,weekend,2,2025,3
E05014118,06-08,weekday,1,2025,2
E05014118,08-10,weekday,1,2025,4
E05014118,10-12,weekday,1,2025,6
E05014118,12-14,weekday,1,2025,8
E05014118,14-16,weekday,1,2025,9
E05014118,16-18,weekday,1,2025,9
E05014118,18-20,weekday,1,2025,8
E05014118,20-22,weekday,1,2025,6
E05014118,06-08,weekday,2,2025,2
E05014118,08-10,weekday,2,2025,4
E05014118,10-12,weekday,2,2025,6
E05014118,12-14,weekday,2,2025,8
E05014118,14-16,weekday,2,2025,9
E05014118,16-18,weekday,2,2025,9
E05014118,18-20,weekday,2,2025,8
E05014118,20-22,weekday,2,2025,6
E05014118,06-08,weekend,1,2025,1
E05014118,08-10,weekend,1,2025,1
E05014118,10-12,weekend,1,2025,1
E05014118,12-14,weekend,1,2025,4
E05014118,14-16,weekend,1,2025,6
E05014118,16-18,weekend,1,2025,6
E05014118,18-20,weekend,1,2025,4
E05014118,20-22,weekend,1,2025,3
E05014118,06-08,weekend,2,2025,1
E05014118,08-10,weekend,2,2025,2
E05014118,10-12,weekend,2,2025,1
E05014118,12-14,weekend,2,2025,3
E05014118,14-16,weekend,2,2025,6
E05014118,16-18,weekend,2,2025,6
E05014118,18-20,weekend,2,2025,4
E05014118,20-22,weekend,2,2025,3
E05014119,06-08,weekday,1,2025,2
E05014119,08-10,weekday,1,2025,4
E05014119,10-12,weekday,1,2025,6
E05014119,12-14,weekday,1,2025,8
E05014119,14-16,weekday,1,2025,9
E05014119,16-18,weekday,1,2025,9
E05014119,18-20,weekday,1,2025,8
E05014119,20-22,weekday,1,2025,6
E05014119,06-08,weekday,2,2025,2
E05014119,08-10,weekday,2,2025,4
E05014119,10-12,weekday,2,2025,6
E05014119,12-14,weekday,2,2025,8
E05014119,14-16,weekday,2,2025,9
E05014119,16-18,weekday,2,2025,9
E05014119,18-20,weekday,2,2025,8
E05014119,20-22,weekday,2,2025,6
E05014119,06-08,weekend,1,2025,1
E05014119,08-10,weekend,1,2025,1
E05014119,10-12,weekend,1,2025,1
E05014119,12-14,weekend,1,2025,4
E05014119,14-16,weekend,1,2025,6
E05014119,16-18,weekend,1,2025,6
E05014119,18-20,weekend,1,2025,4
E05014119,20-22,weekend,1,2025,3
E05014119,06-08,weekend,2,2025,1
E05014119,08-10,weekend,2,2025,2
E05014119,10-12,weekend,2,2025,1
E05014119,12-14,weekend,2,2025,3
E05014119,14-16,weekend,2,2025,6
E05014119,16-18,weekend,2,2025,6
E05014119,18-20,weekend,2,2025,4
E05014119,20-22,weekend,2,2025,3
